data,geracao_mwmed,ena_bruta,ena_armazenavel,vazao
2000-01-01,8246.487500000001,12073.35839844,12073.35839844,
2000-01-02,8740.579166666666,12579.79980469,12579.79980469,
2000-01-03,9235.129166666668,13393.18164063,13393.18164063,
2000-01-04,10391.458333333334,14473.22851563,14473.22851563,
2000-01-05,10755.45,15750.31738281,15750.31738281,
2000-01-06,10715.604166666666,17224.03710938,17224.03710938,
2000-01-07,10026.895833333334,18835.70898438,18835.70898438,
2000-01-08,9175.579166666666,20634.36328125,20634.36328125,
2000-01-09,8507.1875,22455.38476563,22455.38476563,
2000-01-10,9233.9375,24218.12304688,24218.12304688,
2000-01-11,9670.7375,25431.02734375,25431.02734375,
2000-01-12,9375.75,26002.50390625,26002.50390625,
2000-01-13,9613.1,26040.89648438,26040.89648438,
2000-01-14,9542.7,25701.45117188,25701.45117188,
2000-01-15,9222.816666666668,25016.3046875,25016.3046875,
2000-01-16,8991.1875,24117.8359375,24117.8359375,
2000-01-17,9970.191666666668,23066.7734375,23066.7734375,
2000-01-18,10254.341666666667,21837.29882813,21837.29882813,
2000-01-19,10144.229166666666,20522.8515625,20522.8515625,
2000-01-20,9903.120833333332,19384.16992188,19384.16992188,
2000-01-21,9950.554166666669,18680.03515625,18680.03515625,
2000-01-22,9388.233333333334,18107.50976563,18107.50976563,
2000-01-23,8820.108333333334,17670.93164063,17670.93164063,
2000-01-24,9716.333333333334,17512.63085938,17512.63085938,
2000-01-25,9786.170833333334,17397.83203125,17397.83203125,
2000-01-26,9923.145833333334,16964.59765625,16964.59765625,
2000-01-27,9538.220833333333,16422.6953125,16422.6953125,
2000-01-28,9603.716666666667,15897.88671875,15897.88671875,
2000-01-29,9066.579166666666,15788.05371094,15788.05371094,
2000-01-30,8455.429166666667,15974.12597656,15974.12597656,
2000-01-31,9098.404166666667,16453.3671875,16453.3671875,
2000-02-01,9841.25,17056.19140625,17056.19140625,
2000-02-02,9766.641666666666,18081.06835938,18081.06835938,
2000-02-03,9721.516666666666,20237.69140625,20237.69140625,
2000-02-04,9636.5375,22009.2109375,21819.71875,
2000-02-05,8966.7125,22875.73632813,22875.73632813,
2000-02-06,8309.508333333333,23821.02148438,23821.02148438,
2000-02-07,9275.604166666666,24716.72851563,24716.72851563,
2000-02-08,9673.229166666666,24680.74804688,24680.74804688,
2000-02-09,9772.670833333334,24201.34375,24201.34375,
2000-02-10,9757.875,24166.4765625,24166.4765625,
2000-02-11,9848.495833333332,24735.13867188,24735.13867188,
2000-02-12,9036.195833333331,25410.0703125,25410.0703125,
2000-02-13,8683.9125,26314.78125,26314.78125,
2000-02-14,9285.1375,27436.57226563,27436.57226563,
2000-02-15,9986.1125,28435.703125,28435.703125,
2000-02-16,10019.633333333331,29762.46289063,29762.46289063,
2000-02-17,9888.533333333333,31741.12695313,31741.12695313,
2000-02-18,9794.05,33473.04296875,33473.04296875,
2000-02-19,9823.804166666669,34159.71484375,34159.71484375,
2000-02-20,9072.520833333334,34442.4375,34442.4375,
2000-02-21,9776.695833333331,33597.25,33597.25,
2000-02-22,10990.066666666666,31589.47265625,31589.47265625,
2000-02-23,11335.429166666669,29694.921875,29694.921875,
2000-02-24,11249.854166666666,28874.14648438,28874.14648438,
2000-02-25,10227.504166666668,28122.515625,28122.515625,
2000-02-26,9989.429166666669,26884.01367188,26884.01367188,
2000-02-27,9534.85,25371.7109375,25371.7109375,
2000-02-28,10545.425,23967.01953125,23967.01953125,
2000-02-29,10812.008333333331,23206.93164063,23206.93164063,
2000-03-01,11001.358333333332,22708.109375,22708.109375,
2000-03-02,11231.904166666667,23195.01171875,23195.01171875,
2000-03-03,10623.941666666668,23045.37109375,23045.37109375,
2000-03-04,10093.1875,23185.62695313,23185.62695313,
2000-03-05,9404.579166666666,23450.87890625,23450.87890625,
2000-03-06,10317.583333333334,23656.64453125,23656.64453125,
2000-03-07,10258.6125,23500.39257813,23500.39257813,
2000-03-08,10135.0,23290.484375,23290.484375,
2000-03-09,10977.254166666666,22847.32226563,22847.32226563,
2000-03-10,11140.966666666667,22550.20507813,22550.20507813,
2000-03-11,11229.016666666668,22215.67773438,22215.67773438,
2000-03-12,11284.683333333334,22188.18554688,22188.18554688,
2000-03-13,11428.741666666669,22539.72070313,22539.72070313,
2000-03-14,11278.733333333332,23094.1953125,23094.1953125,
2000-03-15,11603.766666666668,23879.17578125,23879.17578125,
2000-03-16,11646.8375,24563.75195313,24563.75195313,
2000-03-17,11346.6375,24965.41015625,24965.41015625,
2000-03-18,10343.329166666666,25119.9296875,25119.9296875,
2000-03-19,10082.041666666666,25491.12695313,25491.12695313,
2000-03-20,10858.445833333331,26306.96875,26306.96875,
2000-03-21,11193.483333333332,27109.95507813,26721.76953125,
2000-03-22,11019.8375,27642.13671875,26056.72851563,
2000-03-23,11170.7125,27832.45117188,26282.82421875,
2000-03-24,11296.895833333334,27675.890625,26103.48242188,
2000-03-25,10560.341666666667,27228.15820313,26044.984375,
2000-03-26,9975.6125,26655.08984375,26039.36328125,
2000-03-27,11033.2375,25958.98046875,25186.76953125,
2000-03-28,11422.8875,25190.20703125,23982.15820313,
2000-03-29,11408.404166666667,24458.94335938,23819.54492188,
2000-03-30,11581.9125,23856.8828125,23004.50390625,
2000-03-31,11286.783333333333,23109.00976563,22383.06640625,
2000-04-01,11145.291666666666,22498.921875,20831.703125,
2000-04-02,9150.629166666668,21855.59570313,17966.07617188,
2000-04-03,11116.291666666666,21321.70703125,20623.28320313,
2000-04-04,11796.3,20701.30664063,20701.30664063,
2000-04-05,11848.979166666666,20046.87890625,20046.87890625,
2000-04-06,12184.566666666666,19384.82617188,19384.82617188,
2000-04-07,12248.441666666666,18637.39257813,18637.39257813,
2000-04-08,11917.316666666666,17775.99804688,17775.99804688,
2000-04-09,10360.354166666666,16921.86914063,16253.734375,
2000-04-10,11801.641666666668,16133.13183594,16133.13183594,
2000-04-11,11366.916666666666,15429.26074219,15429.26074219,
2000-04-12,11072.3375,14899.52636719,14899.52636719,
2000-04-13,10909.1875,14454.61621094,14454.61621094,
2000-04-14,10336.608333333334,14117.96484375,14117.96484375,
2000-04-15,10274.629166666668,13858.2578125,13858.2578125,
2000-04-16,9838.716666666667,13652.52539063,13652.52539063,
2000-04-17,10533.9875,13517.62109375,13517.62109375,
2000-04-18,11109.958333333334,13424.55761719,13424.55761719,
2000-04-19,10546.1125,13535.1484375,13535.1484375,
2000-04-20,9909.9625,13734.91015625,13734.91015625,
2000-04-21,9432.554166666669,14059.20996094,14059.20996094,
2000-04-22,9378.341666666667,14448.65527344,14448.65527344,
2000-04-23,9214.916666666666,14683.53027344,14683.53027344,
2000-04-24,10087.216666666667,14700.61328125,14700.61328125,
2000-04-25,10068.545833333334,14432.41308594,14432.41308594,
2000-04-26,10432.345833333333,14035.80957031,14035.80957031,
2000-04-27,10690.529166666667,13606.49023438,13606.49023438,
2000-04-28,10067.066666666668,13206.07324219,13206.07324219,
2000-04-29,9444.704166666666,12902.56054688,12902.56054688,
2000-04-30,8473.866666666667,12623.34765625,12623.34765625,
2000-05-01,8604.275,12361.47851563,12361.47851563,
2000-05-02,9769.804166666669,12169.12011719,12169.12011719,
2000-05-03,10077.65,11950.68164063,11950.68164063,
2000-05-04,9849.9625,11792.04296875,11792.04296875,
2000-05-05,9953.2125,11645.09472656,11645.09472656,
2000-05-06,9363.629166666668,11590.57128906,11590.57128906,
2000-05-07,8924.233333333334,11632.17089844,11632.17089844,
2000-05-08,9982.166666666666,11702.41992188,11702.41992188,
2000-05-09,9969.9875,11704.27832031,11704.27832031,
2000-05-10,10729.933333333332,11626.42578125,11626.42578125,
2000-05-11,10604.741666666669,11470.31738281,11470.31738281,
2000-05-12,10137.391666666666,11227.97851563,11227.97851563,
2000-05-13,9592.35,11022.74414063,11022.74414063,
2000-05-14,9283.345833333336,10825.76269531,10825.76269531,
2000-05-15,9938.391666666666,10654.859375,10654.859375,
2000-05-16,10826.470833333333,10470.31445313,10470.31445313,
2000-05-17,10719.354166666666,10333.88769531,10304.07910156,
2000-05-18,10142.7375,10247.42773438,10223.78710938,
2000-05-19,9516.379166666668,10213.26757813,10213.26757813,
2000-05-20,9228.895833333334,10200.32421875,10200.32421875,
2000-05-21,8999.570833333333,10166.17285156,10166.17285156,
2000-05-22,9321.266666666666,10153.07617188,10153.07617188,
2000-05-23,9920.329166666666,10102.72363281,10102.72363281,
2000-05-24,9797.891666666666,10056.24609375,10056.24609375,
2000-05-25,9738.158333333333,9963.26269531,9963.26269531,
2000-05-26,9644.866666666669,9922.35058594,9922.35058594,
2000-05-27,9467.895833333334,9869.66503906,9869.66503906,
2000-05-28,8916.970833333333,9836.73925781,9836.73925781,
2000-05-29,9849.783333333333,9805.37695313,9805.37695313,
2000-05-30,9935.625,9741.73046875,9741.73046875,
2000-05-31,9746.166666666666,9725.39160156,9725.39160156,
2000-06-01,9776.929166666669,9923.77636719,9923.77636719,
2000-06-02,9786.7875,9979.08105469,9979.08105469,
2000-06-03,9512.375,10004.12988281,10004.12988281,
2000-06-04,9264.1,10004.28027344,10004.28027344,
2000-06-05,10012.020833333334,10072.78808594,10072.78808594,
2000-06-06,10173.270833333334,10076.48144531,10076.48144531,
2000-06-07,10415.470833333333,10052.62792969,10052.62792969,
2000-06-08,10396.058333333332,9960.4765625,9960.4765625,
2000-06-09,10674.108333333334,9872.39648438,9872.39648438,
2000-06-10,10070.229166666666,9807.20410156,9807.20410156,
2000-06-11,9729.0125,9729.80957031,9729.80957031,
2000-06-12,10527.020833333334,9588.96582031,9588.96582031,
2000-06-13,10775.858333333334,9448.54492188,9448.54492188,
2000-06-14,10988.845833333333,9364.44140625,9364.44140625,
2000-06-15,10662.129166666668,9325.36328125,9325.36328125,
2000-06-16,10398.0375,9273.18652344,9273.18652344,
2000-06-17,9892.333333333334,9223.53222656,9223.53222656,
2000-06-18,9516.908333333333,9201.22753906,9187.17285156,
2000-06-19,9958.825,9255.22460938,9255.22460938,
2000-06-20,10650.516666666666,9355.43847656,9355.43847656,
2000-06-21,10653.241666666669,9717.67480469,9717.67480469,
2000-06-22,10058.8375,10260.13671875,10260.13671875,
2000-06-23,9855.508333333331,10328.29980469,10328.29980469,
2000-06-24,9585.795833333334,10253.86230469,10253.86230469,
2000-06-25,9847.658333333333,10264.36816406,10264.36816406,
2000-06-26,10510.7125,10183.03613281,10183.03613281,
2000-06-27,10612.758333333331,9948.70996094,9948.70996094,
2000-06-28,10563.141666666666,9763.47558594,9763.47558594,
2000-06-29,10969.733333333332,9813.82421875,9813.82421875,
2000-06-30,10222.158333333333,10108.265625,10108.265625,
2000-07-01,9605.858333333334,10163.98730469,10163.98730469,
2000-07-02,9780.7625,10338.01757813,10338.01757813,
2000-07-03,10549.3,10176.92773438,10176.92773438,
2000-07-04,11186.245833333334,9979.28320313,9979.28320313,
2000-07-05,11589.3,9870.87011719,9870.87011719,
2000-07-06,11594.191666666666,9734.84765625,9734.84765625,
2000-07-07,10921.383333333331,9492.63964844,9492.63964844,
2000-07-08,10241.0125,9218.86621094,9218.86621094,
2000-07-09,9995.5875,8993.82421875,8993.82421875,
2000-07-10,11279.316666666666,8787.3046875,8787.3046875,
2000-07-11,11950.7875,8660.265625,8660.265625,
2000-07-12,11881.516666666668,8615.10742188,8615.10742188,
2000-07-13,11141.0375,8620.72363281,8620.72363281,
2000-07-14,10936.683333333334,8631.37207031,8631.37207031,
2000-07-15,10188.354166666666,8604.22558594,8604.22558594,
2000-07-16,9815.825,8480.90234375,8480.90234375,
2000-07-17,10586.345833333333,8448.80273438,8448.80273438,
2000-07-18,10800.866666666669,8429.14746094,8429.14746094,
2000-07-19,10424.491666666669,8458.01757813,8458.01757813,
2000-07-20,10296.841666666667,8481.34863281,8481.34863281,
2000-07-21,9900.916666666666,8475.10742188,8475.10742188,
2000-07-22,9349.108333333334,8452.33398438,8452.33398438,
2000-07-23,9120.216666666667,8440.12207031,8440.12207031,
2000-07-24,9588.295833333334,8723.72753906,8723.72753906,
2000-07-25,10388.416666666666,9329.69726563,9329.69726563,
2000-07-26,11142.179166666669,11021.29003906,11021.29003906,
2000-07-27,11172.191666666666,12009.90527344,12009.90527344,
2000-07-28,11086.945833333331,11694.47265625,11694.47265625,
2000-07-29,10373.754166666668,11056.25195313,11056.25195313,
2000-07-30,10095.304166666669,10543.78417969,10543.78417969,
2000-07-31,11382.891666666668,10149.47558594,10149.47558594,
2000-08-01,11773.0,10036.9921875,10036.9921875,
2000-08-02,11607.554166666669,9824.22558594,9824.22558594,
2000-08-03,11603.183333333334,9634.33203125,9634.33203125,
2000-08-04,10819.883333333331,9485.5859375,9485.5859375,
2000-08-05,10033.195833333331,9346.25683594,9346.25683594,
2000-08-06,9547.433333333332,9265.90039063,9265.90039063,
2000-08-07,10314.904166666667,9190.55859375,9074.10839844,
2000-08-08,11146.3125,9106.8046875,8893.18164063,
2000-08-09,11118.558333333334,9055.68554688,8843.9921875,
2000-08-10,11108.875,8954.76367188,8823.66015625,
2000-08-11,10752.145833333334,8838.34960938,8838.34960938,
2000-08-12,10150.079166666666,8768.81835938,8768.81835938,
2000-08-13,9618.316666666668,8744.703125,8744.703125,
2000-08-14,10086.579166666666,8739.81054688,8739.81054688,
2000-08-15,10632.2125,8732.390625,8732.390625,
2000-08-16,10598.5125,8646.8828125,8646.8828125,
2000-08-17,10697.358333333334,8576.41308594,8576.41308594,
2000-08-18,10482.3375,8542.79199219,8542.79199219,
2000-08-19,9713.1375,8693.12402344,8693.12402344,
2000-08-20,9330.941666666668,8985.73632813,8985.73632813,
2000-08-21,9981.775,9199.63476563,9162.54882813,
2000-08-22,10404.629166666668,9279.109375,9235.31152344,
2000-08-23,10838.770833333334,9245.63476563,9232.03613281,
2000-08-24,10784.541666666666,9083.13671875,9083.13671875,
2000-08-25,10408.791666666666,8874.20898438,8874.20898438,
2000-08-26,10183.5375,8723.78125,8723.78125,
2000-08-27,9450.733333333334,8568.45996094,8568.45996094,
2000-08-28,10292.3625,8494.02539063,8494.02539063,
2000-08-29,11368.529166666667,9390.29785156,9390.29785156,
2000-08-30,11950.566666666666,12326.36425781,12326.36425781,
2000-08-31,12025.245833333334,15024.52832031,15024.52832031,
2000-09-01,12101.620833333334,13691.25976563,13691.25976563,
2000-09-02,12169.4625,12760.74316406,12760.74316406,
2000-09-03,12080.5875,12973.56835938,12973.56835938,
2000-09-04,12286.05,14568.19433594,14385.2265625,
2000-09-05,12673.4125,17284.12695313,15978.69335938,
2000-09-06,12291.383333333331,18216.01171875,17224.08789063,
2000-09-07,12515.391666666668,17228.28515625,17226.23046875,
2000-09-08,12769.083333333334,15961.19140625,15961.19140625,
2000-09-09,12701.825,15102.65820313,15102.65820313,
2000-09-10,12289.566666666666,14712.35644531,14712.35644531,
2000-09-11,12646.625,14519.96582031,14519.96582031,
2000-09-12,12695.429166666669,14190.77929688,14190.77929688,
2000-09-13,12631.758333333331,13647.07324219,13647.07324219,
2000-09-14,12518.375,14027.27832031,14027.27832031,
2000-09-15,12419.783333333333,17952.71289063,16404.6953125,
2000-09-16,12130.179166666669,23282.15820313,18210.5,
2000-09-17,10825.7375,25958.265625,18166.78320313,
2000-09-18,11502.9125,25053.4453125,18966.22265625,
2000-09-19,11508.120833333334,21585.31835938,16829.22460938,
2000-09-20,10605.058333333332,18360.83203125,14366.41308594,
2000-09-21,11516.783333333333,17011.93359375,15064.06347656,
2000-09-22,11442.345833333333,17036.12890625,15948.61132813,
2000-09-23,11069.495833333334,16185.51074219,15436.17089844,
2000-09-24,10374.116666666669,15090.890625,13609.68652344,
2000-09-25,11329.320833333331,14308.18164063,13915.52441406,
2000-09-26,11454.341666666667,13730.60839844,13730.60839844,
2000-09-27,11113.3875,13423.03613281,13423.03613281,
2000-09-28,11379.0,13006.02832031,11468.29003906,
2000-09-29,11435.883333333331,12426.12597656,12190.73730469,
2000-09-30,11209.25,11900.45800781,11558.16699219,
2000-10-01,9930.691666666668,11715.03515625,11049.984375,
2000-10-02,11454.129166666666,11426.39941406,11426.39941406,
2000-10-03,11171.925,11097.51953125,11097.51953125,
2000-10-04,11317.441666666666,10795.453125,10795.453125,
2000-10-05,10791.241666666669,10373.89257813,10373.89257813,
2000-10-06,10924.466666666667,10162.64648438,10162.64648438,
2000-10-07,10810.5875,10700.66308594,10468.35839844,
2000-10-08,9300.417391304349,11664.73632813,9857.68652344,
2000-10-09,10706.204166666666,12101.29785156,11478.390625,
2000-10-10,10881.825,11486.296875,10093.49316406,
2000-10-11,11014.929166666669,10554.40625,9510.05957031,
2000-10-12,9616.717391304348,10105.50292969,8990.23242188,
2000-10-13,10862.779166666667,10357.26269531,9838.17285156,
2000-10-14,10617.65,10874.28613281,8705.41699219,
2000-10-15,9723.254166666668,10973.43066406,7720.12792969,
2000-10-16,11173.054166666669,11190.76269531,9171.96679688,
2000-10-17,11180.866666666669,11669.92773438,10213.39355469,
2000-10-18,11171.645833333334,11938.35546875,10031.59960938,
2000-10-19,11033.075,11153.57910156,10881.18457031,
2000-10-20,11230.608333333332,10062.88183594,10014.57128906,
2000-10-21,10806.766666666666,9354.52929688,7947.33398438,
2000-10-22,9735.120833333332,8850.22265625,6501.47119141,
2000-10-23,11093.983333333332,8514.06445313,8221.11328125,
2000-10-24,11485.245833333334,8273.265625,8273.265625,
2000-10-25,11594.391666666668,8106.41894531,8106.41894531,
2000-10-26,11553.133333333331,8071.61083984,8071.61083984,
2000-10-27,11386.041666666666,8116.73876953,8116.73876953,
2000-10-28,10595.5875,8350.41210938,8340.1328125,
2000-10-29,8819.266666666666,8806.57910156,7484.69921875,
2000-10-30,11121.083333333334,9267.22363281,9211.71679688,
2000-10-31,10760.370833333332,9495.61328125,9193.41015625,
2000-11-01,10641.975,10046.70898438,9599.57324219,
2000-11-02,10533.045833333334,9811.0078125,9811.0078125,
2000-11-03,11640.875,9782.25683594,9782.25683594,
2000-11-04,10269.1,9817.14941406,9234.33007813,
2000-11-05,8728.025,9788.08203125,7580.15185547,
2000-11-06,10796.066666666668,9750.88085938,9362.33496094,
2000-11-07,12010.208333333334,9851.97753906,9851.97753906,
2000-11-08,11525.629166666666,10075.93164063,10075.93164063,
2000-11-09,11693.266666666668,10321.47460938,10321.47460938,
2000-11-10,11368.775,10422.22558594,10422.22558594,
2000-11-11,11603.629166666666,10376.94726563,10376.94726563,
2000-11-12,10667.3875,10238.17089844,9913.35546875,
2000-11-13,11191.260869565218,10097.96484375,9911.91503906,
2000-11-14,11811.004166666666,10354.03222656,10354.03222656,
2000-11-15,11227.425,11143.76855469,11143.76855469,
2000-11-16,11721.783333333333,11804.67382813,11804.67382813,
2000-11-17,11706.354166666666,12150.50097656,12150.50097656,
2000-11-18,11748.883333333331,12368.40820313,12368.40820313,
2000-11-19,10593.75,12685.484375,12685.484375,
2000-11-20,11032.304166666669,13080.01855469,13080.01855469,
2000-11-21,11678.704166666668,13597.11425781,13597.11425781,
2000-11-22,11284.8875,14222.75097656,14222.75097656,
2000-11-23,10414.883333333331,15012.61230469,15012.61230469,
2000-11-24,11034.579166666668,15499.39648438,15499.39648438,
2000-11-25,10004.616666666669,15652.55761719,15652.55761719,
2000-11-26,10122.441666666668,15635.42285156,15635.42285156,
2000-11-27,10181.329166666666,15759.890625,15759.890625,
2000-11-28,10785.675,15917.8671875,15917.8671875,
2000-11-29,11265.0,15960.93554688,15960.93554688,
2000-11-30,11154.033333333333,15808.63183594,15808.63183594,
2000-12-01,10893.775,15716.89257813,15716.89257813,
2000-12-02,10982.3,16283.39746094,16283.39746094,
2000-12-03,10434.2,16942.40429688,16811.86132813,
2000-12-04,11391.5,16933.56054688,16933.56054688,
2000-12-05,11844.529166666667,16798.02539063,16798.02539063,
2000-12-06,11676.1625,17303.3203125,17303.3203125,
2000-12-07,11696.470833333333,17840.7578125,17840.7578125,
2000-12-08,11576.995833333334,17419.0234375,17419.0234375,
2000-12-09,11872.304166666669,16737.28710938,16737.28710938,
2000-12-10,11377.416666666666,16038.36035156,16038.36035156,
2000-12-11,11738.220833333333,15390.14746094,15390.14746094,
2000-12-12,12323.173913043478,14935.40722656,14935.40722656,
2000-12-13,12077.975,14745.1015625,14745.1015625,
2000-12-14,12181.233333333332,14642.49511719,14642.49511719,
2000-12-15,11697.754166666666,14737.67675781,14737.67675781,
2000-12-16,10938.4875,15161.1640625,15161.1640625,
2000-12-17,10518.041666666666,16110.609375,16110.609375,
2000-12-18,10782.345833333333,17830.56640625,17830.56640625,
2000-12-19,10782.866666666669,19476.84960938,19476.84960938,
2000-12-20,10965.608333333332,20268.59179688,20268.59179688,
2000-12-21,11138.9125,20841.95117188,20841.95117188,
2000-12-22,10896.108333333334,20824.07617188,20824.07617188,
2000-12-23,10485.9625,20365.61328125,20365.61328125,
2000-12-24,10336.0625,20106.7265625,20106.7265625,
2000-12-25,10417.779166666667,19930.23242188,19930.23242188,
2000-12-26,10927.4375,19949.09765625,19949.09765625,
2000-12-27,11634.516666666668,19903.51757813,19903.51757813,
2000-12-28,11433.316666666666,19484.19726563,19484.19726563,
2000-12-29,11142.741666666669,19054.88867188,19054.88867188,
2000-12-30,10604.816666666668,18782.52734375,18782.52734375,
2000-12-31,9747.6125,18960.69335938,18960.69335938,
2001-01-01,8832.362500000001,19612.0,18708.0,
2001-01-02,10731.825,20303.0,20303.0,
2001-01-03,10581.3625,20431.0,20431.0,
2001-01-04,10311.4125,20407.0,20407.0,
2001-01-05,9920.220833333336,20266.0,20266.0,
2001-01-06,9660.1,19963.0,19963.0,
2001-01-07,9915.6625,19593.0,19593.0,
2001-01-08,9506.633333333331,19076.0,19076.0,
2001-01-09,9843.354166666666,18426.0,18426.0,
2001-01-10,9813.1625,17939.0,17939.0,
2001-01-11,10377.525,17612.0,17612.0,
2001-01-12,11354.579166666668,17320.0,17320.0,
2001-01-13,11583.908333333333,17383.0,17383.0,
2001-01-14,9891.066666666668,19458.0,17378.0,
2001-01-15,11596.75,22343.0,19992.0,
2001-01-16,10647.925,23012.0,18018.0,
2001-01-17,10030.841666666667,21657.0,16564.0,
2001-01-18,9695.383333333331,19750.0,15435.0,
2001-01-19,9761.733333333334,18239.0,15615.0,
2001-01-20,9560.345833333333,17119.0,14446.0,
2001-01-21,8683.804166666667,16157.0,11735.0,
2001-01-22,9970.483333333334,15425.0,12529.0,
2001-01-23,9750.166666666666,14973.0,11877.0,
2001-01-24,10097.958333333334,14631.0,12678.0,
2001-01-25,10350.5875,14582.0,13530.0,
2001-01-26,9967.383333333331,14925.0,14303.0,
2001-01-27,8832.175000000001,15036.0,12710.0,
2001-01-28,9118.270833333334,15225.0,12804.0,
2001-01-29,10859.616666666669,15394.0,14493.0,
2001-01-30,10604.804166666669,15488.0,14775.0,
2001-01-31,10745.625,15642.0,15642.0,
2001-02-01,11028.4,15915.0,14671.0,
2001-02-02,10735.095833333333,16250.0,15637.0,
2001-02-03,10802.795833333334,16862.0,15886.0,
2001-02-04,7889.008333333332,17632.0,14579.0,
2001-02-05,10797.991666666669,17925.0,17925.0,
2001-02-06,10605.470833333333,17986.0,16275.0,
2001-02-07,10709.708333333334,17876.0,16372.0,
2001-02-08,10761.773913043478,17861.0,16601.0,
2001-02-09,10773.675,18268.0,16911.0,
2001-02-10,10682.429166666669,18040.0,15310.0,
2001-02-11,9017.225,17291.0,13529.0,
2001-02-12,10634.7,16693.0,14671.0,
2001-02-13,10609.916666666666,16630.0,15251.0,
2001-02-14,10576.15,16928.0,15275.0,
2001-02-15,10596.470833333336,17634.0,14788.0,
2001-02-16,10478.7875,18935.0,15572.0,
2001-02-17,9907.2875,20468.0,16034.0,
2001-02-18,8719.852173913043,21445.0,15487.0,
2001-02-19,10192.945833333331,21825.0,15871.0,
2001-02-20,10473.991666666669,21884.0,18568.0,
2001-02-21,10111.35,22772.0,19662.0,
2001-02-22,10190.316666666668,24851.0,20447.0,
2001-02-23,9840.658333333333,24838.0,18590.0,
2001-02-24,10395.7875,23111.0,16816.0,
2001-02-25,9609.716666666667,21632.0,14706.0,
2001-02-26,9798.770833333334,20733.0,14329.0,
2001-02-27,9876.929166666669,20110.0,14044.0,
2001-02-28,10596.566666666668,19307.0,16109.0,
2001-03-01,10806.5125,18770.0,17004.0,
2001-03-02,10876.058333333332,17740.0,17243.0,
2001-03-03,10790.908333333333,16876.0,16876.0,
2001-03-04,8771.920833333334,16211.0,14596.0,
2001-03-05,10861.1875,15751.0,15751.0,
2001-03-06,10669.866666666669,15472.0,15472.0,
2001-03-07,10533.358333333334,15357.0,15357.0,
2001-03-08,10324.654166666667,15429.0,15429.0,
2001-03-09,10292.104166666666,15697.0,15697.0,
2001-03-10,9572.0625,16217.0,15961.0,
2001-03-11,9855.433333333332,16844.0,16844.0,
2001-03-12,9805.808333333332,17541.0,17541.0,
2001-03-13,10175.479166666666,18361.0,18361.0,
2001-03-14,10408.808333333332,18849.0,18849.0,
2001-03-15,10698.220833333333,19064.0,19064.0,
2001-03-16,10754.783333333333,19141.0,19141.0,
2001-03-17,9763.591666666667,19026.0,19026.0,
2001-03-18,9391.358333333334,18682.0,18682.0,
2001-03-19,10449.6375,18103.0,18103.0,
2001-03-20,10211.325,17550.0,17550.0,
2001-03-21,9556.583333333334,17228.0,17228.0,
2001-03-22,9986.154166666667,16857.0,16857.0,
2001-03-23,9882.820833333331,16489.0,16489.0,
2001-03-24,10478.5625,15975.0,15975.0,
2001-03-25,9706.566666666668,15617.0,15617.0,
2001-03-26,9560.0,15225.0,15225.0,
2001-03-27,10318.704166666666,14803.0,14803.0,
2001-03-28,9984.045833333334,14370.0,14370.0,
2001-03-29,9811.104166666666,14402.0,14402.0,
2001-03-30,9763.733333333334,14641.0,14641.0,
2001-03-31,9919.654166666667,14892.0,14892.0,
2001-04-01,9427.608333333334,15341.0,15341.0,
2001-04-02,10343.804166666669,15680.0,15680.0,
2001-04-03,11445.654166666667,15875.0,15875.0,
2001-04-04,11545.841666666667,16154.0,16154.0,
2001-04-05,11431.358333333332,16467.0,16467.0,
2001-04-06,10825.075,16372.0,16372.0,
2001-04-07,11056.866666666669,16118.0,16118.0,
2001-04-08,10257.245833333332,15714.0,15714.0,
2001-04-09,11405.608333333332,15279.0,15279.0,
2001-04-10,11168.066666666666,14953.0,14953.0,
2001-04-11,11075.8125,14884.0,14884.0,
2001-04-12,10497.616666666669,14624.0,14624.0,
2001-04-13,9552.954166666666,14017.0,14017.0,
2001-04-14,9284.0375,13408.0,13408.0,
2001-04-15,9166.279166666667,12858.0,12858.0,
2001-04-16,9813.55,12353.0,12353.0,
2001-04-17,9983.991666666669,11924.0,11924.0,
2001-04-18,10273.3625,11555.0,11555.0,
2001-04-19,9994.766666666666,11235.0,11235.0,
2001-04-20,9898.225,10969.0,10969.0,
2001-04-21,9887.133333333331,10758.0,10758.0,
2001-04-22,9257.329166666666,10592.0,10592.0,
2001-04-23,10172.258333333331,10573.0,10573.0,
2001-04-24,10106.004166666668,10697.0,10697.0,
2001-04-25,10248.120833333332,10897.0,10897.0,
2001-04-26,9992.239130434782,11284.0,11284.0,
2001-04-27,9698.0625,11703.0,11703.0,
2001-04-28,9820.170833333334,12024.0,12024.0,
2001-04-29,10484.058333333332,12052.0,12052.0,
2001-04-30,10035.8375,11765.0,11765.0,
2001-05-01,9887.3125,11079.0,11079.0,
2001-05-02,10174.454166666666,10686.0,10686.0,
2001-05-03,10845.866666666669,10309.0,10309.0,
2001-05-04,10168.7125,10079.0,10079.0,
2001-05-05,9903.554166666669,9854.0,9854.0,
2001-05-06,9380.625,9677.0,9677.0,
2001-05-07,9687.766666666666,9580.0,9580.0,
2001-05-08,9875.1875,9518.0,9518.0,
2001-05-09,9998.54347826087,9467.0,9467.0,
2001-05-10,10038.595833333333,9386.0,9386.0,
2001-05-11,10012.133333333331,9326.0,9326.0,
2001-05-12,9996.254166666668,9273.0,9273.0,
2001-05-13,9726.791666666666,9167.0,9167.0,
2001-05-14,9759.341666666667,9274.0,9274.0,
2001-05-15,9904.425,9374.0,9374.0,
2001-05-16,10073.325,9564.0,9564.0,
2001-05-17,10151.325,9871.0,9871.0,
2001-05-18,10086.783333333333,10463.0,10463.0,
2001-05-19,9333.0875,11340.0,11340.0,
2001-05-20,9073.075,12067.0,12067.0,
2001-05-21,9562.247826086956,12534.0,12534.0,
2001-05-22,9472.533333333333,12577.0,12577.0,
2001-05-23,9643.604166666666,12332.0,12332.0,
2001-05-24,9636.895833333334,12369.0,12369.0,
2001-05-25,9613.620833333332,12700.0,12700.0,
2001-05-26,9451.713636363636,12913.0,12913.0,
2001-05-27,8961.104166666666,12869.0,12869.0,
2001-05-28,9178.216666666667,12710.0,12710.0,
2001-05-29,9161.3,12730.0,12730.0,
2001-05-30,10065.420833333334,13436.0,13436.0,
2001-05-31,10236.316666666668,13946.0,13946.0,
2001-06-01,10236.770833333334,13556.0,13556.0,
2001-06-02,9575.458333333334,13410.0,13410.0,
2001-06-03,8978.295833333334,12826.0,12826.0,
2001-06-04,9432.216666666667,12077.0,12077.0,
2001-06-05,10268.816666666668,11394.0,11394.0,
2001-06-06,10124.079166666666,10861.0,10861.0,
2001-06-07,9830.325,10418.0,10418.0,
2001-06-08,9821.8375,10165.0,10165.0,
2001-06-09,8624.004166666668,10229.0,10229.0,
2001-06-10,8239.570833333333,10455.0,10455.0,
2001-06-11,8418.4625,10598.0,10598.0,
2001-06-12,8226.870833333332,10455.0,10455.0,
2001-06-13,8052.337500000001,10122.0,10122.0,
2001-06-14,7727.5625,9831.0,9831.0,
2001-06-15,8266.512499999999,9581.0,9581.0,
2001-06-16,7381.320833333334,9390.0,9390.0,
2001-06-17,6940.833333333333,9204.0,9204.0,
2001-06-18,7377.545833333334,9082.0,9082.0,
2001-06-19,7790.583333333333,9038.0,9038.0,
2001-06-20,6936.466666666667,9086.0,9086.0,
2001-06-21,7632.104166666667,9401.0,9401.0,
2001-06-22,7875.520833333333,10066.0,10066.0,
2001-06-23,8165.045833333334,10884.0,10884.0,
2001-06-24,7814.183333333333,11281.0,11281.0,
2001-06-25,8011.675,10993.0,10993.0,
2001-06-26,8860.795833333334,10453.0,10453.0,
2001-06-27,8635.9375,10122.0,10122.0,
2001-06-28,8435.279166666667,10319.0,10319.0,
2001-06-29,7988.575,11106.0,11106.0,
2001-06-30,7122.283333333333,11678.0,11678.0,
2001-07-01,6454.529166666667,11647.0,11647.0,
2001-07-02,7893.108333333334,11085.0,11085.0,
2001-07-03,9048.333333333334,10542.0,10542.0,
2001-07-04,9242.166666666666,10151.0,10151.0,
2001-07-05,9420.629166666668,9852.0,9852.0,
2001-07-06,8863.637499999999,9587.0,9587.0,
2001-07-07,7974.452173913043,9373.0,9373.0,
2001-07-08,7571.55,9145.0,9145.0,
2001-07-09,7548.170833333334,8912.0,8912.0,
2001-07-10,8394.800000000001,8752.0,8752.0,
2001-07-11,9089.554166666669,8640.0,8640.0,
2001-07-12,9052.320833333331,8548.0,8548.0,
2001-07-13,8310.720833333333,8513.0,8513.0,
2001-07-14,7975.679166666666,8512.0,8512.0,
2001-07-15,7360.587500000001,8533.0,8533.0,
2001-07-16,7976.820833333334,8556.0,8556.0,
2001-07-17,8424.358333333334,8499.0,8499.0,
2001-07-18,8782.795833333334,8383.0,8383.0,
2001-07-19,8682.683333333332,8250.0,8242.0,
2001-07-20,8244.283333333333,8155.0,8155.0,
2001-07-21,7752.420833333334,8150.0,8150.0,
2001-07-22,7160.775000000001,8420.0,8420.0,
2001-07-23,7855.6375,8842.0,8842.0,
2001-07-24,7572.95,8869.0,8869.0,
2001-07-25,7999.490909090909,8535.0,8535.0,
2001-07-26,8472.239130434782,8230.0,8230.0,
2001-07-27,8443.754166666668,8135.0,8135.0,
2001-07-28,7556.208333333333,8156.0,8156.0,
2001-07-29,7056.016666666666,8551.0,8551.0,
2001-07-30,7983.441666666667,9778.0,9778.0,
2001-07-31,8696.550000000001,10889.0,10889.0,
2001-08-01,8280.808333333332,10759.0,10759.0,
2001-08-02,8079.813043478261,10031.0,10031.0,
2001-08-03,8072.075,9405.0,9405.0,
2001-08-04,8069.912499999999,9009.0,9009.0,
2001-08-05,7471.479166666667,8731.0,8731.0,
2001-08-06,8000.825,8479.0,8479.0,
2001-08-07,8014.191666666667,8235.0,8235.0,
2001-08-08,7289.329166666666,8013.0,8013.0,
2001-08-09,7708.404166666667,7827.0,7827.0,
2001-08-10,7646.866666666666,7670.0,7670.0,
2001-08-11,6899.724999999999,7541.0,7541.0,
2001-08-12,6291.829166666666,7428.0,7428.0,
2001-08-13,6701.625,7280.0,7280.0,
2001-08-14,7172.625,7153.0,7153.0,
2001-08-15,7044.404166666667,7042.0,7042.0,
2001-08-16,7356.5,6945.0,6945.0,
2001-08-17,7398.825,6834.0,6834.0,
2001-08-18,6738.183333333333,6741.0,6741.0,
2001-08-19,6617.1875,6662.0,6662.0,
2001-08-20,7053.795833333334,6625.0,6625.0,
2001-08-21,6758.991666666666,6571.0,6571.0,
2001-08-22,6947.979166666667,6541.0,6541.0,
2001-08-23,6997.245833333333,6510.0,6510.0,
2001-08-24,6776.233333333334,6495.0,6495.0,
2001-08-25,6515.858333333334,6500.0,6500.0,
2001-08-26,6137.8125,6550.0,6550.0,
2001-08-27,6770.741666666666,6662.0,6662.0,
2001-08-28,7040.479166666667,6980.0,6980.0,
2001-08-29,7002.6125,7397.0,7397.0,
2001-08-30,7476.212500000001,7767.0,7767.0,
2001-08-31,7632.670833333334,8513.0,8513.0,
2001-09-01,7216.837500000001,8366.0,8366.0,
2001-09-02,7153.020833333333,10579.0,10579.0,
2001-09-03,7562.837500000001,10602.0,10602.0,
2001-09-04,8319.158333333333,9422.0,9422.0,
2001-09-05,8382.954166666666,8566.0,8566.0,
2001-09-06,7829.091666666667,7985.0,7985.0,
2001-09-07,7512.55,7603.0,7603.0,
2001-09-08,6850.916666666667,7330.0,7330.0,
2001-09-09,6967.641666666666,7097.0,7097.0,
2001-09-10,7288.025000000001,6913.0,6913.0,
2001-09-11,8646.116666666667,6745.0,6745.0,
2001-09-12,8874.354166666666,6534.0,6534.0,
2001-09-13,8811.604166666666,6344.0,6344.0,
2001-09-14,7849.224999999999,6180.0,6180.0,
2001-09-15,7045.979166666667,6090.0,6090.0,
2001-09-16,7256.108333333334,6239.0,6239.0,
2001-09-17,7632.029166666667,6618.0,6618.0,
2001-09-18,8129.0625,7201.0,7201.0,
2001-09-19,8331.3375,7816.0,7816.0,
2001-09-20,8676.941666666668,7967.0,7967.0,
2001-09-21,8443.720833333333,7843.0,7843.0,
2001-09-22,7692.212500000001,7700.0,7700.0,
2001-09-23,7403.633333333334,7668.0,7668.0,
2001-09-24,7427.558333333333,7743.0,7743.0,
2001-09-25,8233.737500000001,8075.0,8075.0,
2001-09-26,8231.208333333334,8991.0,8991.0,
2001-09-27,8299.0,9602.0,9602.0,
2001-09-28,8098.629166666667,9601.0,9601.0,
2001-09-29,7261.154166666667,9596.0,9596.0,
2001-09-30,7241.5125,9660.0,9660.0,
2001-10-01,8462.800000000001,10337.0,10337.0,
2001-10-02,9453.4125,9861.0,9861.0,
2001-10-03,9231.816666666668,10237.0,10237.0,
2001-10-04,9765.795833333334,11749.0,11749.0,
2001-10-05,9019.0,13310.0,13310.0,
2001-10-06,8019.045833333334,13429.0,13429.0,
2001-10-07,7305.025000000001,12348.0,12348.0,
2001-10-08,7996.091666666667,11407.0,11407.0,
2001-10-09,8191.491666666666,11096.0,11096.0,
2001-10-10,8626.666666666666,12312.0,12312.0,
2001-10-11,8876.166666666666,13534.0,13534.0,
2001-10-12,7685.845833333333,14657.0,14657.0,
2001-10-13,6733.854166666667,14683.0,14683.0,
2001-10-14,6602.356521739131,13658.0,13658.0,
2001-10-15,7725.566666666667,12728.0,12728.0,
2001-10-16,8166.7,11926.0,11926.0,
2001-10-17,8366.145833333334,11347.0,11347.0,
2001-10-18,8302.216666666667,10930.0,10930.0,
2001-10-19,8296.5625,10522.0,10502.0,
2001-10-20,7596.075,10359.0,10359.0,
2001-10-21,7476.537499999999,10461.0,10461.0,
2001-10-22,8238.408333333333,10571.0,10571.0,
2001-10-23,9320.795833333334,10921.0,10921.0,
2001-10-24,9081.504166666668,11113.0,11096.0,
2001-10-25,9075.845833333333,11041.0,11041.0,
2001-10-26,8937.9625,10894.0,10894.0,
2001-10-27,7628.4875,10651.0,10651.0,
2001-10-28,8092.8625,10375.0,10375.0,
2001-10-29,9001.512499999999,10043.0,10043.0,
2001-10-30,9087.345833333333,9619.0,9619.0,
2001-10-31,8941.15,9165.0,9165.0,
2001-11-01,9417.658333333333,8968.0,8968.0,
2001-11-02,8761.583333333334,8661.0,8661.0,
2001-11-03,8098.416666666667,8464.0,8464.0,
2001-11-04,8719.341666666667,8398.0,8398.0,
2001-11-05,8941.120833333332,8505.0,8505.0,
2001-11-06,9118.7625,8740.0,8740.0,
2001-11-07,9542.566666666668,9001.0,9001.0,
2001-11-08,9294.791666666666,9209.0,9209.0,
2001-11-09,8891.854166666666,9406.0,9406.0,
2001-11-10,8478.908333333333,9691.0,9691.0,
2001-11-11,7492.745833333333,9715.0,9715.0,
2001-11-12,7275.6125,9902.0,9902.0,
2001-11-13,7395.479166666667,10396.0,10396.0,
2001-11-14,7392.458333333333,10931.0,10931.0,
2001-11-15,7257.070833333334,11846.0,11846.0,
2001-11-16,7369.904166666667,12930.0,12930.0,
2001-11-17,6890.166666666667,13712.0,13712.0,
2001-11-18,6949.508333333334,14182.0,14182.0,
2001-11-19,7281.3625,14577.0,14577.0,
2001-11-20,8565.783333333333,15110.0,15110.0,
2001-11-21,9118.1,15867.0,15867.0,
2001-11-22,9786.220833333333,16589.0,16561.0,
2001-11-23,10108.054166666669,17051.0,17051.0,
2001-11-24,9623.983333333334,17110.0,17078.0,
2001-11-25,8921.945833333333,16916.0,16885.0,
2001-11-26,9122.55,16606.0,16606.0,
2001-11-27,10643.220833333333,16314.0,16314.0,
2001-11-28,10537.395833333334,15796.0,15796.0,
2001-11-29,10376.566666666668,15375.0,15344.0,
2001-11-30,9853.0,15062.0,15062.0,
2001-12-01,9206.504166666668,14971.0,14971.0,
2001-12-02,8626.745833333332,15130.0,15130.0,
2001-12-03,9020.908333333333,15395.0,15395.0,
2001-12-04,9807.925,15427.0,15412.0,
2001-12-05,10337.983333333334,15380.0,15351.0,
2001-12-06,10066.395833333334,15447.0,15434.0,
2001-12-07,10359.125,15592.0,15592.0,
2001-12-08,9122.3625,15625.0,15609.0,
2001-12-09,8516.574999999999,15894.0,15894.0,
2001-12-10,9525.4625,16087.0,16059.0,
2001-12-11,10592.565217391304,16030.0,16026.0,
2001-12-12,10683.7125,15802.0,15802.0,
2001-12-13,10591.7375,15767.0,15767.0,
2001-12-14,10214.540909090909,15880.0,15880.0,
2001-12-15,9443.295833333334,16016.0,16016.0,
2001-12-16,8491.170833333334,16647.0,16647.0,
2001-12-17,8981.804166666667,17728.0,17728.0,
2001-12-18,9187.183333333332,18509.0,18509.0,
2001-12-19,9223.404166666667,18823.0,18778.0,
2001-12-20,9366.0375,18751.0,18751.0,
2001-12-21,8754.070833333333,18514.0,18514.0,
2001-12-22,7836.270833333333,18427.0,18427.0,
2001-12-23,7284.029166666667,18832.0,18832.0,
2001-12-24,6254.333333333333,19914.0,19914.0,
2001-12-25,6147.008333333334,21075.0,21075.0,
2001-12-26,6949.208333333333,21676.0,21676.0,
2001-12-27,8149.208333333333,21850.0,21850.0,
2001-12-28,8977.199999999999,22012.0,22012.0,
2001-12-29,8143.058333333333,22048.0,22048.0,
2001-12-30,8005.3875,22522.0,22522.0,
2001-12-31,8256.941666666668,23470.0,22791.0,
2002-01-01,6240.116666666666,26930.0,19092.0,
2002-01-02,10159.9875,26797.0,22735.0,
2002-01-03,10822.075,27617.0,23397.0,
2002-01-04,9848.566666666668,27842.0,24069.0,
2002-01-05,9265.55,28056.0,24363.0,
2002-01-06,8816.641666666666,28236.0,24089.0,
2002-01-07,9428.166666666666,27006.0,23567.0,
2002-01-08,10527.258333333331,26760.0,22817.0,
2002-01-09,11191.258333333331,26135.0,22614.0,
2002-01-10,11070.320833333331,26509.0,22134.0,
2002-01-11,10693.554166666669,25585.0,21858.0,
2002-01-12,9445.833333333334,26416.0,22023.0,
2002-01-13,8476.833333333334,26773.0,22304.0,
2002-01-14,9547.554166666669,28782.0,23233.0,
2002-01-15,9531.370833333332,31691.0,25097.0,
2002-01-16,9822.466666666667,31943.0,27455.0,
2002-01-17,10325.825,34828.0,29878.0,
2002-01-18,10551.516666666666,38316.0,31322.0,
2002-01-19,9640.9125,38396.0,31492.0,
2002-01-20,8029.704166666666,36657.0,30474.0,
2002-01-21,8046.1875,36560.0,30350.0,
2002-01-22,10518.941666666668,36859.0,31511.0,
2002-01-23,10946.504166666666,36114.0,30242.0,
2002-01-24,10742.9,34406.0,28857.0,
2002-01-25,10325.520833333334,35712.0,26258.0,
2002-01-26,8332.108333333334,32834.0,22093.0,
2002-01-27,6622.241666666666,32788.0,19803.0,
2002-01-28,9034.404166666667,33077.0,22543.0,
2002-01-29,9653.891666666666,32593.0,21139.0,
2002-01-30,9328.404166666664,34303.0,19657.0,
2002-01-31,9880.8875,36142.0,19383.0,
2002-02-01,9081.391666666666,27017.0,18889.0,
2002-02-02,7826.6875,26818.0,17680.0,
2002-02-03,6114.154166666667,26425.0,18022.0,
2002-02-04,8245.958333333334,26008.0,20282.0,
2002-02-05,8517.987500000001,25863.0,21330.0,
2002-02-06,9254.0,25681.0,21496.0,
2002-02-07,9136.883333333331,25522.0,21069.0,
2002-02-08,8600.116666666667,25521.0,20421.0,
2002-02-09,6931.266666666666,26096.0,19298.0,
2002-02-10,5701.033333333333,27091.0,19033.0,
2002-02-11,7194.416666666667,32901.0,20381.0,
2002-02-12,6745.525000000001,28964.0,21110.0,
2002-02-13,7262.8625,30217.0,23166.0,
2002-02-14,8871.254166666668,31467.0,25198.0,
2002-02-15,8788.354166666666,32565.0,26106.0,
2002-02-16,7601.841666666667,33242.0,25331.0,
2002-02-17,6399.516666666666,33306.0,24036.0,
2002-02-18,9241.620833333332,33032.0,26789.0,
2002-02-19,10208.183333333332,33480.0,29793.0,
2002-02-20,10424.8,33139.0,29434.0,
2002-02-21,10542.725,32968.0,29782.0,
2002-02-22,10701.4875,33374.0,29586.0,
2002-02-23,8978.949999999999,33982.0,27417.0,
2002-02-24,6550.604166666667,34500.0,24348.0,
2002-02-25,9503.995833333332,35032.0,28174.0,
2002-02-26,9603.9625,35271.0,26826.0,
2002-02-27,9822.633333333331,35141.0,25547.0,
2002-02-28,10135.979166666666,34596.0,24222.0,
2002-03-01,9888.304166666669,37755.0,23311.0,
2002-03-02,7803.691666666667,36261.0,19385.0,
2002-03-03,6626.441666666667,35284.0,16919.0,
2002-03-04,9286.120833333332,35736.0,21105.0,
2002-03-05,10083.6125,33509.0,22017.0,
2002-03-06,9721.120833333332,34229.0,21968.0,
2002-03-07,10803.6625,30821.0,22068.0,
2002-03-08,10703.308333333332,32883.0,21649.0,
2002-03-09,10850.204166666666,28933.0,21242.0,
2002-03-10,9387.633333333331,27507.0,18333.0,
2002-03-11,11048.645833333334,25476.0,19967.0,
2002-03-12,10962.879166666666,24255.0,20314.0,
2002-03-13,11125.120833333334,24223.0,19814.0,
2002-03-14,11190.475,23731.0,18959.0,
2002-03-15,10236.55,21784.0,18170.0,
2002-03-16,9083.995833333332,21312.0,17909.0,
2002-03-17,8783.620833333332,20769.0,16802.0,
2002-03-18,9729.575,20454.0,17260.0,
2002-03-19,9913.216666666667,20288.0,17085.0,
2002-03-20,9936.570833333331,20410.0,17362.0,
2002-03-21,10128.658333333333,21250.0,17660.0,
2002-03-22,9562.770833333334,21487.0,18473.0,
2002-03-23,9058.925,23005.0,19167.0,
2002-03-24,9319.933333333332,23817.0,19753.0,
2002-03-25,10401.216666666667,25361.0,20462.0,
2002-03-26,10487.5,25741.0,20288.0,
2002-03-27,10286.045833333334,27542.0,21025.0,
2002-03-28,11173.725,28694.0,20640.0,
2002-03-29,8124.2,26755.0,17112.0,
2002-03-30,9204.9375,27710.0,17496.0,
2002-03-31,8433.054166666667,25809.0,17088.0,
2002-04-01,10929.229166666666,26040.0,20974.0,
2002-04-02,11918.25,25580.0,22227.0,
2002-04-03,11711.225,24366.0,21066.0,
2002-04-04,11264.029166666667,25098.0,19992.0,
2002-04-05,10794.1,23287.0,19452.0,
2002-04-06,10680.679166666669,20683.0,18188.0,
2002-04-07,10010.329166666666,20283.0,17097.0,
2002-04-08,10825.370833333332,19325.0,16382.0,
2002-04-09,11321.408333333333,18410.0,15705.0,
2002-04-10,11564.395833333334,19085.0,15209.0,
2002-04-11,11462.245833333334,17715.0,14634.0,
2002-04-12,10738.108333333334,16071.0,14313.0,
2002-04-13,10201.404166666667,16188.0,13687.0,
2002-04-14,9998.954166666666,16558.0,13780.0,
2002-04-15,10972.733333333332,16439.0,14027.0,
2002-04-16,10592.295833333334,15993.0,13792.0,
2002-04-17,10238.6125,18839.0,13703.0,
2002-04-18,10471.445833333331,16512.0,13778.0,
2002-04-19,10496.895833333334,14829.0,13416.0,
2002-04-20,9879.866666666669,16279.0,13196.0,
2002-04-21,9437.179166666669,15089.0,12441.0,
2002-04-22,10584.0,14408.0,12400.0,
2002-04-23,10849.666666666666,15216.0,12293.0,
2002-04-24,10810.25,15479.0,12110.0,
2002-04-25,10314.516666666666,13610.0,11520.0,
2002-04-26,10117.170833333334,13999.0,11102.0,
2002-04-27,9302.291666666666,14251.0,10852.0,
2002-04-28,9223.7875,13100.0,10765.0,
2002-04-29,9625.954166666666,12353.0,11162.0,
2002-04-30,9742.195833333331,13499.0,10932.0,
2002-05-01,9247.0125,15193.0,11042.0,
2002-05-02,10271.045833333334,13592.0,11021.0,
2002-05-03,10086.945833333331,13288.0,11411.0,
2002-05-04,9547.854166666666,15227.0,11537.0,
2002-05-05,9319.291666666666,15029.0,11869.0,
2002-05-06,10189.708333333334,15450.0,12301.0,
2002-05-07,10309.0,16415.0,12763.0,
2002-05-08,9479.491666666669,18903.0,13129.0,
2002-05-09,9575.870833333332,18021.0,13400.0,
2002-05-10,9329.604166666666,16641.0,13394.0,
2002-05-11,8645.029166666667,18209.0,13554.0,
2002-05-12,8813.5,17273.0,13361.0,
2002-05-13,9473.825,16959.0,13247.0,
2002-05-14,10543.995833333332,16193.0,13184.0,
2002-05-15,10471.925,15868.0,13110.0,
2002-05-16,10518.095833333333,18578.0,13583.0,
2002-05-17,9895.7,17089.0,14160.0,
2002-05-18,10754.633333333331,20515.0,15083.0,
2002-05-19,9834.091666666667,24090.0,15586.0,
2002-05-20,10993.333333333334,27563.0,15565.0,
2002-05-21,10608.475,31536.0,14782.0,
2002-05-22,10608.475,34982.0,16157.0,
2002-05-23,10635.9625,36633.0,15924.0,
2002-05-24,10518.625,38679.0,16235.0,
2002-05-25,10406.9625,34459.0,16536.0,
2002-05-26,8375.883333333333,31004.0,14188.0,
2002-05-27,10811.733333333334,26599.0,16607.0,
2002-05-28,11051.55,25358.0,16627.0,
2002-05-29,10674.175,23570.0,16279.0,
2002-05-30,9005.945833333333,20897.0,14295.0,
2002-05-31,10666.908333333333,19634.0,14670.0,
2002-06-01,10601.1,18532.0,14396.0,
2002-06-02,9319.554166666669,18717.0,12941.0,
2002-06-03,10819.904166666667,19084.0,13052.0,
2002-06-04,10480.766666666666,16884.0,12673.0,
2002-06-05,10911.716666666667,16939.0,12389.0,
2002-06-06,10929.683333333332,16689.0,12305.0,
2002-06-07,10969.429166666669,16520.0,12013.0,
2002-06-08,9849.975,15295.0,11812.0,
2002-06-09,9338.341666666667,16144.0,11665.0,
2002-06-10,10221.058333333332,14797.0,11391.0,
2002-06-11,10442.908333333333,14701.0,11131.0,
2002-06-12,10345.4125,14526.0,11011.0,
2002-06-13,10163.066666666668,13754.0,10761.0,
2002-06-14,9788.466666666667,13475.0,10753.0,
2002-06-15,8775.733333333334,14220.0,10745.0,
2002-06-16,8771.658333333333,13253.0,10735.0,
2002-06-17,8593.670833333334,14813.0,10761.0,
2002-06-18,8523.854166666666,14744.0,10680.0,
2002-06-19,8551.120833333332,14385.0,10591.0,
2002-06-20,8841.1,13054.0,10666.0,
2002-06-21,8985.541666666666,13357.0,10295.0,
2002-06-22,8370.729166666666,13452.0,10064.0,
2002-06-23,8162.083333333333,12726.0,9900.0,
2002-06-24,8274.15,12505.0,9978.0,
2002-06-25,8868.275,13374.0,10047.0,
2002-06-26,8628.475,12727.0,9992.0,
2002-06-27,8892.050000000001,13990.0,9879.0,
2002-06-28,8502.283333333333,13414.0,9980.0,
2002-06-29,8576.558333333332,12863.0,9945.0,
2002-06-30,8535.691666666668,12624.0,9848.0,
2002-07-01,9022.308333333332,12500.0,9662.0,
2002-07-02,8679.058333333332,12346.0,9516.0,
2002-07-03,8568.074999999999,12372.0,9342.0,
2002-07-04,8520.458333333334,12048.0,9306.0,
2002-07-05,8226.262499999999,4774.0,9038.0,
2002-07-06,8133.837500000001,11367.0,8875.0,
2002-07-07,8106.8125,11348.0,8909.0,
2002-07-08,7908.108333333334,10893.0,8932.0,
2002-07-09,7672.7375,11232.0,8837.0,
2002-07-10,8429.829166666666,12139.0,8827.0,
2002-07-11,8515.691666666668,12249.0,8804.0,
2002-07-12,8840.833333333334,9660.0,8965.0,
2002-07-13,8295.245833333332,11537.0,9112.0,
2002-07-14,8314.0625,11676.0,9144.0,
2002-07-15,8266.925000000001,12233.0,9169.0,
2002-07-16,9130.658333333333,12968.0,9320.0,
2002-07-17,8661.483333333334,11857.0,9429.0,
2002-07-18,8834.5,12582.0,9629.0,
2002-07-19,8771.916666666666,12562.0,9567.0,
2002-07-20,8262.4375,12375.0,9507.0,
2002-07-21,8062.875,13521.0,9621.0,
2002-07-22,8462.183333333332,11658.0,9970.0,
2002-07-23,8396.199999999999,12879.0,10256.0,
2002-07-24,8794.233333333334,14956.0,10437.0,
2002-07-25,9181.104166666666,16042.0,10705.0,
2002-07-26,9066.154166666667,14594.0,10739.0,
2002-07-27,8667.883333333333,13972.0,10886.0,
2002-07-28,8376.770833333334,15552.0,10909.0,
2002-07-29,9242.3625,13366.0,10625.0,
2002-07-30,10674.795833333334,14927.0,10400.0,
2002-07-31,10297.2375,14456.0,10178.0,
2002-08-01,10350.875,12080.0,9692.0,
2002-08-02,10072.5625,12873.0,10054.0,
2002-08-03,9327.333333333334,12507.0,10163.0,
2002-08-04,8802.520833333334,13553.0,10447.0,
2002-08-05,9453.066666666668,16612.0,11159.0,
2002-08-06,9832.629166666668,14890.0,11431.0,
2002-08-07,9711.616666666669,15957.0,11635.0,
2002-08-08,9948.908333333333,14498.0,11420.0,
2002-08-09,9919.045833333334,13346.0,11012.0,
2002-08-10,9106.516666666666,14471.0,10674.0,
2002-08-11,8454.316666666668,13381.0,10275.0,
2002-08-12,8849.354166666666,14269.0,9897.0,
2002-08-13,9562.333333333334,12787.0,9788.0,
2002-08-14,9186.708333333334,13144.0,9436.0,
2002-08-15,8988.6,11335.0,9195.0,
2002-08-16,8731.225,11557.0,8796.0,
2002-08-17,8284.408333333333,11172.0,8415.0,
2002-08-18,8451.433333333332,10412.0,8090.0,
2002-08-19,8831.295833333334,9852.0,7970.0,
2002-08-20,9361.745833333332,9587.0,7684.0,
2002-08-21,9277.9375,11133.0,7576.0,
2002-08-22,9262.7125,10413.0,7445.0,
2002-08-23,8914.520833333334,9465.0,7427.0,
2002-08-24,8800.5,10461.0,7337.0,
2002-08-25,9041.158333333333,10019.0,7368.0,
2002-08-26,9211.091666666667,9453.0,7201.0,
2002-08-27,8942.079166666666,10558.0,7264.0,
2002-08-28,8772.887499999999,9942.0,7015.0,
2002-08-29,8818.975,8196.0,7084.0,
2002-08-30,8537.120833333332,9227.0,7071.0,
2002-08-31,8022.6125,8598.0,6943.0,
2002-09-01,7810.8125,9455.0,6932.0,
2002-09-02,8367.824999999999,10567.0,7287.0,
2002-09-03,8878.925000000001,9969.0,7237.0,
2002-09-04,8967.179166666667,10065.0,7405.0,
2002-09-05,8947.270833333334,10690.0,7508.0,
2002-09-06,8628.791666666666,10343.0,7730.0,
2002-09-07,8173.291666666667,10479.0,8013.0,
2002-09-08,8417.5375,10339.0,7938.0,
2002-09-09,9170.866666666669,11469.0,8028.0,
2002-09-10,10187.3375,11600.0,8513.0,
2002-09-11,10336.3,10866.0,8683.0,
2002-09-12,10170.566666666668,4547.0,8888.0,
2002-09-13,8896.020833333334,11905.0,8901.0,
2002-09-14,8271.570833333333,11474.0,8658.0,
2002-09-15,7885.208333333333,12148.0,8954.0,
2002-09-16,8695.291666666666,5769.0,9097.0,
2002-09-17,9945.85,11629.0,9072.0,
2002-09-18,9973.9375,12599.0,9560.0,
2002-09-19,9475.5,13130.0,9740.0,
2002-09-20,9155.545833333334,13775.0,10172.0,
2002-09-21,9108.2375,16018.0,10998.0,
2002-09-22,8810.520833333334,15609.0,11183.0,
2002-09-23,10001.708333333334,17513.0,11652.0,
2002-09-24,10692.933333333332,19869.0,12476.0,
2002-09-25,10529.375,18532.0,12719.0,
2002-09-26,10324.316666666668,17354.0,12615.0,
2002-09-27,9753.2625,15967.0,11749.0,
2002-09-28,9861.6875,14575.0,11016.0,
2002-09-29,9167.629166666668,13940.0,10518.0,
2002-09-30,10166.7125,13950.0,10342.0,
2002-10-01,10300.970833333333,13602.0,9744.0,
2002-10-02,10307.95,13409.0,9504.0,
2002-10-03,10397.85,13603.0,9378.0,
2002-10-04,9639.333333333334,13070.0,9356.0,
2002-10-05,8650.5625,13279.0,9244.0,
2002-10-06,8535.741666666667,14261.0,9272.0,
2002-10-07,9317.541666666666,12694.0,9011.0,
2002-10-08,10303.970833333333,13326.0,8764.0,
2002-10-09,9765.329166666666,13173.0,8576.0,
2002-10-10,9187.720833333333,12982.0,8034.0,
2002-10-11,9175.416666666666,11426.0,7928.0,
2002-10-12,8185.575,11397.0,7680.0,
2002-10-13,8333.045833333334,10320.0,7256.0,
2002-10-14,9623.479166666666,10265.0,6955.0,
2002-10-15,10250.908333333333,10059.0,6525.0,
2002-10-16,10396.179166666669,9912.0,6542.0,
2002-10-17,10390.466666666667,10204.0,6716.0,
2002-10-18,9994.345833333333,9471.0,6434.0,
2002-10-19,9470.7625,9656.0,6369.0,
2002-10-20,8903.262499999999,9748.0,6277.0,
2002-10-21,9930.845833333333,9691.0,6171.0,
2002-10-22,9813.425,10280.0,6461.0,
2002-10-23,9781.408333333333,9098.0,6304.0,
2002-10-24,9773.008333333331,9423.0,6254.0,
2002-10-25,9442.070833333331,9107.0,6255.0,
2002-10-26,8568.641666666666,9259.0,6102.0,
2002-10-27,7896.908333333333,9005.0,6292.0,
2002-10-28,8725.579166666666,9936.0,6545.0,
2002-10-29,9468.308333333332,10393.0,6918.0,
2002-10-30,9433.408333333333,10576.0,6893.0,
2002-10-31,9445.216666666667,11339.0,7382.0,
2002-11-01,9395.225,11860.0,8106.0,
2002-11-02,10060.433333333332,12581.0,8864.0,
2002-11-03,8902.982608695653,12779.0,9204.0,
2002-11-04,9551.404166666667,13551.0,9498.0,
2002-11-05,9123.154166666667,13930.0,9518.0,
2002-11-06,9022.5,14078.0,9846.0,
2002-11-07,9086.766666666666,13550.0,10220.0,
2002-11-08,9791.8375,14414.0,10283.0,
2002-11-09,9132.8,13558.0,9911.0,
2002-11-10,8937.641666666666,13938.0,9958.0,
2002-11-11,9696.583333333334,13835.0,9883.0,
2002-11-12,9464.275,12701.0,9558.0,
2002-11-13,9437.1625,13596.0,9862.0,
2002-11-14,9347.5375,13227.0,9987.0,
2002-11-15,9566.608333333334,14078.0,10346.0,
2002-11-16,8925.195833333333,14655.0,11270.0,
2002-11-17,8189.691666666667,15012.0,10962.0,
2002-11-18,10043.866666666669,16788.0,12349.0,
2002-11-19,10084.845833333333,16595.0,12347.0,
2002-11-20,9944.1125,17259.0,12378.0,
2002-11-21,10089.25,16961.0,12487.0,
2002-11-22,10049.308333333332,15944.0,12112.0,
2002-11-23,9310.420833333334,16330.0,12137.0,
2002-11-24,9342.275,16324.0,11646.0,
2002-11-25,10347.191666666668,16266.0,12044.0,
2002-11-26,10545.295833333334,16512.0,12408.0,
2002-11-27,10794.375,15741.0,12831.0,
2002-11-28,10504.570833333331,17192.0,13344.0,
2002-11-29,10449.633333333331,19600.0,14437.0,
2002-11-30,10157.966666666667,22423.0,13685.0,
2002-12-01,9004.270833333334,24535.0,13363.0,
2002-12-02,10459.233333333334,24833.0,15517.0,
2002-12-03,10143.579166666666,25002.0,14450.0,
2002-12-04,9871.554166666669,26067.0,13885.0,
2002-12-05,10193.9625,25640.0,13216.0,
2002-12-06,10403.7625,24290.0,13222.0,
2002-12-07,9843.3875,23207.0,10512.0,
2002-12-08,8875.254166666668,22899.0,9141.0,
2002-12-09,9796.4125,22402.0,11194.0,
2002-12-10,10073.808333333332,22347.0,11808.0,
2002-12-11,10136.7375,21469.0,12181.0,
2002-12-12,10178.7125,21454.0,12631.0,
2002-12-13,10245.266666666666,20744.0,13089.0,
2002-12-14,9906.075,20068.0,13796.0,
2002-12-15,9480.233333333334,20274.0,13607.0,
2002-12-16,10679.504166666668,20413.0,15447.0,
2002-12-17,10345.575,20589.0,16137.0,
2002-12-18,10246.525,21411.0,17143.0,
2002-12-19,9959.366666666669,21656.0,17782.0,
2002-12-20,10113.266666666666,22524.0,17978.0,
2002-12-21,9521.125,21967.0,18118.0,
2002-12-22,9604.679166666669,22375.0,18666.0,
2002-12-23,9577.154166666667,22714.0,18846.0,
2002-12-24,8980.4375,23568.0,18224.0,
2002-12-25,7825.425,22680.0,16942.0,
2002-12-26,9406.329166666666,21906.0,17486.0,
2002-12-27,9679.3625,21570.0,17179.0,
2002-12-28,8078.870833333333,19889.0,15623.0,
2002-12-29,8291.366666666667,19208.0,15064.0,
2002-12-30,9160.4,18166.0,15246.0,
2002-12-31,7596.629166666667,18029.0,13849.0,
2003-01-01,6987.766666666666,16795.0,12458.0,
2003-01-02,9218.0375,17331.0,14244.0,
2003-01-03,8518.975,17468.0,14538.0,
2003-01-04,8153.883333333334,18654.0,15110.0,
2003-01-05,8176.558333333333,19702.0,15601.0,
2003-01-06,9553.6625,22282.0,17079.0,
2003-01-07,9640.9875,8579.0,18454.0,
2003-01-08,9995.395833333334,24884.0,19863.0,
2003-01-09,10424.520833333334,8468.0,21204.0,
2003-01-10,10434.075,9146.0,22019.0,
2003-01-11,9719.6375,27749.0,23008.0,
2003-01-12,9297.641666666666,11792.0,22825.0,
2003-01-13,10283.108333333334,28281.0,23529.0,
2003-01-14,10652.525,13283.0,23353.0,
2003-01-15,10834.195833333331,28074.0,23224.0,
2003-01-16,10672.3625,12198.0,23136.0,
2003-01-17,10620.758333333331,27981.0,23331.0,
2003-01-18,10409.645833333334,27507.0,23343.0,
2003-01-19,9896.7625,28033.0,23767.0,
2003-01-20,10599.333333333334,28738.0,24750.0,
2003-01-21,10511.695833333331,12669.0,25536.0,
2003-01-22,10674.633333333331,31782.0,26912.0,
2003-01-23,10822.154166666667,33589.0,28314.0,
2003-01-24,10800.845833333333,34678.0,29499.0,
2003-01-25,9829.15,36749.0,30874.0,
2003-01-26,8458.429166666667,38929.0,31454.0,
2003-01-27,10842.8875,41005.0,33326.0,
2003-01-28,11413.816666666666,43733.0,33903.0,
2003-01-29,11105.395833333334,46148.0,34600.0,
2003-01-30,10637.970833333333,17462.0,33556.0,
2003-01-31,10750.683333333332,17640.0,33810.0,
2003-02-01,8938.762499999999,48903.0,31831.0,
2003-02-02,8437.0375,16204.0,32351.0,
2003-02-03,10921.1625,14923.0,35154.0,
2003-02-04,11229.504166666666,14975.0,34395.0,
2003-02-05,11287.675,43871.0,34381.0,
2003-02-06,11272.808333333334,17296.0,33250.0,
2003-02-07,11159.9625,41439.0,33272.0,
2003-02-08,10171.070833333331,40426.0,31095.0,
2003-02-09,9192.220833333333,17747.0,29254.0,
2003-02-10,11031.9125,36953.0,28390.0,
2003-02-11,10790.745833333332,17289.0,26249.0,
2003-02-12,11082.3,17182.0,25198.0,
2003-02-13,10510.4875,15721.0,23810.0,
2003-02-14,10620.229166666666,34137.0,22500.0,
2003-02-15,10539.2625,33376.0,20869.0,
2003-02-16,9487.0125,32788.0,20878.0,
2003-02-17,11463.1,32238.0,22914.0,
2003-02-18,11190.708333333334,14020.0,23757.0,
2003-02-19,10539.1375,33555.0,22189.0,
2003-02-20,10157.179166666669,11924.0,21803.0,
2003-02-21,10455.229166666666,11980.0,22426.0,
2003-02-22,9330.508333333331,10128.0,20558.0,
2003-02-23,7950.337500000001,13086.0,18400.0,
2003-02-24,10502.308333333332,14128.0,21141.0,
2003-02-25,10675.7625,13155.0,21209.0,
2003-02-26,10668.820833333331,12641.0,20764.0,
2003-02-27,11411.741666666669,14029.0,20329.0,
2003-02-28,11476.475,15006.0,19843.0,
2003-03-01,10323.904166666667,30375.0,19214.0,
2003-03-02,9011.6625,28824.0,15926.0,
2003-03-03,9343.366666666669,26857.0,16225.0,
2003-03-04,10028.354166666666,25415.0,16952.0,
2003-03-05,10741.1125,24003.0,17574.0,
2003-03-06,11581.608333333332,23014.0,18384.0,
2003-03-07,10572.670833333334,22697.0,17983.0,
2003-03-08,9896.075,22569.0,17424.0,
2003-03-09,7960.25,23294.0,16159.0,
2003-03-10,10070.845833333333,24140.0,18946.0,
2003-03-11,11023.533333333333,26473.0,19496.0,
2003-03-12,10252.654166666667,28433.0,18629.0,
2003-03-13,9971.3625,28693.0,18072.0,
2003-03-14,9357.283333333333,29835.0,17971.0,
2003-03-15,7651.712500000001,30181.0,16166.0,
2003-03-16,6830.879166666667,29609.0,15202.0,
2003-03-17,8902.095833333333,28351.0,17754.0,
2003-03-18,8664.979166666666,28373.0,16325.0,
2003-03-19,8973.529166666667,28976.0,18118.0,
2003-03-20,8645.0,28667.0,18421.0,
2003-03-21,9207.520833333334,27502.0,19319.0,
2003-03-22,6874.116666666666,28784.0,17379.0,
2003-03-23,6676.841666666667,28906.0,17213.0,
2003-03-24,9043.729166666666,28316.0,20402.0,
2003-03-25,8849.5625,27777.0,20047.0,
2003-03-26,8673.154166666667,28024.0,19908.0,
2003-03-27,8991.129166666668,27805.0,20881.0,
2003-03-28,9520.4125,27765.0,22039.0,
2003-03-29,6980.941666666667,27372.0,19746.0,
2003-03-30,6596.020833333333,26306.0,17759.0,
2003-03-31,9674.5875,25264.0,20705.0,
2003-04-01,10308.6,25157.0,21219.0,
2003-04-02,10061.333333333334,25245.0,20722.0,
2003-04-03,10327.754166666668,24584.0,20765.0,
2003-04-04,10206.4625,25236.0,20233.0,
2003-04-05,9944.0875,24897.0,19951.0,
2003-04-06,9852.254166666668,24476.0,19729.0,
2003-04-07,9944.620833333332,24404.0,20028.0,
2003-04-08,10496.275,23734.0,19999.0,
2003-04-09,10442.945833333331,25855.0,20384.0,
2003-04-10,11185.379166666666,25415.0,20590.0,
2003-04-11,10900.754166666668,25450.0,21009.0,
2003-04-12,10088.241666666669,26792.0,19292.0,
2003-04-13,9106.970833333333,26040.0,18617.0,
2003-04-14,10240.35,26244.0,20444.0,
2003-04-15,11365.120833333334,26938.0,21212.0,
2003-04-16,10977.8625,26252.0,20867.0,
2003-04-17,10909.9125,26916.0,21620.0,
2003-04-18,8178.712500000001,27298.0,17789.0,
2003-04-19,9478.975,10912.0,17186.0,
2003-04-20,7570.258333333334,24651.0,14325.0,
2003-04-21,9072.175,12151.0,16742.0,
2003-04-22,10872.9,10981.0,18411.0,
2003-04-23,11648.220833333333,9494.0,18709.0,
2003-04-24,11306.791666666666,9260.0,18650.0,
2003-04-25,11020.625,25960.0,18067.0,
2003-04-26,11073.358333333332,24476.0,17783.0,
2003-04-27,10646.245833333332,10620.0,17001.0,
2003-04-28,11405.870833333334,10634.0,17847.0,
2003-04-29,11730.6,9006.0,17012.0,
2003-04-30,11616.85,19709.0,16318.0,
2003-05-01,11098.7375,19357.0,15646.0,
2003-05-02,11629.591666666667,8991.0,15253.0,
2003-05-03,10473.116666666669,8498.0,14489.0,
2003-05-04,10094.979166666666,17275.0,13712.0,
2003-05-05,11330.166666666666,17361.0,13907.0,
2003-05-06,10716.175,7705.0,13844.0,
2003-05-07,10538.204166666666,7827.0,13738.0,
2003-05-08,10643.758333333331,7533.0,13978.0,
2003-05-09,11067.341666666667,16971.0,13994.0,
2003-05-10,9945.195833333331,17643.0,14115.0,
2003-05-11,9222.9375,17254.0,14122.0,
2003-05-12,10179.179166666669,7344.0,14026.0,
2003-05-13,9715.379166666668,16979.0,13955.0,
2003-05-14,9558.475,8424.0,13973.0,
2003-05-15,9945.595833333333,16523.0,13698.0,
2003-05-16,9906.275,16097.0,13410.0,
2003-05-17,9662.970833333333,16045.0,13123.0,
2003-05-18,9278.441666666668,15574.0,12840.0,
2003-05-19,9695.441666666668,15363.0,12682.0,
2003-05-20,10205.404166666667,15589.0,12558.0,
2003-05-21,9896.6875,15895.0,12630.0,
2003-05-22,10430.8875,15816.0,12475.0,
2003-05-23,9821.016666666666,15538.0,12315.0,
2003-05-24,9289.608333333334,16301.0,12554.0,
2003-05-25,8637.879166666668,16179.0,12279.0,
2003-05-26,9381.670833333334,15966.0,12702.0,
2003-05-27,10657.154166666667,16290.0,12703.0,
2003-05-28,10976.0375,7061.0,12665.0,
2003-05-29,10465.3625,6733.0,12757.0,
2003-05-30,9804.6125,6735.0,12865.0,
2003-05-31,8939.2125,15901.0,12607.0,
2003-06-01,8777.079166666666,16165.0,12813.0,
2003-06-02,9705.491666666669,7964.0,12689.0,
2003-06-03,10018.379166666668,16256.0,12850.0,
2003-06-04,10052.845833333333,8274.0,13155.0,
2003-06-05,10058.020833333334,17497.0,13448.0,
2003-06-06,9772.508333333331,8240.0,13747.0,
2003-06-07,9305.129166666668,8300.0,14172.0,
2003-06-08,9565.7,8457.0,14075.0,
2003-06-09,10455.470833333333,8562.0,14377.0,
2003-06-10,11614.308333333334,19010.0,14326.0,
2003-06-11,11366.2875,8598.0,13849.0,
2003-06-12,11131.379166666666,8030.0,13514.0,
2003-06-13,10527.65,7866.0,12979.0,
2003-06-14,10483.429166666669,16317.0,12786.0,
2003-06-15,10388.533333333333,15926.0,12271.0,
2003-06-16,10927.941666666666,15219.0,11899.0,
2003-06-17,10345.391666666666,15416.0,11646.0,
2003-06-18,10167.125,14689.0,11424.0,
2003-06-19,9700.904166666667,14086.0,11268.0,
2003-06-20,9615.125,13464.0,11038.0,
2003-06-21,9114.975,13243.0,10861.0,
2003-06-22,9240.541666666666,13337.0,10907.0,
2003-06-23,9506.208333333334,13356.0,10941.0,
2003-06-24,9666.066666666668,13499.0,10800.0,
2003-06-25,10005.658333333333,13512.0,10501.0,
2003-06-26,9821.179166666669,12746.0,10295.0,
2003-06-27,9644.358333333334,12707.0,10536.0,
2003-06-28,9189.508333333331,6183.0,10333.0,
2003-06-29,8911.804166666667,12691.0,10135.0,
2003-06-30,9682.7875,5707.0,10159.0,
2003-07-01,9406.7125,11978.0,9811.0,
2003-07-02,9329.95,12377.0,9743.0,
2003-07-03,9507.833333333334,12566.0,9625.0,
2003-07-04,9533.029166666667,12124.0,9503.0,
2003-07-05,9055.520833333334,12294.0,9639.0,
2003-07-06,8972.845833333333,12167.0,9714.0,
2003-07-07,9403.8,12476.0,9768.0,
2003-07-08,10026.3375,12855.0,10011.0,
2003-07-09,9412.120833333332,12959.0,10076.0,
2003-07-10,9911.229166666666,14220.0,10360.0,
2003-07-11,9681.8,14773.0,10867.0,
2003-07-12,9327.4875,15050.0,11153.0,
2003-07-13,9459.579166666666,15490.0,11357.0,
2003-07-14,9849.720833333333,15401.0,11362.0,
2003-07-15,10402.716666666667,15572.0,11245.0,
2003-07-16,10364.883333333331,15592.0,11237.0,
2003-07-17,10501.191666666668,14515.0,11234.0,
2003-07-18,10114.95,13677.0,10866.0,
2003-07-19,9424.008333333331,14196.0,10854.0,
2003-07-20,9036.108333333334,14677.0,10764.0,
2003-07-21,9552.508333333331,15054.0,10909.0,
2003-07-22,9745.325,15251.0,10906.0,
2003-07-23,9942.229166666666,14446.0,10684.0,
2003-07-24,10193.7875,13747.0,10266.0,
2003-07-25,10091.154166666667,13783.0,10543.0,
2003-07-26,9634.025,12245.0,9725.0,
2003-07-27,9503.370833333332,11788.0,9652.0,
2003-07-28,9878.041666666666,11020.0,9360.0,
2003-07-29,9657.383333333331,10614.0,9279.0,
2003-07-30,9704.625,10981.0,9200.0,
2003-07-31,9510.491666666669,11255.0,9284.0,
2003-08-01,9094.233333333334,10859.0,8769.0,
2003-08-02,8687.5875,11112.0,9141.0,
2003-08-03,8757.704166666666,11125.0,8955.0,
2003-08-04,9628.729166666666,11241.0,8667.0,
2003-08-05,10309.508333333331,11245.0,8385.0,
2003-08-06,10350.075,10944.0,8334.0,
2003-08-07,10163.041666666666,10842.0,8304.0,
2003-08-08,9951.233333333334,10405.0,8169.0,
2003-08-09,9457.758333333331,10976.0,8503.0,
2003-08-10,9156.466666666667,11583.0,8696.0,
2003-08-11,9612.15,12036.0,8900.0,
2003-08-12,9905.15,12254.0,8866.0,
2003-08-13,10102.3625,12740.0,8803.0,
2003-08-14,10340.7125,12374.0,8714.0,
2003-08-15,9968.666666666666,12281.0,8699.0,
2003-08-16,9460.233333333334,11731.0,8659.0,
2003-08-17,9417.225,11709.0,8630.0,
2003-08-18,9627.704166666666,11491.0,8366.0,
2003-08-19,10228.904166666667,12548.0,8331.0,
2003-08-20,10227.783333333333,11219.0,8403.0,
2003-08-21,10321.933333333332,10802.0,8410.0,
2003-08-22,9946.0625,10686.0,8501.0,
2003-08-23,9407.2375,10508.0,7786.0,
2003-08-24,9148.2375,10063.0,7503.0,
2003-08-25,9850.8875,9430.0,7573.0,
2003-08-26,10159.445833333331,10321.0,7474.0,
2003-08-27,9986.066666666668,9326.0,7085.0,
2003-08-28,9740.533333333333,9749.0,7303.0,
2003-08-29,8936.533333333335,9960.0,7535.0,
2003-08-30,8511.737500000001,10229.0,7692.0,
2003-08-31,8537.699999999999,10574.0,7866.0,
2003-09-01,9245.866666666669,10092.0,7776.0,
2003-09-02,9665.075,9998.0,7902.0,
2003-09-03,9831.9375,10905.0,8009.0,
2003-09-04,10059.129166666668,10300.0,7616.0,
2003-09-05,10334.929166666669,10770.0,7761.0,
2003-09-06,9814.5125,10724.0,7955.0,
2003-09-07,9340.108333333334,9920.0,7989.0,
2003-09-08,10013.9875,11330.0,7884.0,
2003-09-09,10561.520833333334,10081.0,7580.0,
2003-09-10,10612.454166666666,11169.0,7801.0,
2003-09-11,10459.233333333334,10928.0,8059.0,
2003-09-12,10058.6375,9639.0,7914.0,
2003-09-13,9502.8625,10675.0,8004.0,
2003-09-14,9145.1875,11150.0,7901.0,
2003-09-15,10014.954166666666,10956.0,8346.0,
2003-09-16,10639.966666666667,11257.0,8383.0,
2003-09-17,10772.366666666669,11424.0,8018.0,
2003-09-18,10793.6625,11277.0,7922.0,
2003-09-19,10845.916666666666,9563.0,7832.0,
2003-09-20,10197.816666666668,10141.0,7917.0,
2003-09-21,9828.683333333332,10929.0,8179.0,
2003-09-22,10759.4625,10236.0,7997.0,
2003-09-23,10765.733333333334,10276.0,7957.0,
2003-09-24,10576.9375,10827.0,8062.0,
2003-09-25,10192.4125,10811.0,7926.0,
2003-09-26,9517.166666666666,10591.0,8121.0,
2003-09-27,9167.283333333333,11357.0,7756.0,
2003-09-28,8896.545833333334,10936.0,7811.0,
2003-09-29,9883.725,11625.0,8052.0,
2003-09-30,10781.058333333332,10663.0,8045.0,
2003-10-01,10711.4625,11171.0,7643.0,
2003-10-02,10863.5,11804.0,7565.0,
2003-10-03,10875.166666666666,11058.0,7649.0,
2003-10-04,10577.629166666668,10729.0,7395.0,
2003-10-05,9954.975,10135.0,7162.0,
2003-10-06,10664.220833333333,10689.0,7536.0,
2003-10-07,11033.125,11056.0,7555.0,
2003-10-08,11124.070833333331,10157.0,7322.0,
2003-10-09,11238.016666666668,12666.0,7447.0,
2003-10-10,10680.020833333334,10992.0,7542.0,
2003-10-11,10613.875,10960.0,8214.0,
2003-10-12,10178.866666666669,10809.0,8771.0,
2003-10-13,11053.783333333333,12661.0,8744.0,
2003-10-14,11313.891666666668,13234.0,9049.0,
2003-10-15,11118.975,13359.0,9180.0,
2003-10-16,10994.029166666667,13023.0,9241.0,
2003-10-17,10774.870833333332,12993.0,9240.0,
2003-10-18,10634.791666666666,12306.0,9003.0,
2003-10-19,10202.339130434782,12001.0,8804.0,
2003-10-20,10872.775,11678.0,8632.0,
2003-10-21,10840.0625,11751.0,8359.0,
2003-10-22,11005.2625,10770.0,8224.0,
2003-10-23,11322.241666666669,11303.0,8121.0,
2003-10-24,11005.645833333334,11443.0,8193.0,
2003-10-25,10288.933333333332,12066.0,8209.0,
2003-10-26,10390.325,13650.0,8556.0,
2003-10-27,11007.3,12933.0,8898.0,
2003-10-28,11292.383333333331,13626.0,9041.0,
2003-10-29,11348.425,13698.0,9085.0,
2003-10-30,11412.595833333333,13856.0,9434.0,
2003-10-31,11327.275,13512.0,9148.0,
2003-11-01,10689.666666666666,13983.0,9661.0,
2003-11-02,10181.079166666666,13910.0,9457.0,
2003-11-03,11054.608333333332,12496.0,9222.0,
2003-11-04,11224.05,13328.0,9158.0,
2003-11-05,11240.45,12832.0,9281.0,
2003-11-06,11227.583333333334,12439.0,9135.0,
2003-11-07,11298.629166666666,12035.0,9189.0,
2003-11-08,10685.183333333332,12162.0,8961.0,
2003-11-09,10168.35,11907.0,9025.0,
2003-11-10,11268.095833333333,11876.0,9014.0,
2003-11-11,11440.358333333332,11441.0,8980.0,
2003-11-12,11426.120833333334,4774.0,8768.0,
2003-11-13,10644.4875,11121.0,8726.0,
2003-11-14,10096.179166666669,11422.0,8931.0,
2003-11-15,9754.1375,11580.0,9096.0,
2003-11-16,8990.595833333333,11866.0,9434.0,
2003-11-17,10097.075,13921.0,9277.0,
2003-11-18,10319.058333333332,13916.0,9675.0,
2003-11-19,10996.858333333332,14482.0,10325.0,
2003-11-20,10817.6875,15464.0,11111.0,
2003-11-21,11267.895833333334,17194.0,11940.0,
2003-11-22,10476.016666666666,16634.0,12541.0,
2003-11-23,10167.629166666668,16331.0,12628.0,
2003-11-24,10793.391666666666,17326.0,12944.0,
2003-11-25,11228.775,17410.0,13325.0,
2003-11-26,11246.766666666668,17188.0,13645.0,
2003-11-27,10909.204166666666,19953.0,14133.0,
2003-11-28,11355.445833333331,20445.0,14161.0,
2003-11-29,10878.854166666666,19991.0,14461.0,
2003-11-30,10048.1,20658.0,14666.0,
2003-12-01,11127.758333333331,20397.0,14832.0,
2003-12-02,11335.920833333332,20778.0,14820.0,
2003-12-03,11361.225,20143.0,14856.0,
2003-12-04,11360.9375,20671.0,15079.0,
2003-12-05,11413.029166666667,20692.0,15860.0,
2003-12-06,10707.6375,20543.0,16787.0,
2003-12-07,10389.25,21638.0,18072.0,
2003-12-08,10935.975,25190.0,19314.0,
2003-12-09,11193.741666666669,26691.0,20880.0,
2003-12-10,11295.2125,26881.0,22196.0,
2003-12-11,11444.375,28390.0,23301.0,
2003-12-12,11927.5125,30687.0,23720.0,
2003-12-13,11928.458333333334,30848.0,23664.0,
2003-12-14,11648.304166666669,31810.0,21963.0,
2003-12-15,11671.816666666666,31870.0,20470.0,
2003-12-16,11540.770833333334,30555.0,19555.0,
2003-12-17,11690.808333333334,27611.0,20036.0,
2003-12-18,12069.4625,24796.0,18676.0,
2003-12-19,12212.475,22934.0,17497.0,
2003-12-20,12279.175,22232.0,15501.0,
2003-12-21,10655.15,20908.0,13838.0,
2003-12-22,11631.729166666666,18774.0,14414.0,
2003-12-23,11845.45,19390.0,14072.0,
2003-12-24,10279.2625,19045.0,13360.0,
2003-12-25,8938.012499999999,18548.0,12265.0,
2003-12-26,10838.05,18667.0,13531.0,
2003-12-27,10325.654166666667,17958.0,12916.0,
2003-12-28,9332.058333333332,17403.0,12574.0,
2003-12-29,10892.283333333333,16084.0,12906.0,
2003-12-30,10470.591666666664,16359.0,12809.0,
2003-12-31,10151.129166666668,6963.0,11630.0,
2004-01-01,9306.625,15086.0,11038.0,
2004-01-02,10043.391666666666,15362.0,11376.0,
2004-01-03,9837.041666666666,17999.0,12866.0,
2004-01-04,10129.025,18425.0,14297.0,
2004-01-05,11013.116666666669,18815.0,15057.0,
2004-01-06,11081.8125,20534.0,15577.0,
2004-01-07,11128.795833333332,21539.0,15980.0,
2004-01-08,10572.9375,20765.0,16467.0,
2004-01-09,10257.3375,21020.0,17052.0,
2004-01-10,9142.091666666667,21215.0,17383.0,
2004-01-11,9299.666666666666,22417.0,17643.0,
2004-01-12,10470.891666666666,23137.0,18601.0,
2004-01-13,10189.270833333334,23685.0,19295.0,
2004-01-14,10256.95,24708.0,19676.0,
2004-01-15,10500.4875,23359.0,19752.0,
2004-01-16,10590.179166666669,23507.0,19781.0,
2004-01-17,9997.504166666668,22925.0,19963.0,
2004-01-18,9433.658333333333,23385.0,20326.0,
2004-01-19,10384.116666666669,24475.0,20504.0,
2004-01-20,10962.308333333334,23595.0,20156.0,
2004-01-21,10703.429166666669,22485.0,19448.0,
2004-01-22,9730.0375,21919.0,18913.0,
2004-01-23,9885.779166666667,21254.0,18447.0,
2004-01-24,9687.1625,20854.0,17904.0,
2004-01-25,9693.770833333334,21157.0,17459.0,
2004-01-26,10245.7875,21813.0,17602.0,
2004-01-27,10096.245833333332,21410.0,18154.0,
2004-01-28,10146.591666666667,4149.0,19883.0,
2004-01-29,10110.495833333332,25631.0,22390.0,
2004-01-30,9688.825,27069.0,24437.0,
2004-01-31,8800.112500000001,28918.0,25253.0,
2004-02-01,8854.966666666667,29380.0,25469.0,
2004-02-02,9425.1125,28787.0,25739.0,
2004-02-03,10638.358333333334,30319.0,26105.0,
2004-02-04,10668.241666666669,29372.0,26175.0,
2004-02-05,10857.266666666666,30016.0,26287.0,
2004-02-06,10745.0125,28813.0,25837.0,
2004-02-07,9718.470833333333,28287.0,25122.0,
2004-02-08,9469.775,28359.0,24509.0,
2004-02-09,10148.645833333334,27205.0,24048.0,
2004-02-10,10804.191666666668,28298.0,24122.0,
2004-02-11,10645.933333333332,27569.0,24260.0,
2004-02-12,10384.4875,27706.0,24224.0,
2004-02-13,9988.229166666666,27396.0,24309.0,
2004-02-14,10091.041666666666,26708.0,24356.0,
2004-02-15,9419.2,27117.0,24496.0,
2004-02-16,10666.729166666666,27547.0,24969.0,
2004-02-17,10808.55,27964.0,25171.0,
2004-02-18,11027.8125,28686.0,25413.0,
2004-02-19,10924.475,28243.0,25543.0,
2004-02-20,10324.3875,27787.0,25765.0,
2004-02-21,9838.945833333331,28966.0,25967.0,
2004-02-22,8911.612500000001,28843.0,25559.0,
2004-02-23,9021.879166666668,29364.0,26237.0,
2004-02-24,8726.908333333333,30556.0,27253.0,
2004-02-25,8738.879166666668,31401.0,28315.0,
2004-02-26,9768.8375,32976.0,29587.0,
2004-02-27,9258.120833333332,33985.0,30892.0,
2004-02-28,9157.525,35521.0,31503.0,
2004-02-29,7915.566666666667,35358.0,32216.0,
2004-03-01,10203.029166666667,37799.0,34574.0,
2004-03-02,9648.916666666666,37589.0,34400.0,
2004-03-03,9288.804166666669,40323.0,34484.0,
2004-03-04,9294.075,37159.0,33757.0,
2004-03-05,9464.5875,36152.0,32438.0,
2004-03-06,9192.941666666668,35064.0,30490.0,
2004-03-07,8318.595833333333,34199.0,28406.0,
2004-03-08,9672.8125,32645.0,27781.0,
2004-03-09,10776.870833333332,31105.0,26418.0,
2004-03-10,10776.275,29554.0,25257.0,
2004-03-11,9963.329166666666,29157.0,24741.0,
2004-03-12,9744.183333333332,29350.0,25393.0,
2004-03-13,9034.125,28365.0,26332.0,
2004-03-14,9591.929166666669,27729.0,25892.0,
2004-03-15,10466.95,27132.0,25060.0,
2004-03-16,10703.420833333334,29068.0,24407.0,
2004-03-17,10591.779166666667,27899.0,23937.0,
2004-03-18,10762.45,27236.0,23528.0,
2004-03-19,10646.220833333333,26744.0,22618.0,
2004-03-20,9892.729166666666,25838.0,22101.0,
2004-03-21,9436.775,25188.0,21487.0,
2004-03-22,10293.554166666669,25993.0,21801.0,
2004-03-23,10816.908333333333,26031.0,21591.0,
2004-03-24,10809.995833333332,24408.0,20826.0,
2004-03-25,10675.6375,24069.0,20100.0,
2004-03-26,10754.804166666669,22852.0,19872.0,
2004-03-27,10203.129166666668,22094.0,19872.0,
2004-03-28,9739.8875,21137.0,19325.0,
2004-03-29,10562.370833333332,20606.0,18873.0,
2004-03-30,10896.291666666666,21072.0,18606.0,
2004-03-31,11037.3125,20689.0,18343.0,
2004-04-01,10911.508333333331,20555.0,18262.0,
2004-04-02,10412.720833333333,20177.0,18038.0,
2004-04-03,9928.583333333334,21046.0,17720.0,
2004-04-04,10264.625,19968.0,17391.0,
2004-04-05,10348.508333333331,20220.0,17154.0,
2004-04-06,10764.6125,19600.0,16993.0,
2004-04-07,10085.05,18558.0,16951.0,
2004-04-08,9618.895833333334,19587.0,17171.0,
2004-04-09,9019.0875,20377.0,17123.0,
2004-04-10,8473.445833333333,19042.0,17239.0,
2004-04-11,8363.1625,21278.0,17751.0,
2004-04-12,9121.283333333333,20409.0,18398.0,
2004-04-13,9390.45,21184.0,18687.0,
2004-04-14,9727.0125,22164.0,18410.0,
2004-04-15,9945.829166666666,22692.0,18032.0,
2004-04-16,9879.458333333334,23535.0,17972.0,
2004-04-17,9421.904166666667,24717.0,18609.0,
2004-04-18,9039.495833333332,24931.0,18580.0,
2004-04-19,9819.558333333332,25074.0,19764.0,
2004-04-20,10821.95,25715.0,20579.0,
2004-04-21,9307.170833333334,25434.0,19855.0,
2004-04-22,10664.0625,25382.0,19722.0,
2004-04-23,10465.325,25901.0,19373.0,
2004-04-24,9921.408333333336,23868.0,18624.0,
2004-04-25,8998.949999999999,23568.0,16477.0,
2004-04-26,9900.8875,22963.0,17790.0,
2004-04-27,10498.570833333331,22298.0,17590.0,
2004-04-28,10252.4,22353.0,17133.0,
2004-04-29,10545.666666666666,20147.0,16426.0,
2004-04-30,10660.591666666667,20855.0,15352.0,
2004-05-01,8447.9,21001.0,12663.0,
2004-05-02,7629.675,19135.0,10562.0,
2004-05-03,9839.833333333334,20606.0,13822.0,
2004-05-04,10635.629166666668,17781.0,15114.0,
2004-05-05,10477.104166666666,17443.0,14806.0,
2004-05-06,10759.525,18960.0,14789.0,
2004-05-07,10381.9625,20234.0,15023.0,
2004-05-08,10086.229166666666,19731.0,15635.0,
2004-05-09,9358.308333333332,20191.0,16259.0,
2004-05-10,10338.791666666666,21403.0,16356.0,
2004-05-11,10858.833333333334,20421.0,16840.0,
2004-05-12,10946.916666666666,22852.0,17187.0,
2004-05-13,11581.975,21716.0,17683.0,
2004-05-14,11535.65,23732.0,17222.0,
2004-05-15,10858.595833333333,23042.0,17282.0,
2004-05-16,9269.041666666666,23799.0,14822.0,
2004-05-17,10889.391666666666,23958.0,17337.0,
2004-05-18,11114.3,24295.0,17846.0,
2004-05-19,10697.1875,22888.0,17752.0,
2004-05-20,10776.733333333334,22577.0,17532.0,
2004-05-21,10710.041666666666,22081.0,17506.0,
2004-05-22,10518.008333333331,22442.0,17658.0,
2004-05-23,8998.695833333333,22857.0,16047.0,
2004-05-24,10915.641666666666,24927.0,18487.0,
2004-05-25,11380.883333333331,27434.0,19377.0,
2004-05-26,11413.6375,28453.0,19427.0,
2004-05-27,11010.433333333334,31968.0,18960.0,
2004-05-28,10882.941666666668,35369.0,18917.0,
2004-05-29,9190.395833333334,33593.0,17486.0,
2004-05-30,9560.716666666667,32249.0,15784.0,
2004-05-31,10773.5875,30822.0,16905.0,
2004-06-01,10953.9875,30792.0,16790.0,
2004-06-02,11249.820833333331,28058.0,17106.0,
2004-06-03,11223.091666666667,27338.0,17237.0,
2004-06-04,10998.266666666668,27107.0,16988.0,
2004-06-05,9547.041666666666,26348.0,15580.0,
2004-06-06,9299.75,26957.0,15517.0,
2004-06-07,10699.120833333332,25011.0,16318.0,
2004-06-08,10470.020833333334,25139.0,16704.0,
2004-06-09,10737.479166666666,24323.0,16906.0,
2004-06-10,9861.795833333334,22984.0,15290.0,
2004-06-11,10975.508333333331,22989.0,16185.0,
2004-06-12,9967.916666666666,24003.0,15974.0,
2004-06-13,7642.916666666667,23710.0,14298.0,
2004-06-14,10249.241666666669,25303.0,16071.0,
2004-06-15,10454.533333333333,26814.0,15584.0,
2004-06-16,11072.1125,24252.0,14962.0,
2004-06-17,11274.491666666669,24901.0,14927.0,
2004-06-18,11527.745833333334,22232.0,15667.0,
2004-06-19,10917.15,21537.0,14941.0,
2004-06-20,9919.566666666668,20091.0,13046.0,
2004-06-21,11371.516666666668,19367.0,14674.0,
2004-06-22,11337.5625,19639.0,14841.0,
2004-06-23,11181.6625,18831.0,14736.0,
2004-06-24,11078.0,18572.0,14687.0,
2004-06-25,11321.904166666667,18827.0,14631.0,
2004-06-26,10800.495833333332,20364.0,14518.0,
2004-06-27,10209.466666666667,20045.0,14624.0,
2004-06-28,10905.266666666666,19783.0,14700.0,
2004-06-29,11096.320833333331,20486.0,14756.0,
2004-06-30,11314.091666666667,20319.0,14498.0,
2004-07-01,10727.65,18961.0,14230.0,
2004-07-02,10675.379166666668,19420.0,13973.0,
2004-07-03,10718.283333333336,19091.0,13779.0,
2004-07-04,10401.3375,18861.0,13528.0,
2004-07-05,11123.383333333331,17997.0,13650.0,
2004-07-06,11623.9125,18059.0,13165.0,
2004-07-07,11653.454166666668,17987.0,12707.0,
2004-07-08,11842.454166666668,18271.0,13076.0,
2004-07-09,11212.304166666669,18320.0,13026.0,
2004-07-10,10874.154166666664,17864.0,13295.0,
2004-07-11,9732.6875,18434.0,13399.0,
2004-07-12,10920.6125,19450.0,13891.0,
2004-07-13,11001.795833333332,21053.0,14205.0,
2004-07-14,10470.508333333331,20677.0,14731.0,
2004-07-15,10944.716666666667,20672.0,15226.0,
2004-07-16,10843.108333333334,20894.0,15833.0,
2004-07-17,10591.745833333332,22937.0,15045.0,
2004-07-18,7646.0,23573.0,12615.0,
2004-07-19,9092.375,22736.0,12589.0,
2004-07-20,10100.095833333333,23021.0,12921.0,
2004-07-21,10069.608333333334,24495.0,12990.0,
2004-07-22,9747.858333333334,23532.0,13361.0,
2004-07-23,9205.008333333331,23175.0,13028.0,
2004-07-24,8495.433333333332,23145.0,11816.0,
2004-07-25,6966.974999999999,21224.0,10073.0,
2004-07-26,9714.8625,20059.0,12149.0,
2004-07-27,10337.295833333334,20247.0,13106.0,
2004-07-28,10589.983333333334,18422.0,13287.0,
2004-07-29,10653.979166666666,18246.0,12628.0,
2004-07-30,10906.516666666666,16322.0,12662.0,
2004-07-31,10127.133333333331,16689.0,11807.0,
2004-08-01,8879.454166666666,16005.0,10604.0,
2004-08-02,10448.058333333332,16218.0,11861.0,
2004-08-03,10670.545833333334,16134.0,12163.0,
2004-08-04,10591.0625,15899.0,11833.0,
2004-08-05,10897.554166666669,15461.0,11781.0,
2004-08-06,10824.679166666669,15187.0,11283.0,
2004-08-07,9917.541666666666,14229.0,10906.0,
2004-08-08,9667.75,14937.0,10738.0,
2004-08-09,10497.6,14116.0,10544.0,
2004-08-10,10717.866666666669,14359.0,10279.0,
2004-08-11,10551.9875,13577.0,10335.0,
2004-08-12,9927.5,13289.0,10182.0,
2004-08-13,9643.758333333331,13585.0,10171.0,
2004-08-14,9279.520833333334,12732.0,10032.0,
2004-08-15,9412.1,13585.0,9739.0,
2004-08-16,10421.020833333334,12437.0,9577.0,
2004-08-17,10068.108333333334,12927.0,9413.0,
2004-08-18,10710.445833333331,12070.0,9238.0,
2004-08-19,10579.0375,11508.0,9197.0,
2004-08-20,10062.404166666667,11904.0,9114.0,
2004-08-21,9505.6375,11982.0,9054.0,
2004-08-22,9703.795833333334,11802.0,9066.0,
2004-08-23,10128.554166666669,12565.0,9211.0,
2004-08-24,10172.154166666667,12997.0,9199.0,
2004-08-25,10241.720833333333,11917.0,9016.0,
2004-08-26,10297.6375,12075.0,9007.0,
2004-08-27,9650.104166666666,12744.0,9054.0,
2004-08-28,8863.141666666666,12033.0,9125.0,
2004-08-29,8354.716666666667,12354.0,9157.0,
2004-08-30,9280.966666666664,11772.0,8977.0,
2004-08-31,9860.304166666669,12322.0,8797.0,
2004-09-01,10147.666666666666,11956.0,8966.0,
2004-09-02,10175.908333333333,11442.0,8733.0,
2004-09-03,9717.495833333332,11666.0,8707.0,
2004-09-04,9316.058333333332,11934.0,8546.0,
2004-09-05,9226.579166666666,11368.0,8316.0,
2004-09-06,9476.229166666666,10785.0,8162.0,
2004-09-07,9995.795833333334,11844.0,8097.0,
2004-09-08,10114.279166666667,10211.0,7715.0,
2004-09-09,10301.870833333332,10117.0,7729.0,
2004-09-10,10070.604166666666,9477.0,7491.0,
2004-09-11,9722.0,9436.0,7278.0,
2004-09-12,9653.0,11251.0,7385.0,
2004-09-13,10241.9,9007.0,7263.0,
2004-09-14,10492.204166666666,10872.0,7208.0,
2004-09-15,10359.595833333333,9552.0,7460.0,
2004-09-16,10120.1375,10128.0,7542.0,
2004-09-17,9870.858333333334,11817.0,7805.0,
2004-09-18,9132.991666666669,10982.0,8011.0,
2004-09-19,8950.991666666667,10708.0,8012.0,
2004-09-20,10105.629166666668,10602.0,8210.0,
2004-09-21,10494.745833333332,10264.0,8115.0,
2004-09-22,10505.283333333333,10026.0,7874.0,
2004-09-23,10516.8375,10572.0,7804.0,
2004-09-24,10094.85,9749.0,7771.0,
2004-09-25,9511.825,9694.0,7591.0,
2004-09-26,8552.1,10391.0,7505.0,
2004-09-27,9646.1,9671.0,7246.0,
2004-09-28,10508.0,10124.0,7166.0,
2004-09-29,10440.033333333333,9822.0,7202.0,
2004-09-30,10430.95,10012.0,7114.0,
2004-10-01,10033.991666666669,9609.0,6517.0,
2004-10-02,9829.95,9359.0,6661.0,
2004-10-03,8981.416666666666,8309.0,6538.0,
2004-10-04,9916.208333333334,4287.0,6656.0,
2004-10-05,10292.7375,9287.0,6663.0,
2004-10-06,10560.270833333334,8547.0,6599.0,
2004-10-07,10672.9875,8480.0,6578.0,
2004-10-08,10180.3375,9269.0,6754.0,
2004-10-09,9579.825,9188.0,6578.0,
2004-10-10,9414.820833333331,9778.0,7125.0,
2004-10-11,9766.195833333331,10026.0,7485.0,
2004-10-12,9718.283333333333,10481.0,7880.0,
2004-10-13,10347.279166666667,12253.0,8461.0,
2004-10-14,9687.966666666667,12676.0,9396.0,
2004-10-15,10203.570833333331,14490.0,10279.0,
2004-10-16,9971.745833333332,16948.0,11635.0,
2004-10-17,9128.529166666667,18105.0,12223.0,
2004-10-18,10444.370833333332,20301.0,13314.0,
2004-10-19,10324.675,22223.0,13166.0,
2004-10-20,10530.670833333334,22759.0,13833.0,
2004-10-21,10766.375,23769.0,12860.0,
2004-10-22,11100.329166666668,24936.0,12658.0,
2004-10-23,10791.079166666666,24462.0,13899.0,
2004-10-24,9188.5875,23703.0,12922.0,
2004-10-25,10982.704166666668,23873.0,15130.0,
2004-10-26,10693.041666666666,23795.0,14583.0,
2004-10-27,10974.829166666668,26012.0,14030.0,
2004-10-28,10899.266666666666,27547.0,13542.0,
2004-10-29,10526.875,28018.0,13513.0,
2004-10-30,9524.595833333333,23771.0,12140.0,
2004-10-31,8440.725,22930.0,10945.0,
2004-11-01,10283.7125,21573.0,12257.0,
2004-11-02,9605.673913043478,20498.0,12427.0,
2004-11-03,11123.345833333333,21901.0,13370.0,
2004-11-04,11169.8875,21713.0,13173.0,
2004-11-05,11073.975,19694.0,12802.0,
2004-11-06,9889.858333333334,20479.0,11456.0,
2004-11-07,9797.1625,22561.0,9894.0,
2004-11-08,10611.9375,21739.0,9820.0,
2004-11-09,10715.033333333333,21378.0,11275.0,
2004-11-10,10530.470833333333,21684.0,12105.0,
2004-11-11,10573.2375,21340.0,11468.0,
2004-11-12,10826.054166666669,21181.0,12422.0,
2004-11-13,10086.445833333331,21887.0,11733.0,
2004-11-14,9782.141666666666,22580.0,12165.0,
2004-11-15,9863.2,23604.0,12754.0,
2004-11-16,10803.370833333332,24108.0,13290.0,
2004-11-17,10820.65,23269.0,13642.0,
2004-11-18,10900.429166666669,22036.0,14842.0,
2004-11-19,10729.341666666667,22088.0,15441.0,
2004-11-20,9850.3625,22172.0,15398.0,
2004-11-21,9416.025,21632.0,14501.0,
2004-11-22,10750.333333333334,21923.0,14362.0,
2004-11-23,10781.304166666669,21260.0,13557.0,
2004-11-24,11186.7125,21132.0,13355.0,
2004-11-25,11357.508333333331,19149.0,13864.0,
2004-11-26,11310.441666666666,19706.0,13662.0,
2004-11-27,10168.95,19184.0,11682.0,
2004-11-28,9642.108333333334,18644.0,9930.0,
2004-11-29,10594.679166666669,18461.0,11590.0,
2004-11-30,10960.029166666667,17972.0,12315.0,
2004-12-01,11088.816666666666,17305.0,12377.0,
2004-12-02,11167.0875,16948.0,12388.0,
2004-12-03,11294.741666666669,16218.0,12256.0,
2004-12-04,11148.7875,16752.0,12421.0,
2004-12-05,10193.008333333331,17198.0,12580.0,
2004-12-06,11152.383333333331,18043.0,13004.0,
2004-12-07,11138.354166666666,18213.0,13605.0,
2004-12-08,11006.05,19327.0,14258.0,
2004-12-09,11196.916666666666,19605.0,14732.0,
2004-12-10,11234.658333333333,20286.0,15140.0,
2004-12-11,10302.729166666666,20709.0,15561.0,
2004-12-12,10330.5125,20274.0,15860.0,
2004-12-13,11079.2125,20122.0,15957.0,
2004-12-14,11264.929166666669,20887.0,16047.0,
2004-12-15,11307.741666666669,20855.0,15846.0,
2004-12-16,11291.370833333334,20218.0,16200.0,
2004-12-17,11282.629166666666,20427.0,16230.0,
2004-12-18,10579.058333333332,20014.0,15823.0,
2004-12-19,10821.466666666664,20623.0,16290.0,
2004-12-20,11193.558333333334,20782.0,17122.0,
2004-12-21,11378.570833333331,23569.0,17500.0,
2004-12-22,11233.758333333331,23090.0,18100.0,
2004-12-23,11311.545833333332,23466.0,18740.0,
2004-12-24,11261.8625,25670.0,20059.0,
2004-12-25,8977.270833333334,25901.0,19322.0,
2004-12-26,9757.391666666666,26894.0,20843.0,
2004-12-27,11245.258333333331,29186.0,23281.0,
2004-12-28,11405.433333333334,28456.0,24331.0,
2004-12-29,11119.629166666666,28889.0,25183.0,
2004-12-30,11891.720833333333,30198.0,25207.0,
2004-12-31,11169.529166666667,30314.0,23766.0,
2005-01-01,9312.5625,27981.0,20837.0,
2005-01-02,10058.058333333332,27900.0,21554.0,
2005-01-03,11275.766666666668,29210.0,23224.0,
2005-01-04,11318.658333333333,27749.0,22805.0,
2005-01-05,11354.916666666666,26233.0,21935.0,
2005-01-06,11578.241666666669,25916.0,21534.0,
2005-01-07,11567.35,26517.0,21420.0,
2005-01-08,12026.679166666669,28176.0,21920.0,
2005-01-09,11400.070833333331,29143.0,21735.0,
2005-01-10,11515.070833333331,28957.0,23041.0,
2005-01-11,11429.170833333332,29713.0,24237.0,
2005-01-12,11097.891666666668,30913.0,25365.0,
2005-01-13,11454.954166666668,32523.0,24429.0,
2005-01-14,11012.2125,32240.0,22015.0,
2005-01-15,11297.333333333334,32490.0,21539.0,
2005-01-16,10024.1625,34856.0,21577.0,
2005-01-17,11012.020833333334,33243.0,23510.0,
2005-01-18,11312.220833333333,33305.0,23695.0,
2005-01-19,11371.504166666666,35590.0,25375.0,
2005-01-20,10953.279166666667,37555.0,25063.0,
2005-01-21,11224.229166666666,39812.0,24807.0,
2005-01-22,9899.925,39728.0,22934.0,
2005-01-23,8527.545833333334,40812.0,24162.0,
2005-01-24,10207.4,42254.0,26248.0,
2005-01-25,10815.4125,42661.0,26860.0,
2005-01-26,10879.004166666668,43252.0,25649.0,
2005-01-27,10411.825,43056.0,22756.0,
2005-01-28,9957.5625,44436.0,22370.0,
2005-01-29,8824.916666666666,45257.0,21333.0,
2005-01-30,7650.349999999999,43875.0,19704.0,
2005-01-31,9850.0625,44278.0,22293.0,
2005-02-01,10717.066666666668,44908.0,24004.0,
2005-02-02,10612.1,46576.0,23024.0,
2005-02-03,10581.654166666667,45867.0,22168.0,
2005-02-04,10520.229166666666,46417.0,22461.0,
2005-02-05,9316.8375,45340.0,21669.0,
2005-02-06,8729.504166666668,44335.0,20314.0,
2005-02-07,8950.404166666667,42700.0,19886.0,
2005-02-08,9567.808333333332,44042.0,19860.0,
2005-02-09,10204.529166666667,42193.0,19655.0,
2005-02-10,10229.154166666667,40733.0,19996.0,
2005-02-11,10841.675,35035.0,20478.0,
2005-02-12,9968.970833333333,33912.0,18360.0,
2005-02-13,8697.916666666666,30052.0,15556.0,
2005-02-14,10420.8125,30485.0,19201.0,
2005-02-15,11459.7375,29648.0,20208.0,
2005-02-16,11556.4125,13635.0,20448.0,
2005-02-17,11573.566666666666,26165.0,20595.0,
2005-02-18,11578.454166666668,24994.0,20336.0,
2005-02-19,10935.5,23673.0,19253.0,
2005-02-20,9516.025,22525.0,18332.0,
2005-02-21,11127.270833333334,21370.0,17861.0,
2005-02-22,11069.054166666669,21136.0,17684.0,
2005-02-23,11158.095833333333,20056.0,17394.0,
2005-02-24,11104.033333333333,21627.0,17139.0,
2005-02-25,11309.9125,20055.0,16878.0,
2005-02-26,10643.225,19407.0,16807.0,
2005-02-27,10293.566666666668,18880.0,16428.0,
2005-02-28,11004.979166666666,19816.0,16594.0,
2005-03-01,11261.845833333333,19485.0,16782.0,
2005-03-02,11288.945833333331,21693.0,17109.0,
2005-03-03,10719.520833333334,20460.0,17306.0,
2005-03-04,10158.195833333331,20808.0,17598.0,
2005-03-05,9475.883333333331,21066.0,18156.0,
2005-03-06,8659.629166666668,21318.0,18837.0,
2005-03-07,10136.133333333331,21529.0,19175.0,
2005-03-08,10805.008333333331,22562.0,19472.0,
2005-03-09,11094.229166666666,22972.0,19727.0,
2005-03-10,11051.95,24390.0,20212.0,
2005-03-11,11213.170833333332,22799.0,19998.0,
2005-03-12,10288.804166666669,22066.0,19858.0,
2005-03-13,9348.275,21012.0,18929.0,
2005-03-14,10656.9375,21630.0,19017.0,
2005-03-15,10929.529166666667,21712.0,19028.0,
2005-03-16,10951.6625,21515.0,19246.0,
2005-03-17,10684.433333333332,21953.0,19029.0,
2005-03-18,10714.004166666668,22366.0,19509.0,
2005-03-19,10031.629166666668,22349.0,20441.0,
2005-03-20,10091.754166666668,24322.0,21284.0,
2005-03-21,10979.8,26213.0,22038.0,
2005-03-22,10644.229166666666,25814.0,23011.0,
2005-03-23,10459.891666666666,26899.0,24033.0,
2005-03-24,10133.129166666668,28850.0,23923.0,
2005-03-25,9970.05,29490.0,24923.0,
2005-03-26,9837.754166666668,30123.0,24918.0,
2005-03-27,9803.741666666669,30097.0,24166.0,
2005-03-28,10647.4125,30835.0,24719.0,
2005-03-29,10691.629166666668,30834.0,24597.0,
2005-03-30,10708.6,29519.0,24349.0,
2005-03-31,11297.545833333332,29678.0,24689.0,
2005-04-01,11063.470833333333,28825.0,24969.0,
2005-04-02,10532.616666666669,26638.0,24636.0,
2005-04-03,10106.9,25851.0,22422.0,
2005-04-04,11033.854166666666,26447.0,22046.0,
2005-04-05,11411.816666666666,26979.0,22514.0,
2005-04-06,11517.445833333331,24922.0,21749.0,
2005-04-07,11785.175,24515.0,20986.0,
2005-04-08,11718.820833333331,22780.0,19636.0,
2005-04-09,11022.570833333331,21993.0,18541.0,
2005-04-10,9606.220833333333,21399.0,17031.0,
2005-04-11,11443.829166666668,19812.0,17341.0,
2005-04-12,11502.041666666666,19702.0,16626.0,
2005-04-13,11496.641666666668,18517.0,15837.0,
2005-04-14,11456.133333333331,17329.0,15245.0,
2005-04-15,11375.358333333332,16900.0,14693.0,
2005-04-16,11059.941666666666,16347.0,14203.0,
2005-04-17,9883.775,16053.0,13746.0,
2005-04-18,11329.95,15943.0,13641.0,
2005-04-19,11229.679166666669,16054.0,13333.0,
2005-04-20,11276.783333333333,15891.0,13133.0,
2005-04-21,10487.491666666669,15964.0,12958.0,
2005-04-22,11397.166666666666,14800.0,12909.0,
2005-04-23,11112.858333333332,14777.0,12768.0,
2005-04-24,9455.2875,16088.0,12259.0,
2005-04-25,11018.358333333332,16236.0,13223.0,
2005-04-26,11201.345833333333,17466.0,13497.0,
2005-04-27,11308.629166666666,16404.0,13926.0,
2005-04-28,11031.291666666666,18254.0,14208.0,
2005-04-29,10818.158333333333,18487.0,14242.0,
2005-04-30,10051.525,19265.0,14463.0,
2005-05-01,9045.3375,18394.0,14024.0,
2005-05-02,10800.108333333334,17582.0,14706.0,
2005-05-03,11058.4375,18349.0,14596.0,
2005-05-04,10837.333333333334,17568.0,14422.0,
2005-05-05,10832.179166666669,17000.0,14500.0,
2005-05-06,10607.820833333331,17093.0,14115.0,
2005-05-07,10226.4375,17892.0,14090.0,
2005-05-08,9354.0875,17432.0,14021.0,
2005-05-09,10330.283333333333,17417.0,13677.0,
2005-05-10,10908.7625,16333.0,13191.0,
2005-05-11,11090.795833333332,15026.0,12779.0,
2005-05-12,11069.45,15153.0,12712.0,
2005-05-13,10265.920833333334,13762.0,12146.0,
2005-05-14,9468.441666666668,14701.0,12235.0,
2005-05-15,9182.779166666667,14529.0,11952.0,
2005-05-16,10724.633333333331,16978.0,12040.0,
2005-05-17,10912.804166666669,14841.0,11877.0,
2005-05-18,10696.233333333334,15460.0,11959.0,
2005-05-19,10671.383333333331,14473.0,11359.0,
2005-05-20,10507.575,14577.0,11565.0,
2005-05-21,9540.554166666669,14630.0,11592.0,
2005-05-22,8256.633333333333,15051.0,11885.0,
2005-05-23,9846.004166666668,15032.0,12116.0,
2005-05-24,9828.870833333332,15711.0,12252.0,
2005-05-25,9424.004166666668,16987.0,12965.0,
2005-05-26,9092.55,19121.0,14682.0,
2005-05-27,9319.35,20674.0,15727.0,
2005-05-28,8599.029166666667,23553.0,17312.0,
2005-05-29,8028.395833333333,25610.0,17766.0,
2005-05-30,10179.7,24289.0,19521.0,
2005-05-31,10040.470833333333,23592.0,19403.0,
2005-06-01,10240.004166666668,23541.0,19723.0,
2005-06-02,10072.9,23495.0,19511.0,
2005-06-03,10473.075,22886.0,19383.0,
2005-06-04,9948.591666666667,22018.0,18797.0,
2005-06-05,9102.275,19991.0,17729.0,
2005-06-06,10714.441666666668,19389.0,16675.0,
2005-06-07,10587.695833333331,18883.0,15418.0,
2005-06-08,10870.608333333334,17936.0,14350.0,
2005-06-09,10479.533333333333,16889.0,13768.0,
2005-06-10,10025.529166666667,15884.0,13098.0,
2005-06-11,9403.2,15025.0,12686.0,
2005-06-12,8563.862500000001,15788.0,12383.0,
2005-06-13,9685.466666666667,16100.0,12263.0,
2005-06-14,10320.608333333334,15606.0,12315.0,
2005-06-15,8192.3,16169.0,12437.0,
2005-06-16,8758.479166666666,16785.0,12819.0,
2005-06-17,8454.320833333333,18956.0,12962.0,
2005-06-18,8350.870833333332,18730.0,13380.0,
2005-06-19,7887.400000000001,18548.0,12812.0,
2005-06-20,8518.0375,18987.0,12958.0,
2005-06-21,8802.270833333334,18363.0,12557.0,
2005-06-22,8874.404166666667,18279.0,12492.0,
2005-06-23,8750.550000000001,19692.0,12755.0,
2005-06-24,9203.1,19836.0,12569.0,
2005-06-25,9846.8875,19422.0,13402.0,
2005-06-26,8349.245833333332,18306.0,13347.0,
2005-06-27,9610.408333333333,17712.0,13043.0,
2005-06-28,9752.279166666667,17971.0,12880.0,
2005-06-29,9856.579166666666,17437.0,13378.0,
2005-06-30,10212.2125,17018.0,13217.0,
2005-07-01,10294.3375,16297.0,12896.0,
2005-07-02,9815.895833333334,15689.0,12612.0,
2005-07-03,9181.920833333334,16443.0,12054.0,
2005-07-04,9698.945833333331,15117.0,11584.0,
2005-07-05,10247.104166666666,13880.0,11336.0,
2005-07-06,10230.9375,13449.0,11162.0,
2005-07-07,10196.095833333333,13868.0,10913.0,
2005-07-08,9857.370833333332,13560.0,10817.0,
2005-07-09,9190.1,13778.0,10788.0,
2005-07-10,9078.445833333331,13467.0,10655.0,
2005-07-11,9923.983333333334,13190.0,10426.0,
2005-07-12,10195.0375,13009.0,10143.0,
2005-07-13,9677.8,11988.0,10116.0,
2005-07-14,9637.233333333334,11700.0,9858.0,
2005-07-15,9219.675,12958.0,9709.0,
2005-07-16,8981.666666666666,12573.0,9639.0,
2005-07-17,9130.6125,12170.0,9573.0,
2005-07-18,9990.2375,12445.0,9511.0,
2005-07-19,9674.408333333333,12791.0,9820.0,
2005-07-20,9997.7875,12491.0,9839.0,
2005-07-21,9830.479166666666,12126.0,9736.0,
2005-07-22,9692.925,13433.0,9950.0,
2005-07-23,8771.324999999999,12632.0,10070.0,
2005-07-24,8096.425,12919.0,10359.0,
2005-07-25,9240.545833333334,12558.0,10414.0,
2005-07-26,9889.770833333334,13356.0,10649.0,
2005-07-27,9730.116666666669,14669.0,10736.0,
2005-07-28,9278.054166666669,15066.0,10946.0,
2005-07-29,9254.370833333332,14682.0,11031.0,
2005-07-30,9132.0375,13788.0,10825.0,
2005-07-31,9046.945833333331,13775.0,10744.0,
2005-08-01,9467.629166666668,13182.0,10445.0,
2005-08-02,9992.2875,12738.0,10089.0,
2005-08-03,9698.820833333331,12998.0,9981.0,
2005-08-04,10131.929166666669,11970.0,9997.0,
2005-08-05,10219.983333333334,11502.0,9345.0,
2005-08-06,9617.195833333331,11815.0,9091.0,
2005-08-07,9770.916666666666,10755.0,8842.0,
2005-08-08,9693.3625,10498.0,8627.0,
2005-08-09,10064.0375,10892.0,8267.0,
2005-08-10,9401.7625,10272.0,8185.0,
2005-08-11,9314.891666666666,10387.0,8211.0,
2005-08-12,9518.820833333331,10785.0,8189.0,
2005-08-13,9180.216666666667,10564.0,8208.0,
2005-08-14,9018.4125,10507.0,8449.0,
2005-08-15,9300.9875,10295.0,8004.0,
2005-08-16,9850.933333333332,10796.0,7896.0,
2005-08-17,10268.770833333334,11175.0,7990.0,
2005-08-18,10147.925,10231.0,8205.0,
2005-08-19,9802.083333333334,10091.0,7983.0,
2005-08-20,9624.954166666666,10231.0,8146.0,
2005-08-21,9424.8625,10681.0,8230.0,
2005-08-22,9842.383333333331,10435.0,8231.0,
2005-08-23,9903.5625,10480.0,8156.0,
2005-08-24,9354.845833333333,10439.0,7996.0,
2005-08-25,9587.175,10209.0,7840.0,
2005-08-26,9334.491666666669,9285.0,7822.0,
2005-08-27,8849.804166666667,10651.0,7670.0,
2005-08-28,8768.658333333333,9739.0,7748.0,
2005-08-29,9924.270833333334,9848.0,7903.0,
2005-08-30,10004.7625,10504.0,7762.0,
2005-08-31,9677.366666666669,11688.0,7776.0,
2005-09-01,9713.275,10204.0,8069.0,
2005-09-02,9728.966666666667,10719.0,8126.0,
2005-09-03,9085.0625,11341.0,8398.0,
2005-09-04,8406.583333333334,11651.0,8587.0,
2005-09-05,8817.016666666666,12863.0,9060.0,
2005-09-06,8368.775,11915.0,8913.0,
2005-09-07,8188.7,13297.0,9384.0,
2005-09-08,8695.3125,11519.0,9308.0,
2005-09-09,8898.404166666667,13207.0,9433.0,
2005-09-10,8413.520833333334,13262.0,9184.0,
2005-09-11,8290.991666666667,12528.0,9494.0,
2005-09-12,8982.858333333334,12154.0,9232.0,
2005-09-13,9774.9375,12994.0,9378.0,
2005-09-14,9387.858333333334,13875.0,9639.0,
2005-09-15,9820.5625,14001.0,10206.0,
2005-09-16,9729.016666666666,15181.0,10671.0,
2005-09-17,8966.220833333333,15615.0,10897.0,
2005-09-18,8159.025000000001,15477.0,11077.0,
2005-09-19,9465.441666666668,14979.0,11031.0,
2005-09-20,9469.595833333333,14700.0,10869.0,
2005-09-21,10113.925,13964.0,10715.0,
2005-09-22,10006.320833333331,14578.0,10737.0,
2005-09-23,9163.808333333332,15410.0,10908.0,
2005-09-24,8822.1375,16294.0,11248.0,
2005-09-25,8914.695833333333,16440.0,11421.0,
2005-09-26,9280.354166666666,17487.0,11823.0,
2005-09-27,9883.9625,17543.0,11761.0,
2005-09-28,10348.570833333331,16502.0,12164.0,
2005-09-29,9989.470833333333,17598.0,11379.0,
2005-09-30,10484.7875,18542.0,11290.0,
2005-10-01,10100.279166666667,18764.0,10393.0,
2005-10-02,8631.7125,17490.0,8676.0,
2005-10-03,9952.2625,19004.0,11328.0,
2005-10-04,9742.666666666666,18307.0,10225.0,
2005-10-05,6149.9375,17965.0,6178.0,
2005-10-06,5892.825,21299.0,8093.0,
2005-10-07,6124.579166666666,22147.0,8279.0,
2005-10-08,8747.866666666667,25831.0,11248.0,
2005-10-09,7699.345833333333,25830.0,10101.0,
2005-10-10,8753.945833333333,27816.0,13471.0,
2005-10-11,9706.458333333334,24456.0,11636.0,
2005-10-12,9188.7125,20262.0,9164.0,
2005-10-13,10071.208333333334,19792.0,9077.0,
2005-10-14,10953.0,17291.0,10077.0,
2005-10-15,10364.791666666666,17042.0,9015.0,
2005-10-16,9715.739130434782,16568.0,8541.0,
2005-10-17,10678.25,19948.0,10458.0,
2005-10-18,10579.75,23537.0,13954.0,
2005-10-19,10527.166666666666,23440.0,14144.0,
2005-10-20,10469.541666666666,21504.0,12308.0,
2005-10-21,10412.791666666666,21237.0,10568.0,
2005-10-22,10413.583333333334,19322.0,8499.0,
2005-10-23,9239.958333333334,19965.0,8081.0,
2005-10-24,10480.791666666666,19720.0,10268.0,
2005-10-25,10659.208333333334,23561.0,11286.0,
2005-10-26,11062.541666666666,21898.0,11861.0,
2005-10-27,11124.0,20519.0,10556.0,
2005-10-28,10866.166666666666,24386.0,12080.0,
2005-10-29,10220.708333333334,23251.0,10125.0,
2005-10-30,9292.0,24642.0,9789.0,
2005-10-31,9913.666666666666,27830.0,10754.0,
2005-11-01,9593.25,29435.0,11765.0,
2005-11-02,9358.791666666666,26972.0,10888.0,
2005-11-03,9080.416666666666,25040.0,11436.0,
2005-11-04,8208.833333333334,23784.0,11241.0,
2005-11-05,8648.875,21562.0,11490.0,
2005-11-06,8070.916666666667,20513.0,11355.0,
2005-11-07,9114.375,19413.0,13083.0,
2005-11-08,9545.291666666666,19409.0,13881.0,
2005-11-09,9474.333333333334,18926.0,13413.0,
2005-11-10,9126.041666666666,19037.0,11441.0,
2005-11-11,9473.25,17592.0,10397.0,
2005-11-12,9349.708333333334,17434.0,10101.0,
2005-11-13,8387.208333333334,17081.0,8481.0,
2005-11-14,9371.458333333334,16979.0,10291.0,
2005-11-15,9232.3375,17147.0,10644.0,
2005-11-16,9888.104166666666,16009.0,11563.0,
2005-11-17,10316.192083333332,16650.0,11567.0,
2005-11-18,10555.652916666668,15884.0,11343.0,
2005-11-19,9962.646666666666,15435.0,11436.0,
2005-11-20,9068.652083333332,14889.0,11052.0,
2005-11-21,10123.375,15947.0,11391.0,
2005-11-22,10775.43875,15520.0,11534.0,
2005-11-23,10756.658333333333,14996.0,11560.0,
2005-11-24,10725.935416666667,15648.0,11737.0,
2005-11-25,10944.184166666666,16012.0,11922.0,
2005-11-26,10512.727916666669,16761.0,12438.0,
2005-11-27,9259.049583333332,17326.0,13353.0,
2005-11-28,10366.716666666664,18992.0,14309.0,
2005-11-29,11036.400833333331,18976.0,15210.0,
2005-11-30,11425.859583333331,20011.0,16386.0,
2005-12-01,10786.59,21567.0,17438.0,
2005-12-02,10885.776666666668,23170.0,18562.0,
2005-12-03,9853.492083333333,24554.0,20212.0,
2005-12-04,9085.01,27154.0,22184.0,
2005-12-05,10538.904166666667,27871.0,23635.0,
2005-12-06,10538.469583333334,29519.0,24496.0,
2005-12-07,10669.94625,12572.0,25017.0,
2005-12-08,10894.334166666666,11745.0,25151.0,
2005-12-09,10800.37875,11180.0,25441.0,
2005-12-10,11057.53125,33047.0,25659.0,
2005-12-11,10120.027916666668,11606.0,23697.0,
2005-12-12,11486.740833333335,11678.0,25291.0,
2005-12-13,11110.613333333333,29956.0,25432.0,
2005-12-14,11287.198333333334,30139.0,25225.0,
2005-12-15,11069.210833333333,30917.0,23594.0,
2005-12-16,11106.767083333332,31255.0,23156.0,
2005-12-17,10228.685416666667,31633.0,22014.0,
2005-12-18,10126.360416666666,31755.0,22100.0,
2005-12-19,10921.54375,32819.0,24154.0,
2005-12-20,11170.71125,30854.0,22643.0,
2005-12-21,11426.585,34768.0,22419.0,
2005-12-22,11254.412083333336,31598.0,21408.0,
2005-12-23,11222.864166666666,30719.0,19554.0,
2005-12-24,11148.1975,29422.0,18192.0,
2005-12-25,10000.6425,29197.0,16427.0,
2005-12-26,10192.479166666666,26851.0,16425.0,
2005-12-27,10441.215,28543.0,17094.0,
2005-12-28,10828.961666666668,26096.0,17685.0,
2005-12-29,10933.492916666668,24402.0,17730.0,
2005-12-30,11164.785416666666,24457.0,18529.0,
2005-12-31,10121.00875,23363.0,17484.0,
2006-01-01,9674.009166666669,19941.0,16194.0,
2006-01-02,10775.333333333334,19566.0,18048.0,
2006-01-03,11012.189523809524,19455.0,19199.0,
2006-01-05,11071.538333333332,20770.0,19584.0,
2006-01-06,11342.626666666663,22192.0,20187.0,
2006-01-07,10919.725,23843.0,20496.0,
2006-01-08,10042.159583333332,25113.0,20645.0,
2006-01-09,11116.67875,26333.0,23625.0,
2006-01-10,11108.103333333333,27662.0,24692.0,
2006-01-11,11212.327916666669,29122.0,25174.0,
2006-01-12,11111.407916666663,30534.0,27835.0,
2006-01-13,11423.815,30755.0,28007.0,
2006-01-14,10928.750416666668,29866.0,26240.0,
2006-01-15,9905.120833333332,28472.0,23307.0,
2006-01-16,11018.05,26785.0,23635.0,
2006-01-17,11320.760833333334,24693.0,23347.0,
2006-01-18,11647.957916666666,22691.0,21510.0,
2006-01-19,11689.662083333336,20896.0,19457.0,
2006-01-20,11266.38125,19418.0,18373.0,
2006-01-21,11438.837916666664,18146.0,18062.0,
2006-01-22,11053.73,17283.0,16621.0,
2006-01-23,11746.9425,16690.0,16690.0,
2006-01-24,11737.618636363635,16283.0,16283.0,
2006-01-25,11533.992083333333,15878.0,15878.0,
2006-01-26,11673.027916666666,15505.0,15505.0,
2006-01-27,11793.687916666668,15058.0,15058.0,
2006-01-28,11161.455833333332,15037.0,15037.0,
2006-01-29,9647.753333333332,14981.0,13835.0,
2006-01-30,11332.224166666669,15479.0,15041.0,
2006-01-31,11212.157083333334,15911.0,15911.0,
2006-02-01,11070.314166666663,16433.0,16433.0,
2006-02-02,11315.88125,16787.0,16787.0,
2006-02-03,11505.701666666668,17030.0,17030.0,
2006-02-04,11328.83125,17290.0,17290.0,
2006-02-05,10105.5425,17630.0,17193.0,
2006-02-06,11570.38125,17931.0,17931.0,
2006-02-07,11704.765,18101.0,18101.0,
2006-02-08,11584.719583333334,18176.0,18176.0,
2006-02-09,11358.189166666663,18381.0,18381.0,
2006-02-10,11064.1175,18601.0,18601.0,
2006-02-11,11003.782083333334,18967.0,18967.0,
2006-02-12,10115.145833333334,19770.0,19770.0,
2006-02-13,11276.385416666666,20401.0,20401.0,
2006-02-14,11470.313333333334,21106.0,21106.0,
2006-02-15,11148.550833333336,22036.0,22036.0,
2006-02-16,11153.66625,23293.0,23293.0,
2006-02-17,10881.527083333332,24483.0,24463.0,
2006-02-18,10159.30125,25642.0,25550.0,
2006-02-19,9646.900416666664,26607.0,25974.0,
2006-02-20,11149.075833333334,27507.0,27399.0,
2006-02-21,11321.745,28356.0,28146.0,
2006-02-22,11286.796666666669,29279.0,27708.0,
2006-02-23,11167.699583333331,29838.0,27964.0,
2006-02-24,11023.784166666666,29924.0,27875.0,
2006-02-25,10406.907083333334,29621.0,27105.0,
2006-02-26,9401.330416666666,29185.0,24547.0,
2006-02-27,9749.374166666666,28889.0,24226.0,
2006-02-28,10159.749166666666,28640.0,24817.0,
2006-03-01,10622.37625,28308.0,24631.0,
2006-03-02,10838.2325,27529.0,24688.0,
2006-03-03,11188.59125,26859.0,24514.0,
2006-03-04,10530.642916666666,26174.0,23220.0,
2006-03-05,9762.429583333333,25514.0,21537.0,
2006-03-06,11118.017083333332,25242.0,23173.0,
2006-03-07,10912.969166666668,25174.0,22925.0,
2006-03-08,11166.664583333331,25155.0,22639.0,
2006-03-09,10397.204166666666,25200.0,20628.0,
2006-03-10,11095.68875,25323.0,19783.0,
2006-03-11,10223.419583333334,25357.0,18169.0,
2006-03-12,9886.639166666666,25562.0,17368.0,
2006-03-13,10749.082916666666,25783.0,19238.0,
2006-03-14,10566.174166666666,26047.0,20983.0,
2006-03-15,10778.540833333333,26445.0,20826.0,
2006-03-16,10623.472916666668,26762.0,20743.0,
2006-03-17,10780.860416666666,27226.0,21362.0,
2006-03-18,9857.314166666669,27281.0,20002.0,
2006-03-19,9031.875416666668,27169.0,17796.0,
2006-03-20,10943.6625,27142.0,19934.0,
2006-03-21,11251.45,27220.0,19684.0,
2006-03-22,10899.0975,27289.0,19418.0,
2006-03-23,11005.92375,27354.0,19794.0,
2006-03-24,11043.744583333331,27406.0,20495.0,
2006-03-25,9634.2625,27681.0,20228.0,
2006-03-26,9745.890416666669,27770.0,20411.0,
2006-03-27,10839.752083333333,27996.0,22652.0,
2006-03-28,11216.387916666668,28086.0,24781.0,
2006-03-29,10886.9275,27644.0,24799.0,
2006-03-30,11026.128750000002,27771.0,25691.0,
2006-03-31,10803.687916666668,27336.0,22871.0,
2006-04-01,9746.70625,26744.0,19241.0,
2006-04-02,9465.495,26488.0,19442.0,
2006-04-03,11184.99875,26425.0,22598.0,
2006-04-04,11296.609166666669,26303.0,22986.0,
2006-04-05,11185.660000000002,26369.0,23730.0,
2006-04-06,11385.32125,26328.0,24223.0,
2006-04-07,11471.01625,26068.0,23662.0,
2006-04-08,10781.404583333331,25678.0,22222.0,
2006-04-09,9992.349583333336,25589.0,21209.0,
2006-04-10,11063.189583333333,25763.0,22744.0,
2006-04-11,11133.199166666667,25964.0,23685.0,
2006-04-12,11288.073333333334,26234.0,23766.0,
2006-04-13,11132.161666666669,26506.0,21766.0,
2006-04-14,9671.475,26661.0,20149.0,
2006-04-15,9121.940833333334,26515.0,17367.0,
2006-04-16,8914.357916666666,26050.0,18033.0,
2006-04-17,10827.65125,25292.0,21199.0,
2006-04-18,10998.5825,24393.0,21301.0,
2006-04-19,10895.019166666669,23611.0,18828.0,
2006-04-20,11049.363333333333,22750.0,17666.0,
2006-04-21,9905.398333333333,21937.0,15918.0,
2006-04-22,10162.360833333334,21167.0,17006.0,
2006-04-23,9535.350416666666,20738.0,16394.0,
2006-04-24,11240.518333333332,20321.0,18184.0,
2006-04-25,10532.742916666666,19845.0,18312.0,
2006-04-26,10529.930416666668,19246.0,18526.0,
2006-04-27,10887.9,18555.0,18022.0,
2006-04-28,11248.475833333332,17757.0,17348.0,
2006-04-29,10485.58875,16997.0,15918.0,
2006-04-30,9655.095,16255.0,14106.0,
2006-05-01,10015.107916666666,15614.0,14571.0,
2006-05-02,11062.77,15072.0,14281.0,
2006-05-03,11195.458333333334,14723.0,13832.0,
2006-05-04,11309.094166666668,14559.0,14328.0,
2006-05-05,11184.472916666666,14370.0,14370.0,
2006-05-06,10386.052916666666,14206.0,14025.0,
2006-05-07,9493.181666666664,14224.0,13912.0,
2006-05-08,10801.865,14138.0,14138.0,
2006-05-09,10956.82,14130.0,14130.0,
2006-05-10,10762.757916666667,14066.0,14066.0,
2006-05-11,10514.895416666666,13848.0,13848.0,
2006-05-12,10245.981666666668,13622.0,13622.0,
2006-05-13,9663.653333333334,13442.0,13442.0,
2006-05-14,9117.1975,13221.0,13221.0,
2006-05-15,10386.497916666667,13142.0,13142.0,
2006-05-16,10329.030833333332,13093.0,13093.0,
2006-05-17,10344.447083333334,12904.0,12904.0,
2006-05-19,10225.435416666667,12761.0,12761.0,
2006-05-20,9687.109166666669,12965.0,12965.0,
2006-05-21,9500.5425,13318.0,13318.0,
2006-05-22,10617.1275,13686.0,13686.0,
2006-05-23,10520.987083333332,13928.0,13846.0,
2006-05-24,10586.812083333332,14240.0,14240.0,
2006-05-25,10944.96375,14515.0,14485.0,
2006-05-26,10997.800833333333,14587.0,14496.0,
2006-05-27,10312.850416666666,14545.0,14545.0,
2006-05-28,10237.424166666666,14574.0,14574.0,
2006-05-29,11191.8325,14358.0,14286.0,
2006-05-30,11144.014166666668,13907.0,13828.0,
2006-05-31,10965.199166666664,13606.0,13517.0,
2006-06-01,11255.855833333331,13295.0,13185.0,
2006-06-02,10972.950833333334,13002.0,12911.0,
2006-06-03,10345.932083333331,12733.0,12733.0,
2006-06-04,9994.417083333334,12541.0,12541.0,
2006-06-05,10716.023333333333,12375.0,12375.0,
2006-06-06,10581.74875,12361.0,12348.0,
2006-06-07,10766.44375,12302.0,12302.0,
2006-06-08,10978.11125,12263.0,12263.0,
2006-06-09,11035.529583333337,12214.0,12214.0,
2006-06-10,10548.025416666664,12133.0,12133.0,
2006-06-11,9902.76375,12164.0,12109.0,
2006-06-12,10576.866666666669,12102.0,12102.0,
2006-06-13,10344.15125,11926.0,11834.0,
2006-06-14,10990.53625,11732.0,11732.0,
2006-06-15,10435.52375,11630.0,11630.0,
2006-06-16,10282.999583333332,11509.0,11509.0,
2006-06-17,9794.85,11396.0,11396.0,
2006-06-18,9295.4625,11302.0,11066.0,
2006-06-19,10040.089583333332,11210.0,11210.0,
2006-06-20,10723.4525,11220.0,11220.0,
2006-06-21,10680.33875,11175.0,11175.0,
2006-06-22,10277.985833333334,11140.0,10912.0,
2006-06-23,10646.150416666664,11060.0,11060.0,
2006-06-24,10173.345416666669,10919.0,10919.0,
2006-06-25,10205.029583333331,10760.0,10760.0,
2006-06-26,10864.315833333332,10641.0,10641.0,
2006-06-27,10228.539166666667,10579.0,10436.0,
2006-06-28,10994.514583333332,10454.0,10454.0,
2006-06-29,10898.542916666667,10392.0,10392.0,
2006-06-30,10808.409166666666,10407.0,10407.0,
2006-07-01,9799.688333333334,10548.0,10441.0,
2006-07-02,9984.47,10699.0,10699.0,
2006-07-03,10818.947916666666,10867.0,10867.0,
2006-07-04,10672.227083333331,11026.0,11026.0,
2006-07-05,10531.668333333331,11199.0,11199.0,
2006-07-06,10680.430833333334,11312.0,11312.0,
2006-07-07,10860.391666666666,11372.0,11372.0,
2006-07-08,10478.016666666666,11325.0,11325.0,
2006-07-09,10176.35375,11219.0,11219.0,
2006-07-10,10897.238333333333,10760.0,10707.0,
2006-07-11,10834.054166666669,10726.0,10685.0,
2006-07-12,10867.234166666669,10450.0,10450.0,
2006-07-13,10888.5275,10357.0,10357.0,
2006-07-14,10800.719166666668,10214.0,10214.0,
2006-07-15,10197.664166666667,10149.0,10149.0,
2006-07-16,9832.107083333334,10134.0,10134.0,
2006-07-17,10750.714583333332,10148.0,10148.0,
2006-07-18,10697.124583333332,10132.0,10132.0,
2006-07-19,11012.673333333332,10181.0,10181.0,
2006-07-20,10941.65875,10198.0,10198.0,
2006-07-21,10974.985833333332,10214.0,10214.0,
2006-07-22,10512.9925,10198.0,10198.0,
2006-07-23,10075.020833333334,10095.0,10095.0,
2006-07-24,11250.794166666668,9994.0,9905.0,
2006-07-25,11046.0225,9938.0,9877.0,
2006-07-26,11035.282916666663,9729.0,9578.0,
2006-07-27,11095.342083333337,9459.0,9302.0,
2006-07-28,10964.357916666666,9245.0,9122.0,
2006-07-29,10574.762083333331,9024.0,9024.0,
2006-07-30,9946.598333333332,8919.0,8919.0,
2006-07-31,11150.666666666666,8871.0,8871.0,
2006-08-01,11387.882083333332,8865.0,8865.0,
2006-08-02,11554.980833333331,8814.0,8814.0,
2006-08-03,10909.374583333332,8845.0,8845.0,
2006-08-04,11025.179166666669,8936.0,8936.0,
2006-08-05,10387.324166666667,9082.0,9082.0,
2006-08-06,9736.63,9337.0,9337.0,
2006-08-07,11162.60625,9577.0,9577.0,
2006-08-08,11259.289583333331,9643.0,9508.0,
2006-08-09,10931.1925,9631.0,9456.0,
2006-08-10,10661.453333333331,9610.0,9550.0,
2006-08-11,10678.86125,9520.0,9520.0,
2006-08-12,10437.294782608697,9435.0,9435.0,
2006-08-13,9799.497083333334,9371.0,9371.0,
2006-08-14,11033.379583333332,9235.0,9235.0,
2006-08-15,10697.104583333334,9084.0,9084.0,
2006-08-16,10913.09,8899.0,8899.0,
2006-08-17,11001.712916666664,8746.0,8746.0,
2006-08-18,11000.51875,8607.0,8607.0,
2006-08-19,10411.337083333334,8544.0,8544.0,
2006-08-20,9785.007083333334,8524.0,8524.0,
2006-08-21,10705.900833333331,8558.0,8558.0,
2006-08-22,11120.022083333331,8533.0,8533.0,
2006-08-23,10894.7525,8489.0,8489.0,
2006-08-24,10728.94,8407.0,8407.0,
2006-08-25,10060.0225,8265.0,8265.0,
2006-08-26,9379.629583333332,8122.0,8122.0,
2006-08-27,9128.6475,8186.0,8186.0,
2006-08-28,9820.5375,8306.0,8306.0,
2006-08-29,10030.542916666667,8410.0,8410.0,
2006-08-30,10701.584166666666,8632.0,8632.0,
2006-08-31,10449.294166666668,8746.0,8746.0,
2006-09-01,9821.77625,8623.0,8373.0,
2006-09-02,6923.861250000001,8726.0,6591.0,
2006-09-03,6958.6779166666665,9061.0,7990.0,
2006-09-04,7532.97375,9320.0,9320.0,
2006-09-05,8578.46125,9696.0,9696.0,
2006-09-06,9590.317083333332,10067.0,10067.0,
2006-09-07,9312.270833333334,10252.0,10252.0,
2006-09-08,10088.464166666668,10164.0,10164.0,
2006-09-09,9341.145416666666,10024.0,10024.0,
2006-09-10,9343.03625,9948.0,9948.0,
2006-09-11,10372.520416666666,9888.0,9888.0,
2006-09-12,11661.22375,9715.0,9715.0,
2006-09-13,12021.6975,9482.0,9482.0,
2006-09-14,12033.679166666669,9154.0,9154.0,
2006-09-15,11984.87375,8827.0,8827.0,
2006-09-16,11171.8275,8539.0,8539.0,
2006-09-17,10377.225454545454,8482.0,8482.0,
2006-09-18,11287.27625,8641.0,8641.0,
2006-09-19,11608.139583333332,8745.0,8745.0,
2006-09-20,10958.704583333332,8826.0,8826.0,
2006-09-21,11146.043333333331,9093.0,9093.0,
2006-09-22,11241.792083333334,9392.0,9392.0,
2006-09-23,11249.230416666664,9807.0,9807.0,
2006-09-24,10184.937916666668,10193.0,10193.0,
2006-09-25,11145.026666666668,10530.0,10530.0,
2006-09-26,11650.87,10802.0,10802.0,
2006-09-27,10977.445,10856.0,10856.0,
2006-09-28,10475.6875,10955.0,10955.0,
2006-09-29,10765.53625,10931.0,10931.0,
2006-09-30,10298.534166666666,10919.0,10860.0,
2006-10-01,9360.35875,10914.0,10565.0,
2006-10-02,10643.00625,10994.0,10767.0,
2006-10-03,11291.325,11084.0,11084.0,
2006-10-04,11353.08625,11329.0,11329.0,
2006-10-05,11253.025416666664,11559.0,11559.0,
2006-10-06,11242.446666666669,11820.0,11820.0,
2006-10-07,10740.055833333334,12035.0,12035.0,
2006-10-08,9915.278333333334,12311.0,12311.0,
2006-10-09,10045.408636363636,12639.0,12639.0,
2006-10-10,10828.745416666668,12850.0,12850.0,
2006-10-11,10951.880416666669,12826.0,12826.0,
2006-10-12,10391.40875,12903.0,12903.0,
2006-10-13,10964.37375,12969.0,12969.0,
2006-10-14,10291.2225,13016.0,13016.0,
2006-10-15,9642.221666666666,12983.0,12983.0,
2006-10-16,10554.147916666669,13024.0,13024.0,
2006-10-17,11595.89875,13008.0,13008.0,
2006-10-18,11469.8375,12982.0,12982.0,
2006-10-19,11341.307916666668,13031.0,13031.0,
2006-10-20,10579.868333333334,13261.0,13261.0,
2006-10-21,9735.128333333332,13465.0,13465.0,
2006-10-22,9134.134583333334,13657.0,13657.0,
2006-10-23,10056.191666666668,13678.0,13678.0,
2006-10-24,9623.830833333332,13583.0,13583.0,
2006-10-25,9801.552083333334,13404.0,13404.0,
2006-10-26,9315.83,13275.0,13275.0,
2006-10-27,9025.1575,12933.0,12933.0,
2006-10-28,8896.17,12569.0,12503.0,
2006-10-29,8812.915833333334,12136.0,11963.0,
2006-10-30,9471.7875,11710.0,11596.0,
2006-10-31,9009.826666666666,11214.0,11179.0,
2006-11-01,10115.27625,10970.0,10970.0,
2006-11-02,9614.65125,10912.0,10912.0,
2006-11-03,9795.53875,11030.0,11030.0,
2006-11-04,9419.61,11231.0,11231.0,
2006-11-05,9072.48695652174,11837.0,11837.0,
2006-11-06,10161.742916666668,12374.0,12374.0,
2006-11-07,11142.4275,12881.0,12881.0,
2006-11-08,11177.64375,13350.0,13350.0,
2006-11-09,10710.685833333331,13755.0,13755.0,
2006-11-10,10363.915833333334,13915.0,13915.0,
2006-11-11,9918.978333333334,14201.0,14201.0,
2006-11-12,9873.26125,14453.0,14453.0,
2006-11-13,10850.157083333334,14564.0,14564.0,
2006-11-14,11054.440416666666,14317.0,14317.0,
2006-11-15,10529.711666666668,14072.0,14072.0,
2006-11-16,11375.117916666668,13807.0,13807.0,
2006-11-17,11410.539583333331,13367.0,13231.0,
2006-11-18,10618.431666666664,12702.0,12649.0,
2006-11-19,9853.765833333331,11960.0,11960.0,
2006-11-20,10464.472083333332,11217.0,11217.0,
2006-11-21,10727.646666666666,10713.0,10692.0,
2006-11-22,10843.421666666669,10370.0,10266.0,
2006-11-23,10848.927916666666,10119.0,9963.0,
2006-11-24,11000.3575,10010.0,9976.0,
2006-11-25,10410.672916666666,10108.0,10108.0,
2006-11-26,10149.170833333334,10480.0,10469.0,
2006-11-27,11268.75625,10995.0,10995.0,
2006-11-28,11012.302916666667,11603.0,11603.0,
2006-11-29,11193.793333333331,12450.0,12450.0,
2006-11-30,10579.325,13197.0,13197.0,
2006-12-01,10569.454166666666,14119.0,14119.0,
2006-12-02,10010.614166666666,15115.0,15115.0,
2006-12-03,9853.101666666667,15947.0,15925.0,
2006-12-04,10697.837916666664,16676.0,16676.0,
2006-12-05,11029.453333333331,17637.0,17605.0,
2006-12-06,10304.941666666668,18658.0,18646.0,
2006-12-07,9865.246666666668,19682.0,19682.0,
2006-12-08,9841.342083333331,20574.0,20574.0,
2006-12-09,9733.78,21508.0,21508.0,
2006-12-10,9724.565,22689.0,22689.0,
2006-12-11,9547.791666666666,23684.0,23684.0,
2006-12-12,10311.147083333331,23913.0,23913.0,
2006-12-13,10718.992916666668,23471.0,23471.0,
2006-12-14,11446.77625,23294.0,23294.0,
2006-12-15,11306.745833333334,23893.0,23893.0,
2006-12-16,11133.331666666669,24760.0,24760.0,
2006-12-17,10311.72125,25276.0,25276.0,
2006-12-18,10825.117916666666,25750.0,25750.0,
2006-12-19,10617.347083333334,26663.0,26663.0,
2006-12-20,10937.370833333334,27727.0,27727.0,
2006-12-21,10705.464166666668,28608.0,28608.0,
2006-12-22,9102.3425,29055.0,29055.0,
2006-12-23,10532.257083333334,29746.0,29746.0,
2006-12-24,10406.297916666666,30741.0,30714.0,
2006-12-25,8850.842916666666,30803.0,27871.0,
2006-12-26,10544.943333333336,32173.0,29510.0,
2006-12-27,12048.614166666666,31373.0,28946.0,
2006-12-28,11984.1,29235.0,26080.0,
2006-12-29,11966.154583333337,29012.0,25804.0,
2006-12-30,11246.41125,28264.0,24487.0,
2006-12-31,10065.607916666666,26437.0,22119.0,
2007-01-01,8994.9025,26716.0,22663.0,
2007-01-02,11223.31125,27130.0,26273.0,
2007-01-03,11675.100833333332,28276.0,28276.0,
2007-01-04,11332.009583333333,29471.0,29409.0,
2007-01-05,11436.46375,31197.0,30091.0,
2007-01-06,11727.090416666666,33438.0,32416.0,
2007-01-07,10766.778333333334,36284.0,34358.0,
2007-01-08,11790.7175,39222.0,37435.0,
2007-01-09,12030.070833333331,41761.0,38781.0,
2007-01-10,11834.459583333331,43509.0,39313.0,
2007-01-11,11823.3925,45047.0,40310.0,
2007-01-12,11783.632083333332,45743.0,39722.0,
2007-01-13,11143.218333333332,45883.0,37702.0,
2007-01-14,9514.095,45744.0,36050.0,
2007-01-15,11219.003750000002,45889.0,37270.0,
2007-01-16,11313.424166666666,45864.0,35144.0,
2007-01-17,11055.34875,46103.0,34815.0,
2007-01-18,11527.974166666669,46376.0,35716.0,
2007-01-19,11609.205833333332,46756.0,36199.0,
2007-01-20,11214.0325,47246.0,34741.0,
2007-01-21,9743.73875,47899.0,32454.0,
2007-01-22,10931.224166666669,48365.0,34601.0,
2007-01-23,11067.53625,48534.0,34943.0,
2007-01-24,11204.431666666664,48680.0,34326.0,
2007-01-25,11200.985,48002.0,32772.0,
2007-01-26,10915.93125,46901.0,32054.0,
2007-01-27,10848.4125,46172.0,29072.0,
2007-01-28,8755.9825,46136.0,27423.0,
2007-01-29,10517.566666666668,46152.0,30327.0,
2007-01-30,10992.288333333332,45676.0,28635.0,
2007-01-31,11046.91625,45556.0,28814.0,
2007-02-01,10610.325416666668,45747.0,28006.0,
2007-02-02,10586.065416666666,46033.0,28856.0,
2007-02-03,9927.279166666667,45913.0,28724.0,
2007-02-04,8115.329583333333,45615.0,24609.0,
2007-02-05,10290.2,45732.0,27914.0,
2007-02-06,10817.1775,45854.0,28889.0,
2007-02-07,10983.866666666669,45614.0,29036.0,
2007-02-08,10523.41375,44971.0,26923.0,
2007-02-09,10419.772916666669,44860.0,26462.0,
2007-02-10,10399.222083333332,44714.0,26537.0,
2007-02-11,8751.6775,44139.0,23471.0,
2007-02-12,10255.831666666669,43523.0,24647.0,
2007-02-13,10247.130416666669,43174.0,23786.0,
2007-02-14,10030.332083333333,43228.0,23995.0,
2007-02-15,10043.9875,43087.0,24189.0,
2007-02-16,10343.19375,42411.0,24367.0,
2007-02-17,9912.596666666666,41314.0,24056.0,
2007-02-18,9671.260416666666,40340.0,21344.0,
2007-02-19,9923.29375,39584.0,21312.0,
2007-02-20,9754.5575,38846.0,19846.0,
2007-02-21,10514.235833333334,38254.0,20035.0,
2007-02-22,11016.67375,37828.0,19974.0,
2007-02-23,11011.075,37281.0,19947.0,
2007-02-24,10941.454583333332,36690.0,18981.0,
2007-02-25,10300.664583333331,36039.0,16944.0,
2007-02-26,11021.640833333331,34991.0,17238.0,
2007-02-27,10844.4625,33693.0,15601.0,
2007-02-28,10957.467083333337,32598.0,15185.0,
2007-03-01,10897.45875,31505.0,13830.0,
2007-03-02,10957.185833333337,30400.0,12901.0,
2007-03-03,10419.232083333334,29451.0,12209.0,
2007-03-04,9395.763333333334,28825.0,10396.0,
2007-03-05,11016.562916666668,28349.0,12965.0,
2007-03-06,11050.080833333332,27954.0,13599.0,
2007-03-07,11021.089583333334,27372.0,14754.0,
2007-03-08,11179.46625,27018.0,16932.0,
2007-03-09,11324.005416666669,26784.0,19183.0,
2007-03-10,10786.902083333332,26048.0,19597.0,
2007-03-11,9684.8875,24593.0,17038.0,
2007-03-12,10976.819166666666,23688.0,18706.0,
2007-03-13,11648.13875,22499.0,19571.0,
2007-03-14,11972.155416666666,21673.0,20281.0,
2007-03-15,11928.8975,21374.0,20324.0,
2007-03-16,11813.932916666668,21432.0,20503.0,
2007-03-17,10593.198333333334,21934.0,19803.0,
2007-03-18,9844.644166666669,22532.0,19739.0,
2007-03-19,11640.238333333333,23446.0,22029.0,
2007-03-20,11486.798333333332,24532.0,23264.0,
2007-03-21,10932.055833333334,25827.0,23426.0,
2007-03-22,10741.600833333332,26360.0,23833.0,
2007-03-23,11232.79625,26363.0,24848.0,
2007-03-24,11165.64625,26392.0,24900.0,
2007-03-25,10205.438333333334,26713.0,24415.0,
2007-03-26,11528.634583333333,26579.0,26040.0,
2007-03-27,11905.014166666668,25824.0,25824.0,
2007-03-28,12049.936666666666,24610.0,24610.0,
2007-03-29,11994.05125,23432.0,23432.0,
2007-03-30,12042.948333333334,22275.0,22275.0,
2007-03-31,11486.984166666669,21265.0,21142.0,
2007-04-01,11138.26875,20410.0,20353.0,
2007-04-02,12097.941666666666,19623.0,19623.0,
2007-04-03,12054.7325,18805.0,18805.0,
2007-04-04,11758.466666666667,18116.0,18116.0,
2007-04-05,11468.105416666664,17566.0,17524.0,
2007-04-06,10701.807083333331,17275.0,17204.0,
2007-04-07,9939.969166666668,17055.0,17055.0,
2007-04-08,10291.993333333334,16879.0,16879.0,
2007-04-09,11149.09125,16828.0,16828.0,
2007-04-10,11477.262083333331,16822.0,16822.0,
2007-04-11,11972.52875,16855.0,16855.0,
2007-04-12,11767.63625,16977.0,16977.0,
2007-04-13,11910.355416666664,17095.0,17095.0,
2007-04-14,11691.345833333333,17189.0,17189.0,
2007-04-15,10867.152916666668,17243.0,17243.0,
2007-04-16,11632.1775,17108.0,17108.0,
2007-04-17,11811.785833333332,16905.0,16905.0,
2007-04-18,11947.905416666666,16675.0,16675.0,
2007-04-19,11958.027083333334,16423.0,16423.0,
2007-04-20,11407.078333333331,16159.0,16159.0,
2007-04-21,10300.852916666669,15903.0,15903.0,
2007-04-22,10445.647916666669,15742.0,15742.0,
2007-04-23,10773.987083333332,15772.0,15772.0,
2007-04-24,11082.282083333334,15968.0,15968.0,
2007-04-25,10544.10125,16332.0,16332.0,
2007-04-26,10815.707916666666,16697.0,16697.0,
2007-04-27,10427.994583333331,17429.0,16824.0,
2007-04-28,9098.64875,18870.0,14973.0,
2007-04-29,6318.807083333333,18131.0,10431.0,
2007-04-30,8914.459166666666,17772.0,14221.0,
2007-05-01,6652.485000000001,17294.0,13245.0,
2007-05-02,8875.719166666668,16719.0,15858.0,
2007-05-03,9516.087916666664,16153.0,16153.0,
2007-05-04,9684.596666666666,15723.0,15175.0,
2007-05-05,8588.204166666666,15399.0,12902.0,
2007-05-06,7798.14375,15082.0,12553.0,
2007-05-07,9461.102083333331,14821.0,14400.0,
2007-05-08,10342.67,14623.0,14623.0,
2007-05-09,10007.874583333332,14341.0,14231.0,
2007-05-10,9237.224583333336,14209.0,13939.0,
2007-05-11,10480.525416666667,14113.0,13274.0,
2007-05-12,9538.670416666666,14005.0,13224.0,
2007-05-13,7922.235416666666,13885.0,12516.0,
2007-05-14,9934.002916666666,13832.0,13433.0,
2007-05-15,10336.61875,13629.0,13274.0,
2007-05-16,10506.101666666667,13510.0,13510.0,
2007-05-17,9653.96125,13469.0,13187.0,
2007-05-18,9612.225416666666,13445.0,12776.0,
2007-05-19,9285.149583333334,13762.0,12625.0,
2007-05-20,7761.460416666666,14269.0,11412.0,
2007-05-21,9682.493333333334,14649.0,13515.0,
2007-05-22,10094.561666666666,14968.0,14251.0,
2007-05-23,9797.704166666666,15473.0,15473.0,
2007-05-24,9512.5975,16056.0,15141.0,
2007-05-25,9581.4625,16624.0,15037.0,
2007-05-26,8784.560833333333,17058.0,12410.0,
2007-05-27,8262.480416666667,17255.0,13058.0,
2007-05-28,9448.677916666666,17225.0,15209.0,
2007-05-29,9525.829166666666,17084.0,16185.0,
2007-05-30,9759.378333333332,16780.0,16345.0,
2007-05-31,9693.81625,16272.0,15543.0,
2007-06-01,10153.884583333334,15791.0,14857.0,
2007-06-02,9493.78625,15489.0,14832.0,
2007-06-03,8227.431666666665,15182.0,13793.0,
2007-06-04,9707.605833333331,14869.0,14344.0,
2007-06-05,10185.42125,14464.0,14464.0,
2007-06-06,9664.376666666669,14190.0,14190.0,
2007-06-07,7742.224999999999,13904.0,12833.0,
2007-06-08,8829.371666666666,13614.0,12315.0,
2007-06-09,8935.8175,13415.0,11946.0,
2007-06-10,7312.640833333334,13383.0,11313.0,
2007-06-11,9372.30875,13296.0,12792.0,
2007-06-12,10504.650833333331,13132.0,13132.0,
2007-06-13,10410.875416666668,12982.0,12982.0,
2007-06-14,10322.607916666666,12870.0,12870.0,
2007-06-15,9888.73375,12710.0,12710.0,
2007-06-16,9642.90125,12553.0,12553.0,
2007-06-17,9259.355833333331,12318.0,12318.0,
2007-06-18,9846.786666666669,12214.0,12214.0,
2007-06-19,10389.81,12090.0,12090.0,
2007-06-20,10445.65,11909.0,11909.0,
2007-06-21,10508.501666666669,11712.0,11712.0,
2007-06-22,10115.654583333331,11519.0,11519.0,
2007-06-23,10309.380833333336,11316.0,11316.0,
2007-06-24,9382.477916666669,11183.0,11183.0,
2007-06-25,10187.800416666669,11041.0,11041.0,
2007-06-26,9986.164166666667,10850.0,10850.0,
2007-06-27,10358.972083333332,10689.0,10689.0,
2007-06-28,10052.315416666666,10509.0,10509.0,
2007-06-29,9985.962916666664,10398.0,10398.0,
2007-06-30,9469.388333333334,10458.0,10458.0,
2007-07-01,9291.764166666666,10556.0,10556.0,
2007-07-02,9614.358333333334,10671.0,10671.0,
2007-07-03,9750.0975,10709.0,10709.0,
2007-07-04,9900.649166666666,10674.0,10674.0,
2007-07-05,9683.496666666666,10474.0,10474.0,
2007-07-06,9717.42875,10317.0,10317.0,
2007-07-07,9391.591666666667,10127.0,10127.0,
2007-07-08,9057.065,9896.0,9896.0,
2007-07-09,9514.425,9667.0,9667.0,
2007-07-10,10037.74875,9563.0,9563.0,
2007-07-11,10278.189166666669,9413.0,9413.0,
2007-07-12,10231.1075,9338.0,9338.0,
2007-07-13,9804.542916666667,9454.0,9454.0,
2007-07-14,9029.588333333331,9695.0,9695.0,
2007-07-15,8507.90125,10004.0,10004.0,
2007-07-16,9400.08,10120.0,10091.0,
2007-07-17,9380.48,10559.0,10518.0,
2007-07-18,9992.957916666666,11009.0,10990.0,
2007-07-19,10990.921666666669,11841.0,11841.0,
2007-07-20,11036.441250000002,12439.0,12439.0,
2007-07-21,10762.390833333331,12823.0,12823.0,
2007-07-22,9969.9325,13013.0,13013.0,
2007-07-23,10691.666666666666,13037.0,13034.0,
2007-07-24,11198.305,13144.0,13144.0,
2007-07-25,11641.179166666669,13426.0,13426.0,
2007-07-26,11163.15,14564.0,14564.0,
2007-07-27,11330.184583333334,15874.0,15874.0,
2007-07-28,11021.15375,17385.0,17300.0,
2007-07-29,10076.462083333334,18081.0,15853.0,
2007-07-30,11209.33375,17799.0,16302.0,
2007-07-31,11573.259583333333,17109.0,16666.0,
2007-08-01,11010.27125,16285.0,16285.0,
2007-08-02,11771.650833333331,15516.0,15516.0,
2007-08-03,12090.0875,15002.0,15002.0,
2007-08-04,9724.177916666666,14629.0,13725.0,
2007-08-05,9484.604583333334,14204.0,13618.0,
2007-08-06,10673.954583333334,13517.0,13437.0,
2007-08-07,11321.092916666666,12761.0,12761.0,
2007-08-08,11150.594583333334,12012.0,12012.0,
2007-08-09,11302.117083333333,11407.0,11407.0,
2007-08-10,10622.9275,10961.0,10961.0,
2007-08-11,9530.170833333334,10700.0,10700.0,
2007-08-12,9240.367083333333,10473.0,10473.0,
2007-08-13,10006.015833333331,10235.0,10235.0,
2007-08-14,10009.42375,9964.0,9824.0,
2007-08-15,9799.49125,9633.0,9476.0,
2007-08-16,9865.404166666664,9355.0,9326.0,
2007-08-17,9852.655,9130.0,9130.0,
2007-08-18,9526.54875,8959.0,8959.0,
2007-08-19,9157.915833333334,8930.0,8930.0,
2007-08-20,10004.351666666667,8921.0,8921.0,
2007-08-21,9774.995416666668,8835.0,8835.0,
2007-08-22,9483.70375,8638.0,8638.0,
2007-08-23,9631.805416666666,8421.0,8421.0,
2007-08-24,9726.361666666666,8200.0,8200.0,
2007-08-25,9120.977083333331,8053.0,8053.0,
2007-08-26,8914.494583333333,7967.0,7967.0,
2007-08-27,10052.832083333333,7957.0,7957.0,
2007-08-28,9878.993333333334,7950.0,7950.0,
2007-08-29,10153.307916666668,7969.0,7969.0,
2007-08-30,10069.425416666669,7964.0,7964.0,
2007-08-31,10100.027083333332,7995.0,7995.0,
2007-09-01,9834.763333333334,8069.0,8069.0,
2007-09-02,9778.17875,8138.0,8138.0,
2007-09-03,10762.729583333334,8164.0,8164.0,
2007-09-04,10857.845,8097.0,8097.0,
2007-09-05,10643.650416666667,7923.0,7923.0,
2007-09-06,10167.299583333332,7703.0,7703.0,
2007-09-07,9694.391666666666,7553.0,7553.0,
2007-09-08,9365.795416666666,7332.0,7332.0,
2007-09-09,9536.35,7224.0,7224.0,
2007-09-10,10297.93875,7114.0,7114.0,
2007-09-11,10387.474583333333,7026.0,7026.0,
2007-09-12,10136.3025,6970.0,6970.0,
2007-09-13,10166.037916666666,6964.0,6964.0,
2007-09-14,10388.75,6945.0,6945.0,
2007-09-15,9820.21,7021.0,7021.0,
2007-09-16,9708.704583333334,7028.0,7028.0,
2007-09-17,10260.91625,6962.0,6962.0,
2007-09-18,10444.778333333334,6880.0,6880.0,
2007-09-19,10676.660416666668,6725.0,6725.0,
2007-09-20,11070.89,6480.0,6480.0,
2007-09-21,11575.97875,6306.0,6306.0,
2007-09-22,10838.162916666666,6143.0,6143.0,
2007-09-23,10297.718333333332,6053.0,6053.0,
2007-09-24,11009.685,6097.0,6026.0,
2007-09-25,10879.74125,6287.0,6128.0,
2007-09-26,10856.83875,6390.0,6206.0,
2007-09-27,10997.471666666666,6515.0,6474.0,
2007-09-28,10882.530416666666,6651.0,6651.0,
2007-09-29,10294.8825,6808.0,6808.0,
2007-09-30,9462.547916666666,6877.0,6599.0,
2007-10-01,10342.857916666666,6950.0,6846.0,
2007-10-02,10073.767083333334,6941.0,6941.0,
2007-10-03,10262.865416666666,6861.0,6861.0,
2007-10-04,10187.449166666667,6768.0,6768.0,
2007-10-05,10233.164583333331,6687.0,6426.0,
2007-10-06,9887.27375,6624.0,6624.0,
2007-10-07,9610.44,6558.0,6558.0,
2007-10-08,10155.1875,6471.0,6471.0,
2007-10-09,9886.537083333336,6264.0,6264.0,
2007-10-10,9967.85625,6014.0,6014.0,
2007-10-11,9925.393333333332,5721.0,5721.0,
2007-10-12,9377.491666666669,5556.0,5556.0,
2007-10-13,8881.304583333333,5636.0,5636.0,
2007-10-14,9352.745652173911,5705.0,5705.0,
2007-10-15,9753.923333333334,5754.0,5754.0,
2007-10-16,9898.928333333331,5831.0,5363.0,
2007-10-17,10422.739583333334,5872.0,5872.0,
2007-10-18,10589.022916666669,5886.0,5886.0,
2007-10-19,10226.342916666666,5979.0,5979.0,
2007-10-20,9976.175833333333,6125.0,6125.0,
2007-10-21,9335.49125,6456.0,6313.0,
2007-10-22,10695.60875,6715.0,6715.0,
2007-10-23,9992.330833333332,6959.0,6959.0,
2007-10-24,10979.198333333334,7154.0,7154.0,
2007-10-25,10639.097916666668,7468.0,7468.0,
2007-10-26,10552.325833333334,7756.0,7756.0,
2007-10-27,10027.878333333332,8130.0,8130.0,
2007-10-28,9569.0375,8388.0,8388.0,
2007-10-29,10728.448333333334,8657.0,8657.0,
2007-10-30,11198.697916666666,8853.0,8853.0,
2007-10-31,11263.584583333335,8934.0,8934.0,
2007-11-01,10852.923333333334,8913.0,8913.0,
2007-11-02,10357.474166666669,8963.0,8963.0,
2007-11-03,9481.745,9065.0,9065.0,
2007-11-04,9348.989166666666,9254.0,9254.0,
2007-11-05,10075.895416666666,9553.0,9553.0,
2007-11-06,10791.955416666666,9804.0,9804.0,
2007-11-07,11050.553333333335,10193.0,10193.0,
2007-11-08,11001.7275,10589.0,10589.0,
2007-11-09,9907.498333333331,10966.0,10966.0,
2007-11-10,9449.34125,11588.0,11588.0,
2007-11-11,9231.102916666669,12451.0,12451.0,
2007-11-12,9990.195,13556.0,13556.0,
2007-11-13,11209.659999999998,14860.0,14860.0,
2007-11-14,11289.175416666669,16165.0,16165.0,
2007-11-15,10240.1025,16267.0,16267.0,
2007-11-16,10638.565,15593.0,15593.0,
2007-11-17,10540.520416666666,14852.0,14852.0,
2007-11-18,9714.883333333331,14400.0,13686.0,
2007-11-19,11300.42875,14050.0,14050.0,
2007-11-20,11545.4475,13719.0,13719.0,
2007-11-21,11259.556666666664,13271.0,13271.0,
2007-11-22,11613.985,12717.0,12717.0,
2007-11-23,11800.287083333336,12039.0,12039.0,
2007-11-24,11113.364166666666,11451.0,11451.0,
2007-11-25,9853.235833333334,10936.0,10079.0,
2007-11-26,11671.024583333334,10494.0,10494.0,
2007-11-27,11335.16625,10094.0,10094.0,
2007-11-28,11368.86125,9848.0,9848.0,
2007-11-29,11315.630416666669,9597.0,9597.0,
2007-11-30,10575.57625,9349.0,9349.0,
2007-12-01,9584.908333333333,9088.0,9088.0,
2007-12-02,9064.700416666668,8910.0,8910.0,
2007-12-03,9541.561666666666,8922.0,8922.0,
2007-12-04,10059.849166666669,8902.0,8902.0,
2007-12-05,9974.255,8870.0,8870.0,
2007-12-06,10687.385833333334,8828.0,8828.0,
2007-12-07,10714.363333333333,8774.0,8774.0,
2007-12-08,10178.517083333334,9280.0,9280.0,
2007-12-09,10186.485416666666,9963.0,9963.0,
2007-12-10,11076.854583333334,10612.0,10612.0,
2007-12-11,11693.142083333332,11327.0,11327.0,
2007-12-12,11468.517916666666,11822.0,11822.0,
2007-12-13,11509.952083333332,12396.0,12396.0,
2007-12-14,11313.805416666668,12978.0,12978.0,
2007-12-15,10805.187916666668,13375.0,13375.0,
2007-12-16,10306.867916666666,13665.0,13665.0,
2007-12-17,11499.482916666668,14121.0,14121.0,
2007-12-18,11346.355833333331,14447.0,14447.0,
2007-12-19,11447.597083333334,14258.0,14258.0,
2007-12-20,11611.3525,14176.0,14176.0,
2007-12-21,11396.318333333336,14342.0,14342.0,
2007-12-22,10681.92875,14946.0,14946.0,
2007-12-23,10278.456666666669,15737.0,15737.0,
2007-12-24,9864.6775,16326.0,16326.0,
2007-12-25,9593.019583333333,16738.0,16738.0,
2007-12-26,10249.347083333332,17056.0,17056.0,
2007-12-27,9722.109583333331,17452.0,17452.0,
2007-12-28,9561.140833333331,17723.0,17723.0,
2007-12-29,8528.424583333333,17763.0,17763.0,
2007-12-30,8418.070416666667,17440.0,17440.0,
2007-12-31,9415.706666666669,16850.0,16850.0,
2008-01-01,8757.140833333333,16134.0,16134.0,
2008-01-02,9852.631666666666,14971.0,14971.0,
2008-01-03,10032.9175,13903.0,13903.0,
2008-01-04,10957.351666666667,13192.0,13192.0,
2008-01-05,10071.265833333331,12777.0,12777.0,
2008-01-06,10085.032083333334,12557.0,12557.0,
2008-01-07,10684.187083333332,12441.0,12441.0,
2008-01-08,11430.360833333332,12392.0,12392.0,
2008-01-09,11198.869166666664,12319.0,12319.0,
2008-01-10,10992.940416666666,12279.0,12279.0,
2008-01-11,11031.495,12303.0,12303.0,
2008-01-12,9987.869583333331,12528.0,12528.0,
2008-01-13,9654.555,12894.0,12894.0,
2008-01-14,10731.39375,13405.0,13405.0,
2008-01-15,11719.690833333334,14030.0,14030.0,
2008-01-16,11428.7125,14892.0,14892.0,
2008-01-17,11686.55125,15804.0,15804.0,
2008-01-18,11831.928333333335,16569.0,16569.0,
2008-01-19,11660.553333333335,17152.0,17152.0,
2008-01-20,10946.530833333332,17372.0,17372.0,
2008-01-21,11562.53625,18095.0,18095.0,
2008-01-22,11854.6975,18811.0,18811.0,
2008-01-23,11447.44375,19800.0,19800.0,
2008-01-24,10758.841666666667,21133.0,21133.0,
2008-01-25,10369.268333333332,22025.0,22025.0,
2008-01-26,9733.242083333333,22509.0,22509.0,
2008-01-27,9404.99625,23057.0,23057.0,
2008-01-28,10073.405833333332,23953.0,23953.0,
2008-01-29,11039.120833333334,24849.0,24849.0,
2008-01-30,11385.079166666668,26394.0,26394.0,
2008-01-31,11039.255416666669,27975.0,27975.0,
2008-02-01,10364.517916666666,29107.0,29107.0,
2008-02-02,9333.983333333334,29804.0,29804.0,
2008-02-03,8689.112083333333,30081.0,30081.0,
2008-02-04,9014.128333333332,30472.0,30472.0,
2008-02-05,8898.164583333333,30764.0,30764.0,
2008-02-06,9341.447083333333,30906.0,30906.0,
2008-02-07,10236.313333333334,30711.0,30711.0,
2008-02-08,10346.835,30673.0,30673.0,
2008-02-09,9632.44,31071.0,31071.0,
2008-02-10,9242.856666666668,31730.0,31730.0,
2008-02-11,10165.90875,32080.0,32080.0,
2008-02-12,11004.353333333333,31865.0,31865.0,
2008-02-13,10633.62625,31385.0,31385.0,
2008-02-14,11111.317083333332,30786.0,30786.0,
2008-02-15,10723.846666666666,30055.0,30055.0,
2008-02-16,10020.700833333334,28906.0,28906.0,
2008-02-17,9945.49125,27616.0,27616.0,
2008-02-18,11170.979583333334,26313.0,26313.0,
2008-02-19,11479.370416666668,25322.0,25322.0,
2008-02-20,11457.989166666666,24530.0,24530.0,
2008-02-21,11086.871666666666,23966.0,23966.0,
2008-02-22,10731.643333333332,23911.0,23911.0,
2008-02-23,10395.0425,24292.0,24292.0,
2008-02-24,9875.57875,24696.0,24696.0,
2008-02-25,11191.3975,25241.0,25241.0,
2008-02-26,11472.632083333332,25851.0,25851.0,
2008-02-27,11496.20125,26946.0,26946.0,
2008-02-28,11679.107083333334,28229.0,28229.0,
2008-02-29,11149.80125,29064.0,29064.0,
2008-03-01,10389.123333333331,29371.0,29371.0,
2008-03-02,10064.16125,29442.0,29442.0,
2008-03-03,11042.050833333333,29361.0,29361.0,
2008-03-04,11784.986666666666,28970.0,28970.0,
2008-03-05,11815.602916666669,28296.0,28296.0,
2008-03-06,11891.557083333331,27453.0,27453.0,
2008-03-07,11551.1025,26478.0,26478.0,
2008-03-08,11147.585416666669,25415.0,25415.0,
2008-03-09,10686.858333333334,24599.0,24539.0,
2008-03-10,11242.753333333334,24153.0,24153.0,
2008-03-11,12021.682916666668,24166.0,24166.0,
2008-03-12,11722.365416666667,24335.0,24335.0,
2008-03-13,11606.3925,24630.0,24630.0,
2008-03-14,11434.2575,25176.0,25091.0,
2008-03-15,10804.445833333331,26229.0,25596.0,
2008-03-16,9622.77375,27281.0,26285.0,
2008-03-17,10738.994166666664,28194.0,27274.0,
2008-03-18,11408.6875,28883.0,28270.0,
2008-03-19,11350.284583333334,29884.0,29465.0,
2008-03-20,11042.645833333334,30859.0,30452.0,
2008-03-21,9723.195833333331,31886.0,30415.0,
2008-03-22,10462.565,32877.0,31649.0,
2008-03-23,9724.274166666666,33720.0,32493.0,
2008-03-24,10973.0575,34169.0,31926.0,
2008-03-25,11714.182916666668,33971.0,32345.0,
2008-03-26,11659.37,33208.0,31576.0,
2008-03-27,11719.772083333335,31997.0,30730.0,
2008-03-28,11573.698333333334,30561.0,29431.0,
2008-03-29,11852.875833333334,28926.0,26602.0,
2008-03-30,9642.442083333332,27188.0,22899.0,
2008-03-31,11440.02125,25575.0,23943.0,
2008-04-01,11624.910416666666,24299.0,23517.0,
2008-04-02,11633.721666666666,23384.0,22395.0,
2008-04-03,11748.186666666666,22608.0,20941.0,
2008-04-04,11518.54625,21958.0,20077.0,
2008-04-05,11831.399166666668,21474.0,19999.0,
2008-04-06,9261.215416666666,21196.0,15828.0,
2008-04-07,10745.745416666668,21116.0,17756.0,
2008-04-08,11459.100416666668,21231.0,18862.0,
2008-04-09,11381.706666666669,21603.0,19862.0,
2008-04-10,11565.363333333333,21960.0,20819.0,
2008-04-11,11663.5125,22416.0,21067.0,
2008-04-12,10799.7825,22937.0,20428.0,
2008-04-13,9725.959166666666,23635.0,19665.0,
2008-04-14,11337.628333333334,24154.0,21959.0,
2008-04-15,11595.89375,24596.0,23098.0,
2008-04-16,11060.937083333332,24882.0,20776.0,
2008-04-17,11303.388333333334,25317.0,20143.0,
2008-04-18,11602.944166666666,25649.0,19883.0,
2008-04-19,10169.2375,25763.0,18601.0,
2008-04-20,9712.801666666666,25843.0,17692.0,
2008-04-21,9939.640833333331,26063.0,17307.0,
2008-04-22,11427.420833333332,26320.0,19891.0,
2008-04-23,11537.305416666668,26364.0,20580.0,
2008-04-24,11670.906666666668,26145.0,19304.0,
2008-04-25,11639.318333333336,25686.0,19410.0,
2008-04-26,11126.942916666669,25202.0,18751.0,
2008-04-27,10457.36125,24559.0,17018.0,
2008-04-28,11808.3725,23782.0,19049.0,
2008-04-29,11896.860833333332,22989.0,18738.0,
2008-04-30,11720.2125,22296.0,18349.0,
2008-05-01,10494.104166666666,21861.0,17225.0,
2008-05-02,11453.2275,21478.0,18003.0,
2008-05-03,10721.399166666666,21903.0,18451.0,
2008-05-04,9834.817083333332,22299.0,17792.0,
2008-05-05,11325.755833333336,22627.0,20878.0,
2008-05-06,11266.865,23067.0,21861.0,
2008-05-07,11231.853333333333,23426.0,21830.0,
2008-05-08,11185.517916666666,22650.0,21815.0,
2008-05-09,11166.797083333331,21674.0,21389.0,
2008-05-10,9791.724583333333,20815.0,19057.0,
2008-05-11,8884.956250000001,20161.0,17511.0,
2008-05-12,11321.817916666669,19601.0,19040.0,
2008-05-13,11255.4075,18986.0,18137.0,
2008-05-14,11589.320833333331,18305.0,18182.0,
2008-05-15,12000.805,17645.0,17621.0,
2008-05-16,11947.96,17024.0,17024.0,
2008-05-17,10270.302083333334,16497.0,16497.0,
2008-05-18,11036.55,16207.0,16207.0,
2008-05-19,11751.40875,16043.0,16043.0,
2008-05-20,11831.191666666666,15934.0,15934.0,
2008-05-21,12270.447083333333,15681.0,15681.0,
2008-05-22,11685.2375,15407.0,15407.0,
2008-05-23,11623.9,15236.0,15236.0,
2008-05-24,10787.77125,15073.0,15073.0,
2008-05-25,10152.839583333332,14830.0,14830.0,
2008-05-26,10696.682916666668,14658.0,14658.0,
2008-05-27,10725.71125,14401.0,14401.0,
2008-05-28,10977.666666666666,14263.0,14263.0,
2008-05-29,10619.733333333334,14186.0,14186.0,
2008-05-30,10459.154166666667,14222.0,14222.0,
2008-05-31,9913.487083333332,14440.0,14440.0,
2008-06-01,9795.309166666668,14793.0,14793.0,
2008-06-02,10607.48375,15220.0,15220.0,
2008-06-03,11671.734166666669,15613.0,15613.0,
2008-06-04,11720.705,15823.0,15823.0,
2008-06-05,12070.46125,15905.0,15905.0,
2008-06-06,12116.50125,15848.0,15848.0,
2008-06-07,11051.430833333334,15705.0,15705.0,
2008-06-08,11033.9525,15506.0,15506.0,
2008-06-09,11635.638333333334,15374.0,15170.0,
2008-06-10,12025.282916666663,15284.0,15034.0,
2008-06-11,12065.820833333331,15244.0,14980.0,
2008-06-12,11688.880833333336,15104.0,15030.0,
2008-06-13,11288.092916666666,14941.0,14941.0,
2008-06-14,10996.012083333331,14834.0,14834.0,
2008-06-15,10750.188333333334,14744.0,14744.0,
2008-06-16,11542.635416666666,14599.0,14599.0,
2008-06-17,11770.852083333331,14325.0,14325.0,
2008-06-18,11961.64,14091.0,14091.0,
2008-06-19,11826.897916666669,13846.0,13846.0,
2008-06-20,11422.484166666669,13594.0,13594.0,
2008-06-21,11323.27125,13243.0,13243.0,
2008-06-22,10723.040833333333,13010.0,13010.0,
2008-06-23,11507.73625,12885.0,12866.0,
2008-06-24,11512.399583333334,12830.0,12776.0,
2008-06-25,11707.317083333332,12795.0,12749.0,
2008-06-26,11379.034166666666,12783.0,12781.0,
2008-06-27,11021.962083333334,12804.0,12804.0,
2008-06-28,10294.881666666666,12833.0,12833.0,
2008-06-29,9985.905,12822.0,12822.0,
2008-06-30,10796.310416666667,12794.0,12794.0,
2008-07-01,11066.585416666669,12749.0,12749.0,
2008-07-02,10943.160000000002,12571.0,12571.0,
2008-07-03,11041.123333333337,12498.0,12498.0,
2008-07-04,10930.644583333333,12448.0,12448.0,
2008-07-05,10230.81625,12293.0,12293.0,
2008-07-06,9817.000416666668,12156.0,12156.0,
2008-07-07,10547.504583333332,12033.0,12033.0,
2008-07-08,10426.727916666669,11832.0,11832.0,
2008-07-09,9843.422916666666,11724.0,11724.0,
2008-07-10,9815.266666666666,11477.0,11477.0,
2008-07-11,9547.143333333332,11210.0,11210.0,
2008-07-12,9267.915416666669,10990.0,10990.0,
2008-07-13,9587.819583333334,10766.0,10766.0,
2008-07-14,10461.744166666664,10529.0,10529.0,
2008-07-15,11088.126666666663,10359.0,10326.0,
2008-07-16,10756.099583333336,10245.0,10245.0,
2008-07-17,10872.265416666669,10173.0,10173.0,
2008-07-18,10028.502083333333,10036.0,10036.0,
2008-07-19,9395.289166666667,9981.0,9981.0,
2008-07-20,9876.843333333332,9908.0,9908.0,
2008-07-21,10396.311666666666,9894.0,9894.0,
2008-07-22,10792.823333333334,9920.0,9920.0,
2008-07-23,10952.22625,10009.0,10009.0,
2008-07-24,11043.644583333336,10187.0,10187.0,
2008-07-25,10852.37375,10580.0,10580.0,
2008-07-26,10183.789166666667,11002.0,11002.0,
2008-07-27,9426.099583333336,11341.0,11341.0,
2008-07-28,10366.045833333334,11452.0,11452.0,
2008-07-29,11340.585416666669,11366.0,11366.0,
2008-07-30,11357.569583333332,11058.0,11058.0,
2008-07-31,12015.16875,10624.0,10624.0,
2008-08-01,12046.182083333331,10282.0,10282.0,
2008-08-02,11595.53625,10088.0,10088.0,
2008-08-03,11171.397083333335,10013.0,10013.0,
2008-08-04,11653.0125,10150.0,10150.0,
2008-08-05,11814.180833333334,10432.0,10432.0,
2008-08-06,12058.932083333331,10988.0,10988.0,
2008-08-07,12177.979166666666,11651.0,11651.0,
2008-08-08,11951.455833333332,12433.0,12433.0,
2008-08-09,11726.26375,13202.0,13202.0,
2008-08-10,10748.415416666669,14320.0,13497.0,
2008-08-11,11770.33125,15435.0,13726.0,
2008-08-12,12289.73125,16825.0,15328.0,
2008-08-13,12204.2175,16502.0,15755.0,
2008-08-14,12008.907083333334,15359.0,13873.0,
2008-08-15,12205.414166666667,14830.0,12259.0,
2008-08-16,12092.017083333332,15473.0,12544.0,
2008-08-17,11989.99,16747.0,13732.0,
2008-08-18,12069.452083333332,18006.0,14614.0,
2008-08-19,12081.47125,17783.0,15426.0,
2008-08-20,11950.756666666666,15953.0,13882.0,
2008-08-21,12291.247083333334,14004.0,13309.0,
2008-08-22,12461.10375,12777.0,12777.0,
2008-08-23,12054.465833333334,11946.0,11946.0,
2008-08-24,11500.152499999998,11334.0,11334.0,
2008-08-25,11760.627916666666,10876.0,10876.0,
2008-08-26,11913.441666666666,10467.0,10467.0,
2008-08-27,12124.054583333333,10165.0,10165.0,
2008-08-28,11499.522083333335,9901.0,9901.0,
2008-08-29,10755.217083333331,9607.0,9607.0,
2008-08-30,10368.348333333332,9320.0,9320.0,
2008-08-31,10017.54125,9083.0,9083.0,
2008-09-01,10547.284166666666,8943.0,8943.0,
2008-09-02,11158.222083333334,8806.0,8806.0,
2008-09-03,11350.530416666666,8684.0,8684.0,
2008-09-04,10653.38375,8585.0,8585.0,
2008-09-05,11211.57875,8507.0,8507.0,
2008-09-06,10731.629166666668,8437.0,8437.0,
2008-09-07,10553.60875,8342.0,8342.0,
2008-09-08,11030.205416666666,8247.0,8189.0,
2008-09-09,10626.877083333333,8220.0,8044.0,
2008-09-10,10825.585416666669,8179.0,8042.0,
2008-09-11,10725.135416666666,8060.0,8060.0,
2008-09-12,10706.81,8002.0,8002.0,
2008-09-13,9828.337916666664,7967.0,7967.0,
2008-09-14,9385.18,7939.0,7939.0,
2008-09-15,9906.293333333331,7999.0,7999.0,
2008-09-16,9745.267083333334,8002.0,8002.0,
2008-09-17,10034.260833333334,8051.0,8051.0,
2008-09-18,10223.995416666668,8115.0,8115.0,
2008-09-19,9669.947083333334,8179.0,8179.0,
2008-09-20,9616.068333333333,8213.0,8213.0,
2008-09-21,9597.55125,8267.0,8267.0,
2008-09-22,9835.795833333334,8319.0,8319.0,
2008-09-23,10179.769583333333,8456.0,8456.0,
2008-09-24,9879.853333333334,8597.0,8597.0,
2008-09-25,10012.85375,8704.0,8704.0,
2008-09-26,9642.590833333334,8781.0,8781.0,
2008-09-27,9043.933333333332,8812.0,8812.0,
2008-09-28,9212.969583333334,8870.0,8870.0,
2008-09-29,9578.385,8928.0,8928.0,
2008-09-30,10575.375833333334,9095.0,9095.0,
2008-10-01,11331.66875,9435.0,9435.0,
2008-10-02,11488.733333333332,10020.0,10020.0,
2008-10-03,11293.694166666666,10915.0,10915.0,
2008-10-04,10465.874583333332,11953.0,11953.0,
2008-10-05,9729.002916666666,13746.0,13746.0,
2008-10-06,10629.07375,15458.0,15186.0,
2008-10-07,11593.515416666669,16143.0,16143.0,
2008-10-08,12033.765416666669,15737.0,15737.0,
2008-10-09,12015.5825,15673.0,15673.0,
2008-10-10,11899.124166666666,15066.0,15066.0,
2008-10-11,12076.688333333334,14069.0,14069.0,
2008-10-12,11371.37,13129.0,13129.0,
2008-10-13,11809.150416666664,12310.0,12310.0,
2008-10-14,11854.34375,11665.0,11665.0,
2008-10-15,12332.817916666669,11152.0,11152.0,
2008-10-16,11569.28125,10751.0,10751.0,
2008-10-17,11510.29625,10400.0,10400.0,
2008-10-18,10889.584166666666,10066.0,10066.0,
2008-10-19,10251.519565217392,9826.0,9826.0,
2008-10-20,10929.866666666669,9643.0,9643.0,
2008-10-21,10409.271666666667,9555.0,9555.0,
2008-10-22,10576.3925,9540.0,9540.0,
2008-10-23,10952.667083333334,9579.0,9579.0,
2008-10-24,10695.369583333331,9596.0,9596.0,
2008-10-25,10194.890833333331,9652.0,9652.0,
2008-10-26,9776.32875,9716.0,9716.0,
2008-10-27,10617.2575,9766.0,9766.0,
2008-10-28,10893.505,9840.0,9840.0,
2008-10-29,11048.814583333333,9944.0,9944.0,
2008-10-30,10807.941666666668,10058.0,10058.0,
2008-10-31,10145.619166666667,10254.0,10254.0,
2008-11-01,9412.969583333334,10642.0,9629.0,
2008-11-02,8235.331250000001,11047.0,8244.0,
2008-11-03,10143.93375,11555.0,10721.0,
2008-11-04,10593.595416666669,12225.0,12225.0,
2008-11-05,10846.244583333331,12572.0,12572.0,
2008-11-06,9931.451666666666,13681.0,13681.0,
2008-11-07,10330.706666666669,13592.0,12519.0,
2008-11-08,10760.444583333332,13318.0,11664.0,
2008-11-09,10021.28375,14163.0,11614.0,
2008-11-10,10674.404166666667,14298.0,13009.0,
2008-11-11,10749.657083333334,14549.0,14045.0,
2008-11-12,10796.21,13993.0,12813.0,
2008-11-13,10652.129166666668,14021.0,12428.0,
2008-11-14,10497.12,14097.0,11990.0,
2008-11-15,10182.08375,14076.0,12051.0,
2008-11-16,9051.103333333334,14043.0,11517.0,
2008-11-17,10382.609166666669,13921.0,13544.0,
2008-11-18,10452.689583333333,13799.0,13799.0,
2008-11-19,10233.402083333332,13607.0,13125.0,
2008-11-20,10403.39375,13394.0,12908.0,
2008-11-21,10297.624583333332,13102.0,12925.0,
2008-11-22,10115.6625,12739.0,12471.0,
2008-11-23,8680.546666666667,12476.0,11777.0,
2008-11-24,10038.233333333334,12313.0,12313.0,
2008-11-25,10074.302916666666,12071.0,12071.0,
2008-11-26,10732.150416666667,11686.0,11686.0,
2008-11-27,10880.506666666666,11203.0,11203.0,
2008-11-28,10646.189583333333,10660.0,10660.0,
2008-11-29,10980.730416666667,10117.0,10117.0,
2008-11-30,10082.3725,9677.0,9677.0,
2008-12-01,10359.7675,9349.0,9349.0,
2008-12-02,11252.400833333331,9226.0,9226.0,
2008-12-03,11080.731666666668,9278.0,9278.0,
2008-12-04,10597.6225,9407.0,9407.0,
2008-12-05,10986.214999999998,9531.0,9531.0,
2008-12-06,10710.249166666666,9640.0,9640.0,
2008-12-07,9758.94,9707.0,9707.0,
2008-12-08,10571.411666666669,9726.0,9726.0,
2008-12-09,11495.034583333334,9688.0,9688.0,
2008-12-10,11083.266666666668,9623.0,9623.0,
2008-12-11,11267.324583333331,9545.0,9545.0,
2008-12-12,10707.017916666666,9512.0,9512.0,
2008-12-13,10049.884166666669,9519.0,9519.0,
2008-12-14,9581.549166666666,9643.0,9643.0,
2008-12-15,10461.511666666667,9909.0,9909.0,
2008-12-16,10108.95375,10379.0,10379.0,
2008-12-17,10095.297083333331,11261.0,11261.0,
2008-12-18,10131.058333333332,12048.0,12048.0,
2008-12-19,9822.719166666668,12878.0,12878.0,
2008-12-20,9237.015833333331,13908.0,13908.0,
2008-12-21,8787.5425,15152.0,15152.0,
2008-12-22,9361.634583333334,16260.0,16260.0,
2008-12-23,8830.34125,16937.0,16937.0,
2008-12-24,8885.994583333333,17287.0,17287.0,
2008-12-25,9054.183333333332,17589.0,17589.0,
2008-12-26,8875.640416666667,17964.0,17964.0,
2008-12-27,8418.475833333332,18220.0,18220.0,
2008-12-28,8426.497916666667,18451.0,18451.0,
2008-12-29,8815.134166666667,19171.0,19171.0,
2008-12-30,8886.909583333334,20143.0,20143.0,
2008-12-31,8889.349166666667,20839.0,20839.0,
2009-01-01,8667.779166666667,21512.0,21512.0,
2009-01-02,8316.04875,22390.0,22390.0,
2009-01-03,7638.396250000001,23258.0,23258.0,
2009-01-04,7483.586666666666,23539.0,23539.0,
2009-01-05,7709.865416666667,23542.0,23542.0,
2009-01-06,8863.364583333334,23390.0,23390.0,
2009-01-07,9728.669166666668,22949.0,22949.0,
2009-01-08,10173.984583333331,22278.0,22278.0,
2009-01-09,10409.34125,21555.0,21555.0,
2009-01-10,9918.44875,20881.0,20881.0,
2009-01-11,9044.670833333334,20198.0,20198.0,
2009-01-12,9306.72125,19534.0,19534.0,
2009-01-13,9207.730416666667,18807.0,18807.0,
2009-01-14,9684.07875,18095.0,18095.0,
2009-01-15,9948.299583333332,17484.0,17484.0,
2009-01-16,10312.86125,16977.0,16977.0,
2009-01-17,10540.695,16627.0,16627.0,
2009-01-18,10517.439583333333,16543.0,16543.0,
2009-01-19,10286.256666666666,16812.0,16812.0,
2009-01-20,10583.760416666666,17607.0,17607.0,
2009-01-21,10520.757083333334,18706.0,18706.0,
2009-01-22,10673.374583333332,19596.0,19596.0,
2009-01-23,10656.34375,20300.0,20300.0,
2009-01-24,10747.579583333334,20957.0,20957.0,
2009-01-25,10113.86875,21753.0,21753.0,
2009-01-26,9502.442083333332,22532.0,22532.0,
2009-01-27,9566.084166666666,23486.0,23486.0,
2009-01-28,9854.685416666667,25078.0,25078.0,
2009-01-29,10009.920833333334,27130.0,27130.0,
2009-01-30,10319.545833333334,28813.0,28813.0,
2009-01-31,10390.709166666666,30242.0,30242.0,
2009-02-01,9790.952916666669,31435.0,31435.0,
2009-02-02,9922.452916666669,32515.0,32515.0,
2009-02-03,10422.980833333331,32777.0,32777.0,
2009-02-04,10617.361666666666,32155.0,32155.0,
2009-02-05,10713.35,31158.0,31158.0,
2009-02-06,10799.72625,30108.0,30108.0,
2009-02-07,10789.098333333332,29076.0,29076.0,
2009-02-08,10321.816666666668,28173.0,28173.0,
2009-02-09,10486.7,27613.0,27613.0,
2009-02-10,10506.41375,27144.0,27144.0,
2009-02-11,10262.682916666668,26729.0,26729.0,
2009-02-12,10654.869166666664,26343.0,26343.0,
2009-02-13,10677.952916666669,26616.0,26616.0,
2009-02-14,10259.478333333334,26935.0,26935.0,
2009-02-15,10288.937083333332,27400.0,27400.0,
2009-02-16,10969.047083333331,27861.0,27861.0,
2009-02-17,11460.804583333333,28479.0,28420.0,
2009-02-18,11427.825833333334,29078.0,28742.0,
2009-02-19,11796.16625,29922.0,29248.0,
2009-02-20,11719.275416666664,31128.0,29847.0,
2009-02-21,11212.13125,32306.0,31061.0,
2009-02-22,10742.9125,32361.0,31071.0,
2009-02-23,10905.876666666669,31321.0,29689.0,
2009-02-24,11171.050416666669,29759.0,28385.0,
2009-02-25,11445.791666666666,28521.0,26887.0,
2009-02-26,11692.97875,27473.0,25088.0,
2009-02-27,11853.339583333334,26466.0,23316.0,
2009-02-28,10712.135833333334,25660.0,21727.0,
2009-03-01,9526.095416666669,24981.0,19282.0,
2009-03-02,11218.250416666668,24502.0,20220.0,
2009-03-03,11986.339999999998,23998.0,21431.0,
2009-03-04,12209.675,23169.0,21368.0,
2009-03-05,12393.003333333334,22070.0,21915.0,
2009-03-06,12301.418333333331,20961.0,20961.0,
2009-03-07,12419.477916666665,19913.0,19913.0,
2009-03-08,11626.93875,19046.0,19046.0,
2009-03-09,12148.587083333334,18408.0,18408.0,
2009-03-10,12325.872083333334,17988.0,17988.0,
2009-03-11,12358.884583333333,17860.0,17860.0,
2009-03-12,12453.895,17999.0,17999.0,
2009-03-13,12057.559166666666,18457.0,18457.0,
2009-03-14,11470.54625,19112.0,19112.0,
2009-03-15,10699.23875,19844.0,19844.0,
2009-03-16,11066.94,20487.0,20487.0,
2009-03-17,11270.934583333334,20979.0,20979.0,
2009-03-18,11475.687916666668,21202.0,21202.0,
2009-03-19,10904.162916666666,21454.0,21454.0,
2009-03-20,10747.529166666667,21564.0,21564.0,
2009-03-21,10806.419583333334,21564.0,21564.0,
2009-03-22,10165.26125,21384.0,21384.0,
2009-03-23,11111.911666666669,21177.0,20516.0,
2009-03-24,11395.607083333334,20932.0,19137.0,
2009-03-25,11429.55,20898.0,19169.0,
2009-03-26,11586.57875,20904.0,19958.0,
2009-03-27,11300.743333333334,21110.0,20434.0,
2009-03-28,10927.584583333331,21381.0,19625.0,
2009-03-29,10606.585416666669,21663.0,19475.0,
2009-03-30,11646.246666666666,21939.0,19936.0,
2009-03-31,11801.590416666666,22477.0,20266.0,
2009-04-01,11894.89625,23069.0,20888.0,
2009-04-02,11765.927083333334,23505.0,21538.0,
2009-04-03,11707.627083333333,23721.0,22217.0,
2009-04-04,11584.932083333331,23778.0,22947.0,
2009-04-05,10121.883333333331,23776.0,19702.0,
2009-04-06,11838.13375,23755.0,22198.0,
2009-04-07,11941.563333333334,23691.0,22701.0,
2009-04-08,12011.362083333332,23627.0,21573.0,
2009-04-09,11953.68,23466.0,20137.0,
2009-04-10,10242.00625,23175.0,20221.0,
2009-04-11,10192.567916666669,22871.0,21280.0,
2009-04-12,10004.730416666667,22558.0,17896.0,
2009-04-13,11546.580833333332,22070.0,20516.0,
2009-04-14,11854.880416666669,21436.0,20646.0,
2009-04-15,11699.00625,20734.0,19137.0,
2009-04-16,11710.557916666668,20187.0,18753.0,
2009-04-17,11688.48125,19783.0,19163.0,
2009-04-18,10854.117083333333,19516.0,19142.0,
2009-04-19,9627.862083333332,19269.0,17832.0,
2009-04-20,10799.508333333331,18990.0,17709.0,
2009-04-21,9969.977083333331,18694.0,17177.0,
2009-04-22,11349.071666666665,18299.0,17012.0,
2009-04-23,11747.153333333334,17896.0,17148.0,
2009-04-24,11931.445833333331,17368.0,16933.0,
2009-04-25,11036.066666666666,16752.0,16615.0,
2009-04-26,11034.57875,16079.0,16016.0,
2009-04-27,11609.212083333334,15430.0,15404.0,
2009-04-28,11934.642083333332,14783.0,14783.0,
2009-04-29,11530.267083333332,14223.0,14223.0,
2009-04-30,11342.941666666666,13836.0,13836.0,
2009-05-01,10485.6125,13681.0,13606.0,
2009-05-02,9320.25125,13604.0,13604.0,
2009-05-03,9033.65125,13649.0,13649.0,
2009-05-04,9857.591666666667,13718.0,13718.0,
2009-05-05,9937.741666666669,13865.0,13865.0,
2009-05-06,9717.5075,14057.0,14057.0,
2009-05-07,9591.10625,14229.0,14229.0,
2009-05-08,9263.408333333333,14316.0,14316.0,
2009-05-09,8788.09625,14380.0,14380.0,
2009-05-10,8688.793749999999,14420.0,14420.0,
2009-05-11,9276.89125,14423.0,14423.0,
2009-05-12,9726.987083333332,14431.0,14426.0,
2009-05-13,10136.635833333334,14387.0,14387.0,
2009-05-14,9853.875833333334,14364.0,14364.0,
2009-05-15,9674.769583333333,14230.0,14184.0,
2009-05-16,9309.765416666669,14133.0,14133.0,
2009-05-17,8736.35125,13969.0,13771.0,
2009-05-18,9668.164166666667,13784.0,13784.0,
2009-05-19,10628.660833333332,13459.0,13459.0,
2009-05-20,10622.790416666669,13219.0,13219.0,
2009-05-21,10726.527916666666,13065.0,13065.0,
2009-05-22,10237.687916666668,12977.0,12977.0,
2009-05-23,9641.6925,12893.0,12893.0,
2009-05-24,9314.03,12858.0,12858.0,
2009-05-25,10236.686666666666,12845.0,12845.0,
2009-05-26,10956.647083333335,12876.0,12876.0,
2009-05-27,11178.637083333331,12877.0,12877.0,
2009-05-28,11330.581666666669,12873.0,12873.0,
2009-05-29,10643.052083333334,12860.0,12860.0,
2009-05-30,10111.012916666668,12775.0,12775.0,
2009-05-31,9818.727083333331,12655.0,12655.0,
2009-06-01,10766.6625,12555.0,12555.0,
2009-06-02,10977.88375,12448.0,12448.0,
2009-06-03,11271.204166666668,12313.0,12313.0,
2009-06-04,11201.952083333332,12167.0,12167.0,
2009-06-05,10986.0375,11993.0,11993.0,
2009-06-06,10399.087083333334,11850.0,11850.0,
2009-06-07,10027.494166666664,11736.0,11736.0,
2009-06-08,10483.858333333334,11678.0,11678.0,
2009-06-09,10648.258333333331,11632.0,11632.0,
2009-06-10,10611.9475,11603.0,11603.0,
2009-06-11,10043.205,11581.0,11581.0,
2009-06-12,10014.55375,11549.0,11549.0,
2009-06-13,9402.665833333334,11591.0,11591.0,
2009-06-14,8950.51125,11681.0,11681.0,
2009-06-15,9979.647916666669,11771.0,11610.0,
2009-06-16,10650.635416666666,11842.0,11685.0,
2009-06-17,10607.499166666666,11942.0,11786.0,
2009-06-18,10567.0075,12028.0,12028.0,
2009-06-19,10330.542083333334,12173.0,12173.0,
2009-06-20,9709.900833333331,12292.0,12292.0,
2009-06-21,9364.89625,12421.0,12421.0,
2009-06-22,10300.530833333332,12567.0,12567.0,
2009-06-23,10366.259166666669,12594.0,12594.0,
2009-06-24,10409.03125,12536.0,12536.0,
2009-06-25,10578.533333333333,12467.0,12467.0,
2009-06-26,10371.107083333334,12369.0,12369.0,
2009-06-27,9927.52625,12329.0,12329.0,
2009-06-28,9344.341666666667,12393.0,12393.0,
2009-06-29,10165.529583333331,12503.0,12503.0,
2009-06-30,10392.390416666669,12611.0,12611.0,
2009-07-01,10663.16875,12754.0,12754.0,
2009-07-02,11551.579166666668,12936.0,12936.0,
2009-07-03,11205.234583333331,13182.0,13182.0,
2009-07-04,10353.583333333334,13471.0,13471.0,
2009-07-05,9962.3375,13817.0,13817.0,
2009-07-06,10957.293333333331,14125.0,14125.0,
2009-07-07,11138.752083333333,14176.0,14176.0,
2009-07-08,11705.472500000002,14001.0,14001.0,
2009-07-09,11349.546666666669,13715.0,13715.0,
2009-07-10,11564.309583333334,13519.0,13519.0,
2009-07-11,11711.96375,13106.0,13106.0,
2009-07-12,10410.156666666668,13206.0,12156.0,
2009-07-13,11532.965833333334,15839.0,14566.0,
2009-07-14,11769.8875,18164.0,16198.0,
2009-07-15,11902.992916666668,19183.0,17367.0,
2009-07-16,11767.533333333333,17959.0,16468.0,
2009-07-17,11778.8525,16093.0,15404.0,
2009-07-18,11995.2625,14768.0,14768.0,
2009-07-19,10530.5125,13965.0,13965.0,
2009-07-20,11382.440833333334,13412.0,13412.0,
2009-07-21,11175.474583333336,13129.0,13129.0,
2009-07-22,11349.392083333332,12930.0,12930.0,
2009-07-23,11372.1125,12705.0,12705.0,
2009-07-24,11695.762083333331,12409.0,12409.0,
2009-07-25,10813.2975,12313.0,12313.0,
2009-07-26,9818.625,12771.0,12771.0,
2009-07-27,10606.322916666666,13764.0,13764.0,
2009-07-28,11049.121666666666,14646.0,14646.0,
2009-07-29,11109.696666666665,15127.0,15127.0,
2009-07-30,11396.902916666666,15634.0,15634.0,
2009-07-31,11389.457083333336,16532.0,16532.0,
2009-08-01,11526.4125,17088.0,17088.0,
2009-08-02,10111.819166666666,16665.0,14032.0,
2009-08-03,11410.499583333332,15902.0,15522.0,
2009-08-04,11297.42,15248.0,15248.0,
2009-08-05,11309.49125,14617.0,14617.0,
2009-08-06,11420.8325,14018.0,14018.0,
2009-08-07,11217.32125,13421.0,13421.0,
2009-08-08,11244.194166666668,12879.0,12879.0,
2009-08-09,10182.93125,12370.0,11997.0,
2009-08-10,10977.130833333336,11829.0,11573.0,
2009-08-11,11326.59875,11376.0,11376.0,
2009-08-12,11236.089583333334,11003.0,11003.0,
2009-08-13,11400.674166666666,10771.0,10771.0,
2009-08-14,11001.88375,10612.0,10612.0,
2009-08-15,10318.9075,10525.0,10525.0,
2009-08-16,9702.66,10481.0,10481.0,
2009-08-17,10723.680833333334,10590.0,10590.0,
2009-08-18,10950.733333333332,10778.0,10778.0,
2009-08-19,11231.305416666668,11033.0,11033.0,
2009-08-20,10957.635,11354.0,11354.0,
2009-08-21,10613.975416666666,11977.0,11977.0,
2009-08-22,9660.714166666668,12871.0,12871.0,
2009-08-23,7815.379583333332,13657.0,12426.0,
2009-08-24,9833.43875,14183.0,13842.0,
2009-08-25,11278.899583333334,14576.0,14389.0,
2009-08-26,11146.794166666668,14606.0,14399.0,
2009-08-27,11657.912916666666,14609.0,14573.0,
2009-08-28,10855.36375,14519.0,14519.0,
2009-08-29,10244.235833333334,14268.0,14268.0,
2009-08-30,9565.496666666666,14001.0,14001.0,
2009-08-31,10740.225833333334,13730.0,13730.0,
2009-09-01,11205.361666666666,13468.0,13468.0,
2009-09-02,11632.56125,13194.0,13194.0,
2009-09-03,11629.804583333333,12829.0,12829.0,
2009-09-04,10655.797916666666,12582.0,12582.0,
2009-09-05,9952.623333333331,12711.0,12711.0,
2009-09-06,9421.91,12958.0,12958.0,
2009-09-07,9966.999583333332,14381.0,14323.0,
2009-09-08,10802.330416666666,16050.0,15674.0,
2009-09-09,11312.9125,17238.0,15843.0,
2009-09-10,10794.66875,18184.0,15922.0,
2009-09-11,11023.267083333332,19118.0,16144.0,
2009-09-12,9625.84625,20253.0,15101.0,
2009-09-13,8517.148333333333,21216.0,14311.0,
2009-09-14,10546.36625,21263.0,17152.0,
2009-09-15,10805.66125,20578.0,16743.0,
2009-09-16,10894.409583333332,19512.0,17693.0,
2009-09-17,10785.98375,18763.0,17038.0,
2009-09-18,10744.685416666667,18183.0,16419.0,
2009-09-19,10378.810833333331,17681.0,15123.0,
2009-09-20,8359.422916666666,17220.0,13915.0,
2009-09-21,10353.477916666669,16623.0,15199.0,
2009-09-22,10794.965833333334,16104.0,15233.0,
2009-09-23,10658.374166666666,15831.0,13902.0,
2009-09-24,10709.0075,16092.0,13228.0,
2009-09-25,10190.404166666667,17733.0,12724.0,
2009-09-26,10529.432916666668,19663.0,12910.0,
2009-09-27,8249.602916666667,21064.0,11996.0,
2009-09-28,10228.502083333333,20138.0,13119.0,
2009-09-29,10574.242083333333,18272.0,14255.0,
2009-09-30,10571.61375,17537.0,14250.0,
2009-10-01,10544.38875,16945.0,14573.0,
2009-10-02,10670.066666666668,16459.0,15110.0,
2009-10-03,10103.5675,15926.0,14775.0,
2009-10-04,9133.92625,15329.0,13382.0,
2009-10-05,11022.534583333334,14619.0,14619.0,
2009-10-06,10983.565833333334,13919.0,13919.0,
2009-10-07,11001.53125,13381.0,13381.0,
2009-10-08,10932.530416666666,13092.0,13092.0,
2009-10-09,10886.270416666666,13086.0,13086.0,
2009-10-10,9206.480416666667,13294.0,10764.0,
2009-10-11,8466.723333333333,13589.0,9767.0,
2009-10-12,9610.104583333334,13805.0,11257.0,
2009-10-13,11034.146666666667,13919.0,13916.0,
2009-10-14,10547.845,14471.0,14471.0,
2009-10-15,10409.795416666666,16535.0,15693.0,
2009-10-16,10660.57625,18057.0,15679.0,
2009-10-17,9249.80625,19271.0,11997.0,
2009-10-18,8829.033913043479,21727.0,10632.0,
2009-10-19,10242.788333333332,23180.0,13263.0,
2009-10-20,10204.502083333333,23669.0,12427.0,
2009-10-21,10012.208333333334,24488.0,12222.0,
2009-10-22,10138.502083333333,26363.0,14125.0,
2009-10-23,10033.961666666666,27473.0,16069.0,
2009-10-24,9424.029583333331,27200.0,13560.0,
2009-10-25,8719.712083333334,27071.0,13534.0,
2009-10-26,9901.553333333331,26516.0,14515.0,
2009-10-27,9945.263333333334,24657.0,13130.0,
2009-10-28,9993.7125,24063.0,14250.0,
2009-10-29,10193.249583333332,23716.0,14474.0,
2009-10-30,10296.745833333332,22735.0,15357.0,
2009-10-31,10094.282083333334,21748.0,15394.0,
2009-11-01,8447.22,20671.0,14353.0,
2009-11-02,8995.461666666666,19611.0,15652.0,
2009-11-03,10887.261666666667,18609.0,16551.0,
2009-11-04,11458.460833333333,17574.0,15931.0,
2009-11-05,11549.90125,17136.0,14768.0,
2009-11-06,11317.274166666668,16984.0,15043.0,
2009-11-07,11141.401666666668,16928.0,14572.0,
2009-11-08,9324.457916666666,17016.0,14109.0,
2009-11-09,11257.844583333334,17074.0,16321.0,
2009-11-10,10102.977083333331,17744.0,15761.0,
2009-11-11,8398.302083333334,18440.0,14226.0,
2009-11-12,10207.016666666666,19195.0,14730.0,
2009-11-13,11307.7075,19632.0,15844.0,
2009-11-14,10572.9175,19937.0,15612.0,
2009-11-15,8803.733750000001,19823.0,13307.0,
2009-11-16,10244.800416666669,19627.0,14523.0,
2009-11-17,10725.034166666666,19574.0,15402.0,
2009-11-18,11085.55625,19584.0,16431.0,
2009-11-19,10787.250833333334,19483.0,15149.0,
2009-11-20,10776.55,19050.0,15665.0,
2009-11-21,9857.620416666668,18497.0,13756.0,
2009-11-22,9253.809583333334,18025.0,12823.0,
2009-11-23,10899.0325,17952.0,14299.0,
2009-11-24,10909.718333333332,17958.0,14714.0,
2009-11-25,10572.305,17957.0,13221.0,
2009-11-26,10600.932083333331,18105.0,13804.0,
2009-11-27,10619.679166666669,18225.0,13656.0,
2009-11-28,10630.342083333331,18537.0,13649.0,
2009-11-29,9313.141666666666,18752.0,12388.0,
2009-11-30,10402.43,19213.0,13608.0,
2009-12-01,10633.76375,20739.0,15005.0,
2009-12-02,10202.24875,23257.0,16383.0,
2009-12-03,10538.39375,23299.0,16285.0,
2009-12-04,10627.017083333334,23518.0,16972.0,
2009-12-05,10248.38875,24316.0,17253.0,
2009-12-06,8888.299166666666,25578.0,17526.0,
2009-12-07,9693.815416666666,26820.0,19370.0,
2009-12-08,10202.068333333336,27816.0,21404.0,
2009-12-09,9858.892916666666,29148.0,20257.0,
2009-12-10,9874.875416666668,30418.0,20352.0,
2009-12-11,9721.56875,31435.0,19817.0,
2009-12-12,8879.466666666667,32455.0,19242.0,
2009-12-13,8472.6225,33471.0,17975.0,
2009-12-14,9788.582916666666,34392.0,20287.0,
2009-12-15,9674.506666666666,34737.0,20165.0,
2009-12-16,9400.302083333334,34556.0,18690.0,
2009-12-17,9201.519583333333,33770.0,17662.0,
2009-12-18,8834.81,32662.0,16111.0,
2009-12-19,8486.635833333334,31636.0,14803.0,
2009-12-20,7777.675833333334,30712.0,11677.0,
2009-12-21,8609.1925,29762.0,12451.0,
2009-12-22,8660.004166666668,28874.0,11977.0,
2009-12-23,8705.2575,27910.0,11572.0,
2009-12-24,7665.39375,27076.0,10082.0,
2009-12-25,6991.920416666667,26539.0,8869.0,
2009-12-26,7316.64375,26135.0,8769.0,
2009-12-27,7317.667083333334,26366.0,9085.0,
2009-12-28,8481.357916666666,26878.0,11440.0,
2009-12-29,8445.867916666666,27531.0,11430.0,
2009-12-30,8297.519583333333,28408.0,11104.0,
2009-12-31,7357.0125,29839.0,10630.0,
2010-01-01,6717.885833333334,31027.0,9691.0,
2010-01-02,6991.050416666666,32370.0,11259.0,
2010-01-03,7000.728749999999,33633.0,13519.0,
2010-01-04,8455.52125,35314.0,16789.0,
2010-01-05,8673.015833333333,36348.0,18471.0,
2010-01-06,8566.03375,36627.0,18738.0,
2010-01-07,8432.215416666668,36248.0,17786.0,
2010-01-08,8505.981666666667,35492.0,17630.0,
2010-01-09,8556.762916666667,34657.0,16559.0,
2010-01-10,7688.660833333334,33821.0,14520.0,
2010-01-11,8487.064166666667,33065.0,15946.0,
2010-01-12,8547.219583333334,32745.0,16532.0,
2010-01-13,8551.226666666667,33856.0,18493.0,
2010-01-14,8662.887916666667,35184.0,20836.0,
2010-01-15,8861.525416666667,35611.0,20150.0,
2010-01-16,7569.181666666666,35145.0,17711.0,
2010-01-17,7616.595833333333,34522.0,17156.0,
2010-01-18,8589.787916666666,33694.0,17003.0,
2010-01-19,8529.5525,32994.0,17064.0,
2010-01-20,8287.18625,33317.0,17710.0,
2010-01-21,8652.08875,32617.0,17468.0,
2010-01-22,8331.586666666666,32371.0,15845.0,
2010-01-23,7586.675416666666,32953.0,16044.0,
2010-01-24,7499.782083333333,32734.0,13939.0,
2010-01-25,8399.360833333334,32054.0,13554.0,
2010-01-26,8356.884166666667,31704.0,12767.0,
2010-01-27,8462.155833333334,32137.0,13215.0,
2010-01-28,8394.21875,33203.0,12531.0,
2010-01-29,8507.54875,34377.0,13226.0,
2010-01-30,8062.326250000001,35095.0,13657.0,
2010-01-31,7602.541666666667,35700.0,13429.0,
2010-02-01,8476.63625,36690.0,14882.0,
2010-02-02,8577.9925,38077.0,17156.0,
2010-02-03,8536.762499999999,39638.0,18479.0,
2010-02-04,8574.048333333334,40998.0,20593.0,
2010-02-05,8599.99,41744.0,22000.0,
2010-02-06,8572.808333333332,41194.0,23084.0,
2010-02-07,7696.734583333334,39125.0,20826.0,
2010-02-08,8468.145833333334,37734.0,20487.0,
2010-02-09,8286.1275,37085.0,20771.0,
2010-02-10,8613.297083333333,35382.0,21601.0,
2010-02-11,8697.565,32395.0,19242.0,
2010-02-12,8703.494166666665,29513.0,17783.0,
2010-02-13,8279.380833333335,27939.0,15872.0,
2010-02-14,7409.90375,27722.0,15338.0,
2010-02-15,8186.876666666667,27816.0,15957.0,
2010-02-16,7523.295416666667,27918.0,14891.0,
2010-02-17,8333.06125,27895.0,16884.0,
2010-02-18,8724.5975,27697.0,16478.0,
2010-02-19,8870.972916666668,27696.0,16412.0,
2010-02-20,9113.114583333334,28045.0,16565.0,
2010-02-21,8241.616250000001,27716.0,15354.0,
2010-02-22,8984.456666666667,28038.0,16555.0,
2010-02-23,9255.555416666668,28189.0,19392.0,
2010-02-24,9138.450416666668,28169.0,19581.0,
2010-02-25,9023.985,27026.0,20390.0,
2010-02-26,8939.690833333334,26357.0,20768.0,
2010-02-27,8874.634583333334,25645.0,19706.0,
2010-02-28,8043.943333333334,25444.0,18182.0,
2010-03-01,8713.160416666668,25408.0,18739.0,
2010-03-02,8804.575833333334,26002.0,20111.0,
2010-03-03,8607.842916666666,26371.0,22080.0,
2010-03-04,8711.743333333334,26906.0,22555.0,
2010-03-05,8703.791666666666,27596.0,21792.0,
2010-03-06,8607.810416666667,28701.0,20506.0,
2010-03-07,7751.5625,29698.0,17385.0,
2010-03-08,8638.229583333334,30003.0,18458.0,
2010-03-09,8716.454166666666,29733.0,17676.0,
2010-03-10,8845.789583333333,28983.0,18401.0,
2010-03-11,8845.101666666667,28051.0,19159.0,
2010-03-12,9180.32875,27107.0,19069.0,
2010-03-13,9067.632083333334,26384.0,18464.0,
2010-03-14,8602.319166666666,25733.0,17732.0,
2010-03-15,8894.605416666667,25024.0,18425.0,
2010-03-16,9151.516666666666,24275.0,18134.0,
2010-03-17,9079.445833333331,23639.0,18598.0,
2010-03-18,9235.66375,23164.0,18855.0,
2010-03-19,9066.530833333332,22695.0,17983.0,
2010-03-20,9082.04375,22222.0,17344.0,
2010-03-21,9128.073333333334,21862.0,16959.0,
2010-03-22,9088.073333333334,21809.0,16803.0,
2010-03-23,9055.627083333336,22152.0,16861.0,
2010-03-24,8996.54875,22648.0,18418.0,
2010-03-25,9071.906666666668,23096.0,19030.0,
2010-03-26,9073.930833333334,23608.0,19161.0,
2010-03-27,9080.63125,24164.0,18648.0,
2010-03-28,8007.05,24784.0,17785.0,
2010-03-29,8627.039999999999,25330.0,19242.0,
2010-03-30,8582.375416666668,26149.0,20229.0,
2010-03-31,8392.870833333332,27072.0,17403.0,
2010-04-01,8418.670416666666,27603.0,16547.0,
2010-04-02,7416.417916666666,27453.0,14838.0,
2010-04-03,8093.342916666667,27010.0,14815.0,
2010-04-04,7487.254166666667,26885.0,15170.0,
2010-04-05,8417.595833333333,26855.0,15474.0,
2010-04-06,8555.741666666667,26658.0,14379.0,
2010-04-07,8406.255416666667,26843.0,13811.0,
2010-04-08,8442.047916666666,27236.0,14994.0,
2010-04-09,8333.949583333333,27998.0,15684.0,
2010-04-10,8068.703333333334,28337.0,15917.0,
2010-04-11,7577.969583333333,27788.0,14122.0,
2010-04-12,8340.587916666665,26686.0,15376.0,
2010-04-13,8489.855416666667,25222.0,15528.0,
2010-04-14,8552.84625,23755.0,14703.0,
2010-04-15,8484.581666666667,22335.0,13773.0,
2010-04-16,8794.62125,21339.0,13762.0,
2010-04-17,8933.008333333333,20536.0,14156.0,
2010-04-18,7934.321666666667,19870.0,13385.0,
2010-04-19,8824.801666666666,19381.0,14952.0,
2010-04-20,9282.8875,18962.0,15651.0,
2010-04-21,9348.295,18770.0,15785.0,
2010-04-22,9228.8225,18540.0,14161.0,
2010-04-23,9056.85875,18415.0,13758.0,
2010-04-24,8962.977499999999,18472.0,14289.0,
2010-04-25,8600.000416666668,18740.0,14420.0,
2010-04-26,8835.577083333334,18758.0,13923.0,
2010-04-27,8984.3325,18738.0,13619.0,
2010-04-28,10501.171666666669,18884.0,14915.0,
2010-04-29,8996.285,19076.0,13623.0,
2010-04-30,9730.910416666668,19052.0,13924.0,
2010-05-01,9707.395416666666,18610.0,13902.0,
2010-05-02,8838.6325,17668.0,12436.0,
2010-05-03,8957.232916666666,17274.0,13141.0,
2010-05-04,8984.864583333334,16802.0,13948.0,
2010-05-05,9919.141666666666,16249.0,15299.0,
2010-05-06,10430.370833333332,15757.0,15009.0,
2010-05-07,9046.024583333334,15334.0,13485.0,
2010-05-08,8894.049583333333,15052.0,11815.0,
2010-05-09,8794.850416666666,14890.0,12256.0,
2010-05-10,9662.609166666669,14856.0,13170.0,
2010-05-11,9331.1675,14882.0,13044.0,
2010-05-12,9167.701666666666,15039.0,13300.0,
2010-05-13,9684.310416666667,15163.0,13937.0,
2010-05-14,9577.844583333334,15214.0,13980.0,
2010-05-15,8265.407916666667,15184.0,12670.0,
2010-05-16,8655.091666666667,15147.0,13087.0,
2010-05-17,8675.99625,15170.0,12785.0,
2010-05-18,8947.767916666666,15352.0,12568.0,
2010-05-19,9616.857083333334,15631.0,13136.0,
2010-05-20,9865.703333333331,15983.0,14160.0,
2010-05-21,9788.17375,16044.0,13452.0,
2010-05-22,8979.06375,15922.0,12103.0,
2010-05-23,8806.01125,15716.0,12179.0,
2010-05-24,8960.866666666667,15592.0,12805.0,
2010-05-25,9409.415833333333,15361.0,13201.0,
2010-05-26,10393.03125,15129.0,13900.0,
2010-05-27,10399.662916666666,14879.0,13600.0,
2010-05-28,10185.099166666669,14678.0,13262.0,
2010-05-29,10029.77,14499.0,13069.0,
2010-05-30,8868.12375,14209.0,11892.0,
2010-05-31,10120.675416666669,13982.0,12432.0,
2010-06-01,10476.730833333331,13748.0,12737.0,
2010-06-02,10144.376666666669,13679.0,12728.0,
2010-06-03,10211.739583333334,13604.0,11717.0,
2010-06-04,9149.438333333334,13619.0,11087.0,
2010-06-05,9115.177916666666,13591.0,11195.0,
2010-06-06,8820.365416666666,13661.0,10887.0,
2010-06-07,9938.459583333331,13704.0,12069.0,
2010-06-08,10593.00125,13763.0,13718.0,
2010-06-09,10717.431666666664,13855.0,13855.0,
2010-06-10,10981.014583333332,13859.0,13859.0,
2010-06-11,11075.610833333332,13793.0,13793.0,
2010-06-12,10967.23375,13646.0,13646.0,
2010-06-13,9197.194583333334,13452.0,12027.0,
2010-06-14,10768.275833333331,13260.0,13260.0,
2010-06-15,10711.89,12978.0,12832.0,
2010-06-16,11049.348333333332,12751.0,12751.0,
2010-06-17,10728.099583333333,12530.0,12530.0,
2010-06-18,10502.313333333334,12265.0,12265.0,
2010-06-19,9595.22875,12016.0,12016.0,
2010-06-20,8892.381666666666,11768.0,11583.0,
2010-06-21,10353.036666666669,11616.0,11616.0,
2010-06-22,10235.834166666666,11508.0,11508.0,
2010-06-23,10608.945416666667,11431.0,11356.0,
2010-06-24,11074.42625,11320.0,11320.0,
2010-06-25,10436.840833333334,11260.0,11200.0,
2010-06-26,10613.468333333332,11248.0,11248.0,
2010-06-27,9904.48625,11253.0,11253.0,
2010-06-28,10655.513333333334,11239.0,11143.0,
2010-06-29,10903.541666666666,11187.0,11148.0,
2010-06-30,10469.240416666666,11127.0,11101.0,
2010-07-01,11160.550416666669,11038.0,11025.0,
2010-07-02,10424.919583333334,10881.0,10820.0,
2010-07-03,9757.8775,10832.0,10575.0,
2010-07-04,9805.1225,10701.0,10554.0,
2010-07-05,10649.66125,10687.0,10687.0,
2010-07-06,10449.22875,10558.0,10558.0,
2010-07-07,10195.116666666669,10500.0,10500.0,
2010-07-08,10259.807916666668,10421.0,10421.0,
2010-07-09,9785.372083333334,10362.0,10362.0,
2010-07-10,9848.775833333331,10251.0,10251.0,
2010-07-11,9428.14625,10187.0,10187.0,
2010-07-12,9460.282083333334,10075.0,10075.0,
2010-07-13,10305.983333333334,10012.0,10012.0,
2010-07-14,10316.435833333331,9961.0,9961.0,
2010-07-15,10162.292083333334,10119.0,10119.0,
2010-07-16,10271.604583333334,10391.0,10391.0,
2010-07-17,9823.724166666669,10866.0,10866.0,
2010-07-18,9857.38875,11269.0,11269.0,
2010-07-19,10508.2325,11722.0,11722.0,
2010-07-20,11266.072083333333,12153.0,12153.0,
2010-07-21,10947.847083333334,12373.0,12373.0,
2010-07-22,11179.945416666667,12435.0,12435.0,
2010-07-23,11285.23875,12292.0,12292.0,
2010-07-24,11035.166666666666,12102.0,12102.0,
2010-07-25,10780.837916666664,11800.0,11800.0,
2010-07-26,11075.252916666666,11500.0,11500.0,
2010-07-27,11205.496666666666,11152.0,11152.0,
2010-07-28,11205.196666666665,10789.0,10789.0,
2010-07-29,11172.795833333332,10460.0,10460.0,
2010-07-30,11219.0075,10195.0,10195.0,
2010-07-31,10138.186666666666,9956.0,9956.0,
2010-08-01,8774.885,9745.0,8999.0,
2010-08-02,10636.247916666667,9567.0,9557.0,
2010-08-03,10664.36375,9405.0,9405.0,
2010-08-04,11003.324583333331,9269.0,9269.0,
2010-08-05,10995.414583333331,9143.0,9143.0,
2010-08-06,10489.144583333333,9062.0,9062.0,
2010-08-07,9364.825833333334,9125.0,9125.0,
2010-08-08,8694.341666666667,9232.0,9232.0,
2010-08-09,9127.677916666666,9243.0,9243.0,
2010-08-10,10371.579166666666,9197.0,9197.0,
2010-08-11,10778.102916666669,9215.0,9215.0,
2010-08-12,10441.825,9167.0,9167.0,
2010-08-13,10747.264583333334,9081.0,9081.0,
2010-08-14,9950.00875,8935.0,8935.0,
2010-08-15,9388.824583333331,8761.0,8761.0,
2010-08-16,10143.265416666669,8648.0,8648.0,
2010-08-17,10774.01125,8572.0,8572.0,
2010-08-18,10831.362083333332,8487.0,8487.0,
2010-08-19,10827.012916666668,8435.0,8435.0,
2010-08-20,10180.493333333334,8377.0,8377.0,
2010-08-21,9466.172916666666,8283.0,8283.0,
2010-08-22,8666.235416666666,8248.0,8248.0,
2010-08-23,9594.693333333336,8151.0,8151.0,
2010-08-24,10585.269583333333,8089.0,8089.0,
2010-08-25,10436.8275,8002.0,8002.0,
2010-08-26,10383.754166666668,7884.0,7884.0,
2010-08-27,10307.256666666666,7807.0,7807.0,
2010-08-28,9919.640416666669,7689.0,7689.0,
2010-08-29,9386.057916666668,7658.0,7658.0,
2010-08-30,10641.043333333331,7606.0,7489.0,
2010-08-31,10609.06375,7580.0,7489.0,
2010-09-01,10624.247083333334,7457.0,7306.0,
2010-09-02,10495.174166666666,7358.0,7309.0,
2010-09-03,10532.85125,7250.0,7250.0,
2010-09-04,9576.635416666666,7213.0,7213.0,
2010-09-05,8921.15125,7097.0,7097.0,
2010-09-06,9036.736666666666,6959.0,6959.0,
2010-09-07,9673.33,6883.0,6883.0,
2010-09-08,10512.682083333331,6862.0,6862.0,
2010-09-09,10362.997916666664,6857.0,6857.0,
2010-09-10,10457.05875,6853.0,6853.0,
2010-09-11,9825.584583333331,6872.0,6872.0,
2010-09-12,9386.355,6923.0,6923.0,
2010-09-13,9711.18375,6945.0,6945.0,
2010-09-14,10391.107083333334,6931.0,6808.0,
2010-09-15,10611.390416666669,6963.0,6963.0,
2010-09-16,10508.46,6960.0,6960.0,
2010-09-17,10308.137083333331,6954.0,6954.0,
2010-09-18,9503.045,6934.0,6934.0,
2010-09-19,8750.455833333333,6856.0,6856.0,
2010-09-20,9289.481666666668,6777.0,6777.0,
2010-09-21,10487.6375,6752.0,6752.0,
2010-09-22,10578.81375,6802.0,6802.0,
2010-09-23,9317.228333333334,6871.0,6656.0,
2010-09-24,9802.84125,7036.0,7036.0,
2010-09-25,8847.465,7420.0,7420.0,
2010-09-26,8650.564166666667,8072.0,7944.0,
2010-09-27,9305.875,8818.0,8818.0,
2010-09-28,10053.717916666666,9806.0,9308.0,
2010-09-29,10717.812083333332,11043.0,10417.0,
2010-09-30,10799.942083333332,12282.0,11727.0,
2010-10-01,10479.679583333333,13231.0,12599.0,
2010-10-02,8810.372083333334,13791.0,11158.0,
2010-10-03,8648.55125,14024.0,11174.0,
2010-10-04,10903.12375,14438.0,11926.0,
2010-10-05,11124.615833333335,15083.0,12949.0,
2010-10-06,11224.069583333332,15379.0,13408.0,
2010-10-07,9097.397916666669,15379.0,11544.0,
2010-10-08,9491.306666666664,15261.0,12156.0,
2010-10-09,9407.394166666669,15163.0,11919.0,
2010-10-10,8940.5025,14888.0,11141.0,
2010-10-11,11099.250416666668,14428.0,13654.0,
2010-10-12,11213.369166666664,13791.0,13708.0,
2010-10-13,11171.579166666668,13028.0,12918.0,
2010-10-14,11257.196666666665,12274.0,12192.0,
2010-10-15,11269.21875,11624.0,11552.0,
2010-10-16,10654.632083333334,11218.0,10980.0,
2010-10-17,10631.207826086957,11108.0,10151.0,
2010-10-18,11207.7625,11278.0,9095.0,
2010-10-19,10995.647083333331,11685.0,10344.0,
2010-10-20,11226.90875,11882.0,10836.0,
2010-10-21,11193.628333333334,11665.0,10866.0,
2010-10-22,11234.988333333336,11268.0,10468.0,
2010-10-23,11222.189583333333,10848.0,9909.0,
2010-10-24,11168.255,10522.0,9655.0,
2010-10-25,11213.507083333332,10300.0,10087.0,
2010-10-26,10798.210833333333,10135.0,10043.0,
2010-10-27,11219.175833333333,10078.0,9877.0,
2010-10-28,11198.205416666666,10112.0,9911.0,
2010-10-29,10532.099166666669,10257.0,9945.0,
2010-10-30,9074.42875,10364.0,9121.0,
2010-10-31,7428.549166666667,10427.0,7901.0,
2010-11-01,11199.39125,10530.0,10329.0,
2010-11-02,11210.616666666669,10581.0,10381.0,
2010-11-03,11264.307083333331,10909.0,10709.0,
2010-11-04,11316.097083333334,11022.0,10821.0,
2010-11-05,11340.539583333331,11102.0,10901.0,
2010-11-06,11284.330833333332,11124.0,10924.0,
2010-11-07,10745.897083333331,11224.0,10677.0,
2010-11-08,11338.87375,11416.0,11215.0,
2010-11-09,10540.270833333334,11590.0,11163.0,
2010-11-10,9016.134166666669,11618.0,9631.0,
2010-11-11,9409.17875,11555.0,9474.0,
2010-11-12,11263.579166666668,11617.0,11416.0,
2010-11-13,11122.179166666669,11776.0,11576.0,
2010-11-14,10800.169166666668,11924.0,11724.0,
2010-11-15,10535.869166666664,12007.0,11812.0,
2010-11-16,11289.688333333334,12084.0,12015.0,
2010-11-17,11315.235833333334,12329.0,12329.0,
2010-11-18,11390.044166666668,12588.0,12588.0,
2010-11-19,11316.872083333334,12989.0,12989.0,
2010-11-20,11094.144583333333,13504.0,13504.0,
2010-11-21,10482.789166666667,14061.0,14061.0,
2010-11-22,11256.355,14381.0,14381.0,
2010-11-23,11352.550416666669,14532.0,14532.0,
2010-11-24,11273.818333333336,14673.0,14673.0,
2010-11-25,11335.983333333332,14818.0,14818.0,
2010-11-26,11389.454583333332,14904.0,14904.0,
2010-11-27,11369.095,14941.0,14941.0,
2010-11-28,10061.342083333331,15021.0,14686.0,
2010-11-29,11630.5325,15174.0,15174.0,
2010-11-30,11869.424166666666,15384.0,15384.0,
2010-12-01,11950.031666666668,15577.0,15577.0,
2010-12-02,11893.946666666665,15816.0,15816.0,
2010-12-03,10767.774583333334,16057.0,16039.0,
2010-12-04,9332.969583333334,16323.0,14723.0,
2010-12-05,8955.86875,16519.0,14142.0,
2010-12-06,9831.682916666668,16899.0,15339.0,
2010-12-07,9934.882083333334,17414.0,14386.0,
2010-12-08,10833.739166666666,19056.0,15624.0,
2010-12-09,11703.149583333334,19603.0,17541.0,
2010-12-10,11059.162083333336,19364.0,17387.0,
2010-12-11,11645.660416666666,18966.0,16202.0,
2010-12-12,9615.401666666668,18561.0,14041.0,
2010-12-13,11547.4475,18065.0,17240.0,
2010-12-14,11724.674166666666,17916.0,17434.0,
2010-12-15,11803.277916666666,18017.0,17841.0,
2010-12-16,11840.442916666669,18347.0,17171.0,
2010-12-17,11868.794166666668,18771.0,17627.0,
2010-12-18,9668.9875,19231.0,15666.0,
2010-12-19,9260.29,19290.0,15345.0,
2010-12-20,10231.443333333333,19147.0,17578.0,
2010-12-21,11541.871666666666,19110.0,18866.0,
2010-12-22,11634.143333333332,19765.0,19263.0,
2010-12-23,11662.267916666666,20770.0,20770.0,
2010-12-24,11147.577083333332,21468.0,21204.0,
2010-12-25,9854.414583333331,21665.0,18898.0,
2010-12-26,11188.7475,21702.0,20692.0,
2010-12-27,11909.097500000002,21822.0,21822.0,
2010-12-28,12059.984583333331,21920.0,21920.0,
2010-12-29,12026.684166666666,21710.0,21710.0,
2010-12-30,11935.942916666669,21584.0,21584.0,
2010-12-31,11087.953333333331,21593.0,21593.0,
2011-01-01,9594.351666666667,21492.0,20778.0,
2011-01-02,10823.968333333332,21964.0,21964.0,
2011-01-03,11725.73,22594.0,22594.0,
2011-01-04,12016.457916666666,23032.0,23032.0,
2011-01-05,11728.44,23693.0,23693.0,
2011-01-06,11307.6275,24659.0,24659.0,
2011-01-07,11334.090416666666,25836.0,25836.0,
2011-01-08,10836.03875,26565.0,26565.0,
2011-01-09,10622.281666666668,27522.0,27522.0,
2011-01-10,11360.461666666668,28658.0,28658.0,
2011-01-11,11175.6375,30072.0,30072.0,
2011-01-12,11336.775416666664,31642.0,31642.0,
2011-01-13,11272.577083333332,33041.0,33041.0,
2011-01-14,11211.155833333332,34333.0,34062.0,
2011-01-15,11316.859166666669,35357.0,34245.0,
2011-01-16,11137.313333333334,35906.0,33483.0,
2011-01-17,11302.001666666663,36208.0,34643.0,
2011-01-18,11290.880833333336,36345.0,34933.0,
2011-01-19,11242.315833333334,36349.0,33156.0,
2011-01-20,11202.310416666667,36564.0,33228.0,
2011-01-21,11296.382083333332,36557.0,32925.0,
2011-01-22,11383.5175,36584.0,31831.0,
2011-01-23,10303.12375,36573.0,29373.0,
2011-01-24,11125.824166666664,36726.0,30435.0,
2011-01-25,11549.882083333332,36990.0,32037.0,
2011-01-26,11483.815,36815.0,32509.0,
2011-01-27,11758.980416666667,35584.0,31845.0,
2011-01-28,11822.442916666669,33858.0,31461.0,
2011-01-29,10701.517083333334,31993.0,29376.0,
2011-01-30,9978.091666666667,30120.0,26137.0,
2011-01-31,11818.129166666666,28510.0,26203.0,
2011-02-01,11663.259166666665,27300.0,25709.0,
2011-02-02,11848.570416666667,26288.0,24718.0,
2011-02-03,11639.29375,25456.0,23559.0,
2011-02-04,11492.348333333332,24787.0,22988.0,
2011-02-05,11793.395416666666,24463.0,22974.0,
2011-02-06,10559.824166666667,24321.0,21582.0,
2011-02-07,11439.287916666666,24376.0,21668.0,
2011-02-08,11575.290416666665,24369.0,21923.0,
2011-02-09,11170.071666666665,24465.0,21409.0,
2011-02-10,11031.852083333331,24488.0,20633.0,
2011-02-11,11452.5725,24692.0,21660.0,
2011-02-12,11014.82,25153.0,21136.0,
2011-02-13,9157.3225,26051.0,17906.0,
2011-02-14,10789.210833333333,26733.0,20370.0,
2011-02-15,10895.896666666666,26650.0,20253.0,
2011-02-16,10959.15625,25923.0,19547.0,
2011-02-17,10858.85875,25012.0,18800.0,
2011-02-18,11012.052916666667,24530.0,18962.0,
2011-02-19,10898.844583333334,24167.0,19169.0,
2011-02-20,9655.925416666669,23680.0,17241.0,
2011-02-21,11001.72,23702.0,19894.0,
2011-02-22,11426.939583333333,24028.0,21128.0,
2011-02-23,11426.125,24718.0,21772.0,
2011-02-24,11234.890416666669,25291.0,22213.0,
2011-02-25,11243.455833333332,25223.0,21529.0,
2011-02-26,10753.670416666666,24970.0,20898.0,
2011-02-27,9536.678333333331,24902.0,19297.0,
2011-02-28,10655.555,24836.0,20437.0,
2011-03-01,10829.472916666668,25614.0,22276.0,
2011-03-02,10434.51375,26778.0,23449.0,
2011-03-03,10643.772083333331,27736.0,24276.0,
2011-03-04,10255.879583333332,29435.0,23918.0,
2011-03-05,8269.53125,31684.0,20979.0,
2011-03-06,7178.175416666666,34527.0,20726.0,
2011-03-07,7990.52375,37133.0,24144.0,
2011-03-08,7781.973333333332,39475.0,24068.0,
2011-03-09,10350.32125,41749.0,29459.0,
2011-03-10,10514.837083333334,44086.0,31248.0,
2011-03-11,10929.225416666666,45927.0,32447.0,
2011-03-12,10735.289583333331,46985.0,32226.0,
2011-03-13,8271.720416666667,47496.0,28354.0,
2011-03-14,10388.748333333331,47430.0,31468.0,
2011-03-15,10412.247916666667,47057.0,29351.0,
2011-03-16,9904.169166666668,46609.0,27768.0,
2011-03-17,10118.39625,45835.0,26587.0,
2011-03-18,10045.75375,44920.0,25435.0,
2011-03-19,7502.894166666666,44242.0,21270.0,
2011-03-20,7090.9775,43795.0,19785.0,
2011-03-21,7743.26875,43709.0,20835.0,
2011-03-22,9709.010833333334,42893.0,22513.0,
2011-03-23,10389.50875,42081.0,23073.0,
2011-03-24,10502.885416666666,41603.0,24012.0,
2011-03-25,10519.394166666669,41323.0,25349.0,
2011-03-26,9872.872916666667,41184.0,24101.0,
2011-03-27,9214.87,41236.0,24627.0,
2011-03-28,9688.294166666668,40835.0,25846.0,
2011-03-29,10313.675416666669,39942.0,26248.0,
2011-03-30,9766.440416666666,38616.0,24451.0,
2011-03-31,10025.02375,37248.0,24221.0,
2011-04-01,9837.637916666668,36008.0,24630.0,
2011-04-02,8688.484166666667,34615.0,23945.0,
2011-04-03,8597.814166666667,33497.0,21428.0,
2011-04-04,9852.444166666666,32581.0,22003.0,
2011-04-05,9782.500833333334,31920.0,22774.0,
2011-04-06,9654.371666666668,31234.0,22969.0,
2011-04-07,9787.54125,30617.0,22138.0,
2011-04-08,9844.995833333332,30168.0,21632.0,
2011-04-09,8645.616666666667,30191.0,20484.0,
2011-04-10,7644.679583333333,29880.0,18002.0,
2011-04-11,9767.84125,29507.0,20552.0,
2011-04-12,9253.470833333333,28965.0,19212.0,
2011-04-13,9831.787083333336,28421.0,19653.0,
2011-04-14,9920.882916666667,28120.0,19704.0,
2011-04-15,8848.492916666668,27823.0,16816.0,
2011-04-16,9587.59125,27477.0,17519.0,
2011-04-17,8046.662916666667,27644.0,16470.0,
2011-04-18,10272.3675,27272.0,19417.0,
2011-04-19,10869.74875,26602.0,20935.0,
2011-04-20,10208.548333333334,25758.0,20065.0,
2011-04-21,8345.13875,24920.0,16435.0,
2011-04-22,7574.798333333333,24275.0,15134.0,
2011-04-23,8400.285833333333,23640.0,17183.0,
2011-04-24,7239.726666666667,22782.0,15756.0,
2011-04-25,10265.295,22005.0,18506.0,
2011-04-26,11436.098333333332,21169.0,19391.0,
2011-04-27,11614.655416666666,20700.0,19639.0,
2011-04-28,11257.410000000002,20279.0,18924.0,
2011-04-29,11436.895,20060.0,18252.0,
2011-04-30,11484.734166666669,20003.0,17798.0,
2011-05-01,9448.590416666668,20117.0,16780.0,
2011-05-02,10677.807083333331,20282.0,19345.0,
2011-05-03,11445.215416666666,20562.0,20360.0,
2011-05-04,11429.887083333331,20818.0,20485.0,
2011-05-05,11224.355416666667,21117.0,20837.0,
2011-05-06,11409.1225,21176.0,20921.0,
2011-05-07,8829.90625,21051.0,17202.0,
2011-05-08,7753.729166666667,20610.0,15907.0,
2011-05-09,8729.123333333333,20094.0,16610.0,
2011-05-10,11488.9475,19521.0,18951.0,
2011-05-11,11165.2575,18903.0,18181.0,
2011-05-12,11785.265833333331,18347.0,18060.0,
2011-05-13,11757.768333333332,17848.0,17420.0,
2011-05-14,11617.464999999998,17532.0,16822.0,
2011-05-15,10517.350833333332,17201.0,16269.0,
2011-05-16,10941.801666666666,16845.0,15983.0,
2011-05-17,11247.496666666666,16448.0,16340.0,
2011-05-18,10226.775,16143.0,15911.0,
2011-05-19,11200.530833333332,15834.0,15603.0,
2011-05-20,11497.090000000002,15600.0,15368.0,
2011-05-21,11477.558333333334,15279.0,15216.0,
2011-05-22,9604.799166666666,15081.0,13682.0,
2011-05-23,11431.509166666665,14912.0,14849.0,
2011-05-24,11420.680833333334,14765.0,14739.0,
2011-05-25,11412.679583333333,14679.0,14679.0,
2011-05-26,11383.984583333331,14579.0,14579.0,
2011-05-27,11409.24875,14481.0,14481.0,
2011-05-28,10573.395833333334,14346.0,14346.0,
2011-05-29,8952.57375,14245.0,13404.0,
2011-05-30,10927.101666666667,14150.0,14150.0,
2011-05-31,11302.35875,14024.0,14024.0,
2011-06-01,11311.879166666668,13888.0,13870.0,
2011-06-02,11420.817083333332,13756.0,13616.0,
2011-06-03,11461.5025,13707.0,13707.0,
2011-06-04,10593.775,13645.0,13645.0,
2011-06-05,10308.924166666666,13645.0,13645.0,
2011-06-06,10693.760416666666,13733.0,13498.0,
2011-06-07,11371.194583333332,13884.0,13634.0,
2011-06-08,10728.874166666666,14082.0,13832.0,
2011-06-09,10140.349166666669,14347.0,14090.0,
2011-06-10,10891.090833333334,14712.0,14654.0,
2011-06-11,10343.469583333334,15126.0,15126.0,
2011-06-12,8692.291666666666,15609.0,15056.0,
2011-06-13,10217.481666666668,16152.0,16152.0,
2011-06-14,11252.159166666666,16738.0,16738.0,
2011-06-15,11349.599583333336,17103.0,17103.0,
2011-06-16,11217.821666666665,17107.0,17107.0,
2011-06-17,11425.80625,16817.0,16817.0,
2011-06-18,11413.878333333334,16487.0,16487.0,
2011-06-19,10649.009166666669,16139.0,16139.0,
2011-06-20,11393.194166666666,15648.0,15616.0,
2011-06-21,11244.807916666668,15095.0,15069.0,
2011-06-22,11597.027083333334,14552.0,14533.0,
2011-06-23,9189.365833333331,14188.0,13237.0,
2011-06-24,9228.105833333331,13836.0,13836.0,
2011-06-25,9184.958333333334,13453.0,13453.0,
2011-06-26,9724.107916666666,13119.0,12755.0,
2011-06-27,11210.85375,12839.0,12839.0,
2011-06-28,11486.844166666668,12681.0,12681.0,
2011-06-29,11484.88625,12483.0,12483.0,
2011-06-30,11440.448333333334,12520.0,12520.0,
2011-07-01,11232.721666666666,12668.0,12668.0,
2011-07-02,9349.899583333334,13168.0,12433.0,
2011-07-03,9053.9425,13983.0,13667.0,
2011-07-04,10370.743333333334,15150.0,15002.0,
2011-07-05,11016.934166666666,15928.0,14722.0,
2011-07-06,10944.213333333331,16168.0,13890.0,
2011-07-07,11343.604166666666,15844.0,14778.0,
2011-07-08,11660.402500000002,15418.0,14625.0,
2011-07-09,10581.895833333334,14925.0,13971.0,
2011-07-10,9747.329166666666,14371.0,12108.0,
2011-07-11,11581.784583333334,13908.0,13588.0,
2011-07-12,12004.644166666669,13558.0,13558.0,
2011-07-13,11986.23875,13207.0,13155.0,
2011-07-14,11501.564583333333,12895.0,12895.0,
2011-07-15,11190.189166666663,12598.0,12598.0,
2011-07-16,11360.232083333334,12495.0,12495.0,
2011-07-17,10398.7075,12842.0,12546.0,
2011-07-18,10964.031666666668,12964.0,12964.0,
2011-07-19,11040.505,13027.0,13027.0,
2011-07-20,10899.36,12725.0,12532.0,
2011-07-21,11011.736666666666,12782.0,12763.0,
2011-07-22,11009.575833333334,12924.0,12777.0,
2011-07-23,10396.392916666666,13096.0,11034.0,
2011-07-24,9535.45375,13283.0,10256.0,
2011-07-25,10493.4125,13412.0,11147.0,
2011-07-26,11165.995,13435.0,13028.0,
2011-07-27,10854.20625,13135.0,12685.0,
2011-07-28,11080.650416666664,12716.0,11942.0,
2011-07-29,11181.772083333331,12234.0,11877.0,
2011-07-30,9311.2,11756.0,10619.0,
2011-07-31,9870.732083333334,11482.0,10231.0,
2011-08-01,10584.82,11460.0,9669.0,
2011-08-02,10529.465,13911.0,10888.0,
2011-08-03,10391.930416666668,16316.0,11110.0,
2011-08-04,10321.537916666666,18830.0,12368.0,
2011-08-05,10242.699166666667,20103.0,13511.0,
2011-08-06,9995.592916666666,20239.0,14223.0,
2011-08-07,9660.9375,20220.0,14075.0,
2011-08-08,10467.327083333334,18929.0,14239.0,
2011-08-09,10799.15,16416.0,13286.0,
2011-08-10,10863.412916666666,14458.0,13336.0,
2011-08-11,10898.862916666669,13535.0,13496.0,
2011-08-12,10999.390833333331,12904.0,12472.0,
2011-08-13,10872.742916666666,12528.0,11956.0,
2011-08-14,10263.645,12252.0,9915.0,
2011-08-15,10767.271666666666,11929.0,9871.0,
2011-08-16,11589.027083333334,11736.0,11448.0,
2011-08-17,11598.96375,11734.0,11709.0,
2011-08-18,11332.364166666666,12180.0,11673.0,
2011-08-19,10081.003333333332,12958.0,9656.0,
2011-08-20,10601.695,14336.0,10840.0,
2011-08-21,9547.505833333333,15089.0,9247.0,
2011-08-22,10393.624583333332,16882.0,11071.0,
2011-08-23,10557.79625,16438.0,11281.0,
2011-08-24,10604.195416666667,15618.0,12404.0,
2011-08-25,10724.838333333331,14573.0,12404.0,
2011-08-26,10910.302083333334,13692.0,11689.0,
2011-08-27,10635.16625,13084.0,10298.0,
2011-08-28,8629.066666666668,12548.0,8236.0,
2011-08-29,10347.629583333332,12068.0,10077.0,
2011-08-30,11039.740416666667,11720.0,11496.0,
2011-08-31,10785.774166666666,11396.0,11396.0,
2011-09-01,10990.352083333331,11197.0,11187.0,
2011-09-02,10088.1875,11003.0,9949.0,
2011-09-03,8442.93625,10837.0,8085.0,
2011-09-04,9176.805,10710.0,7680.0,
2011-09-05,10631.632916666667,10613.0,9830.0,
2011-09-06,10747.630416666669,10526.0,9693.0,
2011-09-07,9485.874166666666,10382.0,7611.0,
2011-09-08,10649.620416666668,10277.0,9091.0,
2011-09-09,10685.105,10213.0,9610.0,
2011-09-10,9071.985833333334,10299.0,10299.0,
2011-09-11,8832.792916666667,10472.0,10472.0,
2011-09-12,9720.299166666666,10527.0,10527.0,
2011-09-13,10725.42375,10414.0,10414.0,
2011-09-14,10828.7975,10170.0,10170.0,
2011-09-15,10921.62375,9883.0,9883.0,
2011-09-16,9957.70125,9614.0,9358.0,
2011-09-17,9615.923333333334,9379.0,8591.0,
2011-09-18,9077.32125,9174.0,8402.0,
2011-09-19,10685.4775,9035.0,8851.0,
2011-09-20,10804.814166666669,8940.0,8940.0,
2011-09-21,9592.6375,8841.0,8841.0,
2011-09-22,9856.097083333332,8789.0,8789.0,
2011-09-23,9950.493333333334,8809.0,8809.0,
2011-09-24,9678.59,8811.0,8811.0,
2011-09-25,9311.3675,8766.0,8766.0,
2011-09-26,9682.424583333332,8678.0,8678.0,
2011-09-27,9936.406666666668,8551.0,8551.0,
2011-09-28,10143.994166666664,8503.0,8503.0,
2011-09-29,10644.727916666669,8337.0,8337.0,
2011-09-30,10140.120416666668,8243.0,8224.0,
2011-10-01,9730.008333333331,8095.0,7877.0,
2011-10-02,9754.182916666668,8102.0,7801.0,
2011-10-03,9855.67875,8159.0,8159.0,
2011-10-04,10605.465833333334,8314.0,8314.0,
2011-10-05,10413.902916666668,8412.0,8412.0,
2011-10-06,10364.740416666667,8516.0,8447.0,
2011-10-07,11348.256666666666,8635.0,8419.0,
2011-10-08,11486.662916666666,8774.0,8774.0,
2011-10-09,10715.184583333334,8932.0,8865.0,
2011-10-10,11563.057083333331,9282.0,9282.0,
2011-10-11,11772.882916666667,9748.0,9748.0,
2011-10-12,11230.462083333334,10268.0,10125.0,
2011-10-13,11076.45875,10905.0,10905.0,
2011-10-14,11684.364583333334,11732.0,11732.0,
2011-10-15,9506.599583333336,12678.0,12321.0,
2011-10-16,8918.436521739131,13745.0,12050.0,
2011-10-17,9875.370833333332,14997.0,13636.0,
2011-10-18,10002.16875,16554.0,13506.0,
2011-10-19,9695.949166666667,18063.0,12849.0,
2011-10-20,9357.569583333332,19146.0,12408.0,
2011-10-21,9986.447083333334,19683.0,15258.0,
2011-10-22,9247.025833333331,19589.0,15956.0,
2011-10-23,9325.299583333332,18781.0,16341.0,
2011-10-24,10005.694166666666,17865.0,17245.0,
2011-10-25,10045.206666666669,17177.0,17177.0,
2011-10-26,10097.292083333334,16624.0,16624.0,
2011-10-27,10235.845,16090.0,15576.0,
2011-10-28,11121.745416666668,15428.0,14872.0,
2011-10-29,9876.595416666669,14828.0,11825.0,
2011-10-30,8076.154583333333,14401.0,9106.0,
2011-10-31,8825.090833333334,14210.0,10638.0,
2011-11-01,9127.038333333334,13946.0,11323.0,
2011-11-02,8554.294583333334,13665.0,10434.0,
2011-11-03,8971.504583333333,13320.0,10624.0,
2011-11-04,9529.561666666666,12990.0,11924.0,
2011-11-05,9349.623333333331,12609.0,11146.0,
2011-11-06,9000.125,12184.0,9313.0,
2011-11-07,10190.769166666669,11797.0,10934.0,
2011-11-08,10345.08125,11404.0,11362.0,
2011-11-09,10371.844166666668,11103.0,10835.0,
2011-11-10,10380.14625,10788.0,10153.0,
2011-11-11,10257.054583333333,10569.0,9608.0,
2011-11-12,9635.5925,10547.0,8743.0,
2011-11-13,9141.342916666666,10820.0,6849.0,
2011-11-14,9435.42625,11474.0,6599.0,
2011-11-15,9818.849583333336,11851.0,9782.0,
2011-11-16,11451.563333333334,12401.0,12401.0,
2011-11-17,11750.59625,12794.0,12755.0,
2011-11-18,11926.329583333332,13329.0,13329.0,
2011-11-19,11191.179583333333,14079.0,11521.0,
2011-11-20,10093.245833333332,14703.0,10803.0,
2011-11-21,11633.1425,15690.0,13618.0,
2011-11-22,11837.682083333331,16383.0,14904.0,
2011-11-23,11839.58,16792.0,15877.0,
2011-11-24,11796.2725,16711.0,15226.0,
2011-11-25,11660.256666666666,16572.0,15230.0,
2011-11-26,9555.018333333332,16285.0,12367.0,
2011-11-27,9314.694583333332,15709.0,11709.0,
2011-11-28,9913.017916666666,14872.0,12009.0,
2011-11-29,9818.32625,14134.0,12158.0,
2011-11-30,9677.694583333332,13624.0,12148.0,
2011-12-01,9407.980416666667,13229.0,12135.0,
2011-12-02,11439.498333333337,12889.0,12389.0,
2011-12-03,9669.1025,12578.0,10045.0,
2011-12-04,8896.142916666666,12447.0,10243.0,
2011-12-05,10511.522916666669,12490.0,11598.0,
2011-12-06,10278.035,12631.0,12248.0,
2011-12-07,10688.244583333331,12839.0,12280.0,
2011-12-08,10686.57375,13068.0,12012.0,
2011-12-09,10310.104583333334,13405.0,11672.0,
2011-12-10,9706.12125,13831.0,12035.0,
2011-12-11,9215.2275,14340.0,10944.0,
2011-12-12,10376.552083333334,14756.0,13410.0,
2011-12-13,10420.2875,15244.0,14898.0,
2011-12-14,10328.0425,15759.0,15612.0,
2011-12-15,10415.280416666666,16127.0,15402.0,
2011-12-16,11264.746249999998,16826.0,16690.0,
2011-12-17,10046.550416666669,17503.0,15641.0,
2011-12-18,9992.160416666668,18241.0,16002.0,
2011-12-19,11409.929166666669,18795.0,18017.0,
2011-12-20,12055.283333333333,19212.0,19037.0,
2011-12-21,12117.579166666668,19454.0,19101.0,
2011-12-22,11850.862916666669,19532.0,19140.0,
2011-12-23,11850.888333333334,19421.0,19253.0,
2011-12-24,10529.482083333334,19244.0,16954.0,
2011-12-25,9720.432083333331,19232.0,16394.0,
2011-12-26,10455.875833333334,19278.0,18031.0,
2011-12-27,12069.025,19150.0,18983.0,
2011-12-28,11714.916666666666,18814.0,18710.0,
2011-12-29,11968.465416666666,18564.0,18564.0,
2011-12-30,11780.986666666666,18564.0,18564.0,
2011-12-31,11350.9875,18759.0,18611.0,
2012-01-01,9823.467916666666,19223.0,17602.0,
2012-01-02,11397.945416666667,19337.0,19337.0,
2012-01-03,11677.410416666666,19779.0,19779.0,
2012-01-04,11713.23875,20240.0,20240.0,
2012-01-05,11211.781666666668,20909.0,20909.0,
2012-01-06,11450.856666666668,21868.0,21868.0,
2012-01-07,11036.49125,22904.0,22904.0,
2012-01-08,10407.659166666666,23829.0,23829.0,
2012-01-09,11403.970416666663,24584.0,24529.0,
2012-01-10,11456.529166666667,25323.0,25194.0,
2012-01-11,11510.721666666666,26186.0,26083.0,
2012-01-12,11548.95,27038.0,26877.0,
2012-01-13,11493.842916666666,28026.0,27913.0,
2012-01-14,11417.390416666669,29099.0,28996.0,
2012-01-15,10203.500833333334,30146.0,30043.0,
2012-01-16,11423.0175,31162.0,31051.0,
2012-01-17,11435.747083333334,32177.0,31872.0,
2012-01-18,11376.71875,33303.0,32142.0,
2012-01-19,11589.03625,33928.0,31999.0,
2012-01-20,11519.074583333331,33956.0,31812.0,
2012-01-21,11388.36125,33539.0,30941.0,
2012-01-22,11106.2425,32935.0,28807.0,
2012-01-23,11508.492916666668,32317.0,29146.0,
2012-01-24,11771.936666666666,31750.0,29638.0,
2012-01-25,11688.780416666666,31281.0,29034.0,
2012-01-26,11867.184583333334,31163.0,28859.0,
2012-01-27,11482.182916666668,31152.0,27741.0,
2012-01-28,11103.514166666668,31440.0,25552.0,
2012-01-29,9941.22,31278.0,22942.0,
2012-01-30,11302.399166666668,30852.0,24192.0,
2012-01-31,11648.195416666667,30221.0,24961.0,
2012-02-01,11395.795,29260.0,25871.0,
2012-02-02,11646.604583333334,28172.0,25331.0,
2012-02-03,12116.754583333332,27050.0,25874.0,
2012-02-04,11699.9325,26149.0,25834.0,
2012-02-05,11211.35125,25369.0,23520.0,
2012-02-06,11874.8625,24660.0,24185.0,
2012-02-07,12166.971666666666,23886.0,23720.0,
2012-02-08,12214.569166666668,23131.0,22955.0,
2012-02-09,12036.081666666669,22341.0,22173.0,
2012-02-10,12031.115833333331,21470.0,21441.0,
2012-02-11,11864.655833333332,20453.0,20453.0,
2012-02-12,11060.6425,19297.0,19205.0,
2012-02-13,12122.472500000002,18315.0,18315.0,
2012-02-14,12267.631666666666,17820.0,17820.0,
2012-02-15,12195.004166666666,17575.0,17575.0,
2012-02-16,12144.268333333332,17810.0,17810.0,
2012-02-17,12144.469583333334,18138.0,18076.0,
2012-02-18,9464.387083333331,18700.0,17246.0,
2012-02-19,8679.71625,19421.0,18577.0,
2012-02-20,8781.829166666666,20328.0,20328.0,
2012-02-21,9127.319166666666,21044.0,21044.0,
2012-02-22,9712.073333333334,21339.0,21044.0,
2012-02-23,11035.729583333334,21147.0,21002.0,
2012-02-24,11595.115833333335,20701.0,20701.0,
2012-02-25,10304.157916666669,20067.0,19431.0,
2012-02-26,10749.31875,19529.0,19310.0,
2012-02-27,12030.466666666667,19217.0,19217.0,
2012-02-28,11732.745833333334,19257.0,19257.0,
2012-02-29,11672.56125,19580.0,19580.0,
2012-03-01,10821.617083333333,19881.0,19881.0,
2012-03-02,11663.749166666666,19869.0,19869.0,
2012-03-03,11726.969583333334,19604.0,19604.0,
2012-03-04,10935.147083333331,19212.0,18872.0,
2012-03-05,11791.624583333332,18686.0,18686.0,
2012-03-06,11912.19,17990.0,17990.0,
2012-03-07,11999.674583333332,17237.0,17237.0,
2012-03-08,11577.542083333334,16572.0,16572.0,
2012-03-09,11675.005833333336,15941.0,15910.0,
2012-03-10,10887.082916666666,15260.0,15157.0,
2012-03-11,10806.754583333332,14663.0,14560.0,
2012-03-12,11535.963333333331,14267.0,14164.0,
2012-03-13,10746.437916666668,14049.0,13947.0,
2012-03-14,10911.279166666667,13919.0,13816.0,
2012-03-15,10736.673333333334,13798.0,13695.0,
2012-03-16,10712.502083333333,13801.0,13653.0,
2012-03-17,9882.174166666666,13997.0,13760.0,
2012-03-18,9607.8675,14362.0,14195.0,
2012-03-19,10713.227083333331,14697.0,14527.0,
2012-03-20,11403.677916666667,15045.0,14853.0,
2012-03-21,11351.1575,15440.0,15084.0,
2012-03-22,11379.878333333334,15926.0,15609.0,
2012-03-23,11143.93,16291.0,15999.0,
2012-03-24,10629.244166666667,16551.0,16320.0,
2012-03-25,10387.085833333333,16684.0,16185.0,
2012-03-26,11275.229583333334,16871.0,16678.0,
2012-03-27,11246.995416666668,16892.0,16485.0,
2012-03-28,11385.305833333332,16895.0,16756.0,
2012-03-29,11626.127916666666,16906.0,16609.0,
2012-03-30,11395.7125,16921.0,16750.0,
2012-03-31,11120.783333333333,16812.0,16739.0,
2012-04-01,11146.01625,16672.0,16672.0,
2012-04-02,12133.405833333332,16504.0,16504.0,
2012-04-03,12066.6375,16316.0,16316.0,
2012-04-04,12175.545416666668,16035.0,16035.0,
2012-04-05,10819.814166666669,15677.0,15476.0,
2012-04-06,10531.220833333333,15303.0,15303.0,
2012-04-07,10246.157083333334,15045.0,15045.0,
2012-04-08,10287.76625,14872.0,14845.0,
2012-04-09,11013.640833333331,14679.0,14576.0,
2012-04-10,11105.789583333331,14442.0,14339.0,
2012-04-11,11757.178333333331,14310.0,14208.0,
2012-04-12,11727.052083333334,14382.0,14230.0,
2012-04-13,11841.514166666668,14535.0,14144.0,
2012-04-14,11110.46375,14544.0,14281.0,
2012-04-15,10786.393333333332,14374.0,14047.0,
2012-04-16,11530.307083333331,14187.0,13889.0,
2012-04-17,11679.229583333334,14159.0,13968.0,
2012-04-18,11407.725833333332,14148.0,13910.0,
2012-04-19,11314.5625,14078.0,13627.0,
2012-04-20,11165.980416666667,13893.0,13558.0,
2012-04-21,10518.431666666664,13696.0,13348.0,
2012-04-22,10239.310833333331,13677.0,13476.0,
2012-04-23,10926.836666666668,13777.0,13612.0,
2012-04-24,11502.863333333333,14063.0,13897.0,
2012-04-25,11133.01875,14494.0,14300.0,
2012-04-26,11329.534583333334,15051.0,14884.0,
2012-04-27,11850.705,15772.0,15662.0,
2012-04-28,12121.05,16623.0,16623.0,
2012-04-29,11599.1275,17887.0,17887.0,
2012-04-30,11604.682083333331,18807.0,18807.0,
2012-05-01,11706.157916666663,19543.0,19543.0,
2012-05-02,12040.885833333334,19287.0,19287.0,
2012-05-03,12768.025416666664,18676.0,18650.0,
2012-05-04,12682.3275,18000.0,18000.0,
2012-05-05,12320.774166666668,17271.0,17271.0,
2012-05-06,11628.342916666666,16666.0,16666.0,
2012-05-07,10854.3275,16333.0,16333.0,
2012-05-08,11490.562916666668,16043.0,16043.0,
2012-05-09,11421.922916666668,15834.0,15834.0,
2012-05-10,11737.503333333334,15737.0,15737.0,
2012-05-11,11955.273333333333,15420.0,15420.0,
2012-05-12,11331.394166666669,14855.0,14855.0,
2012-05-13,10727.458333333334,14303.0,14303.0,
2012-05-14,11767.58875,14149.0,14149.0,
2012-05-15,11186.267916666666,14306.0,14306.0,
2012-05-16,11620.264583333332,14416.0,14416.0,
2012-05-17,11844.380416666669,14382.0,14382.0,
2012-05-18,11420.98625,14399.0,14399.0,
2012-05-19,11451.325,14467.0,14448.0,
2012-05-20,10912.539166666667,14482.0,14460.0,
2012-05-21,11461.355833333331,14450.0,14432.0,
2012-05-22,11538.465833333334,14429.0,14246.0,
2012-05-23,11494.084583333335,14399.0,14399.0,
2012-05-24,11441.262916666668,14388.0,14388.0,
2012-05-25,11197.960416666669,14203.0,14130.0,
2012-05-26,10711.739166666666,14017.0,13911.0,
2012-05-27,10581.697916666666,13828.0,13757.0,
2012-05-28,11232.29,13833.0,13807.0,
2012-05-29,11854.703333333331,13900.0,13727.0,
2012-05-30,11804.179166666669,14153.0,14001.0,
2012-05-31,11941.422916666668,14269.0,13864.0,
2012-06-01,12229.182916666668,14274.0,13969.0,
2012-06-02,11701.93625,14136.0,13523.0,
2012-06-03,11456.147083333335,14333.0,14134.0,
2012-06-04,11990.361666666666,14896.0,14312.0,
2012-06-05,12739.4275,15663.0,15524.0,
2012-06-06,12693.598333333332,16845.0,16741.0,
2012-06-07,12105.997916666667,19190.0,19087.0,
2012-06-08,11976.369583333331,20602.0,19201.0,
2012-06-09,11783.337916666664,21552.0,19036.0,
2012-06-10,11306.471666666666,20567.0,17801.0,
2012-06-11,11423.63,20122.0,19077.0,
2012-06-12,11321.53375,19604.0,18231.0,
2012-06-13,11937.705416666666,19263.0,18961.0,
2012-06-14,12290.32125,19313.0,19171.0,
2012-06-15,12281.851666666667,19559.0,19328.0,
2012-06-16,12434.857083333334,19328.0,19129.0,
2012-06-17,10765.414583333331,18942.0,16217.0,
2012-06-18,11733.54,18618.0,16157.0,
2012-06-19,11839.907916666663,20343.0,17383.0,
2012-06-20,11725.329166666668,22922.0,20439.0,
2012-06-21,11641.674166666666,23792.0,18307.0,
2012-06-22,11681.094166666668,25362.0,18446.0,
2012-06-23,11598.125833333334,28292.0,21757.0,
2012-06-24,10438.502083333333,30216.0,21227.0,
2012-06-25,11396.917916666667,29736.0,21743.0,
2012-06-26,11467.325,27140.0,20118.0,
2012-06-27,11542.040416666669,25047.0,19668.0,
2012-06-28,11915.16125,24305.0,19526.0,
2012-06-29,11975.827083333332,23871.0,19742.0,
2012-06-30,10942.139583333332,23096.0,18714.0,
2012-07-01,10998.8775,22303.0,18211.0,
2012-07-02,12153.27625,21311.0,18712.0,
2012-07-03,12552.6325,20233.0,19587.0,
2012-07-04,12105.3975,19066.0,18879.0,
2012-07-05,12209.245416666668,17909.0,17015.0,
2012-07-06,12688.931666666664,16861.0,16320.0,
2012-07-07,12539.441250000002,16004.0,15786.0,
2012-07-08,11242.630416666669,15316.0,13413.0,
2012-07-09,12496.742083333333,14768.0,14768.0,
2012-07-10,12365.878333333334,14526.0,14526.0,
2012-07-11,12104.57375,14497.0,14497.0,
2012-07-12,12402.751666666663,14518.0,14518.0,
2012-07-13,12790.905,14228.0,14228.0,
2012-07-14,12525.965416666666,13820.0,13820.0,
2012-07-15,10459.612083333332,13527.0,12305.0,
2012-07-16,12700.17375,13442.0,13442.0,
2012-07-17,12720.445416666667,13263.0,13263.0,
2012-07-18,12303.156666666668,13341.0,13341.0,
2012-07-19,12570.52,13183.0,13183.0,
2012-07-20,12547.362083333332,13090.0,13070.0,
2012-07-21,12426.009166666665,12977.0,12977.0,
2012-07-22,12306.97375,12924.0,12924.0,
2012-07-23,12632.9325,12862.0,12862.0,
2012-07-24,12610.505416666669,12750.0,12750.0,
2012-07-25,12213.5625,12690.0,12690.0,
2012-07-26,11822.42,12607.0,12607.0,
2012-07-27,12414.117083333333,12714.0,12714.0,
2012-07-28,11691.034166666666,12717.0,12717.0,
2012-07-29,10682.061666666666,12676.0,11861.0,
2012-07-30,11866.006666666666,12442.0,12413.0,
2012-07-31,11451.340833333334,12121.0,12081.0,
2012-08-01,11477.715833333334,11769.0,11739.0,
2012-08-02,11428.319583333332,11461.0,11461.0,
2012-08-03,11305.274166666668,11199.0,11199.0,
2012-08-04,10281.698333333334,10947.0,10838.0,
2012-08-05,9426.589583333332,10721.0,10618.0,
2012-08-06,10593.58125,10551.0,10551.0,
2012-08-07,10654.835,10377.0,10377.0,
2012-08-08,10817.692083333332,10166.0,10166.0,
2012-08-09,10925.237083333332,9969.0,9969.0,
2012-08-10,11337.66125,9811.0,9811.0,
2012-08-11,11347.734583333331,9719.0,9719.0,
2012-08-12,10986.517083333332,9615.0,9615.0,
2012-08-13,11482.152083333334,9533.0,9395.0,
2012-08-14,11550.226666666667,9451.0,9303.0,
2012-08-15,11419.103333333333,9351.0,9222.0,
2012-08-16,11418.303333333335,9248.0,9199.0,
2012-08-17,11270.58,9123.0,9123.0,
2012-08-18,10886.010416666666,8958.0,8958.0,
2012-08-19,10234.516666666666,8845.0,8845.0,
2012-08-20,11230.996249999998,8736.0,8736.0,
2012-08-21,11319.26375,8629.0,8629.0,
2012-08-22,11444.81375,8469.0,8469.0,
2012-08-23,11268.762083333331,8345.0,8345.0,
2012-08-24,11046.194166666666,8266.0,8266.0,
2012-08-25,10661.959166666666,8209.0,8202.0,
2012-08-26,10161.4825,8170.0,8168.0,
2012-08-27,10899.113333333333,8140.0,8140.0,
2012-08-28,10721.438333333334,8098.0,8098.0,
2012-08-29,10241.508333333331,8036.0,8036.0,
2012-08-30,9953.35625,7930.0,7930.0,
2012-08-31,9922.863333333333,7859.0,7859.0,
2012-09-01,9356.0625,7796.0,7796.0,
2012-09-02,9350.1275,7690.0,7437.0,
2012-09-03,10669.954166666666,7576.0,7547.0,
2012-09-04,11041.862083333332,7504.0,7504.0,
2012-09-05,11488.839583333334,7508.0,7508.0,
2012-09-06,11394.583333333334,7469.0,7469.0,
2012-09-07,10798.14875,7427.0,7427.0,
2012-09-08,10996.20625,7320.0,7320.0,
2012-09-09,10006.1575,7315.0,6882.0,
2012-09-10,10585.121666666666,7316.0,7316.0,
2012-09-11,9902.52,7300.0,7029.0,
2012-09-12,10108.023333333333,7239.0,7239.0,
2012-09-13,10142.48875,7231.0,7231.0,
2012-09-14,10260.187916666668,7175.0,7175.0,
2012-09-15,10114.964166666668,7135.0,7135.0,
2012-09-16,9729.300833333333,7073.0,7073.0,
2012-09-17,10377.115416666666,7116.0,7116.0,
2012-09-18,10370.729166666666,7124.0,7124.0,
2012-09-19,9415.28625,7148.0,7148.0,
2012-09-20,9754.379166666668,7192.0,7192.0,
2012-09-21,9680.150416666664,7311.0,7311.0,
2012-09-22,9297.717083333331,7578.0,7578.0,
2012-09-23,9340.597083333332,7947.0,7947.0,
2012-09-24,10609.95875,8437.0,8437.0,
2012-09-25,9943.375,8971.0,8971.0,
2012-09-26,10828.164583333331,9415.0,9415.0,
2012-09-27,10716.092916666666,9744.0,9680.0,
2012-09-28,10449.860833333334,9942.0,9561.0,
2012-09-29,9799.11,9964.0,9584.0,
2012-09-30,9974.585,10003.0,9669.0,
2012-10-01,9932.620416666668,9882.0,9851.0,
2012-10-02,11213.677916666667,9765.0,9765.0,
2012-10-03,11671.808750000002,9661.0,9598.0,
2012-10-04,10387.29125,9477.0,9477.0,
2012-10-05,9253.405833333332,9111.0,9111.0,
2012-10-06,8964.51375,8599.0,8599.0,
2012-10-07,9001.058333333332,8121.0,7186.0,
2012-10-08,10897.587916666667,7804.0,7804.0,
2012-10-09,11667.874583333332,7652.0,7652.0,
2012-10-10,11635.59875,7500.0,7500.0,
2012-10-11,11434.729583333334,7277.0,7277.0,
2012-10-12,10840.587083333334,6960.0,6960.0,
2012-10-13,10880.045416666666,6731.0,6731.0,
2012-10-14,10539.89125,6719.0,6719.0,
2012-10-15,10974.016666666668,6800.0,6800.0,
2012-10-16,10989.29875,6846.0,6846.0,
2012-10-17,10739.924166666666,6787.0,6787.0,
2012-10-18,9785.1225,6765.0,6765.0,
2012-10-19,10277.688333333334,6904.0,6904.0,
2012-10-20,9276.328333333331,7327.0,7327.0,
2012-10-21,8974.18304347826,7790.0,7790.0,
2012-10-22,10235.331666666669,8308.0,8308.0,
2012-10-23,9069.6025,8429.0,8429.0,
2012-10-24,10216.355416666667,8447.0,8447.0,
2012-10-25,11132.77875,8360.0,8360.0,
2012-10-26,11322.75875,8545.0,8545.0,
2012-10-27,10713.3175,8685.0,8554.0,
2012-10-28,9542.097083333332,8808.0,8808.0,
2012-10-29,10686.735833333334,8826.0,8826.0,
2012-10-30,11575.13875,8927.0,8927.0,
2012-10-31,11486.8325,9030.0,9030.0,
2012-11-01,11299.665833333333,9078.0,9078.0,
2012-11-02,10748.029166666667,9083.0,9083.0,
2012-11-03,10007.155833333332,8916.0,8916.0,
2012-11-04,10054.428333333331,8669.0,8669.0,
2012-11-05,10411.395833333334,8578.0,8578.0,
2012-11-06,10669.709583333331,8630.0,8630.0,
2012-11-07,10690.21625,8777.0,8777.0,
2012-11-08,10360.20125,8920.0,8920.0,
2012-11-09,10238.003333333334,9190.0,9190.0,
2012-11-10,10409.925416666669,9603.0,9603.0,
2012-11-11,9961.937083333332,10121.0,10121.0,
2012-11-12,10516.177083333334,10589.0,10589.0,
2012-11-13,10183.649583333334,11183.0,11183.0,
2012-11-14,9806.502083333336,11582.0,11582.0,
2012-11-15,9251.024583333334,11985.0,11985.0,
2012-11-16,9834.302083333334,12339.0,12339.0,
2012-11-17,9372.895,12576.0,12576.0,
2012-11-18,9114.335,12511.0,12511.0,
2012-11-19,9543.66375,12270.0,12270.0,
2012-11-20,10547.7475,11987.0,11987.0,
2012-11-21,11173.615833333335,11809.0,11809.0,
2012-11-22,11748.2725,11630.0,11630.0,
2012-11-23,11290.228333333333,11413.0,11413.0,
2012-11-24,10706.177916666666,11185.0,11185.0,
2012-11-25,10147.537916666666,10847.0,10847.0,
2012-11-26,11107.075833333334,10543.0,10543.0,
2012-11-27,10546.365833333331,10323.0,10323.0,
2012-11-28,10744.047916666666,10219.0,10219.0,
2012-11-29,10395.979166666666,10251.0,10251.0,
2012-11-30,10634.33875,10375.0,10375.0,
2012-12-01,10547.260833333334,10477.0,10477.0,
2012-12-02,9852.035416666668,10593.0,10593.0,
2012-12-03,10793.592083333331,10801.0,10801.0,
2012-12-04,10338.84875,11102.0,11102.0,
2012-12-05,10787.0,11307.0,11307.0,
2012-12-06,10183.4675,11387.0,11387.0,
2012-12-07,10317.283333333333,11364.0,11364.0,
2012-12-08,10057.112916666669,11269.0,11269.0,
2012-12-09,9954.46125,11240.0,11240.0,
2012-12-10,10470.510833333334,11264.0,11264.0,
2012-12-11,10817.869583333331,11260.0,11260.0,
2012-12-12,11243.003750000002,11263.0,11263.0,
2012-12-13,10064.754166666668,11226.0,11226.0,
2012-12-14,10083.301666666666,11474.0,11474.0,
2012-12-15,10814.585833333333,11621.0,11621.0,
2012-12-16,9988.126666666669,11966.0,11966.0,
2012-12-17,11230.383333333331,12525.0,12525.0,
2012-12-18,12208.772083333335,13253.0,13253.0,
2012-12-19,12089.389166666668,14172.0,14172.0,
2012-12-20,12143.502916666666,15356.0,15356.0,
2012-12-21,10793.805,15607.0,15607.0,
2012-12-22,9601.197916666666,15334.0,15334.0,
2012-12-23,11068.78,15337.0,15337.0,
2012-12-24,10693.76625,15534.0,15534.0,
2012-12-25,10858.06125,15450.0,15450.0,
2012-12-26,11558.201666666668,15334.0,15334.0,
2012-12-27,11784.087916666664,14875.0,14875.0,
2012-12-28,11564.372083333334,14380.0,14380.0,
2012-12-29,10775.062916666668,13832.0,13832.0,
2012-12-30,10403.524166666668,13440.0,13440.0,
2012-12-31,10339.167083333334,13563.0,13563.0,
2013-01-01,9732.715833333334,13947.0,13947.0,
2013-01-02,9887.21,14311.0,14311.0,
2013-01-03,9948.972916666668,14530.0,14530.0,
2013-01-04,10448.64125,14504.0,14504.0,
2013-01-05,10255.409166666666,14467.0,14467.0,
2013-01-06,10808.3375,14401.0,14401.0,
2013-01-07,10874.540416666669,14459.0,14459.0,
2013-01-08,11082.435416666667,14825.0,14825.0,
2013-01-09,11253.200833333334,15546.0,15546.0,
2013-01-10,12122.771666666667,17071.0,17071.0,
2013-01-11,11987.659166666666,17525.0,17525.0,
2013-01-12,12337.080416666666,17366.0,17366.0,
2013-01-13,12242.15625,16811.0,16811.0,
2013-01-14,12242.478333333333,16987.0,16987.0,
2013-01-15,11075.20625,17200.0,17200.0,
2013-01-16,11200.534166666666,17745.0,17745.0,
2013-01-17,11115.542916666664,18605.0,18605.0,
2013-01-18,10901.338333333331,19886.0,19886.0,
2013-01-19,10816.24,21556.0,21519.0,
2013-01-20,10529.39,23325.0,23252.0,
2013-01-21,11160.589166666668,24652.0,24652.0,
2013-01-22,11592.386666666667,25501.0,25501.0,
2013-01-23,11418.311666666666,26123.0,26123.0,
2013-01-24,11689.777916666666,26411.0,26411.0,
2013-01-25,10837.583333333334,26158.0,26158.0,
2013-01-26,10024.02125,25265.0,25265.0,
2013-01-27,9918.660833333332,24109.0,24109.0,
2013-01-28,10565.775416666667,23181.0,23181.0,
2013-01-29,9875.97375,22698.0,22698.0,
2013-01-30,9831.974583333333,22628.0,22628.0,
2013-01-31,9344.63625,22582.0,22582.0,
2013-02-01,9266.037916666666,22553.0,22553.0,
2013-02-02,8882.946249999999,22928.0,22928.0,
2013-02-03,8813.806666666665,23576.0,23576.0,
2013-02-04,9175.918333333331,24431.0,24312.0,
2013-02-05,10393.630833333333,25123.0,25123.0,
2013-02-06,10443.52375,25819.0,25819.0,
2013-02-07,10129.52,26560.0,26560.0,
2013-02-08,10249.40625,26846.0,26846.0,
2013-02-09,10110.470833333333,27057.0,27057.0,
2013-02-10,10120.077916666669,27514.0,27514.0,
2013-02-11,10392.07875,28268.0,28268.0,
2013-02-12,11134.4875,29284.0,29284.0,
2013-02-13,11568.869583333331,30068.0,30068.0,
2013-02-14,11716.940833333334,31491.0,31491.0,
2013-02-15,12488.294583333334,32226.0,32204.0,
2013-02-16,12972.135,32608.0,32394.0,
2013-02-17,12399.547083333331,32612.0,32578.0,
2013-02-18,13268.17375,31854.0,31647.0,
2013-02-19,13163.975416666666,30145.0,30145.0,
2013-02-20,13297.58375,28017.0,28017.0,
2013-02-21,12766.940833333334,26117.0,26117.0,
2013-02-22,13033.085416666669,24935.0,24935.0,
2013-02-23,13063.655416666666,23791.0,23791.0,
2013-02-24,12631.844583333334,22864.0,22864.0,
2013-02-25,13071.089999999998,22116.0,22116.0,
2013-02-26,12667.08625,21443.0,21443.0,
2013-02-27,12657.040416666665,20880.0,20880.0,
2013-02-28,12755.254583333332,20388.0,20388.0,
2013-03-01,12297.085416666669,20111.0,20111.0,
2013-03-02,12019.617916666668,20047.0,20047.0,
2013-03-03,11925.729166666666,19969.0,19969.0,
2013-03-04,12731.589583333334,19862.0,19823.0,
2013-03-05,12272.151666666668,19806.0,19484.0,
2013-03-06,12311.425,19768.0,19660.0,
2013-03-07,12460.160416666666,19714.0,19449.0,
2013-03-08,12514.46,19762.0,19635.0,
2013-03-09,12027.715416666666,19796.0,19660.0,
2013-03-10,11186.547916666668,19873.0,19842.0,
2013-03-11,12397.395,20406.0,20347.0,
2013-03-12,12019.897083333335,21418.0,21314.0,
2013-03-13,11891.875416666668,22797.0,22719.0,
2013-03-14,11275.269583333333,24717.0,24717.0,
2013-03-15,10914.15625,26918.0,26918.0,
2013-03-16,11245.68,27053.0,27053.0,
2013-03-17,10617.983333333334,26432.0,26432.0,
2013-03-18,11725.092916666666,26005.0,26005.0,
2013-03-19,12691.5575,25970.0,25970.0,
2013-03-20,12163.01,25825.0,25825.0,
2013-03-21,12406.616666666669,26221.0,26221.0,
2013-03-22,11882.200833333334,26541.0,26541.0,
2013-03-23,11283.3175,27312.0,27291.0,
2013-03-24,10767.15375,27233.0,27233.0,
2013-03-25,11935.455,27039.0,27039.0,
2013-03-26,12410.76375,26957.0,26957.0,
2013-03-27,12456.871666666666,26964.0,26964.0,
2013-03-28,12356.090416666666,27244.0,27244.0,
2013-03-29,10400.261666666667,27469.0,26871.0,
2013-03-30,10793.22875,27376.0,27376.0,
2013-03-31,10283.489583333334,27371.0,27210.0,
2013-04-01,11825.292916666667,27314.0,27314.0,
2013-04-02,12605.397916666669,27211.0,27211.0,
2013-04-03,12463.621249999998,27065.0,27065.0,
2013-04-04,11983.547916666668,26785.0,26785.0,
2013-04-05,11838.096666666666,26499.0,26499.0,
2013-04-06,11576.319166666668,26230.0,26230.0,
2013-04-07,11338.25125,26082.0,26082.0,
2013-04-08,12124.850833333332,26102.0,26102.0,
2013-04-09,12554.24125,26454.0,26454.0,
2013-04-10,12610.465416666666,26610.0,26610.0,
2013-04-11,12796.719583333334,26358.0,26358.0,
2013-04-12,12856.389166666668,26305.0,26305.0,
2013-04-13,12349.500416666668,26859.0,26719.0,
2013-04-14,10454.6775,27865.0,26403.0,
2013-04-15,12186.007916666667,29099.0,29099.0,
2013-04-16,12555.380833333336,29881.0,29881.0,
2013-04-17,12860.730833333331,30622.0,29913.0,
2013-04-18,12833.915833333333,30442.0,29315.0,
2013-04-19,13110.962083333334,29650.0,29650.0,
2013-04-20,12620.958333333334,28498.0,28498.0,
2013-04-21,12088.93875,27147.0,27147.0,
2013-04-22,12690.13875,25842.0,25842.0,
2013-04-23,13120.668333333331,24718.0,24718.0,
2013-04-24,12760.308749999998,23575.0,23575.0,
2013-04-25,12159.03,22266.0,22266.0,
2013-04-26,11569.440416666666,20970.0,20970.0,
2013-04-27,11069.862916666669,19834.0,19834.0,
2013-04-28,11102.705,18932.0,18932.0,
2013-04-29,11584.027916666666,18199.0,18199.0,
2013-04-30,11053.948333333334,17628.0,17628.0,
2013-05-01,10942.663333333332,17119.0,17119.0,
2013-05-02,11799.79375,16645.0,16645.0,
2013-05-03,11744.160000000002,16271.0,16271.0,
2013-05-04,11551.538333333332,15978.0,15978.0,
2013-05-05,10756.590416666668,15766.0,15766.0,
2013-05-06,11255.298333333332,15553.0,15553.0,
2013-05-07,10761.584583333331,15357.0,15357.0,
2013-05-08,11014.6925,15177.0,15177.0,
2013-05-09,10571.95125,14969.0,14969.0,
2013-05-10,10234.062083333332,14755.0,14755.0,
2013-05-11,9956.23125,14535.0,14535.0,
2013-05-12,9470.4125,14401.0,14401.0,
2013-05-13,10299.292083333334,14445.0,14445.0,
2013-05-14,11029.914166666667,14626.0,14626.0,
2013-05-15,11089.484166666669,16103.0,16103.0,
2013-05-16,11060.33875,16234.0,16234.0,
2013-05-17,10246.225833333332,15574.0,15574.0,
2013-05-18,10443.6475,15272.0,15272.0,
2013-05-19,10055.178333333331,14980.0,14980.0,
2013-05-20,11062.14625,14723.0,14723.0,
2013-05-21,11464.227916666665,14405.0,14398.0,
2013-05-22,11397.685416666667,14159.0,14159.0,
2013-05-23,11155.019583333333,13873.0,13873.0,
2013-05-24,10690.0875,13638.0,13638.0,
2013-05-25,10242.311666666666,13499.0,13499.0,
2013-05-26,9987.015,13638.0,13638.0,
2013-05-27,10882.40375,13896.0,13896.0,
2013-05-28,11745.08,14254.0,14254.0,
2013-05-29,11294.326666666668,14672.0,14672.0,
2013-05-30,11182.646666666667,15207.0,15207.0,
2013-05-31,10656.435,16182.0,16182.0,
2013-06-01,10130.99625,17696.0,17548.0,
2013-06-02,10144.975833333334,19025.0,18472.0,
2013-06-03,10909.285416666668,20887.0,20569.0,
2013-06-04,12213.80125,22745.0,22721.0,
2013-06-05,12548.15375,23875.0,23677.0,
2013-06-06,12558.12625,24681.0,23832.0,
2013-06-07,13218.49125,24202.0,24202.0,
2013-06-08,13015.99875,23024.0,23024.0,
2013-06-09,10758.158333333333,21525.0,20287.0,
2013-06-10,12632.0925,20011.0,20011.0,
2013-06-11,13010.860416666668,18738.0,18738.0,
2013-06-12,12765.83125,17797.0,17797.0,
2013-06-13,12023.36375,17290.0,17290.0,
2013-06-14,10849.3975,17078.0,17078.0,
2013-06-15,10460.4575,17067.0,17067.0,
2013-06-16,9842.72625,17152.0,17152.0,
2013-06-17,10895.413333333332,17034.0,17034.0,
2013-06-18,12083.504583333332,16783.0,16783.0,
2013-06-19,11149.002916666666,17691.0,17691.0,
2013-06-20,11693.10125,18749.0,18002.0,
2013-06-21,12506.9,19247.0,18395.0,
2013-06-22,10854.945416666667,20328.0,17322.0,
2013-06-23,10557.684583333334,22787.0,17304.0,
2013-06-24,11179.658333333333,23923.0,15360.0,
2013-06-25,10483.646666666666,25409.0,14765.0,
2013-06-26,9814.279166666667,27738.0,14476.0,
2013-06-27,10157.51625,30210.0,15592.0,
2013-06-28,10716.05,30899.0,17815.0,
2013-06-29,10683.58,30734.0,18385.0,
2013-06-30,8836.4425,31465.0,17950.0,
2013-07-01,9713.00875,30328.0,17209.0,
2013-07-02,9526.397083333331,29080.0,16557.0,
2013-07-03,11080.529166666667,26592.0,17424.0,
2013-07-04,11254.630833333336,24843.0,15917.0,
2013-07-05,11651.939166666663,24374.0,17839.0,
2013-07-06,12031.433749999998,23725.0,18985.0,
2013-07-07,10228.60125,22531.0,17518.0,
2013-07-08,11457.217083333337,21300.0,19311.0,
2013-07-09,11978.471666666666,20337.0,19050.0,
2013-07-10,12509.487083333332,19492.0,18892.0,
2013-07-11,10750.725416666666,18598.0,15458.0,
2013-07-12,12319.200833333334,17861.0,16135.0,
2013-07-13,11741.724166666669,17111.0,14995.0,
2013-07-14,10525.492916666668,16409.0,13110.0,
2013-07-15,11878.704583333332,15724.0,14950.0,
2013-07-16,12603.61125,15227.0,15227.0,
2013-07-17,12854.33,14579.0,14579.0,
2013-07-18,12831.51125,14069.0,14069.0,
2013-07-19,12506.85875,13878.0,13446.0,
2013-07-20,12219.984583333331,13802.0,13058.0,
2013-07-21,11882.343333333332,13892.0,13140.0,
2013-07-22,11333.005,14066.0,12012.0,
2013-07-23,10212.028333333334,14793.0,12229.0,
2013-07-24,10245.172083333331,15380.0,13316.0,
2013-07-25,10119.478333333334,15895.0,12840.0,
2013-07-26,10130.519166666669,16367.0,12669.0,
2013-07-27,10214.368333333334,16085.0,12695.0,
2013-07-28,9297.403333333334,15503.0,12358.0,
2013-07-29,10404.866666666669,14934.0,13163.0,
2013-07-30,12541.685416666667,14391.0,14391.0,
2013-07-31,12408.26125,14065.0,14065.0,
2013-08-01,12311.34375,13791.0,13791.0,
2013-08-02,12536.675416666669,13613.0,13613.0,
2013-08-03,11591.88625,13377.0,13377.0,
2013-08-04,10565.820416666667,13196.0,13063.0,
2013-08-05,11573.121666666666,12989.0,12989.0,
2013-08-06,12256.870833333334,12729.0,12729.0,
2013-08-07,11781.909166666666,12423.0,12423.0,
2013-08-08,11698.802083333334,12055.0,12055.0,
2013-08-09,11400.175416666669,11697.0,11697.0,
2013-08-10,10481.197083333334,11373.0,11373.0,
2013-08-11,8975.023333333333,11089.0,10384.0,
2013-08-12,10750.22125,10885.0,10606.0,
2013-08-13,11986.320833333331,10759.0,10737.0,
2013-08-14,11893.10625,10666.0,10633.0,
2013-08-15,11272.487916666669,10609.0,10584.0,
2013-08-16,10889.505,10494.0,10491.0,
2013-08-17,9788.865416666666,10366.0,10366.0,
2013-08-18,9469.338333333331,10262.0,10262.0,
2013-08-19,10259.7675,10144.0,10144.0,
2013-08-20,10338.259583333334,10087.0,10087.0,
2013-08-21,10365.644583333333,9994.0,9994.0,
2013-08-22,10527.317083333332,9924.0,9924.0,
2013-08-23,10352.024583333334,9781.0,9781.0,
2013-08-24,9746.422083333331,9704.0,9704.0,
2013-08-25,9237.129166666668,9569.0,9569.0,
2013-08-26,10323.954166666666,9604.0,9604.0,
2013-08-27,11113.114583333334,9552.0,9552.0,
2013-08-28,11009.315416666666,9514.0,9514.0,
2013-08-29,11076.808333333334,9345.0,9345.0,
2013-08-30,10318.119583333331,9223.0,9223.0,
2013-08-31,9627.685,9185.0,9185.0,
2013-09-01,9079.890833333331,9319.0,9319.0,
2013-09-02,10203.307916666668,9434.0,9369.0,
2013-09-03,11352.39375,9486.0,9411.0,
2013-09-04,11128.242916666668,9418.0,9260.0,
2013-09-05,11109.5,9329.0,9151.0,
2013-09-06,10270.41875,9306.0,9147.0,
2013-09-07,9595.152083333332,9306.0,9306.0,
2013-09-08,9320.084583333331,9345.0,9345.0,
2013-09-09,10329.91125,9326.0,9142.0,
2013-09-10,11118.669166666668,9163.0,8980.0,
2013-09-11,11081.07,9000.0,9000.0,
2013-09-12,11353.678333333335,8869.0,8869.0,
2013-09-13,10694.93625,8844.0,8844.0,
2013-09-14,9936.139583333334,8873.0,8873.0,
2013-09-15,9701.49125,8969.0,8969.0,
2013-09-16,10432.120833333332,8968.0,8929.0,
2013-09-17,11064.674166666666,8845.0,8788.0,
2013-09-18,10954.214166666668,8675.0,8556.0,
2013-09-19,10490.372083333334,8623.0,8580.0,
2013-09-20,10166.466666666667,8761.0,8761.0,
2013-09-21,9971.68625,8949.0,8949.0,
2013-09-22,9289.523333333333,9166.0,9166.0,
2013-09-23,10196.17625,9443.0,9443.0,
2013-09-24,10882.722083333332,9853.0,9853.0,
2013-09-25,9997.18875,10230.0,10183.0,
2013-09-26,9687.991666666669,10633.0,10570.0,
2013-09-27,9930.005416666669,11024.0,11024.0,
2013-09-28,9259.425833333333,11289.0,11289.0,
2013-09-29,9174.237083333332,11371.0,11371.0,
2013-09-30,9963.777083333332,11222.0,11222.0,
2013-10-01,10734.994583333331,11189.0,11189.0,
2013-10-02,10536.7375,11142.0,11142.0,
2013-10-03,10346.73375,11581.0,11581.0,
2013-10-04,10375.346666666666,12592.0,12592.0,
2013-10-05,9963.728333333334,14100.0,14100.0,
2013-10-06,9547.823333333334,15118.0,15118.0,
2013-10-07,10214.451666666666,15710.0,15710.0,
2013-10-08,10623.5775,16249.0,16249.0,
2013-10-09,10900.000833333334,16283.0,16084.0,
2013-10-10,11519.492916666668,15683.0,15683.0,
2013-10-11,11514.237916666669,15074.0,15074.0,
2013-10-12,11642.114583333334,14544.0,14544.0,
2013-10-13,9917.135416666666,14102.0,13662.0,
2013-10-14,11460.765833333331,13724.0,13723.0,
2013-10-15,12215.300416666669,13343.0,13343.0,
2013-10-16,13106.355,12971.0,12971.0,
2013-10-17,13073.065,12537.0,12537.0,
2013-10-18,12279.344583333334,12108.0,12108.0,
2013-10-19,11053.044166666668,11770.0,11770.0,
2013-10-20,10201.051739130437,11603.0,11603.0,
2013-10-21,10920.38125,11619.0,11619.0,
2013-10-22,11926.088333333331,11678.0,11678.0,
2013-10-23,12273.215833333334,11778.0,11776.0,
2013-10-24,11888.595,12077.0,12077.0,
2013-10-25,11790.95,12363.0,12363.0,
2013-10-26,10762.35875,12568.0,12568.0,
2013-10-27,9157.492083333333,12476.0,11776.0,
2013-10-28,10868.520416666666,12444.0,12444.0,
2013-10-29,11021.500416666668,12168.0,12168.0,
2013-10-30,11252.124583333332,11614.0,11614.0,
2013-10-31,11227.377916666666,10953.0,10953.0,
2013-11-01,11207.520833333334,10508.0,10508.0,
2013-11-02,10530.5325,10228.0,10228.0,
2013-11-03,10100.75375,10231.0,10231.0,
2013-11-04,11154.630833333336,10119.0,10119.0,
2013-11-05,11886.094166666668,10045.0,10045.0,
2013-11-06,11326.81125,9993.0,9993.0,
2013-11-07,11217.178333333335,10162.0,10162.0,
2013-11-08,11098.97125,10268.0,10268.0,
2013-11-09,10755.89375,10399.0,10399.0,
2013-11-10,10664.530833333332,10563.0,10563.0,
2013-11-11,11807.172083333331,10790.0,10790.0,
2013-11-12,11683.467083333337,11073.0,11073.0,
2013-11-13,11559.5775,11251.0,11251.0,
2013-11-14,11464.222500000002,11465.0,11465.0,
2013-11-15,10975.709583333335,11501.0,11501.0,
2013-11-16,10152.5875,11421.0,11421.0,
2013-11-17,10477.132083333332,11219.0,11219.0,
2013-11-18,11697.517083333334,11073.0,11073.0,
2013-11-19,11937.890416666669,10998.0,10998.0,
2013-11-20,11533.175,10990.0,10990.0,
2013-11-21,11538.578333333331,11074.0,11074.0,
2013-11-22,11493.154583333337,11078.0,11078.0,
2013-11-23,10963.935,10938.0,10938.0,
2013-11-24,10683.1425,11107.0,11107.0,
2013-11-25,11340.232916666668,11129.0,11129.0,
2013-11-26,10636.252083333333,11413.0,11413.0,
2013-11-27,10715.36875,11782.0,11782.0,
2013-11-28,10679.4275,12151.0,12151.0,
2013-11-29,10489.040416666669,12473.0,12473.0,
2013-11-30,9890.777083333332,12901.0,12901.0,
2013-12-02,10656.877083333333,14057.0,14057.0,
2013-12-03,11955.065833333334,14463.0,14463.0,
2013-12-04,12127.2375,14851.0,14851.0,
2013-12-05,12213.120416666668,15214.0,15214.0,
2013-12-06,12123.015833333331,15523.0,15523.0,
2013-12-07,11473.296666666669,15663.0,15663.0,
2013-12-08,10837.23125,15817.0,15817.0,
2013-12-09,11294.140833333331,16052.0,16052.0,
2013-12-10,11372.135833333334,16180.0,16180.0,
2013-12-11,10746.175416666669,16247.0,16247.0,
2013-12-12,10023.375416666668,16317.0,16317.0,
2013-12-13,10309.581666666669,16584.0,16584.0,
2013-12-14,9771.271666666666,16774.0,16774.0,
2013-12-15,10140.575,16819.0,16819.0,
2013-12-16,10978.096666666666,16763.0,16763.0,
2013-12-17,10625.071666666669,16728.0,16728.0,
2013-12-18,10598.22875,16692.0,16692.0,
2013-12-19,10717.535416666668,16568.0,16568.0,
2013-12-20,11501.91625,16325.0,16325.0,
2013-12-21,12150.758333333331,15961.0,15961.0,
2013-12-22,11060.086666666668,15664.0,15664.0,
2013-12-23,12048.690416666666,15342.0,15342.0,
2013-12-24,10725.867916666668,15077.0,15077.0,
2013-12-25,10258.142916666666,14800.0,14800.0,
2013-12-26,10779.689583333333,14536.0,14536.0,
2013-12-27,10166.895416666666,14384.0,14384.0,
2013-12-28,9388.345,14279.0,14279.0,
2013-12-29,10314.150833333331,14245.0,14245.0,
2013-12-30,11186.066250000002,14404.0,14404.0,
2013-12-31,9811.422083333331,14646.0,14646.0,
2014-01-01,9119.745,14894.0,14894.0,
2014-01-02,10108.78,15026.0,15026.0,
2014-01-03,9832.382083333334,15233.0,15233.0,
2014-01-04,9055.964166666668,15487.0,15487.0,
2014-01-05,9997.526666666668,15390.0,15390.0,
2014-01-06,10790.185833333331,15574.0,15574.0,
2014-01-07,11291.45125,15710.0,15710.0,
2014-01-08,11101.288333333332,15652.0,15652.0,
2014-01-09,11112.996666666666,15316.0,15316.0,
2014-01-10,11442.210416666669,14797.0,14797.0,
2014-01-11,10759.73875,14158.0,14158.0,
2014-01-12,10345.6675,13461.0,13461.0,
2014-01-13,11241.1275,12996.0,12996.0,
2014-01-14,11003.237083333332,12763.0,12763.0,
2014-01-15,10592.264583333334,12793.0,12793.0,
2014-01-16,10957.410416666666,12919.0,12919.0,
2014-01-17,11263.50125,13095.0,13095.0,
2014-01-18,10767.91375,13056.0,13056.0,
2014-01-19,10519.352083333331,12848.0,12846.0,
2014-01-20,11115.216666666667,12690.0,12690.0,
2014-01-21,11894.813333333334,12696.0,12696.0,
2014-01-22,12013.397083333335,12650.0,12650.0,
2014-01-23,12038.855416666667,12524.0,12524.0,
2014-01-24,12007.710833333333,12420.0,12420.0,
2014-01-25,10909.535,12341.0,12341.0,
2014-01-26,10427.295833333334,12336.0,12336.0,
2014-01-27,11776.7475,12377.0,12377.0,
2014-01-28,12009.465416666666,12334.0,12273.0,
2014-01-29,12476.305833333334,12249.0,12105.0,
2014-01-30,12552.94,12095.0,12018.0,
2014-01-31,12213.890833333331,11985.0,11985.0,
2014-02-02,11360.584166666667,11523.0,11523.0,
2014-02-03,12236.342916666666,11159.0,11159.0,
2014-02-04,12092.761666666667,10712.0,10712.0,
2014-02-05,12380.539583333331,10233.0,10233.0,
2014-02-06,12740.325416666668,9701.0,9701.0,
2014-02-07,12539.36375,9174.0,9174.0,
2014-02-08,11362.729583333334,8740.0,8740.0,
2014-02-09,10513.365416666666,8368.0,8368.0,
2014-02-10,11712.220833333333,8085.0,8085.0,
2014-02-11,11159.726666666667,7847.0,7847.0,
2014-02-12,10896.63,7652.0,7652.0,
2014-02-13,10839.282916666669,7489.0,7464.0,
2014-02-14,10391.207916666666,7469.0,7435.0,
2014-02-15,9386.2525,7503.0,7503.0,
2014-02-16,9576.21875,7638.0,7638.0,
2014-02-17,9907.300833333333,7876.0,7876.0,
2014-02-18,10620.576666666666,8317.0,8317.0,
2014-02-19,11181.594166666668,8897.0,8897.0,
2014-02-20,10675.307083333331,9499.0,9499.0,
2014-02-21,10924.655,10145.0,10145.0,
2014-02-22,10106.41625,10852.0,10852.0,
2014-02-23,9905.6875,11714.0,11714.0,
2014-02-24,11029.827916666669,12648.0,12648.0,
2014-02-25,10549.015833333331,13332.0,13332.0,
2014-02-26,10167.839166666668,13805.0,13805.0,
2014-02-27,9659.650833333331,14078.0,14078.0,
2014-02-28,10050.73,14296.0,14296.0,
2014-03-01,9239.234166666669,14099.0,14099.0,
2014-03-02,8883.928750000001,13908.0,13908.0,
2014-03-03,9583.90125,13964.0,13964.0,
2014-03-04,8792.1425,14020.0,14020.0,
2014-03-05,9673.945833333331,14044.0,14044.0,
2014-03-06,9911.496666666666,14089.0,14089.0,
2014-03-07,9595.377083333333,14188.0,14188.0,
2014-03-08,9303.32625,14536.0,14536.0,
2014-03-09,8914.904166666667,15205.0,15205.0,
2014-03-10,9956.717083333331,15934.0,15934.0,
2014-03-11,10087.232916666666,16448.0,16448.0,
2014-03-12,10177.75875,16722.0,16722.0,
2014-03-13,10269.1125,17044.0,17044.0,
2014-03-14,10304.525416666664,17603.0,17603.0,
2014-03-15,9606.08,18068.0,18068.0,
2014-03-16,9189.04,18173.0,18173.0,
2014-03-17,10226.724583333336,17888.0,17888.0,
2014-03-18,10760.48625,17520.0,17520.0,
2014-03-19,10853.239583333334,17205.0,17205.0,
2014-03-20,10584.309166666666,16822.0,16822.0,
2014-03-21,10393.48375,16740.0,16740.0,
2014-03-22,9782.125,17139.0,17139.0,
2014-03-23,9370.73375,18653.0,18653.0,
2014-03-24,10023.249583333332,19233.0,19233.0,
2014-03-25,10467.25375,18837.0,18837.0,
2014-03-26,10971.792083333334,17551.0,17551.0,
2014-03-27,11075.175416666669,16578.0,16578.0,
2014-03-28,11121.125,15789.0,15789.0,
2014-03-29,10964.505833333336,15440.0,15440.0,
2014-03-30,10577.33625,15122.0,15122.0,
2014-03-31,11578.568333333336,14987.0,14987.0,
2014-04-01,11260.790416666665,15136.0,15136.0,
2014-04-02,11072.92125,15587.0,15587.0,
2014-04-03,11134.543333333331,16186.0,16186.0,
2014-04-04,10925.595416666663,16487.0,16487.0,
2014-04-05,10478.360416666666,16359.0,16359.0,
2014-04-06,9866.109583333331,16000.0,16000.0,
2014-04-07,11402.399583333334,15520.0,15520.0,
2014-04-08,11932.44625,15056.0,15056.0,
2014-04-09,11393.295416666666,14724.0,14724.0,
2014-04-10,10884.647916666669,14600.0,14595.0,
2014-04-11,10683.751666666669,14651.0,14651.0,
2014-04-12,9873.59,14700.0,14700.0,
2014-04-13,9267.08,14834.0,14834.0,
2014-04-14,10194.758333333331,14961.0,14961.0,
2014-04-15,10091.493333333334,14838.0,14838.0,
2014-04-16,10452.989583333334,14680.0,14680.0,
2014-04-17,10909.363333333333,14800.0,14800.0,
2014-04-18,9894.43625,15308.0,15308.0,
2014-04-19,9542.004583333332,15970.0,15970.0,
2014-04-20,8956.41,16556.0,16556.0,
2014-04-21,9830.83625,17150.0,17150.0,
2014-04-22,10228.946666666669,18136.0,18136.0,
2014-04-23,10336.3225,18524.0,18524.0,
2014-04-24,10314.797083333331,18616.0,18616.0,
2014-04-25,10276.72,18361.0,18361.0,
2014-04-26,10746.373333333331,17498.0,17498.0,
2014-04-27,10112.438333333334,16741.0,16741.0,
2014-04-28,10875.647916666669,16047.0,16047.0,
2014-04-29,11129.414166666667,15427.0,15427.0,
2014-04-30,10366.252083333333,15194.0,15194.0,
2014-05-01,9857.355833333331,15064.0,15064.0,
2014-05-02,10418.907083333334,14879.0,14879.0,
2014-05-03,9774.80875,14424.0,14424.0,
2014-05-04,9533.85875,13797.0,13797.0,
2014-05-05,10589.526666666668,13247.0,13247.0,
2014-05-06,10919.620416666668,12689.0,12689.0,
2014-05-07,10939.893970551671,12162.0,12162.0,
2014-05-08,10849.304980417886,11678.0,11678.0,
2014-05-09,9713.86554194698,11321.0,11321.0,
2014-05-10,8507.215919336388,11032.0,11032.0,
2014-05-11,7858.564917133473,10783.0,10783.0,
2014-05-12,8275.81708407932,10608.0,10608.0,
2014-05-13,9390.451526314066,10443.0,10443.0,
2014-05-14,9319.911817073118,10337.0,10337.0,
2014-05-15,9903.500439713089,10180.0,10180.0,
2014-05-16,10161.065609334311,10019.0,10019.0,
2014-05-17,9547.24875,9861.0,9861.0,
2014-05-18,9316.466172004975,9749.0,9749.0,
2014-05-19,10244.642066712564,9702.0,9702.0,
2014-05-20,9904.4462977035,9555.0,9555.0,
2014-05-21,10158.903508792442,9421.0,9421.0,
2014-05-22,9796.858752051465,9306.0,9306.0,
2014-05-23,10414.047169681127,9423.0,9423.0,
2014-05-24,9542.97330958049,10029.0,10029.0,
2014-05-25,9102.087969727696,11310.0,11310.0,
2014-05-26,10059.212545403372,13392.0,13392.0,
2014-05-27,10824.404401832866,15027.0,15027.0,
2014-05-28,10860.46316911486,16099.0,16099.0,
2014-05-29,10875.214418521464,16282.0,16282.0,
2014-05-30,10377.155683401606,15408.0,15408.0,
2014-05-31,9916.067872879592,14337.0,14337.0,
2014-06-01,9685.7538240899,13741.0,13741.0,
2014-06-02,10764.641497554068,13145.0,13145.0,
2014-06-03,10438.998829554805,13762.0,13762.0,
2014-06-04,10621.632389515062,12866.0,12866.0,
2014-06-05,10542.000850163213,12789.0,12789.0,
2014-06-06,9169.161060904044,12701.0,12701.0,
2014-06-07,8032.131986400463,15081.0,14710.0,
2014-06-08,6277.763208753798,19079.0,15460.0,
2014-06-09,8220.818102886058,22709.0,14646.0,
2014-06-10,8288.498674316406,25829.0,15248.0,
2014-06-11,8423.791836480035,29133.0,16755.0,
2014-06-12,8942.264949651648,29409.0,19355.0,
2014-06-13,10103.98198563752,25507.0,19337.0,
2014-06-14,9389.813206510187,21169.0,12492.0,
2014-06-15,8090.993903622098,17858.0,10293.0,
2014-06-16,10660.61201379847,16692.0,14123.0,
2014-06-17,10477.449798143172,15960.0,14898.0,
2014-06-18,10776.390291666668,15316.0,15031.0,
2014-06-19,10752.836,14634.0,14634.0,
2014-06-20,10573.728375,14030.0,14030.0,
2014-06-21,9400.457666666667,13150.0,13150.0,
2014-06-22,8484.303208333333,12628.0,11981.0,
2014-06-23,10063.227,12388.0,12134.0,
2014-06-24,10635.435666666666,12182.0,12182.0,
2014-06-25,10677.765333333333,11966.0,11966.0,
2014-06-26,10677.046875,11804.0,11804.0,
2014-06-27,10685.099125,12149.0,12149.0,
2014-06-28,9350.581291666667,12609.0,12609.0,
2014-06-29,8909.51775,12365.0,12365.0,
2014-06-30,10581.092541666669,11616.0,11616.0,
2014-07-01,10725.756791666669,11185.0,11185.0,
2014-07-02,10525.794875,10844.0,10844.0,
2014-07-03,10473.073083333336,10666.0,10666.0,
2014-07-04,9732.643666666669,10482.0,10482.0,
2014-07-05,9412.938,10332.0,10332.0,
2014-07-06,8398.761458333332,10151.0,10151.0,
2014-07-07,9800.232708333331,10083.0,10083.0,
2014-07-08,9981.027583333334,10011.0,10011.0,
2014-07-09,9616.1355,9976.0,9976.0,
2014-07-10,10212.551458333332,9934.0,9934.0,
2014-07-11,9810.690041666669,9851.0,9851.0,
2014-07-12,9079.196625,9813.0,9813.0,
2014-07-13,8446.249458333334,9661.0,9661.0,
2014-07-14,9240.018208333331,9559.0,9559.0,
2014-07-15,9952.100083333333,9444.0,9444.0,
2014-07-16,10884.035125,9417.0,9417.0,
2014-07-17,10218.753541666669,9481.0,9481.0,
2014-07-18,10179.79175,9693.0,9693.0,
2014-07-19,9099.386625,9918.0,9918.0,
2014-07-20,8230.292208333334,10037.0,10037.0,
2014-07-21,9556.112666666666,10060.0,10060.0,
2014-07-22,9993.57475,10121.0,10121.0,
2014-07-23,10370.008791666667,10367.0,10367.0,
2014-07-24,10291.906541666667,10623.0,10623.0,
2014-07-25,10566.589625,10879.0,10879.0,
2014-07-26,9377.164375,11160.0,11160.0,
2014-07-27,9047.435208333334,11800.0,11800.0,
2014-07-28,10349.006375,12799.0,12799.0,
2014-07-29,10401.850375,13115.0,13115.0,
2014-07-30,10383.226,12926.0,12926.0,
2014-07-31,10504.670166666669,12566.0,12566.0,
2014-08-01,10746.857458333334,12220.0,12220.0,
2014-08-02,9848.497583333334,12044.0,12044.0,
2014-08-03,9702.559833333333,11836.0,11836.0,
2014-08-04,10616.036875,11581.0,11581.0,
2014-08-05,10637.274458333331,11256.0,11256.0,
2014-08-06,10625.578958333334,10867.0,10867.0,
2014-08-07,10751.035541666666,10442.0,10442.0,
2014-08-08,10679.846833333331,10089.0,10089.0,
2014-08-09,9648.949666666667,9753.0,9753.0,
2014-08-10,8959.9805,9418.0,9418.0,
2014-08-11,10428.793958333334,9056.0,9056.0,
2014-08-12,10623.031666666668,8852.0,8852.0,
2014-08-13,10403.910375,8737.0,8737.0,
2014-08-14,9989.668666666666,8678.0,8678.0,
2014-08-15,9765.01125,8583.0,8583.0,
2014-08-16,8985.937375,8427.0,8427.0,
2014-08-17,8476.197041666666,8320.0,8320.0,
2014-08-18,9256.26575,8203.0,8203.0,
2014-08-19,9246.5555,8117.0,8117.0,
2014-08-20,9258.503375,8056.0,8056.0,
2014-08-21,9292.062958333334,7977.0,7977.0,
2014-08-22,9354.677,7981.0,7981.0,
2014-08-23,9155.488666666666,7967.0,7967.0,
2014-08-24,8661.670416666666,7858.0,7858.0,
2014-08-25,9370.412875,7684.0,7684.0,
2014-08-26,9170.488583333334,7579.0,7579.0,
2014-08-27,9512.461708333334,7525.0,7525.0,
2014-08-28,8580.6995,7476.0,7476.0,
2014-08-29,8437.9495,7395.0,7395.0,
2014-08-30,7575.14075,7311.0,7311.0,
2014-08-31,7420.263333333333,7380.0,7380.0,
2014-09-01,8630.542916666667,7352.0,7352.0,
2014-09-02,9253.041958333331,7365.0,7365.0,
2014-09-03,8849.47125,7402.0,7402.0,
2014-09-04,8899.504208333334,7488.0,7488.0,
2014-09-05,8804.035750000001,7772.0,7772.0,
2014-09-06,7873.863625000001,8012.0,8012.0,
2014-09-07,7481.044583333333,8247.0,8247.0,
2014-09-08,8508.826125,8395.0,8395.0,
2014-09-09,9007.373208333333,8211.0,8211.0,
2014-09-10,9040.510791666666,8017.0,8017.0,
2014-09-11,9251.6075,7864.0,7864.0,
2014-09-12,8753.968375,7772.0,7772.0,
2014-09-13,8176.2955,7620.0,7620.0,
2014-09-14,7557.09,7450.0,7450.0,
2014-09-15,8236.4465,7231.0,7231.0,
2014-09-16,8224.815833333334,7052.0,7052.0,
2014-09-17,8475.270666666667,6932.0,6932.0,
2014-09-18,8778.818791666667,7402.0,7402.0,
2014-09-19,8787.993083333333,7670.0,7670.0,
2014-09-20,8081.9765,7747.0,7747.0,
2014-09-21,7465.366583333333,7635.0,7635.0,
2014-09-22,8745.313708333333,7745.0,7745.0,
2014-09-23,9657.289,8587.0,8587.0,
2014-09-24,9109.940833333332,8780.0,8780.0,
2014-09-25,9807.968166666667,9222.0,9222.0,
2014-09-26,9415.552791666669,10617.0,10617.0,
2014-09-27,8463.836708333334,11999.0,11999.0,
2014-09-28,8310.47975,13518.0,13518.0,
2014-09-29,9615.81025,15090.0,15090.0,
2014-09-30,10324.325291666666,15983.0,15983.0,
2014-10-01,10127.990333333331,15513.0,15513.0,
2014-10-02,10520.019083333333,15725.0,15725.0,
2014-10-03,11391.328,16495.0,16495.0,
2014-10-04,9487.5545,16447.0,16447.0,
2014-10-05,8687.735625,14831.0,14831.0,
2014-10-06,10458.879458333333,13170.0,13170.0,
2014-10-07,10883.989958333334,11785.0,11785.0,
2014-10-08,10850.93,10649.0,10649.0,
2014-10-09,11433.940041666669,9762.0,9762.0,
2014-10-10,11292.097291666669,9126.0,9126.0,
2014-10-11,10347.156375,8451.0,8451.0,
2014-10-12,10093.141083333334,7993.0,7993.0,
2014-10-13,11069.830125,7569.0,7569.0,
2014-10-14,12046.005458333331,7215.0,7215.0,
2014-10-15,11875.026916666668,7035.0,7035.0,
2014-10-16,11918.201291666666,6789.0,6789.0,
2014-10-17,11355.474875,6582.0,6582.0,
2014-10-18,10204.000541666666,6416.0,6416.0,
2014-10-19,9858.015739130436,6396.0,6396.0,
2014-10-20,10028.202375,6696.0,6696.0,
2014-10-21,10209.066166666666,6668.0,6668.0,
2014-10-22,10061.749208333333,6482.0,6482.0,
2014-10-23,9776.941125,6275.0,6275.0,
2014-10-24,9968.949458333334,6298.0,6298.0,
2014-10-25,9173.869416666666,6400.0,6400.0,
2014-10-26,9190.335833333333,6304.0,6304.0,
2014-10-27,10436.849458333332,6485.0,6485.0,
2014-10-28,10519.068458333331,6659.0,6659.0,
2014-10-29,10570.702291666666,6906.0,6906.0,
2014-10-30,9518.806625,6883.0,6883.0,
2014-10-31,10058.114625,6980.0,6980.0,
2014-11-01,8400.167166666666,7091.0,7091.0,
2014-11-02,8062.958666666666,7393.0,7393.0,
2014-11-03,9263.602208333334,7626.0,7626.0,
2014-11-04,9642.527916666666,7831.0,7831.0,
2014-11-05,9454.541,8195.0,8195.0,
2014-11-06,10026.984416666666,8561.0,8561.0,
2014-11-07,9550.578166666666,8811.0,8811.0,
2014-11-08,8841.937666666667,8931.0,8931.0,
2014-11-09,8006.362875,9230.0,9230.0,
2014-11-10,9459.594166666668,9646.0,9646.0,
2014-11-11,10246.301875,10012.0,10012.0,
2014-11-12,10155.676708333334,10042.0,10042.0,
2014-11-13,10838.492375,9861.0,9861.0,
2014-11-14,9926.073708333332,9657.0,9657.0,
2014-11-15,8672.423166666666,9604.0,9604.0,
2014-11-16,8783.956541666666,9520.0,9520.0,
2014-11-17,9840.395,9452.0,9452.0,
2014-11-18,9626.80675,9352.0,9352.0,
2014-11-19,9405.32925,9310.0,9310.0,
2014-11-20,8950.815375,9319.0,9319.0,
2014-11-21,9006.85825,9299.0,9299.0,
2014-11-22,8038.004291666667,9470.0,9470.0,
2014-11-23,8954.859999999999,9706.0,9706.0,
2014-11-24,9454.0,9943.0,9943.0,
2014-11-25,9256.319458333332,10048.0,10048.0,
2014-11-26,9606.246166666666,10212.0,10212.0,
2014-11-27,9455.95925,10447.0,10447.0,
2014-11-28,9325.772375,10732.0,10732.0,
2014-11-29,8450.524875000001,11079.0,11079.0,
2014-11-30,8159.938791666667,11664.0,11664.0,
2014-12-01,9262.607541666666,12347.0,12347.0,
2014-12-02,9875.118958333334,13163.0,13163.0,
2014-12-03,9492.198166666669,13978.0,13978.0,
2014-12-04,9533.692333333334,14793.0,14793.0,
2014-12-05,9494.32275,15560.0,15560.0,
2014-12-06,8908.573958333332,16211.0,16211.0,
2014-12-07,8961.00275,16632.0,16632.0,
2014-12-08,10046.20875,16733.0,16733.0,
2014-12-09,10671.671625,16532.0,16532.0,
2014-12-10,10360.710125,16103.0,16103.0,
2014-12-11,10683.503625,15622.0,15622.0,
2014-12-12,9809.02425,15207.0,15207.0,
2014-12-13,8870.0355,15031.0,15031.0,
2014-12-14,8331.409249999999,14972.0,14972.0,
2014-12-15,9348.956875,15135.0,15135.0,
2014-12-16,9539.235666666666,15462.0,15462.0,
2014-12-17,8875.459041666667,15993.0,15993.0,
2014-12-18,8989.040875,16698.0,16698.0,
2014-12-19,9888.017958333334,17088.0,17024.0,
2014-12-20,9805.621875,17113.0,17113.0,
2014-12-21,9385.943416666669,17015.0,17015.0,
2014-12-22,9835.266791666669,17020.0,17020.0,
2014-12-23,9631.643833333334,17170.0,17170.0,
2014-12-24,8709.279625000001,17857.0,17857.0,
2014-12-25,8499.93175,19284.0,19284.0,
2014-12-26,9835.319708333334,20486.0,20486.0,
2014-12-27,9945.4075,20447.0,20447.0,
2014-12-28,9449.407416666669,19869.0,19869.0,
2014-12-29,9988.28875,19526.0,19526.0,
2014-12-30,9419.822208333331,19491.0,19491.0,
2014-12-31,8748.923666666667,19448.0,19448.0,
2015-01-01,8682.234625,19001.0,19001.0,3871.300048828125
2015-01-02,8706.387875,18565.0,18565.0,3546.0
2015-01-03,7748.238791666667,17919.0,17919.0,3270.699951171875
2015-01-04,7809.108583333334,17070.0,17070.0,3094.300048828125
2015-01-05,8836.25575,15957.0,15957.0,3722.39990234375
2015-01-06,9819.790958333331,15149.0,15149.0,4574.7998046875
2015-01-07,10430.767,14761.0,14761.0,4766.7001953125
2015-01-08,10746.199625,14727.0,14727.0,4980.0
2015-01-09,10297.301166666666,14609.0,14609.0,4893.0
2015-01-10,9874.512291666668,14206.0,14206.0,4539.2001953125
2015-01-11,9660.7595,13653.0,13653.0,4090.60009765625
2015-01-12,11096.919958333334,13118.0,13118.0,4355.89990234375
2015-01-13,11247.58825,12651.0,12651.0,5320.0
2015-01-14,11438.340041666668,12256.0,12256.0,5113.2998046875
2015-01-15,10901.708375,11816.0,11816.0,4867.5
2015-01-16,10785.698416666666,11389.0,11389.0,4960.89990234375
2015-01-17,10552.479375,10901.0,10901.0,4315.7998046875
2015-01-18,9870.242166666669,10484.0,10482.0,3712.89990234375
2015-01-19,10731.151,10102.0,10102.0,4205.7001953125
2015-01-20,11229.70475,9644.0,9644.0,4905.0
2015-01-21,10730.383708333333,9282.0,9282.0,4876.7001953125
2015-01-22,10534.218666666666,8844.0,8844.0,4599.2001953125
2015-01-23,10678.069916666667,8642.0,8642.0,4800.7998046875
2015-01-24,9613.434666666666,8245.0,8245.0,4122.5
2015-01-25,9556.361625,8532.0,8532.0,3142.0
2015-01-26,10611.831208333331,9022.0,9022.0,3210.10009765625
2015-01-27,11089.213791666669,9269.0,9269.0,3624.39990234375
2015-01-28,11114.366333333332,9222.0,9222.0,3793.300048828125
2015-01-29,10549.087791666669,9299.0,9299.0,4295.5
2015-01-30,10626.31125,10096.0,10096.0,4866.7001953125
2015-01-31,9303.138083333331,10653.0,10653.0,4830.39990234375
2015-02-01,9712.257458333332,10620.0,10620.0,3760.199951171875
2015-02-02,11227.694791666669,11483.0,11483.0,3215.300048828125
2015-02-03,10433.507375,11955.0,11955.0,3728.10009765625
2015-02-04,10476.443208333332,12835.0,12835.0,3659.0
2015-02-05,10335.982541666666,12561.0,12561.0,3953.10009765625
2015-02-06,10058.37525,12579.0,12579.0,3800.300048828125
2015-02-07,8961.9065,12571.0,12571.0,3398.0
2015-02-08,9309.739791666669,12762.0,12762.0,2873.699951171875
2015-02-09,10393.427583333332,13196.0,13196.0,2970.699951171875
2015-02-10,10378.933625,13497.0,13497.0,3136.5
2015-02-11,10124.210958333331,13944.0,13944.0,3276.89990234375
2015-02-12,10332.71775,14504.0,14504.0,3401.300048828125
2015-02-13,10275.809791666668,15382.0,15382.0,3751.10009765625
2015-02-14,9287.466583333333,16047.0,16047.0,3660.300048828125
2015-02-15,8381.987916666667,16949.0,16949.0,3251.699951171875
2015-02-16,8859.777458333334,18231.0,18231.0,2944.5
2015-02-17,8830.060708333333,19434.0,19434.0,3115.60009765625
2015-02-18,9430.113083333334,20149.0,20149.0,3164.699951171875
2015-02-19,9784.356083333334,20632.0,20632.0,3382.800048828125
2015-02-20,10134.818166666666,20773.0,20764.0,3525.699951171875
2015-02-21,9159.41775,21002.0,21002.0,3745.199951171875
2015-02-22,9681.566833333332,21489.0,21489.0,3020.0
2015-02-23,11261.37625,21068.0,21068.0,2940.800048828125
2015-02-24,10880.083541666669,23129.0,23129.0,5133.7001953125
2015-02-25,11583.318916666663,21141.0,21141.0,8304.2001953125
2015-02-26,11590.706208333337,20909.0,20909.0,8035.39990234375
2015-02-27,11525.833791666666,20333.0,20333.0,8019.7998046875
2015-02-28,10106.282083333334,19482.0,19482.0,7334.60009765625
2015-03-01,9847.869208333334,18695.0,18695.0,6198.7998046875
2015-03-02,11140.610083333331,18353.0,18353.0,5955.0
2015-03-03,11794.460958333337,17676.0,17676.0,7175.7998046875
2015-03-04,12124.597625,17172.0,17172.0,7413.2998046875
2015-03-05,11821.506916666667,16436.0,16436.0,7646.89990234375
2015-03-06,11564.852791666666,16405.0,16405.0,7677.2998046875
2015-03-07,10501.719083333332,16306.0,16306.0,6652.2998046875
2015-03-08,9751.253291666666,16859.0,16859.0,6039.2001953125
2015-03-09,11088.533833333331,17885.0,17885.0,6557.10009765625
2015-03-10,11524.569875,19213.0,19213.0,7900.0
2015-03-11,11237.729833333333,18604.0,18604.0,7911.5
2015-03-12,11143.196291666667,19234.0,19234.0,7561.89990234375
2015-03-13,11237.348791666664,19849.0,19849.0,8512.5
2015-03-14,10549.488,19699.0,19699.0,7911.2998046875
2015-03-15,10467.926375,19738.0,19738.0,7271.7001953125
2015-03-16,12154.532375,20543.0,20543.0,6865.60009765625
2015-03-17,12422.158916666667,21364.0,21364.0,6970.2001953125
2015-03-18,11958.914958333336,22046.0,22046.0,6673.2998046875
2015-03-19,11895.382416666667,21956.0,21956.0,7071.7001953125
2015-03-20,11435.702041666666,22333.0,22333.0,7168.10009765625
2015-03-21,10212.075291666666,22313.0,22313.0,6682.7001953125
2015-03-22,9506.431791666668,22382.0,22382.0,5890.0
2015-03-23,10652.116791666664,22672.0,22672.0,6490.0
2015-03-24,9991.398375,22609.0,22609.0,7402.10009765625
2015-03-25,10613.742958333334,22776.0,22776.0,7283.5
2015-03-26,10612.946083333334,22757.0,22757.0,7608.10009765625
2015-03-27,10499.792208333334,23145.0,23145.0,7528.10009765625
2015-03-28,9318.204166666666,23114.0,23114.0,7382.89990234375
2015-03-29,8965.552458333334,23024.0,23024.0,6132.5
2015-03-30,10321.931333333332,23076.0,23076.0,6495.7998046875
2015-03-31,11022.896666666667,22566.0,22566.0,8426.0
2015-04-01,10694.01975,22079.0,22079.0,7933.2998046875
2015-04-02,10307.987,21380.0,21380.0,8102.10009765625
2015-04-03,8835.289041666667,21132.0,21132.0,6642.10009765625
2015-04-04,8707.577125,21083.0,21083.0,5805.0
2015-04-05,8288.387541666667,20482.0,20482.0,6264.2001953125
2015-04-06,9359.372208333332,20512.0,20512.0,6212.5
2015-04-07,9749.541416666669,19734.0,19734.0,7162.5
2015-04-08,9430.83775,19681.0,19681.0,7056.5
2015-04-10,9499.780833333332,19073.0,19073.0,6375.7998046875
2015-04-11,8931.929416666668,18817.0,18817.0,5706.7001953125
2015-04-12,8753.662458333334,18655.0,18655.0,5264.2001953125
2015-04-13,9399.108,18510.0,18510.0,6005.0
2015-04-14,9780.862833333333,18241.0,18241.0,5937.5
2015-04-15,10403.126208333331,18036.0,18036.0,6834.39990234375
2015-04-16,10851.43125,17638.0,17638.0,6933.5
2015-04-17,10500.207125,17503.0,17503.0,8469.7998046875
2015-04-18,9235.578208333334,16761.0,16761.0,7934.39990234375
2015-04-19,8318.6355,16662.0,16662.0,6307.89990234375
2015-04-20,9044.279041666668,16585.0,16585.0,6014.2001953125
2015-04-21,8492.18325,16865.0,16865.0,5955.0
2015-04-22,9207.756125,16708.0,16708.0,6275.7998046875
2015-04-23,9450.235666666666,16266.0,16266.0,6148.2998046875
2015-04-24,9553.495333333334,16280.0,16280.0,5892.5
2015-04-25,9336.401666666668,16396.0,16396.0,5990.7998046875
2015-04-26,9087.340125,16706.0,16706.0,5246.7001953125
2015-04-27,9548.216,16870.0,16870.0,5402.5
2015-04-28,9354.961166666666,16678.0,16678.0,5710.7998046875
2015-04-29,9721.354125,16401.0,16401.0,5714.2001953125
2015-04-30,9017.215541666666,15947.0,15947.0,5616.7001953125
2015-05-01,8441.554416666668,15768.0,15768.0,5229.2001953125
2015-05-02,8273.6,15796.0,15796.0,5154.2001953125
2015-05-03,7534.665416666667,15660.0,15660.0,5124.2001953125
2015-05-04,8078.603583333333,15632.0,15632.0,5415.7998046875
2015-05-05,8738.948708333333,15503.0,15503.0,6473.2998046875
2015-05-06,8947.164958333333,15480.0,15480.0,6177.5
2015-05-07,9735.589333333332,15380.0,15380.0,5703.2998046875
2015-05-08,9198.429041666666,15398.0,15398.0,5589.2001953125
2015-05-09,8500.363791666667,15477.0,15477.0,5419.2001953125
2015-05-10,7726.413666666667,15536.0,15536.0,5162.5
2015-05-11,9096.869625,15935.0,15935.0,5215.0
2015-05-12,9509.056333333334,16451.0,16451.0,5546.7001953125
2015-05-13,9973.007583333334,17039.0,17039.0,5737.5
2015-05-14,10867.369166666664,17458.0,17458.0,5798.2998046875
2015-05-15,9671.353416666669,17916.0,17916.0,6214.2001953125
2015-05-16,8827.620833333332,17606.0,17606.0,6134.2001953125
2015-05-17,8467.25325,17346.0,17346.0,5165.7998046875
2015-05-18,9172.297833333332,16748.0,16748.0,5174.2001953125
2015-05-19,10359.298875,16616.0,16616.0,5492.5
2015-05-20,10708.76175,16019.0,16019.0,5718.2998046875
2015-05-21,10673.907666666668,15537.0,15537.0,6165.0
2015-05-22,10168.505291666666,15096.0,15096.0,6397.5
2015-05-23,9574.327833333333,14749.0,14749.0,6007.5
2015-05-24,9156.888333333334,14578.0,14578.0,5498.89990234375
2015-05-25,10197.441291666668,14480.0,14480.0,5691.7001953125
2015-05-26,10064.778,14529.0,14529.0,5618.2998046875
2015-05-27,9995.442,14710.0,14710.0,5618.2998046875
2015-05-28,10298.788,14977.0,14977.0,5338.2998046875
2015-05-29,9701.472958333334,15787.0,15787.0,5265.7998046875
2015-05-30,9254.199166666667,16313.0,16313.0,5185.0
2015-05-31,8668.709499999999,16154.0,16154.0,5133.2998046875
2015-06-01,9249.98675,15793.0,15793.0,5881.7001953125
2015-06-02,9704.778291666667,15334.0,15334.0,7029.2001953125
2015-06-03,9870.775125,14920.0,14920.0,6583.2998046875
2015-06-04,9526.398541666667,14648.0,14648.0,5594.2001953125
2015-06-05,9999.006541666668,14527.0,14527.0,5428.2998046875
2015-06-06,10330.463833333331,14495.0,14495.0,5386.7001953125
2015-06-07,9379.376625,14411.0,14411.0,5265.7998046875
2015-06-08,10221.138583333332,14450.0,14450.0,5637.5
2015-06-09,10623.250416666668,14156.0,14156.0,6214.2001953125
2015-06-10,10328.570375,14067.0,14067.0,5747.5
2015-06-11,9674.957666666667,13778.0,13778.0,5775.7998046875
2015-06-12,8895.417208333334,13706.0,13706.0,6063.2998046875
2015-06-13,7879.167833333333,13410.0,13410.0,5923.2998046875
2015-06-14,7993.965375,13121.0,13121.0,5265.0
2015-06-15,8956.380916666667,12902.0,12902.0,5200.0
2015-06-16,9207.237708333332,12756.0,12756.0,5179.2001953125
2015-06-17,9901.115791666669,12636.0,12636.0,5240.0
2015-06-18,9748.234833333334,12518.0,12518.0,5211.7001953125
2015-06-19,8952.418125,12453.0,12453.0,5339.2001953125
2015-06-20,8371.307083333333,12369.0,12369.0,4975.7998046875
2015-06-21,7976.484083333333,12219.0,12219.0,4835.0
2015-06-22,9053.22175,11985.0,11985.0,4959.0
2015-06-23,8991.365541666668,11721.0,11721.0,4945.0
2015-06-24,9690.744083333331,11492.0,11492.0,4825.7998046875
2015-06-25,9251.187958333334,11286.0,11286.0,4821.7001953125
2015-06-26,8741.604291666667,11074.0,11074.0,4925.7998046875
2015-06-27,7881.183541666666,10909.0,10909.0,4828.2998046875
2015-06-28,7948.859291666667,10704.0,10704.0,4800.7998046875
2015-06-29,8913.284,10499.0,10499.0,4795.7998046875
2015-06-30,9157.509291666667,10336.0,10336.0,5011.7001953125
2015-07-01,9652.720958333332,10690.0,10690.0,5178.2998046875
2015-07-02,9835.936125,11653.0,11653.0,5170.7998046875
2015-07-03,9719.406583333332,13460.0,13460.0,5198.2998046875
2015-07-04,9481.61175,14945.0,14945.0,5063.2998046875
2015-07-05,9750.194,16893.0,16893.0,5435.7998046875
2015-07-06,10631.255583333334,18266.0,18266.0,5286.7001953125
2015-07-07,12303.634,19283.0,19283.0,4941.7001953125
2015-07-08,12648.906166666668,18755.0,18755.0,4770.0
2015-07-09,12747.048875,18254.0,18254.0,4845.7998046875
2015-07-10,10811.011875,18954.0,18839.0,4694.2001953125
2015-07-11,11080.436958333334,20108.0,18773.0,5103.2998046875
2015-07-12,8558.718291666666,21146.0,16053.0,5290.7998046875
2015-07-13,10803.441333333334,22371.0,18356.0,5094.2001953125
2015-07-14,10909.673833333332,24105.0,18579.0,4980.7998046875
2015-07-15,11014.742458333334,24837.0,20221.0,4915.0
2015-07-16,11085.968666666668,24448.0,22612.0,4740.7998046875
2015-07-17,10891.4905,23800.0,21334.0,4593.2998046875
2015-07-18,10323.446625,23339.0,19451.0,4248.2998046875
2015-07-19,8501.906916666667,22758.0,16007.0,4046.199951171875
2015-07-20,10691.74125,22066.0,18705.0,4265.7998046875
2015-07-21,11274.249000000002,21408.0,19552.0,4333.2998046875
2015-07-22,11273.204458333334,20860.0,18156.0,4320.0
2015-07-23,11362.348833333332,19742.0,17572.0,4263.5
2015-07-24,11436.598291666667,18475.0,17230.0,4554.2001953125
2015-07-25,10563.428375,17099.0,16472.0,4517.5
2015-07-26,8724.888041666667,16117.0,13691.0,4227.5
2015-07-27,10800.629833333334,15298.0,14643.0,4148.2998046875
2015-07-28,10996.313583333334,14701.0,14701.0,4497.5
2015-07-29,11055.516375,14247.0,14247.0,4521.7001953125
2015-07-30,10963.011791666666,13894.0,13894.0,4586.7001953125
2015-07-31,10480.7185,13455.0,13455.0,5062.5
2015-08-01,9686.827875,13145.0,13145.0,4867.2998046875
2015-08-02,8948.491791666665,12738.0,12738.0,4752.5
2015-08-03,9947.138,12490.0,12490.0,4772.5
2015-08-04,10398.65675,12143.0,12143.0,4804.2001953125
2015-08-05,10260.361,11775.0,11775.0,4708.2998046875
2015-08-06,10380.58,11485.0,11485.0,4325.0
2015-08-07,10894.512708333334,11299.0,11299.0,4545.0
2015-08-08,9903.765708333334,10900.0,10900.0,4709.2001953125
2015-08-09,9255.587541666666,10577.0,10577.0,4255.7998046875
2015-08-10,10576.290625,10293.0,10293.0,4249.2001953125
2015-08-11,10713.148166666666,10203.0,10203.0,4415.7998046875
2015-08-12,10647.369833333332,10034.0,10034.0,4367.5
2015-08-13,10525.512833333332,9890.0,9890.0,4329.2001953125
2015-08-14,9965.579333333331,9696.0,9696.0,4371.7001953125
2015-08-15,9493.908416666667,9599.0,9599.0,4655.7998046875
2015-08-16,9460.322833333334,9432.0,9432.0,4385.7998046875
2015-08-17,10372.396791666666,9317.0,9317.0,4370.0
2015-08-18,10123.363,9177.0,9177.0,4520.7998046875
2015-08-19,10173.489791666669,9093.0,9093.0,4345.7998046875
2015-08-20,9767.518708333331,8961.0,8961.0,4379.2001953125
2015-08-21,9261.247,8906.0,8906.0,4339.2001953125
2015-08-22,8354.883749999999,8808.0,8808.0,4363.2998046875
2015-08-23,8300.968458333335,8759.0,8759.0,4261.0
2015-08-24,9217.993708333332,8700.0,8700.0,4268.2998046875
2015-08-25,9335.545125,8698.0,8698.0,4343.2998046875
2015-08-26,9404.476375,8755.0,8755.0,4379.2001953125
2015-08-27,9257.534625,8828.0,8828.0,4660.0
2015-08-28,8993.056833333334,8893.0,8893.0,4670.0
2015-08-29,8004.289166666667,8865.0,8865.0,4425.7998046875
2015-08-30,7984.96275,8812.0,8812.0,4067.5
2015-08-31,9196.923166666667,8757.0,8757.0,4282.7998046875
2015-09-01,9948.738375,8702.0,8702.0,4363.2998046875
2015-09-02,9552.811625,8640.0,8640.0,4181.89990234375
2015-09-03,10143.420958333334,8574.0,8574.0,4144.7998046875
2015-09-04,9347.187333333331,8467.0,8467.0,4258.2001953125
2015-09-05,8499.883833333333,8419.0,8419.0,4264.2998046875
2015-09-06,7673.314416666667,8404.0,8404.0,4345.0
2015-09-07,7819.96525,8498.0,8498.0,4388.2998046875
2015-09-08,8614.0315,8892.0,8892.0,4403.2998046875
2015-09-09,8877.29025,9660.0,9660.0,4438.2998046875
2015-09-10,8959.795125,10677.0,10677.0,5144.2001953125
2015-09-11,8722.747416666667,12350.0,12350.0,6116.7001953125
2015-09-12,8389.010875,14125.0,14125.0,6085.7998046875
2015-09-13,8240.139416666667,15898.0,15898.0,5598.2998046875
2015-09-14,9196.510125,16731.0,16731.0,5140.0
2015-09-15,9763.231875,16708.0,16708.0,4799.2001953125
2015-09-16,10905.873291666669,16454.0,16454.0,4717.5
2015-09-17,11087.691041666669,16042.0,16042.0,4880.0
2015-09-18,10373.63,15750.0,15750.0,5990.0
2015-09-19,9245.565666666667,15504.0,15504.0,5583.2998046875
2015-09-20,8678.955916666668,15130.0,15130.0,4685.0
2015-09-21,10047.012666666667,14786.0,14786.0,4780.7998046875
2015-09-22,10108.957166666669,13938.0,13938.0,6119.2001953125
2015-09-23,10317.394458333334,12864.0,12864.0,6430.0
2015-09-24,10474.268125,11698.0,11698.0,6391.0
2015-09-25,10641.335166666666,11026.0,11026.0,6310.7998046875
2015-09-26,9483.854958333332,10748.0,10748.0,5960.7998046875
2015-09-27,8419.32675,10624.0,10624.0,5377.5
2015-09-28,9973.577666666666,10715.0,10715.0,5966.7001953125
2015-09-29,10017.446875,10735.0,10735.0,6043.7998046875
2015-09-30,10716.600958333334,10650.0,10650.0,6230.39990234375
2015-10-01,11125.695666666668,11456.0,11456.0,6211.2998046875
2015-10-02,10764.300083333334,11723.0,11723.0,6436.2001953125
2015-10-03,9796.428291666663,12364.0,12364.0,6095.7998046875
2015-10-04,9120.118958333334,11169.0,11169.0,4925.0
2015-10-05,10445.489,12639.0,12639.0,5215.0
2015-10-06,11622.626666666663,13322.0,13322.0,6548.2998046875
2015-10-07,11604.557833333332,12324.0,12324.0,6852.2998046875
2015-10-08,11237.433708333332,12483.0,12483.0,7069.0
2015-10-09,10921.644375,12396.0,12396.0,7430.39990234375
2015-10-10,9693.495,12296.0,12296.0,7657.2998046875
2015-10-11,9164.29475,12488.0,12488.0,8716.7001953125
2015-10-12,9496.156833333333,13085.0,13085.0,8920.7998046875
2015-10-13,10716.696458333334,14262.0,14262.0,9047.900390625
2015-10-14,11158.352291666668,16433.0,16433.0,9149.0
2015-10-15,12324.844708333332,18200.0,18178.0,9396.900390625
2015-10-16,12332.306208333332,18130.0,17915.0,9394.599609375
2015-10-17,10668.52275,16983.0,14731.0,8166.7001953125
2015-10-18,9792.084869565217,15258.0,12416.0,6540.0
2015-10-19,12206.660458333334,13751.0,12318.0,6232.5
2015-10-20,12614.937666666669,12264.0,12264.0,6576.89990234375
2015-10-21,12728.5675,11267.0,11267.0,6934.7998046875
2015-10-22,11858.907708333334,10833.0,10833.0,7229.39990234375
2015-10-23,12024.992666666669,10503.0,10503.0,7141.2998046875
2015-10-24,10712.891708333333,10264.0,10264.0,7163.5
2015-10-25,9751.473916666666,9960.0,9878.0,6784.2001953125
2015-10-26,11731.603,10073.0,10073.0,7041.7001953125
2015-10-27,11432.210791666666,10306.0,10306.0,7367.10009765625
2015-10-28,12070.757958333334,10309.0,10309.0,7174.39990234375
2015-10-29,11588.54225,10438.0,10438.0,6961.5
2015-10-30,11798.378041666663,10680.0,10680.0,6652.89990234375
2015-10-31,10844.741166666669,11271.0,11271.0,6095.0
2015-11-01,9162.470458333331,11725.0,10832.0,6546.7001953125
2015-11-02,9674.597708333333,12190.0,11133.0,6691.7001953125
2015-11-03,11989.998291666663,12805.0,12349.0,7604.0
2015-11-04,12279.584333333332,13640.0,12975.0,8063.5
2015-11-05,11770.317541666664,14927.0,13621.0,8786.5
2015-11-06,12121.14125,15487.0,15080.0,8268.7998046875
2015-11-07,11287.950833333334,15850.0,13623.0,7590.2001953125
2015-11-08,9347.489916666667,16360.0,13167.0,6903.2998046875
2015-11-09,12110.621708333332,16919.0,16184.0,7283.5
2015-11-10,12330.872,17025.0,16846.0,8140.60009765625
2015-11-11,12518.245125,16481.0,16481.0,8059.39990234375
2015-11-12,12573.75925,15910.0,15910.0,8109.39990234375
2015-11-13,12464.464916666666,15532.0,15532.0,7929.2998046875
2015-11-14,11298.287083333336,15294.0,14909.0,6633.2998046875
2015-11-15,9631.702041666666,15225.0,14254.0,5293.2998046875
2015-11-16,11989.401625,16835.0,16835.0,6035.0
2015-11-17,11887.356291666663,17195.0,17125.0,8708.2998046875
2015-11-18,11344.544625,16238.0,14374.0,9587.099609375
2015-11-19,11305.914166666667,17732.0,12726.0,11146.2998046875
2015-11-20,10905.208375,19333.0,12648.0,11743.0
2015-11-21,10733.938333333334,20531.0,12794.0,10357.7001953125
2015-11-22,8840.296833333334,21920.0,11245.0,9944.2998046875
2015-11-23,10424.145833333334,22881.0,13358.0,9376.099609375
2015-11-24,10799.931541666669,23565.0,14916.0,9575.0
2015-11-25,10952.502791666666,23557.0,15173.0,10045.400390625
2015-11-26,11008.8175,24123.0,14720.0,11410.7998046875
2015-11-27,10576.804166666669,25548.0,15606.0,12701.2998046875
2015-11-28,10199.868833333334,27512.0,17046.0,12540.0
2015-11-29,8698.380374999999,29078.0,18657.0,11226.2998046875
2015-11-30,8769.325833333334,28583.0,17351.0,10358.599609375
2015-12-01,10611.818291666666,27829.0,17356.0,9398.7998046875
2015-12-02,10854.249541666666,27618.0,18537.0,8732.2998046875
2015-12-03,10683.750625,28238.0,19068.0,8770.7998046875
2015-12-04,10457.063208333331,27177.0,19025.0,8558.2998046875
2015-12-05,9832.963666666668,27162.0,18463.0,8082.2998046875
2015-12-06,8735.829708333333,26495.0,17036.0,7420.7998046875
2015-12-07,10356.899791666669,26296.0,18690.0,7672.89990234375
2015-12-08,10553.437541666666,26777.0,20119.0,9076.099609375
2015-12-09,11008.826458333337,26121.0,19417.0,9975.400390625
2015-12-10,10778.1755,24902.0,18555.0,10396.900390625
2015-12-11,10899.846583333334,25634.0,20648.0,10701.7001953125
2015-12-12,10118.642,26553.0,18500.0,10436.099609375
2015-12-13,9134.380833333336,26896.0,15936.0,9510.400390625
2015-12-14,11225.262958333333,27115.0,18569.0,9376.0
2015-12-15,11145.870375,27025.0,18630.0,9634.400390625
2015-12-16,10919.412166666669,26467.0,18219.0,9354.2001953125
2015-12-17,11201.124000000002,25791.0,17645.0,8958.2998046875
2015-12-18,11098.401291666669,25240.0,17776.0,9033.2998046875
2015-12-19,10451.448958333332,25195.0,17568.0,8794.7998046875
2015-12-20,9445.189208333331,25535.0,17695.0,7432.5
2015-12-21,10526.652791666667,24834.0,18120.0,7164.2001953125
2015-12-22,11108.0285,24661.0,18008.0,8629.2001953125
2015-12-23,11301.583166666664,23251.0,18079.0,9069.7998046875
2015-12-24,10640.5155,22309.0,16332.0,9408.2998046875
2015-12-25,9110.48575,21345.0,13615.0,8589.599609375
2015-12-26,10389.557125,21421.0,15631.0,7674.0
2015-12-27,10264.179791666667,21588.0,15823.0,7409.2001953125
2015-12-28,11168.400458333335,22641.0,17593.0,8118.7998046875
2015-12-29,10333.32325,23026.0,17529.0,9090.599609375
2015-12-30,9684.068416666669,23784.0,16873.0,10964.599609375
2015-12-31,10370.410083333334,24661.0,17227.0,13876.5
2016-01-01,9052.215083333334,25654.0,15869.0,14777.35009765625
2016-01-02,9443.076958333331,26925.0,15849.0,12804.14990234375
2016-01-03,9727.541666666666,28225.0,17473.0,11850.4501953125
2016-01-04,10426.669708333333,28457.0,17854.0,11678.25
2016-01-05,10829.836166666666,28370.0,19075.0,10758.89990234375
2016-01-06,10882.546208333331,28450.0,18841.0,10286.89990234375
2016-01-07,11105.765875,28526.0,19503.0,9167.14990234375
2016-01-08,11104.417958333332,28562.0,19501.0,9439.35009765625
2016-01-09,9922.433958333331,28557.0,19328.0,9735.14990234375
2016-01-10,8882.379708333334,29185.0,18705.0,9408.14990234375
2016-01-11,11323.621791666666,31067.0,24424.0,11085.25
2016-01-12,11807.411833333334,33454.0,26343.0,14323.2998046875
2016-01-13,11552.554875,35643.0,25230.0,18161.7001953125
2016-01-14,11479.720875,37540.0,26657.0,19494.5498046875
2016-01-15,11533.92675,40076.0,28573.0,19525.400390625
2016-01-16,11434.197833333334,43460.0,32831.0,18856.849609375
2016-01-17,10668.218208333334,45130.0,34254.0,17227.9501953125
2016-01-18,11698.547166666664,45594.0,36082.0,14611.5
2016-01-19,11520.218666666668,45526.0,35529.0,13316.7001953125
2016-01-20,11637.324208333332,45763.0,35761.0,13060.7998046875
2016-01-21,11736.653666666669,46442.0,36875.0,12558.89990234375
2016-01-22,11659.659083333334,46891.0,37644.0,12867.9501953125
2016-01-23,12029.575125,46534.0,38035.0,12410.5
2016-01-24,11632.497166666668,45439.0,36807.0,10704.39990234375
2016-01-25,12194.706083333333,43658.0,37039.0,10260.60009765625
2016-01-26,12528.7195,41806.0,37629.0,11581.5
2016-01-27,13019.654125,39841.0,35605.0,11062.14990234375
2016-01-28,13139.142791666667,38403.0,35077.0,10517.89990234375
2016-01-29,12533.723458333334,37451.0,33592.0,10506.39990234375
2016-01-30,13271.362583333334,36430.0,34366.0,9069.0498046875
2016-01-31,11706.692875,35473.0,30172.0,8077.800048828125
2016-02-01,13002.55225,34236.0,32057.0,8029.949951171875
2016-02-02,12979.892458333334,32727.0,32104.0,7023.35009765625
2016-02-03,12285.135708333331,31211.0,31211.0,7277.050048828125
2016-02-04,12535.838416666666,29972.0,29972.0,6866.75
2016-02-05,12599.833791666666,29170.0,29170.0,7431.25
2016-02-06,10473.661708333331,28203.0,26868.0,7277.0
2016-02-07,9627.7865,27408.0,24638.0,6720.14990234375
2016-02-08,10843.188708333331,26802.0,25306.0,7179.800048828125
2016-02-09,10964.162041666668,26151.0,24296.0,8571.2998046875
2016-02-10,12982.250583333334,25546.0,24749.0,8568.25
2016-02-11,13372.651333333331,24739.0,23145.0,8165.5
2016-02-12,13377.11825,24076.0,23688.0,8353.449951171875
2016-02-13,13255.458625,23754.0,23754.0,7764.5
2016-02-14,11703.137458333333,23516.0,22545.0,6859.449951171875
2016-02-15,13655.873541666666,23318.0,23318.0,7568.35009765625
2016-02-16,13051.632333333331,23464.0,23464.0,7850.85009765625
2016-02-17,13187.460583333332,23469.0,23469.0,8110.89990234375
2016-02-18,13633.362291666666,23775.0,23775.0,8820.39990234375
2016-02-19,13194.252125,23891.0,23891.0,8945.0
2016-02-20,13764.838291666669,23980.0,23953.0,8659.7001953125
2016-02-21,12019.071041666668,24537.0,22084.0,7987.699951171875
2016-02-22,13046.661,25528.0,24930.0,9877.35009765625
2016-02-23,12943.3535,26229.0,22958.0,12775.89990234375
2016-02-24,12939.554333333332,27202.0,21470.0,15605.2001953125
2016-02-25,12465.639416666669,28432.0,19380.0,16222.75
2016-02-26,12424.9465,29523.0,18839.0,16294.7001953125
2016-02-27,12221.667166666666,30740.0,19281.0,16814.75
2016-02-28,11289.544125,31634.0,20473.0,17449.150390625
2016-02-29,11979.669208333333,33123.0,23265.0,18574.349609375
2016-03-01,11415.92075,34513.0,22289.0,18772.0498046875
2016-03-02,11223.079124999998,35594.0,22195.0,16571.5498046875
2016-03-03,11562.349416666666,36297.0,22464.0,13822.35009765625
2016-03-04,11169.99575,34698.0,20451.0,13124.7001953125
2016-03-05,10150.644666666669,32672.0,16679.0,13449.60009765625
2016-03-06,9527.155583333331,31440.0,15485.0,11316.5498046875
2016-03-07,11544.536125,31053.0,20094.0,10833.5
2016-03-08,11452.953,30643.0,20498.0,10611.89990234375
2016-03-09,11264.528541666668,31325.0,22148.0,11274.5
2016-03-10,11254.503208333334,33056.0,25445.0,11789.14990234375
2016-03-11,11019.457833333334,32531.0,24564.0,12217.75
2016-03-12,10929.313291666664,32028.0,24480.0,12367.2001953125
2016-03-13,10317.859625,31558.0,23862.0,11179.89990234375
2016-03-14,11548.391125,31237.0,25882.0,10738.14990234375
2016-03-15,11543.766416666664,30740.0,25880.0,10322.25
2016-03-16,11854.4515,30119.0,25673.0,10217.0
2016-03-17,11595.483041666666,29282.0,24608.0,10484.25
2016-03-18,12581.758125,28794.0,25034.0,11554.0
2016-03-19,11518.899041666666,28443.0,22845.0,12090.89990234375
2016-03-20,10134.717791666668,28267.0,22057.0,11623.0
2016-03-21,13135.885708333331,28088.0,25765.0,10808.64990234375
2016-03-22,11977.243375,27815.0,23537.0,10181.14990234375
2016-03-23,11997.734083333336,27095.0,21886.0,9968.14990234375
2016-03-24,12056.649708333332,26313.0,22236.0,9961.4501953125
2016-03-25,9143.075208333334,25532.0,18745.0,9022.64990234375
2016-03-26,9282.660083333334,24950.0,19262.0,9124.64990234375
2016-03-27,9696.481625,24339.0,18885.0,9466.75
2016-03-28,11078.711791666668,23956.0,21302.0,8894.4501953125
2016-03-29,11797.011666666667,23732.0,21890.0,8153.10009765625
2016-03-30,11966.985833333332,23514.0,23195.0,8499.5
2016-03-31,11891.284416666667,23100.0,21942.0,9258.89990234375
2016-04-01,11994.263250000002,22571.0,21527.0,9624.35009765625
2016-04-02,12030.073875,22227.0,19605.0,8860.75
2016-04-03,10838.252791666668,22084.0,18251.0,7846.25
2016-04-04,12565.723791666664,21871.0,21410.0,7807.25
2016-04-05,12731.920208333337,21459.0,21459.0,8113.25
2016-04-06,12707.237916666669,20893.0,20893.0,7944.25
2016-04-07,12649.735958333333,20156.0,20156.0,8078.64990234375
2016-04-08,12732.750083333332,19358.0,19358.0,8251.050048828125
2016-04-09,12866.993125,18655.0,18627.0,8074.949951171875
2016-04-10,10483.077875,17957.0,16797.0,7308.300048828125
2016-04-11,12783.1875,17276.0,17276.0,7519.60009765625
2016-04-12,12293.708208333332,16604.0,16604.0,7740.35009765625
2016-04-13,11967.080499999998,16007.0,15988.0,8289.75
2016-04-14,12421.380666666666,15458.0,15448.0,8072.5
2016-04-15,12475.554625,14996.0,14996.0,7767.0
2016-04-16,12673.665416666665,14569.0,14569.0,7979.449951171875
2016-04-17,11481.145291666666,14082.0,13620.0,7542.85009765625
2016-04-18,12592.283375,13720.0,13720.0,7406.25
2016-04-19,13032.291,13422.0,13422.0,8244.050048828125
2016-04-20,12991.42125,13260.0,13260.0,8410.800048828125
2016-04-21,11497.580375,13076.0,13076.0,7122.0
2016-04-22,12553.31325,12898.0,12898.0,7233.39990234375
2016-04-23,11756.177833333331,12794.0,12794.0,6804.64990234375
2016-04-24,11286.413541666669,12789.0,12789.0,6112.89990234375
2016-04-25,11895.43825,12875.0,12875.0,6666.449951171875
2016-04-26,12072.769041666666,13163.0,13163.0,7484.75
2016-04-27,11818.468125,13490.0,13490.0,7941.699951171875
2016-04-28,11597.797541666669,13877.0,13877.0,7703.300048828125
2016-04-29,11426.243416666666,14262.0,14262.0,7517.89990234375
2016-04-30,10915.438208333331,14505.0,14505.0,7032.14990234375
2016-05-01,10300.960083333332,14645.0,14129.0,6214.85009765625
2016-05-02,11749.339041666666,14662.0,14662.0,6461.550048828125
2016-05-03,11847.476375,14535.0,14535.0,7222.699951171875
2016-05-04,11775.467708333332,14359.0,14358.0,7566.35009765625
2016-05-05,12248.452666666666,14186.0,14186.0,7686.5
2016-05-06,11210.6615,14057.0,14057.0,7502.60009765625
2016-05-07,10405.087416666667,14058.0,14058.0,6825.0
2016-05-08,10822.659416666667,14247.0,14247.0,7043.60009765625
2016-05-09,11638.607708333337,15749.0,15749.0,6678.949951171875
2016-05-10,12168.030791666666,16505.0,16505.0,7670.64990234375
2016-05-11,12777.0765,17515.0,17515.0,7609.75
2016-05-12,12513.763,18123.0,18123.0,7785.699951171875
2016-05-13,10660.687291666669,18217.0,18076.0,7718.35009765625
2016-05-14,11093.069416666667,17726.0,17510.0,7822.5
2016-05-15,10577.401666666668,17021.0,16341.0,6961.949951171875
2016-05-16,10486.841291666666,16434.0,15483.0,7036.050048828125
2016-05-17,10461.478708333334,15955.0,15732.0,7597.25
2016-05-18,11914.868833333334,15493.0,15493.0,7999.300048828125
2016-05-19,12686.598625,15564.0,15564.0,7876.25
2016-05-20,12866.309833333333,15499.0,15471.0,7297.5
2016-05-21,11579.820541666666,15509.0,14535.0,7280.699951171875
2016-05-22,10472.507041666666,15839.0,13835.0,6239.35009765625
2016-05-23,12281.0175,16161.0,15915.0,6658.449951171875
2016-05-24,12508.7465,16753.0,16753.0,7618.10009765625
2016-05-25,12231.146541666669,17393.0,17366.0,8257.0
2016-05-26,11377.012125,18011.0,16685.0,8226.800048828125
2016-05-27,12489.043625,18627.0,18137.0,7597.14990234375
2016-05-28,11572.306541666669,18693.0,16993.0,7192.89990234375
2016-05-29,8934.128208333334,18566.0,14992.0,7030.89990234375
2016-05-30,12424.889583333332,19253.0,18717.0,7816.699951171875
2016-05-31,12712.339041666666,19638.0,19485.0,9322.14990234375
2016-06-01,12235.018583333333,20294.0,18431.0,9549.39990234375
2016-06-02,12285.1955,20665.0,17517.0,8868.2001953125
2016-06-03,12120.132708333333,20879.0,17131.0,9585.7998046875
2016-06-04,11664.086125,20894.0,16375.0,9834.0498046875
2016-06-05,9598.448166666669,20651.0,13037.0,10373.35009765625
2016-06-06,11106.450166666667,20470.0,13070.0,11791.35009765625
2016-06-07,10940.202375,20698.0,12001.0,14027.7001953125
2016-06-08,11532.806333333334,21671.0,11923.0,16151.39990234375
2016-06-09,11473.014458333331,22600.0,12532.0,16934.4501953125
2016-06-10,11531.824958333333,23347.0,14951.0,15593.89990234375
2016-06-11,11295.105416666667,23463.0,15529.0,11560.7001953125
2016-06-12,9769.362208333334,23192.0,14376.0,10269.7001953125
2016-06-13,10577.95525,22657.0,16116.0,9632.60009765625
2016-06-14,11320.43275,22154.0,17641.0,10079.14990234375
2016-06-15,11310.091375000002,21775.0,18559.0,9311.4501953125
2016-06-16,11278.840916666668,21444.0,18026.0,8018.050048828125
2016-06-17,11425.787416666666,20998.0,18277.0,7646.25
2016-06-18,12238.393208333331,20815.0,19915.0,7071.64990234375
2016-06-19,10554.002,20424.0,18944.0,6351.60009765625
2016-06-20,13560.987666666668,19993.0,19993.0,6758.35009765625
2016-06-21,13702.984666666664,19246.0,19246.0,8011.550048828125
2016-06-22,13452.672791666666,18695.0,18695.0,8202.5
2016-06-23,13231.144875,18635.0,18635.0,8076.949951171875
2016-06-24,13046.108291666666,19214.0,19052.0,7890.64990234375
2016-06-25,12080.227541666667,18855.0,17612.0,7267.14990234375
2016-06-26,9976.677708333336,17850.0,13553.0,6353.14990234375
2016-06-27,12572.074208333332,16782.0,16246.0,6750.10009765625
2016-06-28,13078.072666666669,16144.0,16144.0,7204.89990234375
2016-06-29,13051.320666666668,15566.0,15566.0,7473.10009765625
2016-06-30,13159.353083333332,14965.0,14965.0,7511.35009765625
2016-07-01,13151.336333333333,14561.0,14561.0,7024.25
2016-07-02,12670.9845,14227.0,14227.0,6487.10009765625
2016-07-03,10268.5635,14024.0,12572.0,6292.60009765625
2016-07-04,12375.359625,13740.0,13740.0,6891.699951171875
2016-07-05,12694.885,13526.0,13526.0,7852.89990234375
2016-07-06,12583.966458333334,13300.0,13300.0,8046.85009765625
2016-07-07,12522.891208333334,13095.0,13095.0,8268.199951171875
2016-07-08,12197.695166666666,12848.0,12848.0,8411.10009765625
2016-07-09,11366.431750000002,12641.0,12641.0,7380.85009765625
2016-07-10,10943.472291666669,12448.0,12448.0,6223.35009765625
2016-07-11,12232.771041666669,12296.0,12296.0,7225.60009765625
2016-07-12,12316.628166666667,12168.0,12168.0,7343.0
2016-07-13,10937.329375,12151.0,12137.0,8070.14990234375
2016-07-14,10956.101208333332,12345.0,12345.0,8079.75
2016-07-15,11150.0035,12706.0,12706.0,7834.64990234375
2016-07-16,11216.277625,13302.0,13302.0,7738.89990234375
2016-07-17,10833.53525,13679.0,13679.0,6914.949951171875
2016-07-18,11975.542083333334,13921.0,13921.0,7388.449951171875
2016-07-19,12132.283416666667,13882.0,13882.0,7530.199951171875
2016-07-20,12309.36025,13694.0,13694.0,6951.64990234375
2016-07-21,12356.45875,13133.0,13133.0,7011.25
2016-07-22,11801.466583333333,12695.0,12695.0,8021.75
2016-07-23,11309.50075,12253.0,12253.0,7185.60009765625
2016-07-24,10805.062291666669,11998.0,11998.0,6893.85009765625
2016-07-25,11930.943416666669,11766.0,11766.0,6643.35009765625
2016-07-26,12024.124916666668,11582.0,11582.0,6762.699951171875
2016-07-27,12197.104541666668,11369.0,11369.0,7297.39990234375
2016-07-28,12134.261708333332,11185.0,11185.0,6877.25
2016-07-29,12201.209666666668,11010.0,11010.0,6695.35009765625
2016-07-30,11486.710416666669,10816.0,10816.0,6571.14990234375
2016-07-31,10686.890166666666,10639.0,10639.0,5878.39990234375
2016-08-01,12030.173041666669,10464.0,10464.0,6218.39990234375
2016-08-02,11717.747916666667,10335.0,10335.0,6938.64990234375
2016-08-03,11223.566416666668,10230.0,10230.0,7362.300048828125
2016-08-04,11171.571958333334,10126.0,10126.0,7362.14990234375
2016-08-05,10492.111416666668,10017.0,10017.0,8093.64990234375
2016-08-06,10928.643541666666,10014.0,10014.0,7771.5
2016-08-07,10552.724208333331,10017.0,10017.0,6807.5
2016-08-08,11298.65925,10102.0,10102.0,6704.550048828125
2016-08-09,11341.314125,10159.0,10159.0,8163.449951171875
2016-08-10,11263.979208333332,10207.0,10207.0,8813.2001953125
2016-08-11,11645.769666666669,10321.0,10321.0,8164.75
2016-08-12,11511.520958333334,10519.0,10519.0,7196.25
2016-08-13,11010.286999999998,10815.0,10815.0,6474.14990234375
2016-08-14,10517.632875,11079.0,11079.0,6042.64990234375
2016-08-15,11468.403333333334,11036.0,11036.0,7032.050048828125
2016-08-16,12115.395,10881.0,10881.0,7717.300048828125
2016-08-17,12142.673083333331,10780.0,10780.0,7619.60009765625
2016-08-18,12178.346875,10853.0,10853.0,8144.89990234375
2016-08-19,11342.126666666663,10988.0,10988.0,8806.7998046875
2016-08-20,10400.752208333332,11817.0,11817.0,8058.25
2016-08-21,9968.153958333334,13246.0,12443.0,6666.39990234375
2016-08-22,11563.421541666668,15949.0,15197.0,6873.85009765625
2016-08-23,12155.372791666668,17615.0,15941.0,8264.39990234375
2016-08-24,11839.706833333332,17783.0,14811.0,8249.050048828125
2016-08-25,11720.905541666669,17385.0,14225.0,7408.800048828125
2016-08-26,11959.81975,16710.0,14637.0,6696.0
2016-08-27,11201.868625,15438.0,13701.0,6216.39990234375
2016-08-28,9801.11275,14378.0,12526.0,5767.39990234375
2016-08-29,11957.971333333331,14060.0,13766.0,6229.39990234375
2016-08-30,12270.606875,14325.0,14056.0,7562.35009765625
2016-08-31,12223.798833333334,13876.0,13876.0,7560.699951171875
2016-09-01,12001.457625,13346.0,13346.0,7120.39990234375
2016-09-02,12198.866499999998,12867.0,12867.0,6774.35009765625
2016-09-03,11789.143666666663,12695.0,12695.0,6657.14990234375
2016-09-04,10180.148333333333,12942.0,12168.0,6672.35009765625
2016-09-05,11505.525708333334,13141.0,13141.0,7269.85009765625
2016-09-06,11330.336833333333,13122.0,13122.0,8099.60009765625
2016-09-07,9824.146416666666,12919.0,12493.0,8012.10009765625
2016-09-08,11732.996416666669,12939.0,12939.0,7720.14990234375
2016-09-09,12084.01775,13071.0,13037.0,7787.75
2016-09-10,11699.140458333331,12972.0,12051.0,7084.75
2016-09-11,10570.666958333331,12779.0,11996.0,6349.85009765625
2016-09-12,12593.89625,12375.0,12290.0,6398.64990234375
2016-09-13,11994.705625,11870.0,11721.0,6348.10009765625
2016-09-14,12316.08575,11456.0,11356.0,6446.5
2016-09-15,12213.515916666664,11044.0,10877.0,6565.75
2016-09-16,11818.056583333331,10675.0,10518.0,6566.35009765625
2016-09-17,11376.344916666669,10357.0,10357.0,6575.85009765625
2016-09-18,10487.650791666669,10177.0,9884.0,6275.35009765625
2016-09-19,11230.139208333334,10037.0,9924.0,7366.449951171875
2016-09-20,12137.279791666668,9960.0,9941.0,7372.75
2016-09-21,12276.233375000002,9735.0,9731.0,6802.35009765625
2016-09-22,12344.835791666666,9545.0,9542.0,7413.550048828125
2016-09-23,11574.978458333331,9293.0,9293.0,8060.39990234375
2016-09-24,10749.178625,9102.0,9102.0,8295.449951171875
2016-09-25,10137.146625,8897.0,8897.0,6960.800048828125
2016-09-26,11739.27375,8746.0,8746.0,7161.25
2016-09-27,12033.036541666666,8600.0,8600.0,8156.5
2016-09-28,11828.234166666669,8505.0,8505.0,7826.64990234375
2016-09-29,11978.422791666666,8372.0,8372.0,7322.25
2016-09-30,11494.87,8284.0,8284.0,7023.949951171875
2016-10-01,10796.205375,8161.0,8161.0,7073.89990234375
2016-10-02,10022.083541666669,8178.0,8178.0,6549.14990234375
2016-10-03,11742.422541666669,8180.0,8180.0,6919.25
2016-10-04,11752.251291666667,8179.0,8179.0,7094.5
2016-10-05,11569.881541666668,8128.0,8128.0,7369.75
2016-10-06,11550.450916666668,8121.0,8121.0,7460.050048828125
2016-10-07,11147.225041666668,8167.0,8167.0,7451.0
2016-10-08,10512.149,8287.0,8287.0,6947.25
2016-10-09,10238.994,8413.0,8413.0,5934.0
2016-10-10,11428.807875,8574.0,8574.0,6498.39990234375
2016-10-11,10750.955041666666,8942.0,8942.0,7152.0
2016-10-12,10794.162083333336,9458.0,9458.0,6477.5
2016-10-13,10960.522083333335,10081.0,10081.0,7194.14990234375
2016-10-14,11784.225875000002,10658.0,10658.0,7893.800048828125
2016-10-15,10899.914583333331,11078.0,11078.0,7266.5
2016-10-16,10318.612565217392,11330.0,10884.0,7447.0
2016-10-17,11940.18,11395.0,11381.0,9039.2001953125
2016-10-18,12391.295,11476.0,11476.0,9212.5498046875
2016-10-19,12049.517999999998,11465.0,11465.0,9073.75
2016-10-20,12150.447708333331,11335.0,11335.0,9397.0
2016-10-21,11604.842958333336,11057.0,11057.0,9306.7998046875
2016-10-22,10671.210958333331,10953.0,10953.0,8490.14990234375
2016-10-23,10256.442833333333,11032.0,11032.0,6862.64990234375
2016-10-24,11432.077,11445.0,11445.0,6726.64990234375
2016-10-25,11897.9975,11999.0,11999.0,7956.60009765625
2016-10-26,12013.964291666663,12530.0,12530.0,8425.0
2016-10-27,12042.133291666669,13457.0,13444.0,9044.5498046875
2016-10-28,12200.35775,14804.0,14741.0,8666.39990234375
2016-10-29,11865.024583333334,16071.0,16045.0,7278.050048828125
2016-10-30,10035.814,15926.0,13419.0,5797.64990234375
2016-10-31,12434.568,14570.0,14570.0,6304.64990234375
2016-11-01,12655.032833333333,13054.0,13045.0,7449.0
2016-11-02,10863.35075,12782.0,12087.0,7235.25
2016-11-03,12560.083833333332,12675.0,12675.0,7069.89990234375
2016-11-04,12591.752374999998,12638.0,12638.0,7811.14990234375
2016-11-05,11502.219458333331,12431.0,12431.0,7073.14990234375
2016-11-06,10198.211041666667,12059.0,11763.0,6040.75
2016-11-07,12064.661291666664,11600.0,11600.0,6503.39990234375
2016-11-08,12503.876916666666,11190.0,11190.0,7350.39990234375
2016-11-09,12790.153166666663,10863.0,10863.0,7750.35009765625
2016-11-10,12939.350208333335,10843.0,10843.0,7613.35009765625
2016-11-11,11836.837666666666,11064.0,11064.0,7320.25
2016-11-12,11069.621125,11060.0,11060.0,7032.75
2016-11-13,10520.024458333331,10793.0,10793.0,6017.14990234375
2016-11-14,10876.669208333333,10588.0,10588.0,5985.89990234375
2016-11-15,11062.824208333332,10726.0,10726.0,6294.0
2016-11-16,11960.546666666669,11077.0,11077.0,6575.75
2016-11-17,11919.726,11456.0,11456.0,6279.35009765625
2016-11-18,11153.85125,11894.0,11878.0,6278.35009765625
2016-11-19,10117.947458333334,12409.0,12331.0,6328.85009765625
2016-11-20,10000.776541666666,13031.0,12980.0,5759.60009765625
2016-11-21,11029.876458333332,13779.0,13779.0,6123.60009765625
2016-11-22,11328.949375000002,14308.0,14308.0,6380.0
2016-11-23,10985.361749999998,14596.0,14596.0,7001.14990234375
2016-11-24,11156.26825,14578.0,14578.0,7774.050048828125
2016-11-25,11129.6965,14624.0,14624.0,8055.949951171875
2016-11-26,10774.452333333333,14557.0,14557.0,8575.949951171875
2016-11-27,10313.599916666666,14234.0,14234.0,7462.14990234375
2016-11-28,11663.35125,13656.0,13656.0,7502.0
2016-11-29,12027.260416666666,13045.0,13045.0,7968.949951171875
2016-11-30,12018.86,12726.0,12726.0,7739.5
2016-12-01,11738.696583333332,12560.0,12560.0,7330.050048828125
2016-12-02,10859.066208333334,12626.0,12626.0,7378.449951171875
2016-12-03,10582.536875,12778.0,12778.0,7823.5
2016-12-04,10709.675166666666,13058.0,13058.0,7956.64990234375
2016-12-05,11670.67575,13306.0,13306.0,8388.5
2016-12-06,12092.236083333337,13666.0,13666.0,8377.050048828125
2016-12-07,11983.288166666667,14019.0,14019.0,8388.14990234375
2016-12-08,12264.551875,14422.0,14422.0,9017.5498046875
2016-12-09,11452.708,14947.0,14947.0,10032.39990234375
2016-12-10,11665.887666666667,15406.0,15406.0,8800.949951171875
2016-12-11,11462.538374999998,15866.0,15866.0,9110.2001953125
2016-12-12,12478.087916666664,16291.0,16291.0,10113.2998046875
2016-12-13,13115.844583333334,16863.0,16863.0,9858.39990234375
2016-12-14,12835.324125,17376.0,17376.0,8573.449951171875
2016-12-15,12954.356791666669,17635.0,17635.0,7431.050048828125
2016-12-16,12815.05225,17802.0,17802.0,6626.5
2016-12-17,11844.489,17956.0,17956.0,5853.64990234375
2016-12-18,11658.297916666668,18120.0,18120.0,5273.75
2016-12-19,13085.594208333334,18322.0,18322.0,5985.25
2016-12-20,13581.539375,18491.0,18491.0,6385.25
2016-12-21,12822.765666666666,18615.0,18615.0,6764.14990234375
2016-12-22,11956.961625000002,18974.0,18974.0,7272.64990234375
2016-12-23,11425.572958333332,19155.0,19155.0,7342.300048828125
2016-12-24,10872.193958333331,19104.0,19104.0,7970.60009765625
2016-12-25,10570.453,18756.0,18756.0,6239.60009765625
2016-12-26,11295.525166666666,18143.0,18143.0,6228.14990234375
2016-12-27,12266.735374999998,17388.0,17388.0,8309.199951171875
2016-12-28,11474.365333333331,16696.0,16696.0,8913.14990234375
2016-12-29,12211.027958333332,16031.0,16031.0,8702.14990234375
2016-12-30,11779.473166666668,15483.0,15483.0,8268.050048828125
2016-12-31,10724.150541666668,15030.0,15030.0,7938.60009765625
2017-01-01,10571.192125,14720.0,14720.0,7853.699951171875
2017-01-02,11344.321166666668,14580.0,14580.0,9203.2998046875
2017-01-03,11819.340625,14641.0,14641.0,9553.9501953125
2017-01-04,12758.669791666667,14754.0,14754.0,9856.10009765625
2017-01-05,11913.029875,14919.0,14919.0,8728.25
2017-01-06,11460.993125,14935.0,14935.0,7760.60009765625
2017-01-07,12186.2035,14934.0,14934.0,6788.85009765625
2017-01-08,11950.176166666666,15096.0,15096.0,6382.35009765625
2017-01-09,13160.483625,15402.0,15402.0,8390.89990234375
2017-01-10,12698.665333333332,15261.0,15261.0,8927.9501953125
2017-01-11,12063.937833333332,14724.0,14724.0,7697.64990234375
2017-01-12,12096.705833333332,14483.0,14483.0,7591.199951171875
2017-01-13,11839.038,14566.0,14566.0,6722.5
2017-01-14,11631.132375,15099.0,15099.0,6439.75
2017-01-15,10939.310291666668,15722.0,15722.0,5910.5
2017-01-16,11704.707541666668,16254.0,16254.0,6480.949951171875
2017-01-17,11472.075791666668,16889.0,16889.0,7323.75
2017-01-18,11371.975041666668,17421.0,17421.0,7938.60009765625
2017-01-19,11243.545166666669,18035.0,18035.0,8601.699951171875
2017-01-20,10839.601583333331,18929.0,18929.0,8862.550048828125
2017-01-21,10495.43975,20121.0,20121.0,8206.0
2017-01-22,10341.523291666666,21281.0,21281.0,7263.14990234375
2017-01-23,11357.712375,22056.0,22056.0,8671.14990234375
2017-01-24,11927.080875,22550.0,22550.0,9490.5
2017-01-25,11455.50225,23159.0,23159.0,9657.75
2017-01-26,11551.241083333334,23967.0,23967.0,9460.64990234375
2017-01-27,11187.805208333331,25078.0,25060.0,9081.2998046875
2017-01-28,11143.608625,26187.0,26060.0,10031.5
2017-01-29,11549.824916666666,26900.0,26709.0,9835.14990234375
2017-01-30,12689.294458333332,27050.0,26907.0,10274.0
2017-01-31,13158.621375,26973.0,26846.0,10582.2998046875
2017-02-01,13107.631541666668,26797.0,26648.0,10415.14990234375
2017-02-02,12941.406791666666,26464.0,26274.0,10344.7998046875
2017-02-03,12536.339625,25601.0,25427.0,10330.89990234375
2017-02-04,12604.096416666667,24521.0,24441.0,9554.2001953125
2017-02-05,12507.434291666666,23628.0,23565.0,8345.89990234375
2017-02-06,12780.100916666668,22925.0,22902.0,8568.89990234375
2017-02-07,12665.857833333332,22352.0,22352.0,9271.4501953125
2017-02-08,12565.480916666667,22003.0,22003.0,8450.449951171875
2017-02-09,12582.922333333334,21875.0,21875.0,7939.5
2017-02-10,12006.513083333331,21922.0,21922.0,7531.89990234375
2017-02-11,11787.718125,22092.0,22092.0,7846.64990234375
2017-02-12,11280.035875,22094.0,22094.0,7655.199951171875
2017-02-13,12712.60575,22112.0,22112.0,7739.14990234375
2017-02-14,12565.571958333334,22216.0,22216.0,7929.14990234375
2017-02-15,13273.248166666666,22337.0,22337.0,7642.10009765625
2017-02-16,13468.536666666669,23081.0,23081.0,7305.14990234375
2017-02-17,12950.413333333332,23211.0,23211.0,8243.0
2017-02-18,12537.936666666666,22664.0,22664.0,8075.449951171875
2017-02-19,11979.741958333334,21281.0,21281.0,7912.050048828125
2017-02-20,13681.893458333332,19696.0,19696.0,7185.64990234375
2017-02-21,13223.06725,18439.0,18439.0,7238.5
2017-02-22,12937.025458333332,17399.0,17399.0,7707.60009765625
2017-02-23,12072.193416666669,16525.0,16525.0,7498.60009765625
2017-02-24,11135.526541666666,15846.0,15846.0,7248.89990234375
2017-02-25,10234.536666666669,15312.0,15312.0,6883.5
2017-02-26,9334.680083333336,14905.0,14905.0,6171.85009765625
2017-02-27,8802.575958333333,14632.0,14632.0,6004.89990234375
2017-02-28,9522.542416666667,14547.0,14547.0,5982.89990234375
2017-03-01,10486.93875,14591.0,14591.0,6612.60009765625
2017-03-02,10914.182916666668,14735.0,14735.0,8126.050048828125
2017-03-03,11092.565958333333,15092.0,15092.0,7865.199951171875
2017-03-04,10877.762791666666,15620.0,15620.0,7861.0
2017-03-05,10933.278708333331,16359.0,16359.0,8095.14990234375
2017-03-06,12397.133458333332,17355.0,17355.0,7785.64990234375
2017-03-07,13140.433375,18205.0,18205.0,7939.39990234375
2017-03-08,13067.838541666666,19040.0,19040.0,8503.14990234375
2017-03-09,12710.394375000002,19451.0,19451.0,9268.0498046875
2017-03-10,12184.636,19435.0,19435.0,9255.89990234375
2017-03-11,11108.097333333331,19295.0,19295.0,9401.14990234375
2017-03-12,11249.723416666668,19162.0,19162.0,8297.75
2017-03-13,11567.641125,19097.0,19097.0,8548.10009765625
2017-03-14,12187.476625,18969.0,18969.0,8426.39990234375
2017-03-15,12439.441208333332,18579.0,18579.0,8173.64990234375
2017-03-16,12217.154666666667,18098.0,18098.0,8922.9501953125
2017-03-17,11757.873333333337,17490.0,17490.0,9158.25
2017-03-18,10861.085458333331,16939.0,16939.0,9278.0
2017-03-19,10527.568791666668,16418.0,16418.0,7503.800048828125
2017-03-20,11103.89325,15922.0,15922.0,7075.75
2017-03-21,11389.108875,15645.0,15645.0,7237.449951171875
2017-03-22,11594.125375,15454.0,15454.0,7204.0
2017-03-23,12197.440375,15394.0,15394.0,7770.85009765625
2017-03-24,11981.42325,15331.0,15331.0,7516.35009765625
2017-03-25,11020.901958333334,15500.0,15500.0,7152.5
2017-03-26,10527.217625,15763.0,15763.0,6896.300048828125
2017-03-27,11582.086291666668,16061.0,16061.0,6824.14990234375
2017-03-28,11673.787208333331,16332.0,16332.0,7844.75
2017-03-29,11181.416625,16411.0,16411.0,8023.10009765625
2017-03-30,11096.987666666668,16218.0,16218.0,7563.0
2017-03-31,11016.534916666666,15894.0,15894.0,7713.550048828125
2017-04-01,10043.573291666666,15521.0,15521.0,7694.25
2017-04-02,9285.081208333331,15248.0,15248.0,6306.14990234375
2017-04-03,10507.270333333334,14905.0,14905.0,6285.14990234375
2017-04-04,11027.580958333332,14403.0,14403.0,7110.85009765625
2017-04-05,11082.959291666666,14021.0,14021.0,7647.75
2017-04-06,10591.677541666666,13618.0,13618.0,7640.64990234375
2017-04-07,10502.242916666668,13697.0,13697.0,7733.35009765625
2017-04-08,9753.077083333334,14225.0,14225.0,6658.89990234375
2017-04-09,10130.1135,14637.0,14637.0,5975.75
2017-04-10,10714.199708333334,14978.0,14978.0,6153.89990234375
2017-04-11,10734.352083333331,14965.0,14965.0,6863.0
2017-04-12,10428.561,14622.0,14622.0,6764.10009765625
2017-04-13,9428.029125,14417.0,14417.0,6171.89990234375
2017-04-14,9457.935375,14288.0,14288.0,5537.60009765625
2017-04-15,8920.005125,14679.0,14679.0,5348.35009765625
2017-04-16,9186.522541666667,14995.0,14995.0,5434.25
2017-04-17,9884.256291666668,15266.0,15266.0,5543.85009765625
2017-04-18,10938.969208333334,15083.0,15083.0,6240.35009765625
2017-04-19,10799.068125,14638.0,14638.0,6590.0
2017-04-20,10271.865166666666,14347.0,14347.0,7180.0
2017-04-21,9929.439666666667,14102.0,14102.0,7187.5
2017-04-22,9626.06225,14082.0,14082.0,6990.64990234375
2017-04-23,9624.74875,14001.0,14001.0,5894.85009765625
2017-04-24,10462.484416666666,13882.0,13882.0,6262.60009765625
2017-04-25,11472.82425,13809.0,13809.0,6787.85009765625
2017-04-26,10992.067333333332,13947.0,13947.0,6483.25
2017-04-27,10505.250208333331,14678.0,14678.0,6452.0
2017-04-28,9640.796125,15314.0,15314.0,6076.14990234375
2017-04-29,8732.902875,15664.0,15664.0,5498.75
2017-04-30,8455.056458333334,15490.0,15490.0,5125.0
2017-05-01,9045.570166666666,15226.0,15226.0,5060.0
2017-05-02,9668.64925,14926.0,14926.0,5444.85009765625
2017-05-03,9574.078708333333,14827.0,14827.0,5400.85009765625
2017-05-04,10169.005458333331,14732.0,14732.0,5307.39990234375
2017-05-05,10713.529125,14520.0,14520.0,5254.14990234375
2017-05-06,10292.319125,14323.0,14323.0,5306.14990234375
2017-05-07,9850.996583333334,14049.0,14049.0,5378.35009765625
2017-05-08,10568.18875,13916.0,13916.0,5913.5
2017-05-09,10387.138708333334,13810.0,13810.0,6753.39990234375
2017-05-10,10377.203208333334,13744.0,13744.0,6183.60009765625
2017-05-11,10562.601541666669,13570.0,13554.0,6676.60009765625
2017-05-12,10340.295916666666,13332.0,13256.0,6617.25
2017-05-13,9267.067708333334,13139.0,13139.0,5820.0
2017-05-14,8975.985291666666,13020.0,13020.0,5853.64990234375
2017-05-15,9998.149958333332,12903.0,12903.0,6608.64990234375
2017-05-16,10214.108625,12769.0,12769.0,7013.25
2017-05-17,10176.555541666668,12886.0,12886.0,6824.89990234375
2017-05-18,10284.302375,13435.0,13435.0,6275.89990234375
2017-05-19,10596.505583333334,14038.0,14038.0,5958.35009765625
2017-05-20,9873.12725,15086.0,15064.0,7112.449951171875
2017-05-21,9271.714916666666,17121.0,15578.0,6999.0
2017-05-22,10065.007916666667,20043.0,17728.0,7679.699951171875
2017-05-23,10144.92225,22504.0,18703.0,8521.14990234375
2017-05-24,11276.963958333334,23996.0,20328.0,9785.60009765625
2017-05-25,11538.67175,24523.0,20718.0,9762.10009765625
2017-05-26,11377.84375,24599.0,20618.0,9294.0
2017-05-27,11939.038875,23952.0,20432.0,8331.25
2017-05-28,10203.602125,23108.0,18122.0,6927.64990234375
2017-05-29,10934.073583333333,22675.0,19620.0,6398.5
2017-05-30,11442.469833333334,21793.0,20231.0,5946.75
2017-05-31,11653.152333333332,20622.0,18924.0,5510.35009765625
2017-06-01,11277.671916666666,19400.0,18207.0,5691.89990234375
2017-06-02,11022.32925,18139.0,16004.0,5856.25
2017-06-03,9120.564333333334,16901.0,13027.0,6174.0
2017-06-04,8986.518208333333,15742.0,10562.0,5793.60009765625
2017-06-05,10982.352791666666,15011.0,11707.0,6219.0
2017-06-06,11338.369458333333,15595.0,13677.0,7274.199951171875
2017-06-07,11545.874625,17038.0,13386.0,9527.89990234375
2017-06-08,10847.006916666667,19718.0,13566.0,11660.5
2017-06-09,11829.54225,21971.0,16925.0,12632.5
2017-06-10,9182.048291666668,22331.0,14953.0,11378.85009765625
2017-06-11,8110.524125,22197.0,15082.0,9409.5
2017-06-12,11056.835333333334,21288.0,16259.0,8030.85009765625
2017-06-13,11587.16275,19659.0,14739.0,7473.25
2017-06-14,11269.454875,18161.0,13617.0,7666.14990234375
2017-06-15,10048.920416666666,17420.0,12750.0,7738.5
2017-06-16,10311.938333333334,16724.0,12478.0,7897.0
2017-06-17,8336.573583333333,16289.0,11139.0,7458.35009765625
2017-06-18,8696.166083333334,16082.0,11429.0,5902.75
2017-06-19,10497.788083333333,15636.0,14399.0,5800.35009765625
2017-06-20,10764.946666666669,14991.0,14748.0,6233.89990234375
2017-06-21,10793.161583333333,14337.0,14209.0,6498.39990234375
2017-06-22,10338.355291666669,13828.0,13368.0,6401.25
2017-06-23,10211.783208333332,13510.0,12406.0,6531.89990234375
2017-06-24,9066.370875,13237.0,11272.0,6239.64990234375
2017-06-25,9124.254833333334,12977.0,11372.0,5611.0
2017-06-26,10409.743125,12690.0,12164.0,5273.5
2017-06-27,10107.830875,12386.0,11930.0,5617.89990234375
2017-06-28,10728.443375,12111.0,11477.0,5922.25
2017-06-29,11501.218625,11809.0,11797.0,6219.89990234375
2017-06-30,10809.582791666666,11569.0,11560.0,6595.89990234375
2017-07-01,9983.819875,11352.0,11352.0,6112.60009765625
2017-07-02,9610.7475,11146.0,11146.0,5479.0
2017-07-03,10119.134916666666,10910.0,10760.0,5400.14990234375
2017-07-04,9779.508708333333,10710.0,10614.0,5320.10009765625
2017-07-05,9604.845166666666,10523.0,10523.0,5624.39990234375
2017-07-06,10398.050125,10394.0,10394.0,6189.14990234375
2017-07-07,10570.097708333333,10317.0,10317.0,6300.35009765625
2017-07-08,9657.007791666669,10170.0,10170.0,5982.39990234375
2017-07-09,9033.05475,10124.0,10062.0,5468.35009765625
2017-07-10,9602.913416666666,9957.0,9957.0,5815.85009765625
2017-07-11,10407.218833333334,9920.0,9920.0,5730.64990234375
2017-07-12,11024.511166666663,9800.0,9800.0,5631.75
2017-07-13,11224.690458333333,9722.0,9722.0,5742.10009765625
2017-07-14,10983.716208333331,9648.0,9648.0,5936.10009765625
2017-07-15,10196.515083333334,9522.0,9522.0,5655.64990234375
2017-07-16,9958.169875,9449.0,9449.0,5174.39990234375
2017-07-17,10934.653416666666,9385.0,9385.0,5335.14990234375
2017-07-18,11238.016083333334,9300.0,9300.0,6107.0
2017-07-19,11205.162958333334,9223.0,9223.0,5794.35009765625
2017-07-20,11061.645375,9141.0,9141.0,5732.64990234375
2017-07-21,10521.433625,9064.0,9064.0,6091.64990234375
2017-07-22,9548.700916666668,9057.0,9057.0,5850.25
2017-07-23,8977.6865,8978.0,8978.0,5559.89990234375
2017-07-24,10048.876166666669,8942.0,8942.0,5782.14990234375
2017-07-25,9853.755083333332,8848.0,8848.0,5905.0
2017-07-26,9681.444083333334,8804.0,8804.0,5977.85009765625
2017-07-27,9642.528166666669,8722.0,8722.0,6053.75
2017-07-28,9384.507,8721.0,8721.0,5865.5
2017-07-29,8767.760458333332,8678.0,8678.0,5989.35009765625
2017-07-30,8820.957458333332,8600.0,8600.0,5132.0
2017-07-31,9154.728916666669,8541.0,8541.0,5279.85009765625
2017-08-01,9117.386,8505.0,8505.0,6003.0400390625
2017-08-02,9222.950791666666,8450.0,8450.0,5947.39990234375
2017-08-03,9574.916333333333,8396.0,8351.0,5877.31005859375
2017-08-04,9220.312416666666,8340.0,8340.0,6094.58984375
2017-08-05,8609.55775,8277.0,8277.0,5622.989990234375
2017-08-06,8751.436708333333,8230.0,8230.0,4986.139892578125
2017-08-07,9147.285916666666,8191.0,8191.0,5130.64013671875
2017-08-08,9040.650833333331,8176.0,8176.0,6081.2099609375
2017-08-09,9220.1725,8131.0,8131.0,6298.3349609375
2017-08-10,9675.453375,8121.0,8121.0,6300.51513671875
2017-08-11,9556.572,8093.0,8093.0,6173.8798828125
2017-08-12,9072.904791666666,8147.0,8147.0,5521.5048828125
2017-08-13,8511.732916666666,8226.0,8226.0,5391.93505859375
2017-08-14,9373.26275,8357.0,8357.0,5267.68505859375
2017-08-15,9410.327083333334,8551.0,8551.0,6028.93505859375
2017-08-16,9468.049666666668,8812.0,8812.0,5943.47998046875
2017-08-17,9452.20475,9047.0,9047.0,6222.2548828125
2017-08-18,9517.018625,9230.0,9230.0,6889.31005859375
2017-08-19,9188.0445,9440.0,9440.0,7691.31494140625
2017-08-20,9225.800583333334,9627.0,9627.0,6621.5
2017-08-21,9947.4455,10017.0,9984.0,6875.39013671875
2017-08-22,10165.991541666666,10457.0,10444.0,7134.445068359375
2017-08-23,10712.144166666669,10830.0,10828.0,7511.840087890625
2017-08-24,10822.129333333332,11152.0,11126.0,7247.60498046875
2017-08-25,10509.627875,11195.0,11195.0,7773.320068359375
2017-08-26,9991.577,10968.0,10968.0,6602.635009765625
2017-08-27,10484.692708333334,10614.0,10614.0,5824.02001953125
2017-08-28,10985.58475,10259.0,10259.0,5786.89013671875
2017-08-29,10981.78675,9882.0,9882.0,6548.47509765625
2017-08-30,10543.911583333333,9531.0,9531.0,6852.2451171875
2017-08-31,10123.264916666669,9164.0,9164.0,6980.52490234375
2017-09-01,9580.9045,8840.0,8840.0,6432.64990234375
2017-09-02,9550.479583333334,8470.0,8470.0,6068.4599609375
2017-09-03,9474.001416666668,8134.0,8134.0,5642.93505859375
2017-09-04,10248.165,7856.0,7856.0,6720.75
2017-09-05,10077.693708333334,7652.0,7652.0,5457.22998046875
2017-09-06,9622.169125,7400.0,7400.0,6437.58984375
2017-09-07,9473.991291666667,7228.0,7228.0,6405.81005859375
2017-09-08,9592.67675,7106.0,7106.0,6720.875
2017-09-09,9352.329833333331,7232.0,7232.0,6372.6298828125
2017-09-10,8879.977416666667,7082.0,7082.0,6288.35986328125
2017-09-11,9306.037083333336,6928.0,6928.0,6757.91015625
2017-09-12,9204.298125,6819.0,6819.0,6608.5849609375
2017-09-13,8971.855791666667,6801.0,6801.0,6985.0
2017-09-14,8811.132375,6751.0,6751.0,7751.93994140625
2017-09-15,8672.907000000001,6660.0,6660.0,8453.46484375
2017-09-16,8633.793708333333,6548.0,6548.0,7234.4150390625
2017-09-17,8263.332916666666,6429.0,6429.0,6174.39013671875
2017-09-18,9112.079708333333,6339.0,6339.0,8210.68017578125
2017-09-19,10138.781916666669,6338.0,6338.0,9322.28515625
2017-09-20,10154.57975,6299.0,6299.0,9782.6298828125
2017-09-21,10664.289375,6212.0,6212.0,11118.68994140625
2017-09-22,11227.94375,5983.0,5983.0,10849.35009765625
2017-09-23,10097.429291666667,6033.0,6033.0,10414.1650390625
2017-09-24,9968.959583333331,5844.0,5844.0,7974.44482421875
2017-09-25,11044.652583333334,5790.0,5790.0,7268.98486328125
2017-09-26,10926.552583333332,5890.0,5890.0,10432.73974609375
2017-09-27,11026.934333333333,5960.0,5960.0,11263.509765625
2017-09-28,11204.211791666668,5997.0,5997.0,10447.52490234375
2017-09-29,10782.149,6102.0,6102.0,11258.77490234375
2017-09-30,9887.48725,6092.0,6092.0,11440.47998046875
2017-10-01,10174.783375,6336.0,6336.0,8719.60986328125
2017-10-02,10662.3225,6669.0,6669.0,8627.06494140625
2017-10-03,11423.431875,7031.0,7031.0,10852.02490234375
2017-10-04,11489.016791666669,7376.0,7376.0,11057.68994140625
2017-10-05,11536.060583333334,7696.0,7691.0,10083.60986328125
2017-10-06,11583.472958333334,8094.0,8094.0,10579.14013671875
2017-10-07,10615.459625,8370.0,8370.0,10870.1650390625
2017-10-08,10018.226291666668,8765.0,8743.0,8089.72509765625
2017-10-09,11664.383375,9016.0,9016.0,8641.09521484375
2017-10-10,12468.795041666666,9179.0,9179.0,9777.31005859375
2017-10-11,12442.875375,9352.0,9352.0,10351.14990234375
2017-10-12,11979.890625,9440.0,9440.0,7576.08984375
2017-10-13,12090.5145,9343.0,9343.0,6646.39501953125
2017-10-14,10981.2105,9147.0,9147.0,7063.10986328125
2017-10-15,10483.337608695652,8805.0,8805.0,6334.48486328125
2017-10-16,11211.797375,8351.0,8351.0,6474.675048828125
2017-10-17,11319.792166666666,8037.0,8037.0,8119.27490234375
2017-10-18,11292.489791666669,7721.0,7721.0,9363.23486328125
2017-10-19,10470.700041666669,7529.0,7529.0,9745.40478515625
2017-10-20,10810.006541666668,7402.0,7402.0,10267.14501953125
2017-10-21,10318.11225,7555.0,7555.0,8165.5
2017-10-22,9349.770083333333,7302.0,7302.0,5951.73486328125
2017-10-23,10559.424875,7537.0,7537.0,5729.81005859375
2017-10-24,10147.013416666668,7887.0,7887.0,6562.18994140625
2017-10-25,10233.898791666668,7939.0,7931.0,6682.2548828125
2017-10-26,10850.18875,8028.0,8027.0,6608.364990234375
2017-10-27,10950.556375,8597.0,8597.0,6561.97509765625
2017-10-28,10739.250833333334,9815.0,9815.0,5843.43994140625
2017-10-29,10799.12925,10771.0,10771.0,5319.91015625
2017-10-30,11663.8245,13853.0,13853.0,6961.66015625
2017-10-31,12885.43475,17125.0,17125.0,7929.98974609375
2017-11-01,13096.867375,18886.0,18886.0,9650.5849609375
2017-11-02,12697.859416666666,18981.0,18981.0,7433.93994140625
2017-11-03,12825.556041666665,18628.0,18208.0,5913.330078125
2017-11-04,11752.258541666668,18669.0,17215.0,6464.2900390625
2017-11-05,11549.052666666668,18646.0,18646.0,5304.7099609375
2017-11-06,12582.547041666669,18940.0,18940.0,6077.85986328125
2017-11-07,13527.36525,18590.0,18588.0,6134.9599609375
2017-11-08,13029.193,18121.0,18121.0,6229.02490234375
2017-11-09,13361.574,17695.0,17695.0,6360.655029296875
2017-11-10,12708.808708333332,17540.0,17540.0,6504.8798828125
2017-11-11,11718.916458333331,17321.0,17321.0,6006.449951171875
2017-11-12,11196.359625,17104.0,17104.0,5150.64990234375
2017-11-13,12418.106291666663,16788.0,16788.0,5681.3701171875
2017-11-14,12775.098291666667,16317.0,16317.0,6636.25
2017-11-15,11751.349,15862.0,15862.0,5389.81005859375
2017-11-16,12439.917333333333,15290.0,15290.0,5789.10986328125
2017-11-17,11724.871166666666,14711.0,14711.0,6435.5048828125
2017-11-18,11612.996333333334,14233.0,14233.0,5553.27001953125
2017-11-19,11153.510625,14153.0,14153.0,5209.89013671875
2017-11-20,11378.175666666668,14228.0,14228.0,5373.4150390625
2017-11-21,11358.924875,14297.0,14297.0,6087.2099609375
2017-11-22,11487.795041666666,14231.0,14231.0,6725.715087890625
2017-11-23,11658.553125,14500.0,14500.0,6907.419921875
2017-11-24,11706.670833333332,14808.0,14808.0,7282.0
2017-11-25,11523.945083333332,15147.0,15147.0,6926.43505859375
2017-11-26,11193.009666666669,15598.0,15598.0,6678.9599609375
2017-11-27,12779.889375,16162.0,16162.0,7075.9599609375
2017-11-28,13273.972500000002,16954.0,16954.0,9839.259765625
2017-11-29,13159.22475,17761.0,17761.0,12550.43994140625
2017-11-30,12378.455583333334,18831.0,18831.0,12825.80517578125
2017-12-01,12399.319583333332,19670.0,19670.0,11665.34521484375
2017-12-02,11597.258041666668,20196.0,20196.0,9575.43017578125
2017-12-03,11195.673083333331,20267.0,20267.0,7981.794921875
2017-12-04,12704.010375,20361.0,20361.0,8308.18017578125
2017-12-05,13252.195458333334,20652.0,20652.0,11616.41015625
2017-12-06,13384.15025,20897.0,20897.0,11282.7998046875
2017-12-07,12929.360833333332,21202.0,21202.0,12671.81494140625
2017-12-08,12495.537041666665,21303.0,21303.0,13239.68505859375
2017-12-09,11923.971625,21408.0,21408.0,13172.22021484375
2017-12-10,11502.465541666666,21434.0,21434.0,11848.93994140625
2017-12-11,12612.374291666669,21273.0,21273.0,12179.89990234375
2017-12-12,12562.1675,20932.0,20932.0,11434.51025390625
2017-12-13,12497.022625,20493.0,20493.0,11020.77490234375
2017-12-14,12855.464458333334,19843.0,19843.0,11726.7548828125
2017-12-15,12615.407208333332,19202.0,19202.0,10838.68994140625
2017-12-16,11595.929875,18473.0,18473.0,9888.634765625
2017-12-17,11578.881416666663,17889.0,17889.0,8170.240234375
2017-12-18,12537.749125,17409.0,17409.0,9449.259765625
2017-12-19,12815.289583333331,17185.0,17185.0,9563.8349609375
2017-12-20,13051.549958333337,17072.0,17072.0,9744.5048828125
2017-12-21,12869.563208333331,17032.0,17032.0,8997.0400390625
2017-12-22,12724.442875,17358.0,17358.0,8791.02490234375
2017-12-23,12019.118,17952.0,17952.0,8906.9150390625
2017-12-24,11450.277166666669,18822.0,18822.0,6619.179931640625
2017-12-25,9663.817875,19943.0,18450.0,6150.33984375
2017-12-26,12168.842,21231.0,21037.0,7017.4150390625
2017-12-27,12995.739,22415.0,22415.0,7216.4599609375
2017-12-28,13291.812708333331,23363.0,23363.0,8961.4248046875
2017-12-29,13262.335791666666,24055.0,24055.0,9154.7548828125
2017-12-30,12591.764875,24649.0,22146.0,8225.46484375
2017-12-31,12031.02675,24519.0,21563.0,7188.385009765625
2018-01-01,11469.316291666668,25158.90429688,21320.72460938,6959.5400390625
2018-01-02,12945.944166666666,26066.0078125,23849.85546875,7865.615234375
2018-01-03,12990.172874999998,27645.92773438,24839.75976563,10316.5751953125
2018-01-04,12925.143458333334,29098.29296875,26643.66796875,10990.53466796875
2018-01-05,13300.671791666668,29741.6953125,28114.53125,10807.1298828125
2018-01-06,13105.178333333335,29743.51367188,28671.4140625,9750.43994140625
2018-01-07,11984.309041666667,29840.8515625,26648.19335938,7604.510009765625
2018-01-08,13247.637916666668,29799.36914063,28704.65625,7402.260009765625
2018-01-09,13288.217375,30110.953125,29910.51367188,8642.1650390625
2018-01-10,13593.731333333337,30626.27734375,30626.27734375,10981.1298828125
2018-01-11,13588.616875,31159.58398438,30168.68945313,11761.97998046875
2018-01-12,13459.611958333331,31440.03710938,30180.859375,13510.14990234375
2018-01-13,12954.952333333336,31685.671875,27668.63867188,15791.36962890625
2018-01-14,12499.213416666666,32149.1015625,25909.74804688,13057.09521484375
2018-01-15,13111.086625000002,32795.9140625,28042.90625,14392.615234375
2018-01-16,13018.88875,33213.01171875,29580.4140625,15831.0849609375
2018-01-17,13068.766458333334,33276.08984375,29813.09375,17169.23974609375
2018-01-18,13028.485083333331,33080.9921875,28752.40820313,17357.9248046875
2018-01-19,12808.024,32777.80078125,26788.5625,19216.35498046875
2018-01-20,12102.829458333334,32427.13085938,24458.15625,20433.46484375
2018-01-21,11450.863416666669,31937.640625,23036.703125,19980.900390625
2018-01-22,12099.379125,31352.65625,23935.40625,18148.85498046875
2018-01-23,12320.973,30470.91015625,25112.46679688,15496.86962890625
2018-01-24,12270.127625,29292.84765625,25688.00390625,14419.27001953125
2018-01-25,11969.612958333331,27903.15429688,24263.359375,14069.15478515625
2018-01-26,12510.296875,26427.35742188,22434.99414063,13766.09521484375
2018-01-27,12872.862458333337,24982.15625,21133.69726563,12769.3251953125
2018-01-28,11720.8955,23758.3046875,19105.00195313,10308.76025390625
2018-01-29,12634.203416666664,22785.98242188,20028.12695313,10597.875
2018-01-30,13097.104708333332,22375.59765625,21114.36328125,11134.89990234375
2018-01-31,13056.854666666666,22114.13085938,21202.3828125,11573.73486328125
2018-02-01,12804.1705,21953.41015625,21208.18359375,11363.39990234375
2018-02-02,13023.131375,21725.77539063,20980.54882813,10352.759765625
2018-02-03,12695.206583333333,21508.22460938,20992.21875,8520.02490234375
2018-02-04,12620.360208333334,21341.87695313,21099.29296875,7367.044921875
2018-02-05,12942.780208333332,21295.04101563,21295.04101563,7936.4501953125
2018-02-06,12619.887166666667,21277.93359375,21277.93359375,8947.06005859375
2018-02-07,13139.977208333332,21264.53515625,21264.53515625,8425.580078125
2018-02-08,13286.960833333333,21287.46484375,21287.46484375,8500.9599609375
2018-02-09,12518.175375,21443.75,21443.75,8903.34521484375
2018-02-10,11933.620666666668,21716.80078125,21716.80078125,7963.01513671875
2018-02-11,11152.338958333334,22048.32617188,22048.32617188,6389.534912109375
2018-02-12,11344.448791666668,22379.38671875,22379.38671875,6140.14990234375
2018-02-13,12237.873625,22472.8984375,22472.8984375,7476.110107421875
2018-02-14,12723.772333333334,22249.42578125,22249.42578125,8208.044921875
2018-02-15,12819.711,21769.51367188,21769.51367188,7602.72509765625
2018-02-16,12498.63925,21248.17773438,21248.17773438,9248.76513671875
2018-02-17,12636.699666666667,20848.14257813,20848.14257813,8958.02490234375
2018-02-18,11992.588458333334,20628.12109375,20628.12109375,7993.0849609375
2018-02-19,12604.216833333334,20737.22265625,20737.22265625,8091.06005859375
2018-02-20,12807.883958333334,21060.1796875,21060.1796875,9361.10986328125
2018-02-21,13210.150583333334,21458.76367188,21458.76367188,10016.89990234375
2018-02-22,13056.102250000002,21562.92578125,21562.92578125,10086.10009765625
2018-02-23,12776.44625,21333.71679688,21333.71679688,9768.72998046875
2018-02-24,12160.337291666665,20987.51757813,20987.51757813,9152.7099609375
2018-02-25,12033.792375,20701.70117188,20701.70117188,7921.10009765625
2018-02-26,13104.989916666667,20609.67773438,20609.67773438,7432.48486328125
2018-02-27,13285.846375,20739.7734375,20739.7734375,9249.205078125
2018-02-28,12988.394375000002,21134.62695313,21134.62695313,10025.81005859375
2018-03-01,13185.57275,21616.97851563,21616.97851563,10738.14990234375
2018-03-02,13105.589083333332,22134.83398438,22134.83398438,11205.14990234375
2018-03-03,12889.513166666666,22669.01171875,22669.01171875,11149.68994140625
2018-03-04,12551.241041666666,23075.70507813,23075.70507813,9390.06005859375
2018-03-05,13066.058625,23468.18554688,23468.18554688,10389.22998046875
2018-03-06,13210.734333333334,23627.0,23592.05078125,10417.2900390625
2018-03-07,13349.434916666669,23672.41210938,22212.79492188,9796.375
2018-03-08,13675.074916666666,23575.9453125,22410.30664063,9852.53515625
2018-03-09,13644.993916666666,23382.94921875,22953.28710938,9321.96484375
2018-03-10,13848.071416666666,23163.77929688,22900.63671875,7902.7099609375
2018-03-11,12915.989833333331,22957.97265625,21986.60546875,7085.89990234375
2018-03-12,13646.933541666664,22783.24609375,22783.24609375,7187.56005859375
2018-03-13,13935.643375,22582.64453125,22582.64453125,8549.7998046875
2018-03-14,13892.782291666668,22469.140625,22469.140625,8721.77001953125
2018-03-15,13093.726583333337,22308.3984375,22308.3984375,9641.134765625
2018-03-16,13946.316250000002,22232.8125,22232.8125,9415.77001953125
2018-03-17,13892.152541666668,22071.74804688,22071.74804688,8894.7548828125
2018-03-18,12932.902083333334,21868.32421875,21868.32421875,7769.429931640625
2018-03-19,13566.576958333331,21584.203125,21584.203125,8381.739990234375
2018-03-20,13870.818958333335,21273.546875,21273.546875,8833.955078125
2018-03-21,13632.610875,20941.95507813,20932.59570313,8312.1298828125
2018-03-22,13531.312083333332,20568.50976563,20568.50976563,7811.4599609375
2018-03-23,13670.539083333337,20199.1328125,20199.1328125,7601.98486328125
2018-03-24,12888.806458333333,20018.89257813,20018.89257813,7981.429931640625
2018-03-25,12281.441583333331,20296.31835938,20296.31835938,6748.610107421875
2018-03-26,12967.671291666666,20689.16992188,20689.16992188,7042.06005859375
2018-03-27,13043.835166666666,20988.35546875,20988.35546875,7874.10498046875
2018-03-28,13215.821041666668,21098.359375,21027.43359375,7244.43994140625
2018-03-29,13322.69425,21387.94140625,20651.96484375,7406.635009765625
2018-03-30,10715.769458333334,21811.80078125,19000.49414063,6578.3798828125
2018-03-31,11379.531166666668,22279.515625,19640.89648438,6245.2548828125
2018-04-01,10992.191333333334,22542.62109375,18847.3203125,6131.10498046875
2018-04-02,12364.682291666666,22512.84960938,21947.50585938,6666.800048828125
2018-04-03,13124.766458333334,22175.63867188,22175.63867188,7405.5048828125
2018-04-04,13118.022375,21545.90234375,21545.90234375,7151.330078125
2018-04-05,12901.35525,20943.5234375,20943.5234375,7791.97998046875
2018-04-06,12756.603333333333,20408.44140625,20408.44140625,8287.705078125
2018-04-07,12475.233041666666,19984.30859375,19984.30859375,7558.955078125
2018-04-08,11735.842125,19555.45117188,18981.8828125,6709.27001953125
2018-04-09,12840.685083333332,19179.78320313,19179.78320313,6433.93505859375
2018-04-10,12557.018666666663,18835.76757813,18835.76757813,6503.35986328125
2018-04-11,12478.392875,18516.56054688,18516.56054688,7439.10009765625
2018-04-12,12993.311625,18151.09765625,18151.09765625,7210.3798828125
2018-04-13,12965.599208333331,17714.35546875,17714.35546875,7695.93994140625
2018-04-14,11906.212708333333,17265.8125,17265.8125,6829.66015625
2018-04-15,10865.961208333332,16560.36914063,16403.1015625,6147.72998046875
2018-04-16,10771.756166666666,16382.50488281,16382.50488281,5684.98486328125
2018-04-17,11245.991333333332,16099.76367188,16099.76367188,5941.06005859375
2018-04-18,11210.737416666663,15760.87988281,15760.87988281,6510.89990234375
2018-04-19,11472.165416666665,15552.65722656,15552.65722656,6923.8701171875
2018-04-20,10766.184458333331,15303.48339844,15303.48339844,7351.489990234375
2018-04-21,10100.854333333333,15095.99609375,15095.99609375,7118.169921875
2018-04-22,11000.026458333334,14863.31835938,14863.31835938,6172.66015625
2018-04-23,11384.012166666667,14688.94726563,14688.94726563,5999.3798828125
2018-04-24,11272.682166666666,14517.63085938,14517.63085938,6693.85009765625
2018-04-25,10860.933875,14301.34863281,14301.34863281,8072.2451171875
2018-04-26,10984.199291666666,14051.98632813,14051.98632813,7195.169921875
2018-04-27,10881.942083333332,13723.69335938,13723.69335938,6452.56005859375
2018-04-28,10828.595958333332,13348.86425781,13348.86425781,6234.64990234375
2018-04-29,10475.702875,13004.19238281,13004.19238281,5763.89990234375
2018-04-30,10268.55025,12683.671875,12683.671875,6089.5
2018-05-01,10076.985166666667,12383.35742188,12383.35742188,6127.08984375
2018-05-02,11370.744541666669,12166.31054688,12166.31054688,6756.77490234375
2018-05-03,10965.699166666664,11940.45703125,11940.45703125,7194.0400390625
2018-05-04,10311.522416666669,11815.11230469,11815.11230469,6840.7548828125
2018-05-05,9882.433125,11614.65527344,11589.22363281,6654.89990234375
2018-05-06,9396.135333333334,11433.8828125,11433.8828125,6029.06005859375
2018-05-07,9971.831416666666,11217.21191406,11217.21191406,6229.044921875
2018-05-08,9584.263,11074.3515625,11074.3515625,6362.0400390625
2018-05-09,9949.83275,10917.22363281,10917.22363281,6625.51513671875
2018-05-10,9481.869791666666,10791.84082031,10791.84082031,6865.044921875
2018-05-11,9056.963125,10711.03320313,10711.03320313,6399.5400390625
2018-05-12,8764.533708333334,10659.45898438,10659.45898438,6118.64501953125
2018-05-13,8165.18875,10652.0234375,10652.0234375,5880.14990234375
2018-05-14,8585.580791666667,10545.02441406,10545.02441406,6023.60009765625
2018-05-15,9606.044041666666,10493.09863281,10493.09863281,6299.22998046875
2018-05-16,10115.452,10416.90917969,10416.90917969,6330.43505859375
2018-05-17,11003.89925,10461.69726563,10461.69726563,6380.2900390625
2018-05-18,10941.531625,10492.27539063,10492.27539063,6591.5400390625
2018-05-19,9981.883125,10563.06640625,10563.06640625,6159.64990234375
2018-05-20,9610.434166666666,10663.49316406,10663.49316406,5563.080078125
2018-05-21,9696.929458333334,10731.54785156,10731.54785156,5682.0400390625
2018-05-22,9428.178375,10702.82714844,10702.82714844,5717.294921875
2018-05-23,9698.884875,10693.26855469,10693.26855469,5776.02001953125
2018-05-24,9613.849583333333,10700.29394531,10700.29394531,5812.27001953125
2018-05-25,9358.615125,10766.90332031,10766.90332031,5894.47998046875
2018-05-26,9096.304375,10770.02539063,10770.02539063,5993.669921875
2018-05-27,9053.9035,10774.28125,10774.28125,5475.89013671875
2018-05-28,9262.437333333331,10726.68066406,10726.68066406,5531.56494140625
2018-05-29,8720.722541666668,10683.80273438,10665.32421875,5598.01513671875
2018-05-30,8327.37475,10644.91796875,10635.5078125,5491.955078125
2018-05-31,8935.810083333334,10577.94628906,10577.94628906,5442.22509765625
2018-06-01,9341.681208333332,10548.63769531,10548.63769531,5855.31005859375
2018-06-02,9271.711083333334,10545.55859375,10545.55859375,6091.5400390625
2018-06-03,8540.113875000001,10556.29785156,10556.29785156,5671.43994140625
2018-06-04,8918.809666666666,10498.10253906,10498.10253906,5974.91015625
2018-06-05,8715.325916666667,10342.69140625,10342.69140625,5999.375
2018-06-06,8941.83825,10162.18554688,10162.18554688,6027.375
2018-06-07,9041.065166666667,10019.27246094,10019.27246094,5938.58984375
2018-06-08,9456.04675,9906.94628906,9906.94628906,6055.25
2018-06-09,9647.022375,9845.00390625,9845.00390625,5925.14013671875
2018-06-10,9304.349458333332,9829.40820313,9829.40820313,5613.64501953125
2018-06-11,9081.768541666666,9781.13183594,9781.13183594,5719.330078125
2018-06-12,9531.05875,9777.85742188,9777.85742188,5484.14501953125
2018-06-13,9749.94975,9803.88574219,9803.88574219,5410.044921875
2018-06-14,9436.847208333334,9922.18164063,9922.18164063,5695.66015625
2018-06-15,9304.049958333331,10034.77148438,10034.77148438,5854.1650390625
2018-06-16,8532.399708333332,10027.25878906,10027.25878906,5803.75
2018-06-17,8536.860416666666,9989.62890625,9989.62890625,5866.3701171875
2018-06-18,8896.37475,9899.73046875,9899.73046875,6114.41015625
2018-06-19,8913.051166666666,9894.09863281,9894.09863281,5542.68994140625
2018-06-20,8690.314625,9835.421875,9835.421875,5626.044921875
2018-06-21,8540.910208333333,9799.53808594,9799.53808594,5818.8798828125
2018-06-22,8490.451083333333,9712.60253906,9712.60253906,6155.830078125
2018-06-23,9186.338375,9610.89257813,9610.89257813,5845.0849609375
2018-06-24,8675.465624999999,9480.34765625,9425.08203125,5684.64990234375
2018-06-25,9012.072375,9340.48535156,9340.48535156,5893.6201171875
2018-06-26,9803.244541666669,9252.76757813,9252.76757813,5968.81005859375
2018-06-27,9481.808375,9161.08398438,9161.08398438,6048.0400390625
2018-06-28,9375.836583333334,9073.39355469,9073.39355469,6216.16015625
2018-06-29,9558.356458333334,9006.99511719,9006.99511719,6074.544921875
2018-06-30,8655.028416666666,8923.83398438,8923.83398438,6636.22998046875
2018-07-01,8113.524375,8824.94042969,8824.94042969,6831.56005859375
2018-07-02,8947.179541666666,8695.66601563,8695.66601563,6164.4599609375
2018-07-03,9306.089458333334,8600.97753906,8600.97753906,5957.14013671875
2018-07-04,9448.448291666666,8509.15625,8509.15625,5909.73486328125
2018-07-05,9455.953666666666,8439.54785156,8439.54785156,5927.3798828125
2018-07-06,9229.09575,8380.56933594,8380.56933594,5912.7900390625
2018-07-07,8196.151541666666,8353.26660156,8353.26660156,6019.155029296875
2018-07-08,8014.485291666667,8311.78710938,8311.78710938,5761.31494140625
2018-07-09,8815.762208333334,8249.64453125,8249.64453125,5957.02001953125
2018-07-10,8890.875916666666,8158.40478516,8158.40478516,5888.14990234375
2018-07-11,8755.334166666666,8072.72119141,8072.72119141,5641.68505859375
2018-07-12,8411.403791666666,7987.52001953,7987.52001953,5487.1298828125
2018-07-13,8476.075166666667,7988.63085938,7988.63085938,5435.5
2018-07-14,8103.487333333333,7925.85107422,7925.85107422,5426.705078125
2018-07-15,7635.082791666667,7928.26220703,7928.26220703,5153.9599609375
2018-07-16,8425.531041666667,7858.37988281,7858.37988281,5209.5849609375
2018-07-17,8202.856416666667,7848.81884766,7848.81884766,5420.7099609375
2018-07-18,8217.070208333333,7803.36523438,7803.36523438,5416.31494140625
2018-07-19,8325.093166666667,7731.60595703,7731.60595703,5430.1201171875
2018-07-20,7975.624041666667,7705.15185547,7705.15185547,5488.10498046875
2018-07-21,7615.118875,7658.49414063,7658.49414063,5567.0048828125
2018-07-22,8211.566375,7647.43896484,7647.43896484,5214.7548828125
2018-07-23,8931.3955,7593.06298828,7593.06298828,5318.72998046875
2018-07-24,7993.744083333334,7550.40380859,7550.40380859,5708.52001953125
2018-07-25,7820.879416666667,7491.85107422,7491.85107422,5895.31005859375
2018-07-26,7898.347083333333,7505.38476563,7505.38476563,6069.719970703125
2018-07-27,8104.139625,7416.92578125,7416.92578125,6744.445068359375
2018-07-28,8131.632458333333,7417.90576172,7417.90576172,6380.3349609375
2018-07-29,8316.991833333333,7325.82714844,7325.82714844,5728.2900390625
2018-07-30,9530.342166666667,7365.34179688,7365.34179688,5211.85498046875
2018-07-31,11144.143000000002,7233.99804688,7233.99804688,5307.2900390625
2018-08-01,11641.419958333332,7220.47216797,7220.47216797,13246.68017578125
2018-08-02,10551.574458333334,7237.91210938,7237.91210938,11338.115234375
2018-08-03,9539.8435,7498.53076172,7498.53076172,9701.97998046875
2018-08-04,9050.025666666666,7860.30712891,7860.30712891,9161.35009765625
2018-08-05,8535.223583333334,8121.37207031,8121.37207031,7762.83984375
2018-08-06,9675.973,8121.55175781,8121.55175781,7628.6650390625
2018-08-07,9563.81675,8121.67382813,8121.67382813,7725.35986328125
2018-08-08,9555.477375,8289.79003906,8289.79003906,7873.2451171875
2018-08-09,9897.41925,8475.58984375,8475.58984375,8972.16015625
2018-08-10,9483.860625,8676.50195313,8676.50195313,8473.77490234375
2018-08-11,10077.080083333332,8779.91015625,8779.91015625,8197.860107421875
2018-08-12,9733.653791666666,8730.11328125,8730.11328125,7096.9599609375
2018-08-13,10694.531958333331,8684.93457031,8684.93457031,6610.955078125
2018-08-14,10870.374708333333,8632.42285156,8632.42285156,7188.5400390625
2018-08-15,11179.393625,8551.89746094,8551.89746094,7374.364990234375
2018-08-16,11432.823708333332,8488.06347656,8488.06347656,7906.0849609375
2018-08-17,10778.066,8370.60742188,8370.60742188,7765.22509765625
2018-08-18,9854.171708333331,8244.58789063,8244.58789063,7083.4599609375
2018-08-19,9813.929041666666,8064.45117188,8064.45117188,5939.60009765625
2018-08-20,10516.315791666666,7933.03320313,7933.03320313,6596.85009765625
2018-08-21,9843.918125,7809.81103516,7809.81103516,7339.8701171875
2018-08-22,9800.206541666666,7738.09716797,7738.09716797,7863.465087890625
2018-08-23,10225.363333333333,7629.99023438,7629.99023438,7538.5400390625
2018-08-24,9773.383125,7611.66113281,7611.66113281,7026.02001953125
2018-08-26,9083.924125,7543.49121094,7543.49121094,5746.51513671875
2018-08-27,9579.050791666668,7554.45703125,7554.45703125,5955.85498046875
2018-08-28,9536.944416666667,7453.82324219,7453.82324219,6570.9599609375
2018-08-29,9916.592041666669,7507.74121094,7507.74121094,6686.0400390625
2018-08-30,9905.52675,7504.79296875,7504.79296875,6763.2451171875
2018-08-31,9550.198666666667,7613.671875,7613.671875,7576.925048828125
2018-09-01,8388.417083333334,7783.57714844,7783.57714844,7217.77490234375
2018-09-02,8270.512083333333,8039.8359375,8039.8359375,6298.64990234375
2018-09-03,9364.984958333333,8125.98583984,8125.98583984,6248.31494140625
2018-09-04,9558.595,7972.27490234,7972.27490234,6214.2099609375
2018-09-05,9612.263708333334,7691.72705078,7691.72705078,5951.330078125
2018-09-06,9087.203125,7476.26220703,7476.26220703,5371.81494140625
2018-09-07,8667.20675,7272.18310547,7272.18310547,4961.7099609375
2018-09-08,8617.019375,7130.01416016,7130.01416016,4830.68994140625
2018-09-09,8133.596750000001,6958.45996094,6958.45996094,4557.93994140625
2018-09-10,8639.656666666668,6887.31103516,6887.31103516,5362.2099609375
2018-09-11,8155.611541666666,6844.55908203,6844.55908203,5180.52490234375
2018-09-12,7805.581041666667,6796.05517578,6796.05517578,4957.080078125
2018-09-13,7895.4288333333325,6790.80322266,6790.80322266,4943.22509765625
2018-09-14,7840.638416666666,6956.16796875,6956.16796875,5134.75
2018-09-15,7522.794291666666,7162.05322266,7162.05322266,5062.080078125
2018-09-16,7209.551833333334,7358.56103516,7358.56103516,4907.64501953125
2018-09-17,8258.405541666667,7637.72509766,7632.55419922,4936.33984375
2018-09-18,8049.943458333334,7931.95507813,7928.01904297,5396.39013671875
2018-09-19,8298.194625,8306.11621094,8291.06933594,6513.89013671875
2018-09-20,8180.707208333333,8774.75292969,8730.859375,7238.114990234375
2018-09-21,8915.501708333333,9530.90234375,9528.58789063,7271.33984375
2018-09-22,8872.910708333333,10162.79003906,10162.79003906,7198.4150390625
2018-09-23,8382.424875,10441.546875,10441.546875,5472.4150390625
2018-09-24,10192.325625,10657.68164063,10449.1171875,5597.080078125
2018-09-25,10902.935125,10787.33984375,10663.89746094,7066.81005859375
2018-09-26,10385.684041666666,10768.51660156,10768.51660156,8010.419921875
2018-09-27,10186.410375,10700.83496094,10700.83496094,7715.510009765625
2018-09-28,10419.297083333331,10556.28613281,10556.28613281,7231.155029296875
2018-09-29,10035.502416666666,10393.80957031,10393.80957031,6381.010009765625
2018-09-30,9215.563416666666,10111.99902344,10008.46777344,5292.8701171875
2018-10-01,10257.389333333334,10038.15234375,10038.15234375,5751.6298828125
2018-10-02,11556.173125,10033.296875,10033.296875,6549.35986328125
2018-10-03,10490.171958333334,9882.70019531,9882.70019531,7430.574951171875
2018-10-04,10799.505833333336,9717.16699219,9717.16699219,8456.39501953125
2018-10-05,11416.625999999998,9528.54394531,9528.54394531,8072.22998046875
2018-10-06,10062.1975,9391.50488281,9391.50488281,6187.22998046875
2018-10-07,8924.256416666667,9468.27929688,9468.27929688,5100.64013671875
2018-10-08,10535.199458333334,9977.2421875,9977.2421875,5658.5849609375
2018-10-09,11979.976833333334,10978.45800781,10978.45800781,7201.0
2018-10-10,12393.688041666666,12113.40136719,12113.40136719,7664.9150390625
2018-10-11,12272.871333333334,13054.59570313,13054.59570313,8174.159912109375
2018-10-12,11602.428458333334,13606.19628906,13606.19628906,7418.47998046875
2018-10-13,11387.166666666666,13957.88183594,13957.88183594,6727.375
2018-10-14,11651.50825,13935.22460938,13935.22460938,5519.31494140625
2018-10-15,12578.446791666667,13823.85058594,13823.85058594,5535.89013671875
2018-10-16,13119.263875,13692.91113281,13692.91113281,6823.60498046875
2018-10-17,13121.24875,13686.9765625,13686.9765625,7111.2099609375
2018-10-18,12147.338666666668,14202.69140625,14202.69140625,7927.9150390625
2018-10-19,11454.022083333331,15119.00390625,15119.00390625,7822.43994140625
2018-10-20,11401.088583333332,15730.87109375,15730.87109375,7732.635009765625
2018-10-21,10660.269666666669,15810.65820313,15810.65820313,6546.824951171875
2018-10-22,11832.817708333334,15409.43554688,15409.43554688,6666.68505859375
2018-10-23,12694.170333333332,15205.72167969,15205.72167969,7184.73486328125
2018-10-24,12481.969125,15093.47070313,15093.47070313,6567.9599609375
2018-10-25,12981.807166666666,15199.55957031,15199.55957031,6537.1298828125
2018-10-26,12888.568208333332,15534.02539063,15534.02539063,8491.719970703125
2018-10-27,12012.981166666666,16269.62207031,16224.40820313,7992.18994140625
2018-10-28,10006.38025,17045.68945313,15940.07519531,7757.35986328125
2018-10-29,12370.468708333334,17509.63867188,17246.453125,7534.364990234375
2018-10-30,13436.108125,17460.50585938,17416.51367188,7601.074951171875
2018-10-31,13028.713958333334,17450.98046875,17416.7265625,7487.715087890625
2018-11-01,12977.930958333332,17404.1953125,17364.57617188,7902.139892578125
2018-11-02,13200.770333333334,17275.1640625,17240.33789063,7795.385009765625
2018-11-03,13140.272,16774.484375,16746.68359375,7487.1201171875
2018-11-04,12858.77504347826,16201.52636719,16038.23730469,6742.9150390625
2018-11-05,12622.554125,15675.515625,15648.32714844,7407.47509765625
2018-11-06,12978.180166666669,15295.34277344,15262.34863281,7235.35009765625
2018-11-07,12954.543166666668,14942.05371094,14909.36523438,6702.9150390625
2018-11-08,12794.579791666663,14750.87207031,14722.765625,6993.85498046875
2018-11-09,12816.633208333333,14650.94238281,14622.53027344,6840.22998046875
2018-11-10,13005.706208333337,14946.17675781,14918.68164063,6216.68994140625
2018-11-11,13129.823666666663,15313.89746094,15285.79101563,5862.580078125
2018-11-12,12995.968,15737.2890625,15710.7109375,6729.60009765625
2018-11-13,12876.062291666669,16043.39257813,16016.20410156,7801.81005859375
2018-11-14,12895.618291666666,16564.24023438,16539.80078125,8299.22998046875
2018-11-15,12829.977208333332,16957.94726563,16929.84179688,7665.169921875
2018-11-16,13235.943125,17307.67382813,17274.06835938,6582.14013671875
2018-11-17,13323.122083333334,17452.99804688,17396.78710938,6895.41015625
2018-11-18,12193.362541666667,17440.60742188,17314.38867188,6751.39501953125
2018-11-19,13143.061166666666,17374.41210938,17322.171875,7649.68994140625
2018-11-20,12487.249791666669,17327.88867188,17288.78515625,7491.85009765625
2018-11-21,13495.24075,17319.91992188,17284.17578125,7769.68994140625
2018-11-22,12558.784291666663,17312.28515625,17274.70898438,7499.945068359375
2018-11-23,12605.78625,17461.09375,17423.515625,7448.294921875
2018-11-24,12195.266208333334,17836.74609375,17794.58789063,7438.93994140625
2018-11-25,12804.921541666668,18561.83984375,18503.79492188,6969.39990234375
2018-11-26,12434.999458333334,19415.60742188,19353.28515625,7058.83984375
2018-11-27,11942.423125,20194.61132813,20148.78515625,7310.60498046875
2018-11-28,11804.202833333336,20945.359375,20905.03320313,7464.949951171875
2018-11-29,12834.680541666668,21654.84960938,21614.5234375,7251.56005859375
2018-11-30,12801.305166666669,22235.95507813,22198.07226563,8231.85009765625
2018-12-01,11700.202458333331,22410.6484375,22360.8515625,7740.7099609375
2018-12-02,10716.144166666669,22506.14648438,22452.37890625,6621.260009765625
2018-12-03,11584.248375,22324.83984375,22272.59765625,6160.35009765625
2018-12-04,11642.895708333335,22100.8125,22050.40625,7157.7548828125
2018-12-05,12045.376083333334,21813.32617188,21770.25195313,7519.3701171875
2018-12-06,11773.878208333334,21393.18554688,21354.38671875,7621.419921875
2018-12-07,11297.147833333334,20905.97070313,20870.53125,7719.419921875
2018-12-08,10330.28375,20355.77734375,20320.94921875,6663.114990234375
2018-12-09,10070.0395,19865.8671875,19819.13671875,6061.93994140625
2018-12-10,10613.085208333334,19335.3671875,19300.234375,6364.89990234375
2018-12-11,10959.972958333334,18994.48242188,18959.65429688,7958.58984375
2018-12-12,10999.234041666668,18642.90625,18609.30273438,8128.2900390625
2018-12-13,11860.737583333334,18259.02734375,18226.64453125,8399.52490234375
2018-12-14,11784.250875,17587.15429688,17552.0234375,8295.469970703125
2018-12-15,10635.387833333332,16845.015625,16810.80078125,6940.72998046875
2018-12-16,10037.2315,15972.32421875,15933.21972656,6099.60986328125
2018-12-17,10861.032375,15242.25488281,15204.984375,6189.14990234375
2018-12-18,11919.620333333332,14527.18261719,14492.05078125,7951.715087890625
2018-12-19,12098.431375,13986.31054688,13955.76074219,8384.10986328125
2018-12-20,11218.500999999998,13524.921875,13487.65136719,7119.199951171875
2018-12-21,11644.954875,13197.20996094,13164.21582031,7280.35498046875
2018-12-22,10865.054916666666,12866.37597656,12829.71582031,6553.2451171875
2018-12-23,10792.1485,12623.24902344,12585.97753906,5952.08984375
2018-12-24,10268.985583333331,12415.46972656,12377.28320313,5755.72509765625
2018-12-25,9382.833791666666,12330.83007813,12288.05957031,5791.31005859375
2018-12-26,10304.964916666666,12352.30175781,12302.81054688,6203.10009765625
2018-12-27,10230.785666666668,12407.16308594,12357.36621094,6488.0400390625
2018-12-28,10227.7555,12624.51953125,12580.22265625,6374.14501953125
2018-12-29,9755.114333333331,12865.87988281,12822.49902344,5741.60986328125
2018-12-30,9216.202208333334,13259.98925781,13201.63769531,5795.5849609375
2018-12-31,9190.094833333334,13657.46386719,13601.25195313,5476.705078125
2019-01-01,9235.3345,14198.48242188,14185.34570313,5589.2099609375
2019-01-02,9862.100041666668,14844.60058594,14836.96289063,5943.81005859375
2019-01-03,9091.118583333331,15361.90234375,15360.06933594,7103.0400390625
2019-01-04,8900.310041666666,15552.76464844,15550.93164063,8262.43994140625
2019-01-05,8412.422416666666,16115.55273438,16113.71972656,7469.1201171875
2019-01-06,8602.444416666667,16833.47265625,16831.63867188,7460.175048828125
2019-01-07,8608.241041666666,17385.56640625,17383.73242188,9117.66015625
2019-01-08,9398.187708333331,17644.97851563,17637.03515625,9051.384765625
2019-01-09,10106.9955,17695.91210938,17694.078125,8337.31005859375
2019-01-10,11283.858541666666,17561.953125,17556.45507813,7913.64501953125
2019-01-11,11258.558291666666,17206.54296875,17202.87695313,8104.844970703125
2019-01-12,11209.398041666667,16854.67578125,16849.48242188,7702.8701171875
2019-01-13,10667.852,16330.55273438,16328.71972656,7124.6650390625
2019-01-14,11513.238958333332,15904.81738281,15902.984375,7578.47998046875
2019-01-15,11576.929791666667,15561.16699219,15559.33398438,8898.6748046875
2019-01-16,12088.136874999998,15325.49511719,15323.66210938,9350.7451171875
2019-01-17,11866.6375,15063.02636719,15061.19335938,8964.41015625
2019-01-18,11693.179291666667,14628.49902344,14626.66601563,8150.7099609375
2019-01-19,10806.042375,14340.77734375,14338.94433594,8204.534912109375
2019-01-20,11066.8935,13946.95800781,13893.20410156,7168.77490234375
2019-01-21,11384.122541666666,13474.50976563,13471.45507813,7398.544921875
2019-01-22,12107.347208333333,13065.671875,13063.83886719,7575.60498046875
2019-01-23,12313.236333333334,12708.00195313,12706.16894531,8100.659912109375
2019-01-24,11677.915875,12408.06640625,12404.09472656,8483.77490234375
2019-01-25,11710.82125,12133.01074219,12125.37304688,7948.81494140625
2019-01-26,10347.190458333333,11913.77734375,11911.94433594,7008.68994140625
2019-01-27,10684.631875,11770.27929688,11729.77148438,6221.85498046875
2019-01-28,11195.594416666669,11765.97363281,11764.140625,6812.5849609375
2019-01-29,10663.75125,11757.29003906,11754.54003906,7697.48486328125
2019-01-30,10731.970458333331,11832.79199219,11822.09863281,8094.455078125
2019-01-31,10671.741833333332,11865.99804688,11864.16503906,8761.4501953125
2019-02-01,10814.514666666668,11917.59472656,11915.76171875,9562.3701171875
2019-02-02,9772.132416666667,12058.23535156,12056.40234375,8363.08984375
2019-02-03,9176.517125,12204.80566406,12202.97265625,6503.284912109375
2019-02-04,10234.904833333334,11800.65234375,11798.81933594,6720.14501953125
2019-02-05,10297.837416666667,11981.64453125,11979.81152344,7389.27001953125
2019-02-06,10566.470041666666,11507.2109375,11505.37792969,6912.4150390625
2019-02-07,10172.599958333334,11355.69433594,11353.86132813,6298.7900390625
2019-02-08,9740.092625,11219.2421875,11217.40917969,6370.580078125
2019-02-09,8541.23725,11181.25,11179.41699219,6025.18505859375
2019-02-10,8218.508749999999,11293.54394531,11291.7109375,5681.83984375
2019-02-11,9454.223875,11687.67578125,11685.84277344,6447.8349609375
2019-02-12,9494.117666666669,12069.0546875,12067.22167969,6800.75
2019-02-13,8991.871416666667,12444.90136719,12442.15234375,6900.06005859375
2019-02-14,8829.081291666667,12897.73339844,12895.90039063,6289.1201171875
2019-02-15,9028.375458333334,13334.83105469,13325.97167969,6132.0849609375
2019-02-16,8021.900375,13961.25097656,13958.19628906,6490.64501953125
2019-02-17,7757.269458333333,14535.54882813,14528.828125,5631.47998046875
2019-02-18,8671.937375,15029.1953125,15027.36230469,6206.7548828125
2019-02-19,9443.026916666668,15470.55761719,15468.72460938,6245.5048828125
2019-02-20,9575.156458333331,15920.68554688,15918.85253906,6472.10498046875
2019-02-21,9495.262333333334,16461.47070313,16459.63671875,7235.77001953125
2019-02-22,9253.926333333333,17112.140625,17110.30664063,7263.9951171875
2019-02-23,9851.721291666669,17731.39648438,17729.5625,8295.455078125
2019-02-24,9159.333916666666,18283.078125,18281.24609375,7461.284912109375
2019-02-25,9757.429041666666,18868.58398438,18866.75195313,7177.739990234375
2019-02-26,9880.616666666669,19244.6484375,19241.8984375,7415.550048828125
2019-02-27,10115.212958333334,20107.09765625,20105.26367188,6599.324951171875
2019-02-28,9957.3495,20539.9296875,20538.09765625,6112.7099609375
2019-03-01,9867.43775,20890.83007813,20887.77539063,6739.8349609375
2019-03-02,9203.179458333334,21029.54101563,21023.125,6401.4951171875
2019-03-03,8493.101291666668,21016.36132813,21002.30859375,5403.16015625
2019-03-04,8375.20075,21128.94921875,21107.56445313,5581.875
2019-03-05,9567.749666666668,21240.8515625,21219.16015625,5942.9599609375
2019-03-06,9875.116458333334,21484.59960938,21481.84960938,6592.68505859375
2019-03-07,10548.366,22146.81445313,22144.98242188,7164.27001953125
2019-03-08,11249.430583333333,22885.6015625,22883.76757813,8378.16015625
2019-03-09,10045.6595,23926.26367188,23924.43164063,7646.989990234375
2019-03-10,9376.484041666668,24524.484375,24522.65234375,6516.39013671875
2019-03-11,10210.549083333332,25311.359375,25309.52539063,5902.22998046875
2019-03-12,10246.226541666669,25993.18164063,25991.34765625,5988.14990234375
2019-03-13,10611.50875,26050.63476563,26046.96875,6977.5849609375
2019-03-14,11281.509166666665,25818.33789063,25816.50585938,7143.81005859375
2019-03-15,10922.432125,25722.29492188,25720.4609375,7255.949951171875
2019-03-16,10054.87425,25059.54882813,25053.1328125,6583.2900390625
2019-03-17,9217.321166666668,24882.5390625,24874.2890625,6004.8349609375
2019-03-18,10869.279458333333,24689.71289063,24687.88085938,6110.08984375
2019-03-19,10924.189666666667,24267.26953125,24265.4375,7669.590087890625
2019-03-20,10947.247666666668,24092.91796875,24091.0859375,8407.6201171875
2019-03-21,10317.657625,24043.32421875,24041.4921875,7289.16015625
2019-03-22,9276.654583333331,24344.01757813,24342.18359375,6399.044921875
2019-03-23,8466.550291666666,24032.13476563,24028.16210938,5882.7900390625
2019-03-24,8760.671041666666,23824.05859375,23820.0859375,5456.27490234375
2019-03-25,9438.750833333334,23248.00976563,23246.17773438,5926.60009765625
2019-03-26,10772.46925,22768.91210938,22763.109375,6906.52001953125
2019-03-27,10836.695833333331,22160.13867188,22152.80664063,6581.98486328125
2019-03-28,10213.234583333331,21601.5390625,21593.59765625,6088.77001953125
2019-03-29,9998.397458333333,21103.25585938,21101.42382813,6123.4599609375
2019-03-30,9407.886666666667,20479.55664063,20477.72460938,5751.419921875
2019-03-31,8772.684791666667,19829.81054688,19827.3671875,5373.14990234375
2019-04-01,9761.998291666669,19190.17578125,19179.50976563,6369.98486328125
2019-04-02,10231.390166666666,18439.32617188,18437.49414063,7047.97509765625
2019-04-03,10251.277291666667,17743.82226563,17741.99023438,7355.22998046875
2019-04-04,10880.072666666669,17112.82226563,17110.07421875,7634.2900390625
2019-04-05,10758.328958333334,16667.75585938,16665.92382813,7557.425048828125
2019-04-06,9968.761208333332,16325.50585938,16322.75585938,6627.919921875
2019-04-07,9742.679916666666,16051.62988281,16049.796875,5679.85498046875
2019-04-08,10613.4455,15623.55273438,15621.71972656,6086.89013671875
2019-04-09,10230.868666666667,15274.53125,15272.69824219,5770.7900390625
2019-04-10,10437.962375,15356.96582031,15355.1328125,5763.39013671875
2019-04-11,10709.828041666666,15500.37988281,15497.01953125,6165.39013671875
2019-04-12,10064.02775,15832.87695313,15831.04394531,5876.4599609375
2019-04-13,9355.40275,16260.60253906,16258.76953125,6228.1201171875
2019-04-14,9569.317791666666,16824.26367188,16822.43164063,5420.64013671875
2019-04-15,10294.05475,17441.59179688,17439.75976563,5686.27001953125
2019-04-16,10157.302125,18152.80664063,18150.97460938,6679.8798828125
2019-04-17,9595.109916666666,18819.72265625,18817.88867188,6716.14013671875
2019-04-18,9040.702791666668,19443.24804688,19441.41601563,6284.64501953125
2019-04-19,8369.273083333333,19830.21484375,19828.38085938,5418.64501953125
2019-04-20,7627.350541666667,20214.45117188,20212.6171875,5208.6650390625
2019-04-21,7713.35925,20362.57421875,20360.7421875,5290.89990234375
2019-04-22,8617.135124999999,20316.16796875,20314.33398438,5647.22509765625
2019-04-23,8917.540208333334,20073.71875,20070.96875,5807.5
2019-04-24,9687.978583333334,19670.63867188,19641.921875,5668.8701171875
2019-04-25,9668.352833333332,19181.22460938,19173.89257813,5492.2900390625
2019-04-26,8898.963875,18708.26171875,18706.4296875,6327.39990234375
2019-04-27,8434.743833333332,18215.84570313,18214.01171875,6531.89501953125
2019-04-28,7786.03975,17597.0625,17595.22851563,5695.72509765625
2019-04-29,8449.592666666666,17053.15039063,17045.1484375,6166.23486328125
2019-04-30,8069.818,16546.56640625,16544.734375,6416.39013671875
2019-05-01,7833.127083333334,16080.84472656,16071.49316406,5926.56494140625
2019-05-02,8189.261125,15601.64160156,15599.80859375,6305.594970703125
2019-05-03,8681.898,15218.48144531,15205.46484375,7147.76513671875
2019-05-04,8814.718708333334,14859.49902344,14857.66601563,6430.64501953125
2019-05-05,8087.28775,14594.58105469,14592.74804688,5590.72509765625
2019-05-06,8979.791666666666,14409.21386719,14397.29882813,5408.18505859375
2019-05-07,9450.139208333332,14276.38183594,14252.62304688,5501.875
2019-05-08,9364.082,14097.40625,14090.37890625,6150.77490234375
2019-05-09,8474.112916666667,13946.203125,13933.36230469,5984.48486328125
2019-05-10,8022.411041666666,13853.81933594,13849.54199219,5970.10009765625
2019-05-11,7289.114708333333,14014.54199219,14012.70898438,6140.76513671875
2019-05-12,6915.537958333333,14451.65625,14449.82324219,5447.75
2019-05-13,7853.343791666666,15006.62207031,14998.37304688,5354.43505859375
2019-05-14,8627.693208333332,15192.66308594,15180.74902344,5664.33984375
2019-05-15,8734.931958333333,14847.81347656,14842.62011719,5534.125
2019-05-16,8160.593208333333,14095.73632813,14093.29199219,5217.81494140625
2019-05-17,8037.840916666667,13761.29980469,13757.63378906,5169.205078125
2019-05-18,7139.618166666667,13368.99316406,13367.16015625,5186.9150390625
2019-05-19,6419.825833333333,13205.74804688,13180.13183594,5173.26513671875
2019-05-20,7033.840416666667,13012.15136719,13009.70703125,5214.43505859375
2019-05-21,8254.429083333334,12850.61621094,12847.86621094,5145.9150390625
2019-05-22,8707.507458333333,12739.453125,12737.62011719,5171.75
2019-05-23,9155.262125,12893.98144531,12892.1484375,5173.125
2019-05-24,7905.553708333333,13172.31933594,13170.48632813,5120.375
2019-05-25,7141.208541666667,13439.31152344,13437.47851563,5171.7900390625
2019-05-26,6309.074041666667,13531.72851563,13529.89648438,4999.080078125
2019-05-27,7356.213208333334,13597.84765625,13596.01464844,4893.72509765625
2019-05-28,7911.261291666667,13801.375,13799.54199219,4967.64013671875
2019-05-29,7837.576708333334,14289.78613281,14287.953125,5136.81005859375
2019-05-30,8063.868166666667,14787.41210938,14785.57910156,5196.2099609375
2019-05-31,8168.172958333334,15254.06835938,15252.23535156,5240.4951171875
2019-06-01,6541.474458333333,15981.80761719,14732.16210938,6059.3349609375
2019-06-02,6302.337166666667,16767.78710938,15020.58007813,5430.9150390625
2019-06-03,8129.783083333333,17062.5234375,14579.33886719,5317.93994140625
2019-06-04,8449.459083333333,16771.03125,15060.82910156,5606.98486328125
2019-06-05,7071.458625,16520.86914063,11603.61914063,5303.4951171875
2019-06-06,7053.889875,16411.81835938,12472.09960938,5158.31494140625
2019-06-07,7243.263,16137.5703125,13302.84472656,5324.6650390625
2019-06-08,6772.218250000001,15705.63183594,13060.04101563,5173.81494140625
2019-06-09,6822.1781666666675,15118.91894531,12552.47460938,5061.27001953125
2019-06-10,8206.730791666667,14542.83300781,13819.4140625,5110.125
2019-06-11,8153.21275,13986.83007813,13740.35644531,5162.35009765625
2019-06-12,8324.635791666666,13616.8359375,13227.484375,5289.0849609375
2019-06-13,8573.219833333334,13251.25,13105.51074219,5200.85498046875
2019-06-14,8400.0775,12767.22851563,12504.30957031,5120.7900390625
2019-06-15,8572.584083333333,12469.67480469,12230.39746094,5233.330078125
2019-06-16,7732.022916666666,12151.87109375,11651.50585938,5140.14990234375
2019-06-17,9156.509541666666,11863.16503906,11861.33203125,5121.2099609375
2019-06-18,8542.129833333334,11539.81347656,11523.92675781,5154.73486328125
2019-06-19,8829.321458333334,11324.03125,11322.19824219,5400.875
2019-06-20,8046.014,11115.68554688,11113.85253906,5219.6298828125
2019-06-21,7286.960166666667,10849.75390625,10847.92089844,5042.8349609375
2019-06-22,7049.122166666667,10677.00683594,10675.17382813,5080.7900390625
2019-06-23,7105.592708333334,10530.80761719,10528.97460938,5171.5849609375
2019-06-24,7824.744624999999,10393.45214844,10391.61914063,5097.6201171875
2019-06-25,8936.069083333334,10160.96386719,10159.13085938,5035.23486328125
2019-06-26,8694.388041666667,10070.67871094,10068.84570313,5199.544921875
2019-06-27,8537.129541666667,9968.48046875,9966.64746094,5336.52490234375
2019-06-28,8763.512166666667,9648.38769531,9646.5546875,5540.7548828125
2019-06-29,8439.415125,9549.57617188,9547.74316406,5240.3798828125
2019-06-30,8169.681541666666,9559.12011719,9544.45410156,5117.66015625
2019-07-01,8654.828875000001,9757.96777344,9743.30273438,5082.4599609375
2019-07-02,8701.031916666667,9813.17773438,9811.34472656,5102.64501953125
2019-07-03,9254.431541666669,9540.91308594,9539.08007813,5827.169921875
2019-07-04,8768.314791666666,9243.37304688,9241.54003906,5534.4150390625
2019-07-05,8487.814791666666,9290.2890625,9288.45605469,5316.22509765625
2019-07-06,7601.054499999999,9783.86132813,9782.02832031,5254.58984375
2019-07-07,7178.803541666667,9936.70507813,9934.87207031,5242.39501953125
2019-07-08,7748.740875,10048.22167969,10046.38867188,5050.85009765625
2019-07-09,7590.870208333334,10098.09570313,10096.26269531,5276.0
2019-07-10,7855.333750000001,10158.57519531,10156.7421875,5247.85009765625
2019-07-11,7917.838625,10138.20605469,10136.37304688,5276.43505859375
2019-07-12,7730.596416666667,10135.05566406,10133.22265625,5198.4599609375
2019-07-13,7261.003583333334,10231.14648438,10229.31347656,5243.85498046875
2019-07-14,7581.442541666666,10359.31445313,10357.48144531,5429.64990234375
2019-07-15,8403.480125,10567.36621094,10565.53320313,5116.919921875
2019-07-16,8705.937541666666,10684.81933594,10682.98632813,5065.14501953125
2019-07-17,9261.809125,10587.92285156,10586.08984375,4996.81005859375
2019-07-18,9021.813,10411.57617188,10409.74316406,5029.51513671875
2019-07-19,8510.589291666667,9996.57910156,9994.74609375,5081.23486328125
2019-07-20,8290.868166666667,9709.76367188,9707.93066406,5140.875
2019-07-21,7775.120041666666,9337.52148438,9326.21679688,5137.6298828125
2019-07-22,8770.771875,9128.70996094,9126.87695313,5061.2900390625
2019-07-23,9091.757958333334,8909.67675781,8907.84375,5436.35009765625
2019-07-24,9660.741333333332,8808.26953125,8806.43652344,5158.2099609375
2019-07-25,9198.40275,8674.69238281,8672.859375,5205.0400390625
2019-07-26,9220.0185,8573.08007813,8571.24707031,5155.1650390625
2019-07-27,8693.712875,8538.05859375,8536.22558594,5281.72998046875
2019-07-28,7905.541249999999,8435.58886719,8433.75585938,5226.455078125
2019-07-29,8678.394125,8378.12011719,8376.28710938,5058.68994140625
2019-07-30,8899.321875,8292.65527344,8290.82226563,5119.0400390625
2019-07-31,9265.197,8294.43652344,8292.60351563,5287.625
2019-08-01,8327.687333333333,8227.17578125,8225.34277344,5496.56005859375
2019-08-02,8163.290083333333,8120.85498047,8119.02197266,5568.5048828125
2019-08-03,7637.763708333333,8112.77880859,8110.94580078,5550.68994140625
2019-08-04,7403.517333333333,8071.38818359,8069.55517578,5499.294921875
2019-08-05,7929.8535,8001.92285156,8000.08984375,5604.76513671875
2019-08-06,8043.205916666667,8026.57519531,8024.7421875,5598.22998046875
2019-08-07,8310.741208333333,8016.79589844,8014.96289063,6009.25
2019-08-08,8729.442041666667,8052.72021484,8050.88720703,5840.31005859375
2019-08-09,8823.815291666668,7953.45214844,7951.61914063,5643.43994140625
2019-08-10,8019.615416666667,8037.953125,8036.12011719,5694.6298828125
2019-08-11,7664.872958333333,8020.77783203,8018.94482422,5416.91015625
2019-08-12,8373.839916666666,7981.61621094,7979.78320313,5489.85498046875
2019-08-13,8043.653708333334,7996.33691406,7992.67089844,6388.580078125
2019-08-14,7859.932708333334,7983.29492188,7981.46191406,6569.16015625
2019-08-15,7790.718875,7931.99902344,7930.16601563,5969.7900390625
2019-08-16,7866.503874999999,7840.66894531,7838.8359375,6005.5400390625
2019-08-17,7735.800291666666,7814.35888672,7812.52587891,5894.56005859375
2019-08-18,6861.75075,7727.14208984,7725.30908203,5387.10498046875
2019-08-19,7431.751416666667,7472.53710938,7470.70410156,5830.43994140625
2019-08-20,7841.304458333333,7396.45703125,7394.62402344,6863.35009765625
2019-08-21,8296.070041666668,7315.50683594,7313.67382813,6619.0048828125
2019-08-22,8214.504708333334,7260.60693359,7258.77392578,6235.7900390625
2019-08-23,7983.1525,7190.00195313,7188.16894531,5859.68994140625
2019-08-24,7742.0095,7204.81884766,7202.98583984,5635.9599609375
2019-08-25,7376.570666666667,7129.33398438,7127.50097656,5332.9951171875
2019-08-26,8360.223916666668,7031.89111328,7030.05810547,5177.10009765625
2019-08-27,8941.809,6994.80615234,6992.97314453,5637.39013671875
2019-08-28,8437.852333333334,6973.65576172,6971.82324219,5878.0400390625
2019-08-29,8630.839958333332,6950.37890625,6948.54589844,5726.2900390625
2019-08-30,8696.766291666667,6809.76123047,6807.92822266,5825.64013671875
2019-08-31,7673.054708333333,6910.48486328,6908.65185547,5760.16015625
2019-09-01,7362.791958333334,6886.76708984,6884.93408203,5601.9951171875
2019-09-02,8751.979083333334,6866.60302734,6864.77001953,6258.610107421875
2019-09-03,8514.336708333334,6909.38623047,6907.55322266,6843.544921875
2019-09-04,8704.183708333332,7006.84814453,7005.01513672,7068.554931640625
2019-09-05,8789.004875,7126.33203125,7124.49902344,7455.800048828125
2019-09-06,8992.722125,7046.09179688,7044.25878906,6499.31494140625
2019-09-07,7942.659458333333,7155.03076172,7153.19824219,5722.68994140625
2019-09-08,7456.970666666667,7253.25683594,7251.42382813,5460.43994140625
2019-09-09,8551.131958333333,7227.01513672,7225.18212891,6141.77490234375
2019-09-10,9889.920208333331,7189.67382813,7187.84082031,7349.85009765625
2019-09-11,10451.50275,7157.06787109,7155.23486328,8846.65478515625
2019-09-12,11010.1585,7156.10693359,7154.27392578,9029.7099609375
2019-09-13,10398.590208333331,6945.04003906,6943.20703125,8074.125
2019-09-14,9959.102916666669,6951.96484375,6950.13183594,7416.68994140625
2019-09-15,9723.939916666666,6797.54199219,6795.70898438,5688.43994140625
2019-09-16,10589.148708333332,6662.04882813,6660.21582031,6154.0048828125
2019-09-17,11021.925833333333,6465.41894531,6463.5859375,7915.324951171875
2019-09-18,10568.222291666669,6375.36181641,6373.52880859,8411.81005859375
2019-09-19,10129.441333333334,6274.2578125,6272.42480469,7981.64501953125
2019-09-20,10362.53625,6201.31689453,6199.7890625,7612.675048828125
2019-09-21,8798.002541666667,6192.23681641,6188.87695313,7661.56494140625
2019-09-22,8047.010041666667,6062.34912109,6060.2109375,6488.139892578125
2019-09-23,8280.544625,5951.5390625,5748.74609375,5684.39990234375
2019-09-24,8593.080458333332,5907.03710938,5589.19580078,5922.64990234375
2019-09-25,8649.8335,5856.31689453,5559.52880859,5924.64990234375
2019-09-26,8785.758458333334,5880.77685547,5620.53808594,6322.39990234375
2019-09-27,9022.149833333331,5872.39501953,5653.32910156,7780.949951171875
2019-09-28,8473.590875,5925.59179688,5848.49023438,7547.25
2019-09-29,8117.323375,5937.55810547,5908.84082031,6831.25
2019-09-30,8830.996625,6021.40185547,5994.82324219,7477.985107421875
2019-10-01,9444.311958333334,6026.52978516,5999.33984375,7656.22021484375
2019-10-02,10012.235541666669,6040.61914063,6013.12402344,7729.93505859375
2019-10-03,10500.897041666669,6055.76904297,6029.80175781,7330.5
2019-10-04,10474.436583333334,6161.27001953,6131.63623047,7137.449951171875
2019-10-05,10163.178041666666,6258.08105469,6227.53076172,6674.39990234375
2019-10-06,9323.3215,6231.47900391,6201.23388672,5313.35009765625
2019-10-07,9864.637166666666,6218.30615234,6188.671875,5490.5048828125
2019-10-08,9398.512291666666,6114.02001953,6080.07177734,5708.25
2019-10-09,9091.779583333331,6095.2421875,6060.21923828,5428.25
2019-10-10,7598.477625,6038.43408203,6007.73681641,5640.35009765625
2019-10-11,7267.477333333333,5984.625,5955.296875,6459.0
2019-10-12,7754.81175,5946.34912109,5917.32617188,6635.925048828125
2019-10-13,8207.34675,5986.02001953,5958.52490234,5608.014892578125
2019-10-14,8566.375333333333,5995.63720703,5968.44824219,6260.074951171875
2019-10-15,8438.182208333334,5976.01416016,5948.82421875,7484.030029296875
2019-10-16,9303.9285,5982.6328125,5954.52685547,7012.02001953125
2019-10-17,9813.646625,6019.21386719,5990.49707031,6702.580078125
2019-10-18,9414.98,6077.07177734,6049.88183594,6872.625
2019-10-19,9149.727791666666,6073.80908203,6046.62011719,6147.97998046875
2019-10-20,9046.544333333331,6087.77978516,6060.28515625,5177.760009765625
2019-10-21,8843.645041666667,6129.56396484,6099.01416016,6259.614990234375
2019-10-22,8546.859,6116.40185547,6085.24121094,7314.969970703125
2019-10-23,9388.392166666668,6130.78515625,6099.62402344,7409.89501953125
2019-10-24,9908.392708333333,6118.0859375,6087.53613281,6850.465087890625
2019-10-25,10148.168666666666,6118.41601563,6088.78222656,6143.419921875
2019-10-26,9113.978458333331,6117.68310547,6088.96582031,5799.6201171875
2019-10-27,8488.450083333333,6044.68896484,6019.02685547,5330.75
2019-10-28,9439.202541666667,6049.82910156,6025.08300781,5631.06005859375
2019-10-29,8203.398958333333,6000.38623047,5971.97509766,5818.9951171875
2019-10-30,7660.678916666667,6046.35400391,6017.33105469,6578.89013671875
2019-10-31,7908.8795,6067.12207031,6040.23779297,7235.794921875
2019-11-01,8730.726833333332,6106.09179688,6077.06884766,6797.60986328125
2019-11-02,8527.428291666667,6160.22607422,6132.73095703,5801.35498046875
2019-11-03,8070.239541666667,6136.52099609,6109.33105469,5703.48486328125
2019-11-04,9258.978875,6163.18798828,6135.08203125,5867.4599609375
2019-11-05,10216.187666666669,6064.4921875,6037.30175781,6796.08984375
2019-11-06,10067.933333333332,6119.02099609,6091.83105469,6849.31494140625
2019-11-07,9719.525375,6165.29492188,6138.10498047,6436.14501953125
2019-11-08,9403.548166666666,6346.26904297,6315.71923828,6144.60009765625
2019-11-09,8688.998458333333,6540.38818359,6506.78320313,5855.81005859375
2019-11-10,7558.470958333332,6805.49316406,6770.97119141,5441.43505859375
2019-11-11,8894.644041666666,6970.78222656,6937.78808594,5206.89013671875
2019-11-12,9682.698708333332,7151.70996094,7119.6328125,5009.5048828125
2019-11-13,9504.345625,7359.875,7326.57519531,5046.8349609375
2019-11-14,9101.447125,7578.8671875,7545.87304688,5075.47509765625
2019-11-15,8517.191958333333,7882.01416016,7849.32519531,5024.449951171875
2019-11-16,8717.491375,8142.67919922,8110.29589844,4915.18505859375
2019-11-17,8260.552583333332,8427.72265625,8396.25585938,5088.31005859375
2019-11-18,9066.857583333333,8563.40039063,8534.37695313,5233.330078125
2019-11-19,8820.048875,8628.13867188,8597.89453125,5208.06494140625
2019-11-20,8438.488875000001,8759.73828125,8729.49414063,5098.68505859375
2019-11-21,8580.788875,8628.66503906,8598.11523438,5009.93994140625
2019-11-22,8446.330958333334,8325.66699219,8294.20019531,5587.1298828125
2019-11-23,8255.652625,8201.66699219,8171.1171875,5545.455078125
2019-11-24,8030.951166666667,8118.03613281,8075.97314453,5053.22509765625
2019-11-25,8446.155499999999,8259.08496094,8226.09082031,5213.43505859375
2019-11-26,8456.808666666666,8330.82617188,8302.71972656,5625.2099609375
2019-11-27,8099.200208333333,8586.99902344,8553.69921875,5129.294921875
2019-11-28,8226.137375,8769.64355469,8735.12207031,5484.27490234375
2019-11-29,8302.518666666667,9125.49707031,9092.19824219,5257.544921875
2019-11-30,7875.310791666667,9333.46289063,9299.85839844,5610.91015625
2019-12-01,7574.393208333334,9587.16503906,9548.9765625,5836.73486328125
2019-12-02,7939.491041666667,9961.90429688,9924.6328125,5657.02490234375
2019-12-03,8028.588625,10549.92871094,10516.62890625,5656.27001953125
2019-12-04,8034.56975,11200.04296875,11166.43847656,5646.31494140625
2019-12-05,8301.458333333334,12079.44921875,12005.43066406,7334.489990234375
2019-12-06,8270.110041666667,12918.50976563,12881.84960938,8017.68994140625
2019-12-07,8963.989958333334,13593.5859375,13556.92578125,7824.25
2019-12-08,8130.997958333333,14044.49804688,14007.53222656,7477.199951171875
2019-12-09,7934.455625,14284.61035156,14247.95019531,6563.77490234375
2019-12-10,9330.008208333333,14329.00878906,14292.34863281,6502.4599609375
2019-12-11,9969.843,14486.25683594,14456.62304688,6465.31005859375
2019-12-12,9993.094458333331,14590.14453125,14547.6796875,6145.2451171875
2019-12-13,9509.96,14757.59277344,14713.29492188,6017.58984375
2019-12-14,8489.226791666666,14939.953125,14894.43261719,6151.22509765625
2019-12-15,7808.021375,15403.05175781,15356.00488281,5715.26513671875
2019-12-16,9298.41075,16170.78417969,16121.90429688,5897.955078125
2019-12-17,10447.7575,17450.13671875,17414.69921875,7023.77490234375
2019-12-18,11072.7495,18868.453125,18821.40625,8318.659912109375
2019-12-19,10733.602666666668,20044.05273438,20003.421875,7631.02001953125
2019-12-20,10752.577541666667,20641.25976563,20595.13085938,7745.2099609375
2019-12-21,9484.651166666668,21089.13867188,21053.08984375,7248.75
2019-12-22,9339.138125,21203.68554688,21163.0546875,6593.60498046875
2019-12-23,9298.248041666668,21073.01367188,21033.91015625,6145.58984375
2019-12-24,8551.066083333333,20608.91992188,20574.703125,7235.56494140625
2019-12-25,8396.730875,19919.6796875,19911.43164063,6656.64013671875
2019-12-26,9799.7085,18952.60546875,18951.078125,6541.68994140625
2019-12-27,10236.30375,17958.89453125,17957.3671875,7756.33984375
2019-12-28,10133.593458333336,17153.44140625,17151.9140625,7599.16015625
2019-12-29,10007.234791666668,16470.76757813,16467.71289063,7138.360107421875
2019-12-30,10378.561583333334,15780.67871094,15777.92871094,7006.905029296875
2019-12-31,10274.942458333331,15146.90039063,15145.37207031,8286.5048828125
2020-01-01,9773.622583333334,14519.08886719,14517.25585938,7222.89501953125
2020-01-02,10674.430833333334,13909.04980469,13907.21679688,6442.58984375
2020-01-03,10489.16025,13556.30566406,13554.47265625,6853.16015625
2020-01-04,9744.306541666669,13336.63085938,13333.88085938,6554.31005859375
2020-01-05,9196.620666666668,13112.10742188,13110.27441406,5988.9951171875
2020-01-06,10284.931,13030.0703125,13028.23730469,7302.27001953125
2020-01-07,11352.52025,13319.32519531,13317.4921875,7893.77001953125
2020-01-08,12249.042666666666,13641.94433594,13640.11132813,7778.31005859375
2020-01-09,12437.077958333331,14124.06152344,14120.70117188,7443.3349609375
2020-01-10,10846.736875,14522.85742188,14520.41308594,7311.33984375
2020-01-11,9816.887041666669,15180.32714844,15178.49414063,8183.405029296875
2020-01-12,10250.916875,16072.57617188,16045.08105469,7542.47998046875
2020-01-13,11291.425541666666,16989.05273438,16961.25195313,7201.7099609375
2020-01-14,11909.117833333332,17717.1171875,17703.98242188,7257.7099609375
2020-01-15,12188.289833333334,18022.171875,18008.73046875,7744.27490234375
2020-01-16,12584.068791666668,17923.2421875,17903.68945313,8850.05517578125
2020-01-17,10993.77975,17804.84375,17787.125,8360.4599609375
2020-01-18,10324.364083333334,17863.02929688,17844.39453125,7695.81494140625
2020-01-19,9584.959083333331,17716.20703125,17706.73828125,6305.6201171875
2020-01-20,11507.736416666668,17376.87695313,17365.87890625,6037.14013671875
2020-01-21,11299.346083333332,16885.00585938,16874.6171875,6950.2900390625
2020-01-22,11775.8465,16519.42773438,16510.26367188,6413.4599609375
2020-01-23,11970.447208333331,16240.90625,16231.43554688,6572.76513671875
2020-01-24,11298.427166666666,16145.37792969,16137.74121094,6479.77490234375
2020-01-25,10282.071333333331,16099.44921875,16096.69921875,6583.25
2020-01-26,9697.089708333331,16318.18164063,16316.34863281,5678.6201171875
2020-01-27,10775.010708333331,16588.515625,16572.93359375,6260.22509765625
2020-01-28,11224.813333333334,17016.16796875,17001.19726563,6917.0400390625
2020-01-29,11064.669125,17576.00195313,17559.80859375,6942.054931640625
2020-01-30,10749.617791666666,18230.15820313,18217.02148438,6665.98486328125
2020-01-31,10664.403208333331,18934.046875,18926.71484375,7013.719970703125
2020-02-01,10659.818791666668,19476.38671875,19473.33203125,8296.83984375
2020-02-02,10181.483916666666,19744.30664063,19742.47460938,7332.280029296875
2020-02-03,11132.057208333334,20102.10742188,20093.859375,6680.760009765625
2020-02-04,11448.54825,20404.07617188,20391.85546875,7485.280029296875
2020-02-05,11642.154166666667,20705.96289063,20694.04882813,7100.4599609375
2020-02-06,11553.940875,20978.12695313,20964.68554688,7279.635009765625
2020-02-07,11162.898083333332,21233.44140625,21223.359375,7143.530029296875
2020-02-08,10392.198041666668,21400.86328125,21399.02929688,7074.93994140625
2020-02-09,9770.274416666667,21614.50976563,21612.67578125,7178.945068359375
2020-02-10,10037.042666666666,21257.44140625,21240.63867188,6712.6201171875
2020-02-11,10501.700541666669,22127.44726563,22114.6171875,6713.68994140625
2020-02-12,10985.772541666667,22733.21679688,22720.99609375,6508.06005859375
2020-02-13,10825.432791666666,23320.02539063,23304.44335938,6342.5400390625
2020-02-14,10903.270791666668,24036.15429688,24024.23828125,6577.97509765625
2020-02-15,10335.378125,24953.8203125,24951.98632813,6291.7099609375
2020-02-16,9808.246208333332,25851.22460938,25849.390625,6063.10009765625
2020-02-17,11158.736583333332,26510.3125,26496.86914063,6807.284912109375
2020-02-18,11440.384958333334,26963.62890625,26949.57617188,7768.929931640625
2020-02-19,10685.51025,27319.84375,27307.01367188,8003.610107421875
2020-02-20,10837.248666666666,27651.4296875,27638.59765625,8795.97509765625
2020-02-21,10255.214208333333,27761.31445313,27751.84375,9030.009765625
2020-02-22,8939.709416666667,27660.51953125,27658.6875,7927.9599609375
2020-02-23,9075.926583333334,27438.14648438,27436.3125,6552.93505859375
2020-02-24,9526.766416666667,27148.38085938,27139.52148438,6296.81005859375
2020-02-25,9972.279875,26975.3203125,26953.62890625,6718.110107421875
2020-02-26,10092.083458333333,26759.83789063,26740.89648438,7316.300048828125
2020-02-27,9890.46425,26821.02734375,26806.97460938,7856.455078125
2020-02-28,9424.931166666667,26746.42578125,26741.23242188,7544.64990234375
2020-02-29,9164.991458333334,26721.65039063,26710.04101563,6994.91015625
2020-03-01,8830.065625000001,26779.94726563,26778.11328125,6491.89501953125
2020-03-02,9574.782041666667,26938.39453125,26921.28710938,6201.25
2020-03-03,10355.029875,27247.58203125,27229.55859375,7296.010009765625
2020-03-04,10272.559625,27600.95507813,27588.734375,7331.16015625
2020-03-05,10558.294166666668,28013.74023438,28001.52148438,7407.050048828125
2020-03-06,10046.291791666668,28376.23632813,28366.765625,8052.199951171875
2020-03-07,9181.034541666666,28666.921875,28665.08789063,6587.885009765625
2020-03-08,8654.815583333333,28686.18164063,28684.34960938,5809.7900390625
2020-03-09,9631.227875,28643.55859375,28629.50585938,5857.68994140625
2020-03-10,10134.333875,28284.76367188,28269.79492188,6955.4150390625
2020-03-11,10579.000458333334,27743.5390625,27726.43164063,7860.85498046875
2020-03-12,10336.503833333334,27003.92578125,26991.70507813,7596.949951171875
2020-03-13,10319.303458333334,26122.80078125,26115.16210938,6975.18994140625
2020-03-14,9671.474666666669,25070.77929688,25068.9453125,6367.080078125
2020-03-15,9442.976125,23861.85742188,23860.0234375,5593.89501953125
2020-03-16,9968.944708333334,22638.34179688,22627.03710938,6613.60498046875
2020-03-17,9781.671916666666,21395.31640625,21383.40234375,7335.364990234375
2020-03-18,9408.031041666669,20231.09375,20216.4296875,7506.3798828125
2020-03-19,9658.729083333334,19262.578125,19248.52539063,7235.1201171875
2020-03-20,9357.080916666668,18510.4375,18498.21679688,7474.47509765625
2020-03-21,8118.383041666667,17879.63085938,17862.828125,6476.52490234375
2020-03-22,7523.055541666666,17362.91796875,17361.08398438,5645.64013671875
2020-03-23,8002.510625,17069.61914063,17059.84375,5536.22998046875
2020-03-24,8140.773541666667,16896.1953125,16883.97460938,5985.3349609375
2020-03-25,7888.276375,16787.87890625,16774.4375,6100.89990234375
2020-03-26,7569.964208333334,16787.28125,16773.22851563,6006.68994140625
2020-03-27,7585.785041666667,16960.11132813,16949.72460938,5431.85009765625
2020-03-28,7283.342958333334,17142.06445313,17140.23242188,5403.35986328125
2020-03-29,7401.179,17258.66601563,17256.83203125,5468.93994140625
2020-03-30,8038.164208333333,17267.32226563,17265.48828125,5815.5
2020-03-31,7813.600583333333,17253.61328125,17251.78125,5950.330078125
2020-04-01,8091.487291666667,17093.72460938,17091.890625,5595.16015625
2020-04-02,7709.042125,16921.91015625,16920.07617188,5553.6298828125
2020-04-03,7393.453791666667,16745.0390625,16743.20703125,5463.66015625
2020-04-04,6853.056791666667,16564.78320313,16562.95117188,5301.43994140625
2020-04-05,6264.823208333334,16329.07714844,16327.24414063,5484.31005859375
2020-04-06,7028.3980833333335,16120.98632813,16119.15332031,5789.5048828125
2020-04-07,6354.623666666666,15912.81445313,15910.98144531,5910.14501953125
2020-04-08,5863.511208333333,15763.66699219,15761.83398438,6034.06494140625
2020-04-09,5528.536875000001,15495.9453125,15494.11230469,6933.905029296875
2020-04-10,5216.823583333334,15162.05566406,15160.22265625,6757.715087890625
2020-04-11,5730.443166666667,14803.01757813,14801.18457031,5678.18505859375
2020-04-12,5701.809583333333,14448.13378906,14446.30078125,5444.16015625
2020-04-13,6293.9375,14204.87792969,14203.04492188,5834.89501953125
2020-04-14,6908.571583333333,13972.2890625,13970.45605469,6188.81494140625
2020-04-15,6740.233333333334,13728.87011719,13727.03710938,5609.27001953125
2020-04-16,6736.923833333333,13558.63769531,13556.8046875,6007.35498046875
2020-04-17,6690.649916666666,13293.58007813,13291.74707031,5922.64013671875
2020-04-18,7131.722833333333,13115.45019531,13113.6171875,5619.52490234375
2020-04-19,7045.192208333334,12984.00292969,12982.16992188,5491.919921875
2020-04-20,7288.427500000001,12861.34960938,12859.51660156,5438.7451171875
2020-04-21,7364.763708333333,12854.46582031,12852.6328125,5631.7900390625
2020-04-22,7636.81025,12802.70214844,12800.86914063,5672.8701171875
2020-04-23,7627.340083333333,12695.86035156,12694.02734375,6025.330078125
2020-04-24,7787.845083333334,12592.16601563,12590.33300781,6040.60986328125
2020-04-25,7364.689375000001,12472.5390625,12470.70605469,6963.5
2020-04-26,7427.986833333333,12511.09472656,12509.26171875,7226.75
2020-04-27,7668.014999999999,12557.6953125,12555.86230469,7108.64990234375
2020-04-28,7482.424666666667,12576.42285156,12574.58984375,7242.7900390625
2020-04-29,7714.179791666667,12511.38867188,12509.55566406,6680.6650390625
2020-04-30,7638.553916666667,12302.89648438,12301.06347656,6135.1298828125
2020-05-01,7041.228625,12111.875,12110.04199219,5459.97509765625
2020-05-02,7280.707166666667,11923.85546875,11922.02246094,5330.9150390625
2020-05-03,6963.442875,11776.17871094,11773.4296875,5392.76513671875
2020-05-04,7755.532458333334,11476.29296875,11474.45996094,5350.4951171875
2020-05-05,7926.908416666666,11253.11621094,11251.28320313,5299.77001953125
2020-05-06,7440.513958333333,11022.14746094,11020.31445313,5275.169921875
2020-05-07,7265.179541666667,10794.98828125,10793.15527344,5475.64990234375
2020-05-08,6694.360791666666,10645.34667969,10643.51367188,5606.5048828125
2020-05-09,6432.253375,10481.53808594,10479.70507813,5184.31005859375
2020-05-10,6689.89575,10335.89453125,10334.06152344,5095.10986328125
2020-05-11,6946.218833333333,10200.77148438,10198.93847656,5159.1201171875
2020-05-12,7004.765333333333,10206.13867188,10204.30566406,5375.23486328125
2020-05-13,7263.536666666667,10334.40429688,10332.57128906,5252.60498046875
2020-05-14,7344.253250000001,10430.109375,10428.27636719,5187.58984375
2020-05-15,7396.416541666667,10404.90332031,10403.0703125,5169.68994140625
2020-05-16,7474.737958333334,10355.04980469,10353.21679688,5153.43994140625
2020-05-17,7651.883958333333,10290.74707031,10288.9140625,5085.48486328125
2020-05-18,8686.482041666666,10224.66015625,9731.49121094,5039.64990234375
2020-05-19,8799.313583333334,10142.27539063,9638.82714844,5087.5849609375
2020-05-20,8855.800208333332,10111.85546875,9824.265625,4938.85009765625
2020-05-21,8841.858208333333,10180.07421875,9649.90136719,5069.27490234375
2020-05-22,8789.123166666666,10347.9609375,9873.29394531,5411.66015625
2020-05-23,7639.967791666667,10646.67089844,9116.35058594,5271.39501953125
2020-05-24,7663.932875,10916.21191406,9419.81152344,5273.06005859375
2020-05-25,8615.878458333334,10990.53222656,10406.90722656,5208.02490234375
2020-05-26,8826.279458333333,11015.72363281,10792.89257813,5312.4951171875
2020-05-27,8916.506291666667,11035.6015625,11033.76855469,5403.83984375
2020-05-28,8665.024333333333,11079.59863281,10910.21875,5387.1298828125
2020-05-29,8581.494708333334,11033.75585938,10579.64746094,5280.3349609375
2020-05-30,7656.319875,10984.96875,10714.85351563,5339.330078125
2020-05-31,7311.6005,10857.0078125,10855.17480469,5309.22998046875
2020-06-01,8147.702083333334,10729.54296875,10727.70996094,5254.625
2020-06-02,8286.068166666666,10625.50585938,10623.67285156,5284.27490234375
2020-06-03,8257.887708333334,10545.72851563,10543.89648438,5382.7099609375
2020-06-04,7726.804416666667,10460.06542969,10458.23242188,5547.31494140625
2020-06-05,7795.886333333333,10329.40136719,10327.56835938,5586.18994140625
2020-06-06,7228.669375,10258.73046875,10256.89746094,5463.0048828125
2020-06-07,7101.780958333333,10151.87695313,10150.04394531,5407.31005859375
2020-06-08,7407.270666666667,10154.71484375,10152.88183594,5822.56005859375
2020-06-09,7817.807958333334,10116.26855469,10114.43554688,6421.75
2020-06-10,7876.093541666666,10108.04101563,10106.20800781,5689.89501953125
2020-06-11,7640.546083333334,10152.5703125,10150.73730469,5450.98486328125
2020-06-12,7596.4179583333325,10456.19824219,10452.83789063,5071.0048828125
2020-06-13,6744.879416666667,10420.84765625,10402.76074219,4883.89501953125
2020-06-14,6009.909583333333,10415.86914063,10407.53417969,4993.5400390625
2020-06-15,7114.176791666666,10289.79199219,10287.95898438,4920.68994140625
2020-06-16,7760.613083333334,10146.51953125,10144.68652344,4953.58984375
2020-06-17,7585.740333333334,9989.49902344,9987.66601563,4957.3349609375
2020-06-18,7503.482,9841.45214844,9839.61914063,4911.10009765625
2020-06-19,7841.965916666667,9665.65625,9663.82324219,4913.60009765625
2020-06-20,7705.141166666667,9560.484375,9558.65136719,4998.77490234375
2020-06-21,7620.746791666667,9393.08007813,9391.24707031,5011.3798828125
2020-06-22,8262.753041666667,9234.39746094,9232.56445313,4970.294921875
2020-06-23,7878.2735,9010.15820313,9008.32519531,4964.669921875
2020-06-24,7719.695,11272.07128906,11270.23828125,5061.25
2020-06-25,7845.686833333333,8798.16699219,8796.33398438,5415.93994140625
2020-06-26,7769.075541666666,8856.41015625,8854.57714844,5054.39990234375
2020-06-27,7327.082833333333,8819.36035156,8817.52734375,3034.5
2020-06-28,7074.140041666667,9387.73144531,9385.8984375,5163.06005859375
2020-06-29,7759.920375000001,9635.65917969,9633.82617188,5156.0
2020-06-30,7686.608375,9505.62792969,9503.79492188,5807.81005859375
2020-07-01,8400.446166666667,10042.26855469,10040.43554688,6400.0849609375
2020-07-02,8249.430875,10511.2578125,10509.42480469,5869.02490234375
2020-07-03,7868.638833333333,10816.97167969,10815.13867188,5548.75
2020-07-04,7184.797041666666,10819.26074219,10817.42773438,5183.85498046875
2020-07-05,7049.484416666666,10734.12207031,10732.2890625,5072.56494140625
2020-07-06,7967.586083333333,10524.73242188,10522.89941406,5222.169921875
2020-07-07,8591.573916666666,10413.77636719,10411.94335938,5016.93994140625
2020-07-08,8731.33325,10242.24121094,10240.71289063,5056.85009765625
2020-07-09,9209.864583333334,9986.40917969,9984.88085938,5055.3349609375
2020-07-10,8600.180958333332,9638.70214844,9636.56445313,4962.39990234375
2020-07-11,8133.894958333333,9312.50878906,9307.62109375,4965.43994140625
2020-07-12,7423.301125000001,9021.17089844,9016.28320313,4932.14990234375
2020-07-13,7990.167791666667,8748.17089844,8743.28320313,4860.33984375
2020-07-14,8207.535583333332,8513.15625,8507.96289063,5020.455078125
2020-07-15,8049.841958333333,8293.39746094,8286.67578125,5005.89013671875
2020-07-16,7742.399375,8087.17578125,8080.45507813,5082.31005859375
2020-07-17,7670.306333333334,7992.54394531,7986.43408203,5050.89990234375
2020-07-18,7132.271791666667,7879.06787109,7875.70800781,5126.10498046875
2020-07-19,6941.469416666667,7840.30419922,7836.94287109,4909.39990234375
2020-07-20,7517.541249999999,7763.56787109,7760.20703125,4838.47998046875
2020-07-21,7560.532333333334,7619.23876953,7615.87792969,5082.60009765625
2020-07-22,7593.917541666667,7562.70507813,7559.34521484,5135.06005859375
2020-07-23,7560.777208333333,7401.43896484,7398.07910156,5204.06005859375
2020-07-24,6899.957291666667,7297.19482422,7293.83398438,5107.06494140625
2020-07-25,6845.620749999999,7261.45800781,7258.09716797,5171.41015625
2020-07-26,6622.520583333334,7214.93603516,7212.18603516,5056.10986328125
2020-07-27,7397.399666666667,7115.82177734,7114.29394531,5116.794921875
2020-07-28,7565.398291666667,6986.0859375,6984.55810547,5226.89990234375
2020-07-29,7434.799708333333,6919.26513672,6917.12695313,5371.91015625
2020-07-30,7337.56525,6838.49804688,6835.13818359,5469.7099609375
2020-07-31,6971.512833333333,6841.78320313,6838.421875,5282.2900390625
2020-08-01,7077.865958333333,6824.41503906,6821.05419922,5334.18994140625
2020-08-02,6948.109083333333,6836.94921875,6833.58789063,5675.3701171875
2020-08-03,8170.762833333333,6775.38476563,6772.02392578,5099.875
2020-08-04,8228.0005,6785.86181641,6782.50097656,5006.60498046875
2020-08-05,8264.666708333332,6788.31591797,6784.95507813,5415.81494140625
2020-08-06,8266.901791666667,6767.34619141,6763.98486328,5166.72509765625
2020-08-07,8248.879708333334,6758.3828125,6755.02294922,5772.39990234375
2020-08-08,7890.93825,6747.87988281,6744.82519531,5963.080078125
2020-08-09,7844.598333333332,6798.90917969,6797.38183594,5194.7548828125
2020-08-10,8328.054958333332,6756.37109375,6754.84277344,5496.4599609375
2020-08-11,8267.364916666667,6759.27685547,6755.0,5554.125
2020-08-12,8169.2225,6625.60107422,6621.93505859,5859.044921875
2020-08-13,8182.709916666667,6551.84277344,6547.87109375,5949.25
2020-08-14,8179.435041666667,6516.28417969,6510.78515625,6273.4150390625
2020-08-15,7763.734916666667,6526.51806641,6524.99023438,6247.14013671875
2020-08-16,7653.403875,6558.33984375,6556.81298828,5469.81005859375
2020-08-17,8293.759791666665,6780.01318359,6774.20800781,5354.22509765625
2020-08-18,8421.356791666667,7310.84814453,7307.48681641,5728.9951171875
2020-08-19,8240.234,8281.09082031,8233.76953125,6024.06005859375
2020-08-20,9124.229208333332,9613.59472656,9610.84570313,6746.31494140625
2020-08-21,9510.393875,11044.56933594,11042.43066406,6663.080078125
2020-08-22,8855.352499999999,12140.05078125,12137.91210938,6092.64013671875
2020-08-23,8946.551,12454.52539063,12452.69238281,5175.73486328125
2020-08-24,10218.399833333331,11978.12792969,11974.76757813,5094.10986328125
2020-08-25,10408.298791666666,11226.85839844,11223.49804688,5128.68994140625
2020-08-26,10470.234708333332,10515.62988281,10512.26953125,5277.81005859375
2020-08-27,10964.192041666667,10022.71386719,10019.35351563,5240.4599609375
2020-08-28,10469.625208333331,9648.88476563,9645.52539063,5390.68505859375
2020-08-29,9540.413833333334,9326.91699219,9323.55566406,5177.93994140625
2020-08-30,8499.763083333333,9003.30761719,8999.94824219,5109.419921875
2020-08-31,9547.124,8623.31054688,8620.25585938,5000.93994140625
2020-09-01,8996.289958333333,8340.73046875,8339.20214844,5287.98486328125
2020-09-02,8826.546958333334,8056.12792969,8054.29492188,5285.91015625
2020-09-03,8936.041875,7737.95117188,7736.42285156,5458.8701171875
2020-09-04,9046.156916666669,7453.08203125,7451.55517578,5721.97509765625
2020-09-05,8491.710833333333,7191.42675781,7189.89990234,5468.06005859375
2020-09-06,7720.647958333334,6979.54296875,6978.01513672,5054.5048828125
2020-09-07,7558.253874999999,6744.04101563,6742.51416016,4946.7099609375
2020-09-08,8081.817666666667,6543.28515625,6541.75683594,5249.31494140625
2020-09-09,8704.871916666667,6368.54589844,6366.10205078,5393.25
2020-09-10,8901.108875,6192.85888672,6189.49804688,5696.389892578125
2020-09-11,9154.735375,6040.66308594,6038.83007813,6008.85498046875
2020-09-12,8767.012541666667,5978.28222656,5976.75488281,5559.97509765625
2020-09-13,8651.997708333334,5796.86376953,5773.94921875,5084.22509765625
2020-09-14,9385.035833333332,5652.60205078,5372.06396484,5995.10498046875
2020-09-15,9060.981666666668,5537.33691406,5242.33300781,6674.91015625
2020-09-16,9124.595666666666,5390.36523438,5135.76806641,6765.48486328125
2020-09-17,9252.176583333334,5257.63085938,5010.01318359,7017.35009765625
2020-09-18,9473.93025,5182.37402344,5047.87011719,7297.050048828125
2020-09-19,9008.971791666669,5204.22900391,5202.70117188,7979.4599609375
2020-09-20,8276.387125,5142.53515625,5141.00683594,7373.919921875
2020-09-21,9094.208291666668,5043.77490234,5042.24707031,6507.85498046875
2020-09-22,9550.665625,4849.03613281,4847.203125,7654.89501953125
2020-09-23,9277.501708333331,4906.64208984,4902.36523438,6978.419921875
2020-09-24,10411.26575,4850.66308594,4849.13476563,6243.27490234375
2020-09-25,9352.378916666668,4925.23388672,4923.70703125,6871.31494140625
2020-09-26,9019.827375,4992.09521484,4990.26220703,6879.3701171875
2020-09-27,8836.933791666666,5109.43310547,5062.16601563,6126.23486328125
2020-09-28,9231.681416666666,5183.34423828,5181.81591797,7123.639892578125
2020-09-29,9247.411125,5188.12695313,5186.29394531,8081.804931640625
2020-09-30,10144.248583333332,5193.89111328,5192.36376953,7469.81005859375
2020-10-01,9720.438291666667,5172.35009766,5170.82324219,8200.4150390625
2020-10-02,9662.655958333333,5234.77587891,5233.24902344,8558.070068359375
2020-10-03,9022.226375,5271.07080078,5269.54296875,8724.7451171875
2020-10-04,8530.417708333332,5304.64111328,5242.18701172,6540.31005859375
2020-10-05,9629.963958333334,5241.05175781,5239.52392578,6592.06005859375
2020-10-06,10199.748208333333,5152.06591797,5150.53808594,8035.885009765625
2020-10-07,10789.957625,5030.51123047,5028.98388672,8787.7001953125
2020-10-08,10096.796666666669,4879.30419922,4877.39208984,9041.14013671875
2020-10-09,9820.817083333332,4790.41601563,4788.88916016,9112.7001953125
2020-10-10,9787.016375,4730.95019531,4729.42285156,7238.800048828125
2020-10-11,9228.051541666666,4729.16015625,4727.63183594,5574.4599609375
2020-10-12,9172.031083333331,4663.58007813,4662.05175781,5237.125
2020-10-13,8657.824583333333,4665.97216797,4664.44384766,6066.14013671875
2020-10-14,8004.090041666666,4641.89990234,4640.37304688,8215.43994140625
2020-10-15,7674.0555,4805.6640625,4804.13720703,8052.56494140625
2020-10-16,8030.222791666667,4982.73486328,4981.20703125,7474.695068359375
2020-10-17,8363.4125,5178.55078125,5177.02392578,7104.72509765625
2020-10-18,7805.845583333333,5241.35302734,5239.82519531,5822.794921875
2020-10-19,9256.417666666666,5249.96777344,5248.43994141,5760.97998046875
2020-10-20,10236.616041666666,5210.27685547,5208.74902344,5923.18994140625
2020-10-21,9632.3215,5203.51611328,5201.68310547,6066.41015625
2020-10-22,9080.156416666669,5253.54589844,5252.01806641,6397.76513671875
2020-10-23,8359.258458333334,5361.15576172,5359.32324219,6353.330078125
2020-10-24,8161.783666666666,5458.00097656,5452.50195313,6829.760009765625
2020-10-25,7791.565875,5610.95019531,5607.28417969,6456.64013671875
2020-10-26,8063.059916666666,5793.52880859,5792.00195313,6130.41015625
2020-10-27,8163.110083333333,6019.19384766,6017.05517578,6740.26513671875
2020-10-28,8994.425833333333,6240.23291016,6238.39990234,7590.1650390625
2020-10-29,9012.80925,6481.76611328,6480.23876953,8667.330078125
2020-10-30,8292.467708333334,6621.07617188,6619.24316406,7968.544921875
2020-10-31,8381.918458333334,6908.39892578,6897.40087891,6574.08984375
2020-11-01,7911.509708333334,7063.48291016,7048.51416016,5945.06005859375
2020-11-02,8291.565291666668,7104.08691406,7090.33984375,5297.02490234375
2020-11-03,8883.517375000001,7140.51708984,7138.98876953,5599.739990234375
2020-11-04,8891.436875,7172.01416016,7170.48583984,6390.35498046875
2020-11-05,8847.845833333333,7166.37792969,7160.87890625,6193.864990234375
2020-11-06,8674.892375,7098.26904297,7090.49414063,6154.89990234375
2020-11-07,8334.903124999999,6961.60986328,6959.77685547,6196.300048828125
2020-11-08,7612.45625,6775.40087891,6772.34619141,5611.02001953125
2020-11-09,8018.668125,6609.45703125,6606.70703125,6222.7099609375
2020-11-10,8160.112666666667,6482.82177734,6480.68310547,6614.949951171875
2020-11-11,8676.724166666667,6396.12597656,6394.59814453,7290.56494140625
2020-11-12,9327.251333333334,6289.21777344,6272.52490234,7497.179931640625
2020-11-13,9374.836958333331,6140.12792969,6134.62890625,7385.695068359375
2020-11-14,8463.338666666667,6083.55078125,6078.05175781,6647.7099609375
2020-11-15,7979.778583333333,6022.89599609,6019.22998047,6454.5400390625
2020-11-16,9105.77425,6133.17822266,6131.65087891,6330.925048828125
2020-11-17,9466.46,6167.17382813,6165.64599609,7200.114990234375
2020-11-18,8803.456083333333,6329.40820313,6323.29785156,6578.77490234375
2020-11-19,8634.975041666667,6608.85400391,6607.02099609,6065.41015625
2020-11-20,8394.103083333333,6983.15917969,6981.32617188,5798.2099609375
2020-11-21,8438.307291666666,7257.58789063,7256.06005859,5465.5400390625
2020-11-22,8159.028166666667,7581.50976563,7579.67675781,5343.6650390625
2020-11-23,8920.869791666666,7904.47705078,7902.64404297,5672.58984375
2020-11-24,8687.381,8099.02978516,8097.50195313,6824.8701171875
2020-11-25,9302.430375,7907.35791016,7905.52490234,6661.68994140625
2020-11-26,8734.294833333333,7812.52197266,7810.99511719,6713.919921875
2020-11-27,8626.561333333333,7984.83007813,7983.30322266,6370.614990234375
2020-11-28,8417.166916666667,8426.25292969,8424.72558594,5681.7548828125
2020-11-29,8304.707666666667,8397.42773438,8395.59472656,5610.58984375
2020-11-30,8633.729208333332,8267.95800781,8266.4296875,5734.405029296875
2020-12-01,9012.008166666668,7457.51220703,7455.98486328,6262.52490234375
2020-12-02,8835.666208333334,6945.86914063,6944.34179688,6500.614990234375
2020-12-03,8929.459416666667,6580.06103516,6578.53417969,6044.89013671875
2020-12-04,9064.760416666666,6796.79394531,6795.26708984,7222.91015625
2020-12-05,8596.337708333334,6574.57910156,6573.05078125,6592.56005859375
2020-12-06,8073.672916666666,7094.12402344,7092.59619141,5570.56005859375
2020-12-07,8748.422,7591.6328125,7590.10498047,5618.0048828125
2020-12-08,8563.831208333333,8053.68310547,8052.15576172,5798.06005859375
2020-12-09,8843.392916666666,7974.73583984,7973.20898438,6303.75
2020-12-10,8868.893208333333,7751.40820313,7749.87988281,5800.18505859375
2020-12-11,8540.73525,8436.41308594,8434.88476563,5455.4150390625
2020-12-12,8405.03225,9090.52734375,9088.99902344,5492.81005859375
2020-12-13,7585.753208333333,9857.78710938,9856.25976563,5506.7900390625
2020-12-14,7637.76725,10596.71582031,10594.8828125,5590.08984375
2020-12-15,8005.483291666666,11059.11425781,11057.28125,5763.83984375
2020-12-16,7959.728041666666,11903.92285156,11901.78515625,6137.0400390625
2020-12-17,8461.927916666666,12067.74707031,12064.08105469,6372.41015625
2020-12-18,8290.197791666667,12890.69921875,12887.95019531,5861.830078125
2020-12-19,7979.250833333333,13088.86816406,13087.34082031,5776.06494140625
2020-12-20,7121.2702500000005,13622.31347656,13620.78515625,5362.14013671875
2020-12-21,7988.895083333333,13614.71289063,13613.18457031,5239.98486328125
2020-12-22,8267.504708333334,13435.93652344,13433.49316406,5373.7099609375
2020-12-23,7880.535333333333,12911.17089844,12904.14355469,5257.26513671875
2020-12-24,7690.383999999999,12714.7890625,12710.20703125,5143.73486328125
2020-12-25,6911.849458333333,12574.15917969,12572.63183594,5308.91015625
2020-12-26,7440.873875,12533.50585938,12531.97851563,5239.23486328125
2020-12-27,7281.982916666667,12492.84863281,12491.32128906,5254.330078125
2020-12-28,8186.185750000001,12480.86816406,12479.34082031,5113.10009765625
2020-12-29,8010.338833333334,12461.62109375,12459.78808594,5322.64990234375
2020-12-30,7038.220249999999,12824.44335938,12822.61035156,5139.97509765625
2020-12-31,6491.8658749999995,13216.64453125,13214.81152344,5200.98486328125
2021-01-01,5881.579000000001,13779.828125,13777.98632813,5314.25
2021-01-02,6649.750583333333,14347.54199219,14345.69921875,5232.27490234375
2021-01-03,7007.592708333334,14822.08398438,14820.24121094,5082.169921875
2021-01-04,7456.420875,15173.58007813,15171.73828125,5095.48486328125
2021-01-05,7047.177375,15513.07226563,15511.22851563,5177.22509765625
2021-01-06,7396.452291666667,15855.02148438,15853.17773438,5480.6298828125
2021-01-07,7865.408041666667,16046.86132813,16045.01757813,5295.14013671875
2021-01-08,7612.943083333333,16236.85546875,16235.01269531,5202.7099609375
2021-01-09,8065.275375,16083.2890625,16081.44628906,4986.5
2021-01-10,7519.096666666667,15696.51953125,15694.67773438,4935.0
2021-01-11,8310.39725,15352.55078125,15350.70800781,5092.2548828125
2021-01-12,8407.980708333334,14937.63964844,14935.79785156,5155.06005859375
2021-01-13,8669.183125,14659.20703125,14657.36523438,5217.68505859375
2021-01-14,8491.235875,14671.359375,14669.82324219,5172.85009765625
2021-01-15,8119.424333333333,14484.22265625,14482.68847656,5093.93994140625
2021-01-16,7842.116916666667,14366.04394531,14364.20214844,5151.364990234375
2021-01-17,7303.71675,14608.88867188,14606.73925781,5141.449951171875
2021-01-18,7946.190041666666,15502.62304688,15500.47265625,5130.1650390625
2021-01-19,7951.588500000001,16888.25585938,16886.10742188,5124.5400390625
2021-01-20,8477.014958333333,19184.41210938,19182.26171875,5310.5849609375
2021-01-21,9692.341083333333,21894.49414063,21890.80859375,5920.669921875
2021-01-22,10029.571666666669,23563.72070313,23561.87695313,5997.89990234375
2021-01-23,9769.344791666666,23726.81640625,23724.97460938,5376.56005859375
2021-01-24,9331.366916666666,23867.2265625,23865.38476563,5636.330078125
2021-01-25,10097.457333333334,23681.31835938,23679.4765625,5750.875
2021-01-26,10890.504833333334,23332.91992188,23331.07617188,5844.489990234375
2021-01-27,11442.806583333331,22960.96875,22959.12695313,5838.0
2021-01-28,12045.331083333333,21872.0859375,21870.24414063,6037.375
2021-01-29,12706.011625,20370.35351563,20368.51171875,5813.68994140625
2021-01-30,11955.45625,19484.93164063,19483.08789063,5941.22998046875
2021-01-31,11625.703875,19907.6796875,19905.83789063,6013.14501953125
2021-02-01,12720.257833333337,21080.06640625,21078.22265625,5662.18505859375
2021-02-02,12959.174916666663,21258.13476563,21256.29296875,6598.76513671875
2021-02-03,13285.958,20400.41601563,20398.57226563,7736.22509765625
2021-02-04,13301.363875,19298.72265625,19296.88085938,7922.16015625
2021-02-05,12461.911458333334,18061.24414063,18059.40234375,7052.9599609375
2021-02-06,12242.401791666663,17039.66796875,17037.82421875,5797.4951171875
2021-02-07,11117.545,16065.88085938,16064.03808594,5254.26513671875
2021-02-08,12149.240208333336,15261.49414063,15259.65136719,5199.02490234375
2021-02-09,12397.082166666669,14718.83984375,14716.99707031,5214.794921875
2021-02-10,11788.09325,14429.546875,14427.70410156,5199.2900390625
2021-02-11,10256.249333333331,14246.90332031,14245.05957031,5146.39013671875
2021-02-12,9907.767916666666,14203.39453125,14201.55273438,5409.08984375
2021-02-13,9694.194333333333,14275.03613281,14273.19335938,5319.85498046875
2021-02-14,9160.088291666669,14515.26855469,14513.42675781,5140.1650390625
2021-02-15,10583.973041666666,14872.41992188,14870.578125,5078.1298828125
2021-02-16,11338.07325,15237.22460938,15234.76855469,5087.39990234375
2021-02-17,11576.163625,15547.20703125,15542.90820313,5316.75
2021-02-18,11652.123458333332,15959.75488281,15957.91210938,5312.5849609375
2021-02-19,10360.545458333332,16218.48535156,16216.64160156,5150.06494140625
2021-02-20,9218.59725,16393.74804688,16391.90429688,5131.169921875
2021-02-21,8755.527958333334,16473.6328125,16471.79101563,5095.16015625
2021-02-22,9498.642666666668,16498.32617188,16496.484375,5087.3701171875
2021-02-23,10000.099958333334,16463.68945313,16461.84765625,5255.56494140625
2021-02-24,11135.029208333332,16401.48632813,16399.64453125,5113.35009765625
2021-02-25,9945.401041666666,16241.73632813,16239.89257813,5016.83984375
2021-02-26,9240.634208333331,15960.44042969,15958.59667969,4977.14501953125
2021-02-27,8775.805541666667,15623.19238281,15621.34863281,4954.56494140625
2021-02-28,7899.96375,15373.7734375,15371.9296875,4878.83984375
2021-03-01,8102.541875,15215.87792969,15214.03613281,4869.0849609375
2021-03-02,8752.821875,15129.70214844,15126.93945313,4832.52001953125
2021-03-03,8573.362,15283.28222656,15281.44042969,4721.0400390625
2021-03-04,8031.263791666667,16013.84082031,16011.99902344,4857.125
2021-03-05,8026.368333333333,17069.08789063,17067.24414063,5365.85498046875
2021-03-06,8274.478083333333,17835.17578125,17833.33203125,5144.7548828125
2021-03-07,7729.419375,18106.15625,18104.31445313,4922.01513671875
2021-03-08,8660.090916666666,18214.56054688,18212.71875,5206.175048828125
2021-03-09,8642.539666666666,18261.265625,18259.421875,5517.7900390625
2021-03-10,8763.568083333334,18194.0078125,18192.1640625,5388.06494140625
2021-03-11,9184.196875,17866.859375,17865.015625,5866.544921875
2021-03-12,9076.072875,17433.703125,17431.86132813,5763.179931640625
2021-03-13,8363.173916666667,17013.6015625,17011.75976563,5544.22509765625
2021-03-14,8372.833416666666,16637.9140625,16636.07226563,5135.070068359375
2021-03-15,9490.756458333331,16369.13378906,16367.29199219,5128.98486328125
2021-03-16,9785.318458333331,16105.34667969,16103.50488281,5046.419921875
2021-03-17,9146.430958333332,15972.75,15970.90820313,4973.43505859375
2021-03-18,9351.415,16143.82128906,16141.97753906,4930.10498046875
2021-03-19,8505.463083333334,16014.77246094,16012.9296875,4626.3349609375
2021-03-20,7856.314208333333,15510.45410156,15508.61230469,4566.419921875
2021-03-21,7384.626541666667,15227.67871094,15225.8359375,4566.22509765625
2021-03-22,8196.172291666668,15053.41308594,15051.57128906,4586.85498046875
2021-03-23,8572.782666666666,14908.33984375,14906.49804688,4774.4599609375
2021-03-24,8470.808666666666,14707.87402344,14706.03222656,4579.375
2021-03-25,8782.433791666666,14355.46582031,14353.62304688,4564.9951171875
2021-03-26,8860.785333333333,13921.65722656,13919.81445313,4644.215087890625
2021-03-27,7692.013041666666,13453.7578125,13451.91601563,4596.93505859375
2021-03-28,7801.447958333333,12971.42871094,12969.58691406,4676.31005859375
2021-03-29,8380.216541666667,12512.31738281,12510.47363281,4558.280029296875
2021-03-30,7443.148041666667,12043.29296875,12041.45117188,4536.090087890625
2021-03-31,7424.804208333334,11617.47363281,11615.63183594,4526.39990234375
2021-04-01,6491.637333333333,11198.16992188,11195.40625,4564.35986328125
2021-04-02,5855.49825,10837.94628906,10833.03320313,4572.77490234375
2021-04-03,6113.922291666667,10480.22460938,10476.84667969,4586.080078125
2021-04-04,6155.88325,10169.35351563,10167.81933594,4562.860107421875
2021-04-05,6916.271874999999,9929.36328125,9927.51953125,4545.39013671875
2021-04-06,6873.5119583333335,9703.3828125,9688.94921875,4538.64501953125
2021-04-07,6979.68175,9554.09082031,9542.72753906,4486.2900390625
2021-04-08,7260.641708333334,9456.01855469,9449.87695313,4430.64013671875
2021-04-09,7415.861458333333,9458.77832031,9455.09277344,4435.08984375
2021-04-10,6963.39375,9451.32226563,9449.47851563,4478.81005859375
2021-04-11,7004.7752083333335,9446.22167969,9442.84375,4435.625
2021-04-12,6889.421791666667,9393.37792969,9388.15722656,4439.7900390625
2021-04-13,7398.096083333334,9319.23925781,9317.703125,4484.6201171875
2021-04-14,7038.971541666667,9266.63769531,9264.79589844,4490.2099609375
2021-04-15,7104.001749999999,9213.08105469,9211.23828125,4502.35986328125
2021-04-16,6968.0254583333335,9117.29199219,9115.45019531,4538.1298828125
2021-04-17,6771.329958333333,9070.19238281,9068.34863281,4540.294921875
2021-04-18,6578.099333333333,8873.92871094,8869.62988281,4553.625
2021-04-19,7319.626166666666,8689.64746094,8685.34765625,4580.93505859375
2021-04-20,7170.722541666667,8466.7890625,8463.71777344,4721.56005859375
2021-04-21,6828.190333333333,8254.41601563,8252.57421875,4561.31005859375
2021-04-22,6978.601291666667,8160.05908203,8157.90917969,4496.7900390625
2021-04-23,7106.8952500000005,8072.56494141,8067.34423828,4510.43505859375
2021-04-24,6479.502125,8044.35693359,8040.97900391,4545.10986328125
2021-04-25,6321.791291666667,8087.97412109,8085.20996094,4591.9951171875
2021-04-26,6465.867958333333,8181.60205078,8178.83789063,4615.3349609375
2021-04-27,6633.516333333333,8090.71191406,8087.94824219,4634.280029296875
2021-04-28,6562.942208333334,7965.6328125,7962.86914063,4634.0
2021-04-29,6496.189916666666,7809.94384766,7807.18017578,4580.16015625
2021-04-30,6570.527791666666,7683.19384766,7680.43017578,4541.77490234375
2021-05-01,6016.173,7601.70800781,7598.94384766,4519.830078125
2021-05-02,6353.218875,7493.62304688,7490.85888672,4528.52001953125
2021-05-03,6933.248916666666,7404.36181641,7401.59912109,4537.8798828125
2021-05-04,6937.39,7309.11621094,7306.35205078,4542.81005859375
2021-05-05,6741.395458333333,7234.27099609,7230.58496094,4556.18994140625
2021-05-06,6355.321958333334,7147.63476563,7144.25683594,4527.3701171875
2021-05-07,6454.979708333333,7103.43310547,7100.97607422,4739.669921875
2021-05-08,6313.520083333333,7025.35693359,7023.51513672,4784.8798828125
2021-05-09,5870.372916666667,7003.25292969,7001.41015625,2394.02001953125
2021-05-10,6598.34125,6989.19384766,6986.12304688,19404.1904296875
2021-05-11,6569.342125,6917.76318359,6914.69189453,11461.20458984375
2021-05-12,6498.028416666667,6838.79003906,6837.25390625,6531.5
2021-05-13,6427.149666666667,6789.01611328,6787.17382813,4650.675048828125
2021-05-14,6305.283583333334,6798.83789063,6796.99609375,3472.75
2021-05-15,5995.625166666666,6791.32421875,6789.7890625,2221.75
2021-05-16,5889.580541666666,6764.98388672,6761.60498047,5939.72509765625
2021-05-17,6756.594166666667,6733.20507813,6730.44091797,2184.77001953125
2021-05-18,6475.167708333333,6725.11914063,6722.97021484,2181.1650390625
2021-05-19,6482.519208333334,6718.21484375,6716.06591797,2187.625
2021-05-20,6597.320375,6724.48486328,6722.33496094,2194.375
2021-05-21,6161.044833333333,6730.203125,6728.36083984,2190.625
2021-05-22,6833.107875000001,6753.05615234,6751.21386719,2201.125
2021-05-23,8087.887583333333,6794.98583984,6793.14306641,2216.5
2021-05-24,9017.078416666667,6879.90478516,6878.06201172,2199.625
2021-05-25,9308.966416666666,6953.16894531,6947.94921875,4137.050048828125
2021-05-26,9109.063875,7031.53320313,7023.85595703,4122.9400634765625
2021-05-27,9160.77975,7102.80810547,7099.73681641,4118.5
2021-05-28,8137.876291666667,7214.18408203,7205.89306641,4118.239990234375
2021-05-29,7342.505458333333,7257.72119141,7255.87792969,4139.364990234375
2021-05-30,6477.756125,7356.40087891,7354.55810547,4179.800048828125
2021-05-31,5920.38825,7484.12597656,7481.66894531,4187.77001953125
2021-06-01,6006.887833333333,7608.64697266,7605.26904297,4157.989990234375
2021-06-02,6041.538874999999,7638.47119141,7635.39990234,3914.034912109375
2021-06-03,5976.007624999999,7651.68212891,7648.61083984,4080.89990234375
2021-06-04,6092.303583333333,7645.26416016,7641.88623047,4074.60986328125
2021-06-05,5831.571541666667,7578.02392578,7574.64599609,4326.06005859375
2021-06-06,5470.450083333333,7470.92382813,7466.00976563,4205.625
2021-06-07,5861.651791666667,7419.63378906,7417.79199219,4235.0050048828125
2021-06-08,5927.627,7384.54199219,7382.70019531,4163.3399658203125
2021-06-09,5797.47275,7332.70996094,7330.86816406,4187.3099365234375
2021-06-10,5918.8164166666675,7385.85595703,7383.09179688,4533.35498046875
2021-06-11,5946.563916666666,7472.28613281,7470.44384766,4946.7900390625
2021-06-12,5653.235458333334,7423.56591797,7421.72412109,4921.60498046875
2021-06-13,5211.330875,7403.02685547,7401.18408203,4674.43994140625
2021-06-14,5762.092166666666,7430.93115234,7429.08886719,4823.10009765625
2021-06-15,5980.34775,7454.99023438,7453.45410156,4491.47998046875
2021-06-16,5944.550958333333,7490.01611328,7487.25195313,3977.875
2021-06-17,5997.666708333333,7464.69384766,7462.85205078,3828.699951171875
2021-06-18,6011.152833333334,7433.44580078,7431.91015625,3668.0
2021-06-19,5553.552083333333,7396.65917969,7395.12402344,3507.89501953125
2021-06-20,5232.5865,7362.84423828,7361.30908203,3404.625
2021-06-21,5780.4594166666675,7305.26123047,7303.72607422,3310.4600830078125
2021-06-22,5992.927083333333,7227.32324219,7225.78808594,3266.9549560546875
2021-06-23,5744.874958333334,7115.66699219,7112.90283203,3236.5399169921875
2021-06-24,5722.484625,7030.79882813,7029.26318359,3189.6600341796875
2021-06-25,5728.547458333333,6998.40722656,6996.87109375,3161.1600341796875
2021-06-26,5501.7425,7005.10791016,7003.57324219,3115.8150634765625
2021-06-27,5059.021208333334,6999.46191406,6997.92675781,3079.52001953125
2021-06-28,5649.97725,6878.97509766,6877.43994141,3121.4849853515625
2021-06-29,5743.845291666667,6812.71679688,6811.18212891,3115.8349609375
2021-06-30,5826.644874999999,6738.34912109,6736.81396484,3119.8150634765625
2021-07-01,5232.462208333333,6660.84619141,6659.31103516,3120.8349609375
2021-07-02,5006.690375,6588.04589844,6586.50976563,3104.5150146484375
2021-07-03,4947.354375,6504.57910156,6503.04394531,3112.5150146484375
2021-07-04,4657.304875,6448.90722656,6447.37109375,3112.8150634765625
2021-07-05,5045.658125,6406.45117188,6404.91503906,3110.8499755859375
2021-07-06,5144.845166666667,6348.53613281,6347.00097656,3111.4849853515625
2021-07-07,5213.3696666666665,6297.98193359,6296.44677734,3110.5
2021-07-08,5132.394166666667,6245.63818359,6243.79492188,3115.5150146484375
2021-07-09,5056.018416666667,6204.31201172,6202.46923828,3121.1500244140625
2021-07-10,4984.126499999999,6128.01611328,6126.17285156,3118.8349609375
2021-07-11,4860.748666666666,6094.68896484,6092.84716797,3143.68994140625
2021-07-12,5202.697041666667,6013.77783203,6011.93603516,3124.0
2021-07-13,5853.173,5980.60986328,5978.76806641,3113.7249755859375
2021-07-14,5955.5855833333335,5931.18798828,5929.34619141,3107.0999755859375
2021-07-15,6572.115125,5903.43505859,5901.59277344,3095.35498046875
2021-07-16,5753.348041666667,5882.10205078,5880.25976563,3163.2100830078125
2021-07-17,5668.5720833333335,6013.88183594,6012.04003906,3183.8599853515625
2021-07-18,5092.211375,6030.78808594,6028.94580078,3205.7099609375
2021-07-19,5443.721041666667,6016.7421875,6014.89892578,3182.9599609375
2021-07-20,5383.695833333333,5931.53076172,5929.68798828,3167.4749755859375
2021-07-21,5547.961708333333,5906.80078125,5904.95898438,3164.5400390625
2021-07-22,5372.166875,5899.00292969,5897.16015625,3167.14501953125
2021-07-23,5259.288458333333,5867.58300781,5865.74023438,3157.6500244140625
2021-07-24,5189.413041666667,5858.8828125,5857.04003906,3159.6700439453125
2021-07-25,4836.181208333333,5837.12207031,5818.69580078,3157.2900390625
2021-07-26,5208.746208333333,5751.64599609,5749.80419922,3142.4749755859375
2021-07-27,5138.339041666667,5684.42822266,5682.5859375,3134.6600341796875
2021-07-28,5364.763666666667,5592.69677734,5590.85498047,3157.35498046875
2021-07-29,5579.380041666667,5533.10791016,5531.26611328,3127.5150146484375
2021-07-30,5212.291833333334,5476.01220703,5473.86181641,3107.5399169921875
2021-07-31,5222.400125,5474.95996094,5472.81005859,3094.6099853515625
2021-08-01,5039.513666666667,5453.14501953,5450.68798828,3100.1900634765625
2021-08-02,5167.899541666667,5451.828125,5449.37207031,3109.02001953125
2021-08-03,5226.4731249999995,5464.55419922,5462.09814453,3109.2099609375
2021-08-04,5079.363875,5434.04199219,5431.58496094,3094.8499755859375
2021-08-05,5200.568458333333,5456.10693359,5453.95703125,3101.0399169921875
2021-08-06,5204.485,5486.33398438,5484.4921875,3092.9150390625
2021-08-07,5314.267708333334,5517.68408203,5515.84082031,3095.8800048828125
2021-08-08,4922.556125,5553.87792969,5552.03613281,3097.5799560546875
2021-08-09,5612.779125,5547.11621094,5545.27294922,3099.5849609375
2021-08-10,5548.709291666666,5544.95507813,5543.11279297,3104.5400390625
2021-08-11,5959.525083333333,5543.62890625,5541.78613281,3123.1500244140625
2021-08-12,6036.299375,5530.49316406,5528.64990234,3119.5
2021-08-13,5806.096333333334,5486.73681641,5484.89404297,3104.5899658203125
2021-08-14,5485.610041666667,5444.52490234,5442.68212891,3102.93994140625
2021-08-15,5255.540625000001,5438.44091797,5436.59814453,3103.85498046875
2021-08-16,5628.004833333333,5369.05908203,5367.21679688,3096.6199951171875
2021-08-17,5934.22475,5359.69824219,5357.85595703,3104.5450439453125
2021-08-18,5866.031791666667,5363.27587891,5361.43310547,3087.0250244140625
2021-08-19,5982.19825,5336.40820313,5334.56591797,3087.7650146484375
2021-08-20,6097.783583333334,5291.09716797,5289.25488281,3088.43994140625
2021-08-21,5666.789291666667,5275.20605469,5265.37890625,3144.5849609375
2021-08-22,5414.651791666666,5220.03515625,5209.89990234,3219.7449951171875
2021-08-23,6252.261041666668,5185.99023438,5176.77685547,3422.8599853515625
2021-08-24,6239.864083333334,5159.77099609,5157.92822266,4019.39501953125
2021-08-25,6635.190333333333,5142.42822266,5140.5859375,5006.10009765625
2021-08-26,6269.376208333334,5121.55322266,5119.70996094,6514.699951171875
2021-08-27,6213.1608750000005,5144.71289063,5142.87109375,7945.2451171875
2021-08-28,5797.0723333333335,5159.46777344,5157.62597656,7531.009765625
2021-08-29,5638.769375,5209.98681641,5208.14404297,5987.22509765625
2021-08-30,7070.71775,5171.61279297,5169.77001953,6177.4150390625
2021-08-31,8380.150125,5140.06298828,5138.22119141,7149.8798828125
2021-09-01,9578.247708333334,5172.04492188,5167.43896484,7422.3701171875
2021-09-02,9738.801541666666,5223.88916016,5220.81787109,7563.169921875
2021-09-03,9402.3715,5267.82324219,5265.98095703,7656.2099609375
2021-09-04,9016.323625,5283.9609375,5282.11816406,7195.6650390625
2021-09-05,8078.08325,5272.0859375,5270.24414063,6185.340087890625
2021-09-06,8390.322208333333,5250.32177734,5248.47998047,6114.25
2021-09-07,8506.859708333333,5252.08398438,5250.24121094,5480.419921875
2021-09-08,8865.231958333334,5210.86816406,5209.33203125,5895.64013671875
2021-09-09,8975.362166666668,5156.8671875,5155.33105469,9088.509765625
2021-09-10,8443.269333333334,5149.42382813,5147.88916016,9723.02001953125
2021-09-11,8139.479041666667,5119.06396484,5117.52880859,8230.990234375
2021-09-12,7224.598125,5058.04101563,5056.19824219,6399.989990234375
2021-09-13,8545.558791666666,5024.69824219,5022.85498047,5539.4599609375
2021-09-14,8772.503833333334,4997.0,4995.15722656,6788.98486328125
2021-09-15,8115.263749999999,5004.06982422,5002.22705078,7037.344970703125
2021-09-16,6955.81425,5024.87695313,5023.03515625,5979.280029296875
2021-09-17,6164.410583333333,5042.86181641,5041.02001953,5298.76513671875
2021-09-18,6269.986333333333,5065.68701172,5063.84521484,4849.14501953125
2021-09-19,6030.017916666667,5116.03076172,5114.18896484,4181.0999755859375
2021-09-20,7558.98475,5132.51708984,5130.67480469,4270.7550048828125
2021-09-21,8325.304416666668,5167.94824219,5166.10498047,5373.58984375
2021-09-22,7413.0495,5188.07910156,5186.54296875,6374.739990234375
2021-09-23,6244.940916666666,5148.73583984,5147.20019531,6414.2900390625
2021-09-24,5654.504583333332,5127.72900391,5125.88623047,6016.510009765625
2021-09-25,5255.003833333333,4969.35986328,4967.51806641,5087.89990234375
2021-09-26,5054.707083333334,4978.86523438,4977.02197266,4362.64990234375
2021-09-27,6772.743125,4924.05322266,4922.20996094,4372.0400390625
2021-09-28,7753.634916666667,4885.62109375,4883.77783203,4563.91015625
2021-09-29,7417.781541666667,4850.6328125,4848.79101563,4993.125
2021-09-30,7793.643625,4832.05175781,4830.20898438,5827.6650390625
2021-10-01,7502.588833333334,4799.80810547,4797.96582031,6171.784912109375
2021-10-02,6102.5675833333335,4772.57177734,4623.66894531,6109.06005859375
2021-10-03,5878.517374999999,4881.3359375,4660.25390625,5828.43505859375
2021-10-04,6721.592208333333,5671.33984375,5451.87695313,5141.56005859375
2021-10-05,7772.153166666667,6594.08984375,6374.01318359,4893.43994140625
2021-10-06,8913.094541666667,7603.296875,7288.43408203,4973.2451171875
2021-10-07,9998.388166666666,8255.76074219,7896.38916016,5543.925048828125
2021-10-08,9532.386541666669,8581.02441406,8217.50878906,6325.114990234375
2021-10-09,8272.336333333335,8822.22167969,8425.6015625,4657.10986328125
2021-10-10,7520.0955,9454.28027344,9039.18652344,4572.580078125
2021-10-11,8530.861708333334,9720.69921875,9320.69726563,4590.43994140625
2021-10-12,8170.800333333334,9571.71679688,9217.61425781,4584.5849609375
2021-10-13,9010.999458333334,9477.98242188,9112.359375,4514.18505859375
2021-10-14,9303.91875,9806.94238281,9463.09960938,4869.39013671875
2021-10-15,9287.165875,10691.76074219,10350.43847656,4884.7099609375
2021-10-16,8150.054416666667,11763.69824219,11504.45507813,5179.51513671875
2021-10-17,7787.427291666667,12919.62011719,12709.69824219,4958.64501953125
2021-10-18,9416.0255,13948.06835938,13831.86132813,4514.9599609375
2021-10-19,10085.519125,13853.109375,13672.29296875,4600.58984375
2021-10-20,10305.908916666667,13430.99316406,13228.04589844,4635.51513671875
2021-10-21,10275.357708333331,13168.015625,12893.52539063,4625.89990234375
2021-10-22,9714.204583333334,12973.21289063,12753.20996094,4568.6201171875
2021-10-23,7865.504166666667,12691.56640625,11998.51367188,4441.68994140625
2021-10-24,7488.869458333334,12788.10839844,12683.66503906,4636.1298828125
2021-10-25,8532.963208333333,13276.47558594,13111.55273438,4413.64013671875
2021-10-26,8721.892333333333,14002.29296875,13869.76953125,4562.31005859375
2021-10-27,9639.193916666669,14402.7265625,14238.34472656,4757.0849609375
2021-10-28,10357.42525,14231.25390625,14143.91113281,4812.31494140625
2021-10-29,10380.536833333334,13841.95214844,13643.18945313,4828.75
2021-10-30,9615.959791666666,13366.50878906,13278.98632813,4702.510009765625
2021-10-31,9377.716708333332,12927.98730469,12926.14355469,4565.2548828125
2021-11-01,10012.048958333333,12470.9140625,12469.07128906,4597.965087890625
2021-11-02,9489.354875,12112.38183594,12110.84667969,4912.35986328125
2021-11-03,10649.075875,11881.83984375,11880.30371094,4987.18505859375
2021-11-04,10976.092541666669,11766.34472656,11764.80859375,5030.93505859375
2021-11-05,10528.722375,11584.70214844,11583.16601563,5056.72998046875
2021-11-06,9653.751666666669,11434.17675781,11432.64160156,5076.81494140625
2021-11-07,8941.490375,11345.015625,11343.48144531,4867.89013671875
2021-11-08,9091.866833333332,11183.04003906,11181.19824219,4824.5400390625
2021-11-09,8801.721583333334,11059.0234375,11057.18066406,4567.39990234375
2021-11-10,8094.27575,10881.62402344,10880.08886719,4390.83984375
2021-11-11,7646.413541666668,10755.70117188,10754.16503906,4446.8349609375
2021-11-12,7699.933375,10689.23925781,10687.70410156,4384.9599609375
2021-11-13,7372.116416666667,10604.21679688,10602.68164063,4424.425048828125
2021-11-14,6400.9317083333335,10320.20214844,10318.66699219,4489.14501953125
2021-11-15,6686.184083333334,10122.84570313,10121.31054688,4627.31005859375
2021-11-16,7612.830000000001,10075.83105469,10074.29589844,5131.81005859375
2021-11-17,7725.791333333334,10197.40234375,10195.25195313,5187.215087890625
2021-11-18,7725.090583333334,10189.87792969,10188.34179688,5110.760009765625
2021-11-19,7559.662833333333,10271.11816406,10269.27539063,5047.68505859375
2021-11-20,6855.873208333333,10506.05078125,10504.20800781,4869.02001953125
2021-11-21,6707.64225,10727.98535156,10718.77246094,4643.22998046875
2021-11-22,8351.855208333332,11036.81152344,11034.96972656,4658.2548828125
2021-11-23,8458.900666666666,11364.38183594,11362.5390625,4850.60986328125
2021-11-24,8479.157666666666,11636.57910156,11634.73632813,4968.580078125
2021-11-25,8152.629250000001,11773.17089844,11725.37597656,4850.7548828125
2021-11-26,8088.485583333334,11932.63964844,11884.53808594,4831.219970703125
2021-11-27,8507.456666666667,12017.93261719,12011.79101563,4858.695068359375
2021-11-28,7857.473875,11955.93554688,11952.86523438,4760.614990234375
2021-11-29,8509.628125000001,11923.88183594,11921.42480469,4871.739990234375
2021-11-30,8213.425291666666,11933.41210938,11931.56933594,4945.31005859375
2021-12-01,8966.0135,11996.15039063,11991.84960938,4827.85986328125
2021-12-02,9190.215333333334,11939.1484375,11930.24316406,4816.85498046875
2021-12-03,8782.162083333335,11722.41113281,11668.82324219,4842.955078125
2021-12-04,7927.199208333334,11470.73925781,11459.99121094,4749.76513671875
2021-12-05,7030.146958333334,11252.30078125,11238.17382813,4606.93994140625
2021-12-06,7460.744333333333,11024.14941406,11019.84960938,4739.169921875
2021-12-07,7377.8175,10727.88378906,10726.04101563,4960.8349609375
2021-12-08,7000.91825,10581.42675781,10579.58496094,5071.2099609375
2021-12-09,7182.704041666667,10446.00878906,10444.16699219,5081.18994140625
2021-12-10,7110.831583333334,10195.2578125,10193.41503906,5041.64501953125
2021-12-11,6991.89175,9911.90722656,9910.06445313,4989.5
2021-12-12,7176.1205,9689.10058594,9687.2578125,4640.64501953125
2021-12-13,8353.197208333333,9514.73632813,9512.89355469,4518.6650390625
2021-12-14,7636.198625,9539.78320313,9537.94042969,4710.39013671875
2021-12-15,8161.68925,9640.734375,9638.89160156,4760.719970703125
2021-12-16,7837.343375,9838.93652344,9837.09472656,4742.510009765625
2021-12-17,7561.874958333334,10163.50585938,10161.66308594,4757.89990234375
2021-12-18,7047.647958333334,10584.49511719,10577.125,4594.330078125
2021-12-19,6195.769041666666,11110.42480469,11000.96289063,4507.31005859375
2021-12-20,7047.033041666667,11786.05664063,11780.22167969,4762.22998046875
2021-12-21,6869.268499999999,12585.75878906,12577.16015625,4964.800048828125
2021-12-22,7087.7274166666675,13384.95605469,13376.04980469,5225.60498046875
2021-12-23,6471.503166666666,14081.37988281,14079.23046875,5249.02490234375
2021-12-24,6069.309458333333,14558.93164063,14557.08886719,4913.6298828125
2021-12-25,5699.03875,14893.19433594,14891.35058594,4696.10009765625
2021-12-26,6252.360541666666,15097.88769531,15096.04589844,4478.5
2021-12-27,6852.1187083333325,15096.45605469,15094.61425781,4395.1650390625
2021-12-28,7057.595249999999,14948.15429688,14946.31054688,4330.4000244140625
2021-12-29,6477.4310000000005,14588.64160156,14586.79980469,4305.699951171875
2021-12-30,6264.049208333334,14074.97363281,14073.13085938,4293.9000244140625
2021-12-31,5394.0395,13566.78320313,13564.94042969,4291.875
2022-01-01,5228.570375,13659.4140625,13648.97167969,4284.7750244140625
2022-01-02,5572.301291666667,13371.07519531,13369.23242188,4280.625
2022-01-03,6494.577708333333,13285.69726563,13283.85351563,4335.9951171875
2022-01-04,6778.715833333333,13367.66503906,13365.82324219,4356.75
2022-01-05,6617.4875,13562.54980469,13560.70800781,4382.0
2022-01-06,6504.9953749999995,13947.30175781,13945.45996094,4407.39990234375
2022-01-07,6478.777375000001,14503.9921875,14502.15039063,4375.594970703125
2022-01-08,5917.350083333334,15457.35839844,15455.515625,4345.14990234375
2022-01-09,5050.838,16708.47460938,16706.63085938,4342.625
2022-01-10,6081.167583333333,18014.48828125,18012.64648438,4335.60009765625
2022-01-11,6674.156583333333,19117.66796875,19115.82421875,4375.5048828125
2022-01-12,6879.216791666667,20358.12109375,20356.27929688,4401.14990234375
2022-01-13,7037.540416666667,21647.75195313,21645.90820313,4375.699951171875
2022-01-14,6947.969249999999,22925.12890625,22923.28515625,4362.10009765625
2022-01-15,6325.157708333333,23901.97851563,23900.13671875,4392.48486328125
2022-01-16,5797.372333333333,24470.77929688,24468.93554688,4438.6201171875
2022-01-17,6688.253708333334,24801.19335938,24799.34960938,4346.25
2022-01-18,6890.849999999999,25001.234375,24999.390625,4363.0
2022-01-19,6805.970375,25084.06835938,25075.77734375,4364.375
2022-01-20,6759.224125000001,25000.84960938,24990.71679688,4367.02490234375
2022-01-21,6595.755833333334,24731.55273438,24721.72460938,4373.52490234375
2022-01-22,6278.800666666667,24210.49609375,24200.9765625,4374.625
2022-01-23,5854.955291666666,23436.38671875,23426.86523438,4361.89990234375
2022-01-24,7122.739291666666,22438.30273438,22431.546875,4435.68994140625
2022-01-25,7077.492833333334,21394.65625,21387.90039063,4458.2548828125
2022-01-26,6828.568875,20502.94921875,20495.88476563,4528.080078125
2022-01-27,6318.8078749999995,19768.36132813,19759.45507813,4556.2548828125
2022-01-28,6030.984041666667,19128.4140625,19114.28710938,4424.570068359375
2022-01-29,5257.205791666666,18513.81445313,18505.21484375,4382.68994140625
2022-01-30,5088.878791666667,18150.26757813,18140.43945313,4435.72998046875
2022-01-31,5699.247125000001,17749.67773438,17717.73828125,5052.955078125
2022-02-01,6219.0135,17677.62109375,17650.2890625,6320.364990234375
2022-02-02,6334.642083333333,18193.7734375,18160.9140625,5818.41015625
2022-02-03,6399.144416666667,18954.51367188,18918.58203125,5444.294921875
2022-02-04,6365.686041666667,19855.83007813,19812.8359375,5419.43994140625
2022-02-05,5656.855875,20866.609375,20835.59375,5207.7900390625
2022-02-06,5032.4175000000005,22042.53710938,22011.21289063,5120.31494140625
2022-02-07,6372.310750000001,23025.61328125,22992.75390625,4739.639892578125
2022-02-08,6868.780833333333,24252.37890625,24237.94335938,4729.405029296875
2022-02-09,7358.724083333333,25431.04296875,25414.45703125,4703.2099609375
2022-02-10,7275.905708333333,26487.82617188,26479.84179688,4738.02001953125
2022-02-11,6985.445958333334,27177.10351563,27168.19726563,4924.389892578125
2022-02-12,6301.557541666666,27551.21484375,27532.78710938,4821.47998046875
2022-02-13,5389.378791666667,27654.83789063,27634.5703125,4730.35009765625
2022-02-14,6409.27,27679.45703125,27659.49609375,4666.080078125
2022-02-15,6925.6045,27663.29492188,27636.57617188,4516.8349609375
2022-02-16,7098.310333333334,27581.4375,27566.69726563,4397.64990234375
2022-02-17,7233.682458333334,27432.62304688,27423.71875,4403.175048828125
2022-02-18,6081.282,27220.84765625,27211.94140625,4334.39990234375
2022-02-19,5426.672875,26963.77148438,26954.86523438,4327.5
2022-02-20,5060.246583333334,26607.2421875,26593.42382813,4431.35009765625
2022-02-21,5905.408416666666,26065.93945313,26056.41992188,4552.02490234375
2022-02-22,5994.929916666667,25428.58984375,25419.68359375,4559.60009765625
2022-02-23,6790.900791666667,24725.078125,24715.86523438,4528.25
2022-02-24,7185.141375,24075.02148438,24065.80859375,4473.97509765625
2022-02-25,7038.017583333333,23408.78515625,23399.87890625,4522.800048828125
2022-02-26,6911.862375,22658.10742188,22649.20117188,4563.43994140625
2022-02-27,6186.26075,21886.11914063,21876.90625,4491.97509765625
2022-02-28,6522.133375,21123.1640625,21113.95117188,4490.0
2022-03-01,6505.170333333333,20452.24414063,20436.88867188,4500.550048828125
2022-03-02,7050.5085,19892.93359375,19874.19921875,4509.75
2022-03-03,7546.799625,19263.92382813,19245.18945313,4497.449951171875
2022-03-04,7988.707541666667,18694.81640625,18676.08203125,4563.39013671875
2022-03-05,6729.378291666667,18101.02929688,18087.2109375,4901.780029296875
2022-03-06,5994.548,17529.86523438,17520.9609375,5214.0400390625
2022-03-07,7207.97325,16897.703125,16888.79882813,6103.31494140625
2022-03-08,8192.247083333334,16309.67382813,16300.76757813,6433.090087890625
2022-03-09,8622.547333333334,15732.58300781,15723.67675781,6189.260009765625
2022-03-10,8769.169708333333,15229.65234375,15220.74609375,5805.669921875
2022-03-11,7667.136374999999,14806.71484375,14797.80859375,5776.89013671875
2022-03-12,6813.606833333334,14445.59765625,14436.69238281,5739.969970703125
2022-03-13,6090.960416666666,14442.53710938,14432.40332031,5632.72509765625
2022-03-14,7262.294291666666,14456.34179688,14437.30175781,6227.60986328125
2022-03-15,7694.644833333333,14560.51269531,14537.48144531,6416.625
2022-03-16,8614.617250000001,14672.27246094,14659.37402344,6026.169921875
2022-03-17,8807.208708333334,15054.05371094,15041.15625,5996.840087890625
2022-03-18,8993.694000000001,15444.81347656,15432.8359375,5904.31005859375
2022-03-19,7911.918208333333,15883.90039063,15872.84472656,6039.35498046875
2022-03-20,6625.952875,16280.57714844,16271.97753906,5375.06005859375
2022-03-21,7994.304166666666,16522.35742188,16512.22265625,5067.044921875
2022-03-22,8842.52875,16836.79882813,16824.20703125,5294.56005859375
2022-03-23,8830.381166666668,17131.52148438,17120.15820313,5427.655029296875
2022-03-24,8924.366083333332,17214.18164063,17205.27539063,5318.419921875
2022-03-25,8038.802833333334,17381.82617188,17372.921875,5095.4951171875
2022-03-26,7072.153333333333,17525.30859375,17509.33984375,5320.419921875
2022-03-27,6162.978875,17195.796875,17174.91210938,5216.60986328125
2022-03-28,7622.841791666667,16679.49609375,16665.984375,5247.81005859375
2022-03-29,8579.371125,16016.38378906,16001.02929688,5349.3349609375
2022-03-30,8405.08275,15411.44042969,15395.47070313,5803.3349609375
2022-03-31,7795.294583333333,14944.76660156,14932.48339844,5287.655029296875
2022-04-01,7882.114708333333,14657.84082031,14650.46972656,5045.625
2022-04-02,7341.813541666666,14339.70605469,14334.79199219,4909.1650390625
2022-04-03,6697.345208333333,14089.35546875,14083.21289063,4844.7099609375
2022-04-04,7650.786833333333,14016.09667969,14010.26171875,4841.68994140625
2022-04-05,8138.498166666667,14038.3515625,14036.50878906,4827.25
2022-04-06,8356.6925,13957.55957031,13955.71679688,4801.625
2022-04-07,8183.630333333333,13823.9140625,13822.07128906,4802.375
2022-04-08,7322.84925,13629.74023438,13627.8984375,4804.25
2022-04-09,6838.334125,13430.6328125,13428.79101563,4811.0
2022-04-10,6406.163583333334,13169.3203125,13167.47753906,4808.75
2022-04-11,7196.602333333333,12879.1953125,12877.35253906,4809.89501953125
2022-04-12,6480.402041666667,12831.7109375,12829.86914063,4818.52001953125
2022-04-13,7106.001083333334,13957.72753906,13955.88476563,4570.385009765625
2022-04-14,6836.130666666667,14676.71191406,14674.86914063,4575.47998046875
2022-04-15,6231.988583333333,14548.77539063,14546.93164063,4457.85498046875
2022-04-16,5266.142958333333,14325.12011719,14323.27832031,4336.25
2022-04-17,5287.553583333333,14034.91601563,14032.15234375,4324.5650634765625
2022-04-18,5997.096333333334,13712.27832031,13710.43457031,4266.1400146484375
2022-04-19,7259.636083333334,13400.22265625,13398.37988281,4254.925048828125
2022-04-20,6263.259791666666,13041.66113281,13039.81835938,4282.885009765625
2022-04-21,5509.368583333333,12708.46679688,12706.62402344,4351.8499755859375
2022-04-22,6339.751416666667,12363.40917969,12361.56738281,4406.0999755859375
2022-04-23,5400.182083333333,12154.41699219,12152.57421875,4439.81494140625
2022-04-24,5244.155708333333,12237.80761719,12235.96484375,4400.3349609375
2022-04-25,6533.192749999999,12316.16796875,12314.32617188,4293.4150390625
2022-04-26,8120.648208333333,11955.82910156,11953.98632813,4170.5
2022-04-27,9052.1245,11533.94824219,11532.10644531,4148.199951171875
2022-04-28,8189.088208333334,11237.27929688,11235.43554688,4161.2750244140625
2022-04-29,7069.521125,10897.49511719,10895.65234375,4157.050048828125
2022-04-30,6320.268916666667,10488.16992188,10486.32714844,4146.050048828125
2022-05-01,5533.363166666666,10206.11914063,10204.27734375,4169.949951171875
2022-05-02,6387.887875,9955.87109375,9954.02929688,4188.375
2022-05-03,6788.1651249999995,9766.80078125,9764.95898438,4206.9449462890625
2022-05-04,6975.367958333333,9796.57714844,9794.73535156,4219.27001953125
2022-05-05,6649.500291666667,9839.5,9837.65820313,4026.589965820313
2022-05-06,6373.981083333333,9736.20996094,9734.3671875,3968.7099609375
2022-05-07,5706.139541666666,9578.82617188,9576.984375,3961.97998046875
2022-05-08,6058.7887083333335,9440.51757813,9435.91113281,3968.3349609375
2022-05-09,6758.498583333334,9370.37304688,9368.53125,3968.68994140625
2022-05-10,7059.891791666666,9282.703125,9280.86132813,3971.4000244140625
2022-05-11,7743.686666666667,9235.56542969,9233.72167969,3977.2349853515625
2022-05-12,8134.472541666666,9174.92675781,9173.08496094,3974.7099609375
2022-05-13,7402.225916666666,9062.38183594,9060.5390625,3987.960083007813
2022-05-14,6362.41,8951.20800781,8949.36621094,3960.43994140625
2022-05-15,6029.492041666667,9205.73632813,9203.89257813,3984.5650634765625
2022-05-16,6871.8295,9368.48242188,9366.63964844,3997.5400390625
2022-05-17,7367.554875000001,9300.71777344,9284.74902344,3984.68994140625
2022-05-18,7851.468291666667,9302.29101563,9288.77832031,3865.1500244140625
2022-05-19,7847.510291666667,9363.92285156,9355.63183594,3754.920043945313
2022-05-20,7298.461666666667,9392.61914063,9387.70605469,3737.02001953125
2022-05-21,6412.232791666666,9427.3984375,9416.65039063,3738.155029296875
2022-05-22,5469.796708333334,9433.70800781,9429.40917969,3712.2900390625
2022-05-23,6308.257875,9438.54980469,9433.63671875,3710.85498046875
2022-05-24,7121.315875,9411.15820313,9401.9453125,3726.31005859375
2022-05-25,7441.654750000001,9316.02539063,9311.72558594,3745.625
2022-05-26,7596.887666666667,9186.72363281,9182.1171875,3784.364990234375
2022-05-27,6856.634291666666,9043.27246094,9038.97265625,3781.7900390625
2022-05-28,6677.816958333334,8883.82421875,8880.44628906,3776.2099609375
2022-05-29,6436.188458333333,8738.21582031,8736.37304688,3792.505004882813
2022-05-30,7592.459125,8629.16113281,8627.31835938,3865.005004882813
2022-05-31,8505.764833333333,8673.1953125,8670.73828125,3903.670043945313
2022-06-01,8293.396125000001,8759.62890625,8754.71484375,3888.6500244140625
2022-06-02,8564.584958333333,8835.09277344,8828.03027344,3875.7099609375
2022-06-03,7795.818375,9372.46875,9368.4765625,3881.630004882813
2022-06-04,6703.390625,10129.99902344,10125.08496094,3855.380004882813
2022-06-05,5570.392625,10265.37402344,10259.84667969,3852.1500244140625
2022-06-06,5784.951875,10069.453125,10065.15429688,3857.670043945313
2022-06-07,6631.4439999999995,10103.18261719,10100.11230469,3869.6099853515625
2022-06-08,6991.868291666667,10169.49316406,10164.2734375,3877.289916992187
2022-06-09,7511.725291666667,10225.65527344,10218.89941406,3874.77001953125
2022-06-10,7103.973583333333,10351.49511719,10346.88867188,3892.5250244140625
2022-06-11,6785.871999999999,10514.046875,10512.51171875,3915.3150634765625
2022-06-12,6421.543000000001,10656.71679688,10655.18066406,3931.52001953125
2022-06-13,7335.109874999999,10931.02246094,10929.17871094,3903.0849609375
2022-06-14,8236.30775,11016.48144531,11014.63867188,3858.22998046875
2022-06-15,7935.894041666666,10866.38183594,10864.5390625,3874.3349609375
2022-06-16,7386.741541666666,10659.77636719,10657.93261719,3846.1500244140625
2022-06-17,7721.026125,10438.34277344,10436.50097656,3813.7900390625
2022-06-18,6942.527875,10279.79882813,10277.95703125,3838.130004882813
2022-06-19,6203.064666666666,10150.36230469,10148.51953125,3798.47998046875
2022-06-20,6758.749374999999,10101.59960938,10099.75683594,3776.72998046875
2022-06-21,7048.035208333334,10077.96972656,10076.12792969,3761.22998046875
2022-06-22,7653.690541666667,10088.27636719,10086.43261719,3770.5250244140625
2022-06-23,7736.130416666667,9987.625,9985.78222656,3773.89501953125
2022-06-24,7396.436916666667,9820.73242188,9818.88867188,3794.0250244140625
2022-06-25,6872.070708333333,9626.06445313,9624.22070313,3841.8900146484375
2022-06-26,6450.782999999999,9395.0703125,9393.53417969,3784.005004882813
2022-06-27,6615.257291666666,9161.18457031,9155.34960938,3774.9749755859375
2022-06-28,7356.322708333333,8911.07324219,8908.00195313,3787.6400146484375
2022-06-29,7449.937458333334,8697.29199219,8694.44824219,3798.839965820313
2022-06-30,7609.641291666667,8499.38867188,8497.85351563,3793.0650634765625
2022-07-01,7222.292125,8342.86621094,8341.33007813,3774.31005859375
2022-07-02,6383.2321249999995,8194.51367188,8188.98583984,3756.9849853515625
2022-07-03,5887.803208333334,8061.27783203,8059.43603516,3740.339965820313
2022-07-04,7465.7725,7966.68603516,7963.61523438,3743.630004882813
2022-07-05,7587.989791666667,7896.87011719,7894.10595703,3760.2750244140625
2022-07-06,7755.39075,7800.15087891,7798.61621094,3743.210083007813
2022-07-07,7970.219541666666,7700.81396484,7697.43603516,3753.7099609375
2022-07-08,7418.950250000001,7607.99414063,7605.84423828,3761.68994140625
2022-07-09,6472.942041666666,7543.93701172,7541.78710938,3846.960083007813
2022-07-10,6319.8523749999995,7464.89404297,7461.51611328,3867.0250244140625
2022-07-11,7190.688458333334,7400.53808594,7398.38818359,3884.7349853515625
2022-07-12,7251.437875,7319.11083984,7317.57617188,4105.530029296875
2022-07-13,7396.16325,7235.32519531,7232.25390625,4097.6199951171875
2022-07-14,7317.340166666666,7203.99707031,7200.61914063,3918.27001953125
2022-07-15,7353.786416666667,7146.15478516,7144.00488281,3909.920043945313
2022-07-16,6692.76325,7078.99804688,7077.46191406,3941.8599853515625
2022-07-17,6612.113833333333,7004.19384766,7002.65820313,3856.89501953125
2022-07-18,7184.8987916666665,6943.08886719,6940.6328125,3820.77001953125
2022-07-19,7415.009291666666,6947.85595703,6943.55615234,3800.3599853515625
2022-07-20,7226.711375,6885.85888672,6882.78808594,3853.1900634765625
2022-07-21,7412.417291666668,6820.33105469,6817.56689453,3924.3599853515625
2022-07-22,7251.703416666667,6798.70410156,6796.24707031,4058.534912109375
2022-07-23,6916.590458333333,6759.35595703,6757.20605469,4118.2750244140625
2022-07-24,6398.344249999999,6705.76904297,6703.31298828,3937.1500244140625
2022-07-25,6912.246541666667,6665.35107422,6662.27978516,3938.4400634765625
2022-07-26,7249.473416666667,6632.06298828,6628.9921875,4070.5849609375
2022-07-27,7296.386541666667,6588.31787109,6585.24707031,4142.8349609375
2022-07-28,7034.197208333334,6548.00390625,6544.93310547,4166.0650634765625
2022-07-29,6639.6695,6508.07324219,6505.30908203,4344.83984375
2022-07-30,6305.123250000001,6436.19384766,6433.43017578,4266.6300048828125
2022-07-31,5614.87975,6400.55322266,6397.48193359,4027.7900390625
2022-08-01,5914.252291666667,6381.02783203,6376.11523438,3995.18994140625
2022-08-02,6664.325208333333,6328.36914063,6326.52685547,4524.85498046875
2022-08-03,7199.6355416666665,6304.39404297,6302.85888672,5372.85498046875
2022-08-04,7308.549875,6292.23583984,6290.39306641,5497.9150390625
2022-08-05,7105.2863333333335,6276.31884766,6274.47705078,5292.0849609375
2022-08-06,6767.467666666666,6240.97607422,6239.1328125,5134.64013671875
2022-08-07,6244.840749999999,6262.02197266,6258.64404297,5015.294921875
2022-08-08,6982.470624999999,6329.72900391,6326.96484375,4749.419921875
2022-08-09,7596.728583333333,6360.39306641,6356.70800781,5086.68505859375
2022-08-10,7936.123166666667,6400.92822266,6399.08496094,5329.31494140625
2022-08-11,8019.206833333334,6489.00585938,6487.16308594,5407.8349609375
2022-08-12,6926.809833333333,6643.55712891,6641.71386719,5298.02490234375
2022-08-13,6716.340541666667,6930.06982422,6928.22802734,5075.7099609375
2022-08-14,6432.336583333334,7177.77978516,7175.93701172,4948.544921875
2022-08-15,7644.416166666667,7281.16601563,7279.32324219,4702.77001953125
2022-08-16,8159.851458333333,7273.18603516,7271.03613281,4828.14501953125
2022-08-17,8412.719625,7696.27197266,7692.89404297,5026.14501953125
2022-08-18,8489.263875,8299.4453125,8296.06738281,5151.625
2022-08-19,8064.824625,9231.34960938,9229.81445313,5323.73486328125
2022-08-20,7461.200458333333,9606.61816406,9604.77636719,5127.93994140625
2022-08-21,7158.488625000001,9732.84570313,9731.00390625,5160.419921875
2022-08-22,8702.911291666665,9847.67578125,9845.83300781,4821.669921875
2022-08-23,8474.191499999999,9679.37011719,9675.68359375,5088.7548828125
2022-08-24,8621.471833333333,9391.12109375,9388.66503906,4975.06005859375
2022-08-25,8618.339375,9004.58496094,9002.74316406,4890.10986328125
2022-08-26,8644.965875,8548.21484375,8546.37207031,4712.64013671875
2022-08-27,8095.288041666667,8111.87207031,8109.10791016,4596.85986328125
2022-08-28,7468.031541666667,7741.69677734,7739.85498047,4404.375
2022-08-29,8252.020708333333,7440.68505859,7439.14892578,4430.72998046875
2022-08-30,7706.716125,7201.58789063,7200.05322266,4534.4599609375
2022-08-31,8011.724625,6997.91992188,6996.38378906,4368.5
2022-09-01,8410.210874999999,6792.90283203,6791.3671875,4340.125
2022-09-02,7896.757291666666,6552.15820313,6550.62207031,4352.64990234375
2022-09-03,7282.560666666667,6361.26220703,6359.72705078,4404.93994140625
2022-09-04,7068.738791666667,6238.88720703,6234.27978516,4432.0849609375
2022-09-05,7371.768958333333,6152.52685547,6148.84179688,4445.0400390625
2022-09-06,7573.82,6077.23486328,6075.69921875,4369.77001953125
2022-09-07,7257.2100833333325,6075.52587891,6073.99121094,4306.77490234375
2022-09-08,8229.861208333334,6100.60986328,6098.45996094,4355.18994140625
2022-09-09,7920.808708333333,6220.62304688,6217.24511719,4526.47509765625
2022-09-10,7522.8875,6309.25292969,6306.48876953,4558.0
2022-09-11,7215.59575,6416.56591797,6415.02978516,4482.4951171875
2022-09-12,6999.418375,6742.93115234,6741.39599609,4519.35498046875
2022-09-13,8219.650916666667,6935.63476563,6934.10009766,4711.76513671875
2022-09-14,8514.777916666668,7195.72314453,7194.18798828,4728.1298828125
2022-09-15,8578.455458333334,7082.93505859,7081.39892578,4742.66015625
2022-09-16,8143.30475,7064.55419922,7063.01806641,4802.02490234375
2022-09-17,7168.493583333333,6995.98193359,6994.44677734,4463.429931640625
2022-09-18,6618.55875,7103.52880859,7101.99316406,4218.5
2022-09-19,7298.060458333333,7170.59277344,7169.05810547,4244.75
2022-09-20,8354.222416666666,7247.2421875,7245.35595703,4353.9599609375
2022-09-21,8703.038583333333,7488.53808594,7487.00195313,4638.56005859375
2022-09-22,8632.631458333333,7917.625,7914.16015625,5195.139892578125
2022-09-23,8257.193041666667,8237.28222656,8234.38574219,5264.89501953125
2022-09-24,7764.16325,8566.04785156,8564.20507813,5180.449951171875
2022-09-25,6860.018125,9175.49804688,9173.65527344,4995.3349609375
2022-09-26,8065.1275,9509.65429688,9507.81054688,5049.7099609375
2022-09-27,9442.771541666669,9907.9609375,9906.11914063,5723.27490234375
2022-09-28,10372.709666666668,10807.06347656,10805.21972656,5759.9599609375
2022-09-29,10374.096416666667,11849.46679688,11847.62402344,5750.39990234375
2022-09-30,9405.414666666666,12566.83300781,12564.99121094,6090.26513671875
2022-10-01,8422.542208333334,12777.32714844,12775.484375,5117.7548828125
2022-10-02,7591.795958333333,12629.41503906,12625.11621094,4459.195068359375
2022-10-03,9339.703375,12567.95898438,12566.1171875,4394.89990234375
2022-10-04,10566.408958333332,12377.26269531,12375.42089844,4297.8499755859375
2022-10-05,10740.743833333334,12101.67382813,12099.83203125,4245.0999755859375
2022-10-06,11087.079124999998,12051.55859375,12049.71582031,4289.0999755859375
2022-10-07,9874.633041666666,12487.82519531,12485.98242188,4434.18994140625
2022-10-08,8860.50825,12951.48242188,12949.63867188,4598.93994140625
2022-10-09,7735.642666666667,13241.27246094,13239.42871094,4780.14501953125
2022-10-10,9430.540625,13447.61523438,13445.7734375,4333.14990234375
2022-10-11,10131.663291666666,13467.86230469,13466.01953125,4233.925048828125
2022-10-12,9360.570958333334,14666.79296875,14664.95117188,4243.0250244140625
2022-10-13,10097.316,16019.62988281,16017.78808594,4369.81005859375
2022-10-14,10085.522916666669,16432.72070313,16430.87890625,4710.68994140625
2022-10-15,9302.9715,16467.23046875,16465.38671875,4705.4599609375
2022-10-16,8577.305624999999,15518.97753906,15506.08007813,4429.3701171875
2022-10-17,10642.595833333333,14551.29492188,14549.45214844,4354.625
2022-10-18,11340.497875,13747.98339844,13746.13964844,4439.35498046875
2022-10-19,11861.768208333331,13249.46484375,13247.62207031,4839.93994140625
2022-10-20,11665.149791666665,12669.81445313,12667.97167969,5076.5400390625
2022-10-21,11643.618416666666,12873.91894531,12872.07617188,5253.705078125
2022-10-22,11429.958041666669,13742.31835938,13740.78320313,5173.5
2022-10-23,11186.431291666668,14141.72070313,14140.18554688,5049.68505859375
2022-10-24,12588.467375,13849.62695313,13848.09179688,4946.385009765625
2022-10-25,12677.602458333333,13209.49023438,13207.95507813,5304.695068359375
2022-10-26,12695.659125,12446.87402344,12445.33886719,5524.81005859375
2022-10-27,12596.235958333333,11657.15234375,11655.30859375,5452.844970703125
2022-10-28,11981.39475,10965.078125,10958.93554688,5458.01513671875
2022-10-29,10408.27375,10376.39453125,10373.63085938,5313.7451171875
2022-10-30,9265.933541666667,10013.57519531,10011.42480469,5038.5400390625
2022-10-31,10764.4365,9833.17773438,9828.87890625,5399.139892578125
2022-11-01,10735.2265,10948.82910156,10946.98632813,5811.08984375
2022-11-02,11190.439083333333,12745.29199219,12743.75683594,5751.5
2022-11-03,11583.004333333332,13553.91894531,13549.92675781,5623.1298828125
2022-11-04,12710.09025,13413.38574219,13407.85839844,5842.2900390625
2022-11-05,11660.329583333332,13229.45117188,13227.91503906,5735.320068359375
2022-11-06,10500.94975,12665.86621094,12664.33007813,5677.93505859375
2022-11-07,11803.06075,11922.93164063,11921.08984375,5588.83984375
2022-11-08,12391.66375,11143.67382813,11142.13769531,5724.455078125
2022-11-09,12426.922458333334,10506.48535156,10504.95019531,5776.9951171875
2022-11-10,12678.507166666668,9961.42773438,9959.89160156,5897.375
2022-11-11,11879.150666666666,9583.04492188,9581.50976563,5994.18994140625
2022-11-12,10772.433375,9292.11230469,9281.36425781,5967.39013671875
2022-11-13,9654.537208333331,9241.44921875,9239.91308594,5663.625
2022-11-14,10653.350416666666,10043.68164063,10041.83886719,5510.804931640625
2022-11-15,10956.657625,10534.58886719,10524.76171875,5987.14990234375
2022-11-16,12352.574666666667,10156.07226563,10150.23730469,5826.97998046875
2022-11-17,12428.168958333334,9582.48632813,9577.57324219,5703.43505859375
2022-11-18,11707.855916666667,9296.296875,9294.45507813,5808.68505859375
2022-11-19,10698.545666666669,9165.30273438,9163.76660156,5701.10498046875
2022-11-20,10032.4955,9052.27734375,9050.7421875,5491.56005859375
2022-11-21,10297.215666666669,9009.12597656,9007.59082031,5550.010009765625
2022-11-22,11197.712125,9212.55273438,9211.01757813,5711.260009765625
2022-11-23,11036.879791666666,9323.25976563,9321.72460938,5843.91015625
2022-11-24,11528.96375,9325.14648438,9322.07519531,5852.06005859375
2022-11-25,11155.449791666666,9278.58789063,9271.83105469,5755.89501953125
2022-11-26,10538.151083333332,9211.13574219,9209.29296875,5670.43505859375
2022-11-27,10120.389291666666,9132.34375,9130.50195313,5588.26513671875
2022-11-28,11728.813916666666,9059.47363281,9057.63085938,5908.77001953125
2022-11-29,11816.500666666669,9035.38476563,9033.54296875,5890.280029296875
2022-11-30,11292.834375,8983.64746094,8981.8046875,7080.294921875
2022-12-01,10935.590916666666,9016.39941406,9014.55566406,6698.385009765625
2022-12-02,9850.813958333334,9049.64453125,9047.80273438,6101.294921875
2022-12-03,8664.342875,9199.38085938,9197.53808594,5789.56005859375
2022-12-04,8132.777166666667,9419.73339844,9417.58300781,5745.14013671875
2022-12-05,9194.03175,9812.89746094,9807.36914063,5677.405029296875
2022-12-06,9484.032541666666,10285.8671875,10276.9609375,5955.5
2022-12-07,10315.135416666666,11040.94335938,11033.87890625,6057.919921875
2022-12-08,11103.047083333331,11775.66015625,11773.81835938,6031.760009765625
2022-12-09,10485.614833333331,12645.37207031,12643.53027344,6024.52490234375
2022-12-10,9493.982666666669,13457.59960938,13455.75683594,6022.16015625
2022-12-11,8677.899416666667,14130.125,14128.28320313,5883.58984375
2022-12-12,9952.694541666666,14558.06738281,14556.22363281,5878.465087890625
2022-12-13,10185.905833333332,14702.79882813,14700.95703125,6352.110107421875
2022-12-14,10451.28625,15140.04785156,15135.13378906,6637.85498046875
2022-12-15,11050.211875,15599.46875,15597.62597656,6884.25
2022-12-16,10460.007333333331,15885.98535156,15882.60742188,7009.284912109375
2022-12-17,9261.838083333334,16144.65527344,16140.66308594,6776.93994140625
2022-12-18,8478.526791666667,16365.24609375,16363.40429688,5744.719970703125
2022-12-19,9671.36825,16490.18554688,16486.80664063,5371.4150390625
2022-12-20,9708.297125,16550.93164063,16540.49023438,5711.10009765625
2022-12-21,9508.633958333334,16509.14453125,16507.30078125,5890.054931640625
2022-12-22,9769.554375,16465.83398438,16463.99023438,5742.3349609375
2022-12-23,9169.559958333331,16323.17285156,16321.33007813,5683.4599609375
2022-12-24,8385.231875,16079.82519531,16077.06054688,5546.739990234375
2022-12-25,7415.789708333334,15829.72363281,15827.88183594,5438.125
2022-12-26,8504.183291666666,15668.18457031,15666.34277344,5415.5
2022-12-27,8745.335291666666,15597.66992188,15595.828125,5526.75
2022-12-28,8291.278833333334,15516.75585938,15514.9140625,5668.719970703125
2022-12-29,8320.903958333334,15517.3515625,15515.50878906,5676.260009765625
2022-12-30,7553.139875,15559.80371094,15557.9609375,5527.2099609375
2022-12-31,7111.592791666667,15780.88574219,15779.04394531,5360.77490234375
2023-01-01,6760.00175,16226.90820313,16225.06542969,5215.33984375
2023-01-02,7105.185875,16954.67578125,16952.83203125,5346.64013671875
2023-01-03,7379.969249999999,17869.76757813,17867.92578125,5864.2099609375
2023-01-04,7292.233625,19000.4453125,18448.8828125,6127.429931640625
2023-01-05,7197.7195,20173.80273438,19135.16015625,6084.929931640625
2023-01-06,7182.595208333333,21043.015625,20074.39257813,7027.60498046875
2023-01-07,6579.306666666666,21881.53710938,21046.65429688,7273.60986328125
2023-01-08,6451.8424583333335,23075.52929688,22173.68554688,6086.284912109375
2023-01-09,7679.554166666666,24403.3203125,23386.81835938,5668.18994140625
2023-01-10,8492.595916666667,26035.953125,24943.671875,7284.60986328125
2023-01-11,9316.253083333331,27386.63476563,26256.19140625,8491.929931640625
2023-01-12,9643.513916666669,28399.90625,27425.16210938,8555.094970703125
2023-01-13,9227.654458333333,29250.82421875,28420.62109375,9461.294921875
2023-01-14,8429.083958333335,30239.328125,28287.62890625,8164.300048828125
2023-01-15,7416.043166666666,31283.4296875,27627.47851563,6548.72998046875
2023-01-16,8826.483458333334,32017.4296875,28150.88671875,5941.804931640625
2023-01-17,9247.310958333332,32321.51171875,28250.41210938,8082.2900390625
2023-01-18,9497.571791666667,32545.17578125,28231.61328125,7810.820068359375
2023-01-19,9659.188125,32561.62109375,28160.09375,8998.31005859375
2023-01-20,9373.063041666666,32248.2265625,26980.19726563,10481.134765625
2023-01-21,9280.914875,31755.68164063,25794.87890625,10809.53515625
2023-01-22,7983.520916666667,31214.2265625,22976.3515625,10932.919921875
2023-01-23,8942.041458333333,30971.18164063,22765.671875,11140.3798828125
2023-01-24,9625.489625,30667.11132813,22883.43359375,11193.21484375
2023-01-25,9899.205125,30428.03515625,23283.27929688,11001.25
2023-01-26,10074.843291666666,30014.32421875,23448.04882813,11226.46484375
2023-01-27,9649.628666666666,29517.87695313,23944.85742188,10836.2099609375
2023-01-28,8897.900916666667,29042.59570313,22401.328125,10132.31005859375
2023-01-29,7914.724625,28609.38671875,20940.49023438,9663.0
2023-01-30,8708.272208333334,28182.34570313,23216.34570313,9526.27490234375
2023-01-31,9367.826625,27761.52539063,23523.67773438,8701.89990234375
2023-02-01,9924.829208333334,27745.96289063,24176.1953125,8062.030029296875
2023-02-02,10212.006083333334,27497.24414063,25174.40820313,7120.35986328125
2023-02-03,9787.158041666667,27343.78125,25003.4140625,7609.97509765625
2023-02-04,8870.327625,27094.71679688,23592.47851563,7527.85009765625
2023-02-05,7903.671958333333,26711.5,22900.48046875,7912.655029296875
2023-02-06,10183.0135,26346.75,23514.46679688,8557.41015625
2023-02-07,10515.05825,26233.09960938,22940.87304688,9040.52001953125
2023-02-08,10374.363958333332,26321.74804688,22394.70703125,9632.9501953125
2023-02-09,10289.222833333331,26350.69726563,22382.44921875,9825.5048828125
2023-02-10,9814.469875,26164.03320313,21750.52929688,9856.169921875
2023-02-11,9338.178083333334,25951.015625,21024.54101563,9963.9599609375
2023-02-12,8477.831666666667,25802.56445313,17242.09765625,9915.044921875
2023-02-13,10141.880958333331,25881.02539063,18303.21289063,10127.71484375
2023-02-14,10658.536541666666,25946.81445313,18172.5546875,11540.73486328125
2023-02-15,10371.07325,25977.1171875,15957.19140625,13221.35986328125
2023-02-16,10690.513416666668,26450.99023438,14934.92089844,14491.69482421875
2023-02-17,9738.689625,27571.30664063,14864.91894531,14534.93994140625
2023-02-18,9082.937125,28244.90625,15031.74902344,14465.19482421875
2023-02-19,7970.777625,28958.47265625,13928.20703125,13521.9248046875
2023-02-20,9532.933666666666,29233.81835938,16385.13867188,13046.64990234375
2023-02-21,8724.188083333333,28915.04492188,15726.57421875,13130.22998046875
2023-02-22,10246.306,29053.75195313,18719.265625,12850.47021484375
2023-02-23,10038.395333333334,29017.515625,18797.37109375,12630.47509765625
2023-02-24,9962.652458333332,29271.33203125,17659.2578125,12500.51025390625
2023-02-25,9294.410416666668,29850.65429688,16665.68945313,13163.18017578125
2023-02-26,8105.943,30278.32617188,15412.83105469,14709.7099609375
2023-02-27,9494.168625,31215.25390625,17115.8125,16053.44482421875
2023-02-28,10301.285916666666,31749.13085938,18652.5078125,15385.46484375
2023-03-01,10720.056458333334,31983.36132813,20909.83984375,14564.9599609375
2023-03-02,10647.270916666666,31892.49804688,21382.00390625,12421.76513671875
2023-03-03,10471.474666666669,31509.07421875,21672.32421875,10644.1748046875
2023-03-04,9555.761166666667,30753.59570313,21550.640625,9833.78515625
2023-03-05,9410.971875,29920.18554688,22630.50390625,8012.360107421875
2023-03-06,10998.531041666669,29192.94921875,24713.60351563,6977.64013671875
2023-03-07,11130.890666666666,28177.4140625,25220.84375,6972.93994140625
2023-03-08,11081.4015,27084.19140625,24706.58984375,7111.719970703125
2023-03-09,10676.845166666668,26487.29882813,24174.67578125,7056.824951171875
2023-03-10,10684.976625,25990.76953125,23555.80664063,6963.864990234375
2023-03-11,9446.052083333334,25829.8515625,22143.9453125,7024.534912109375
2023-03-12,8225.5315,25708.06445313,19456.36328125,9606.9150390625
2023-03-13,9579.0965,25747.51171875,17990.33789063,11384.7099609375
2023-03-14,10558.485041666669,26145.43554688,16630.27929688,13350.77490234375
2023-03-15,10533.169291666669,26790.796875,14581.80957031,14907.02490234375
2023-03-16,10654.512,27488.0625,15223.18359375,16296.375
2023-03-17,10806.619166666667,28645.2265625,15684.06054688,16419.58056640625
2023-03-18,10489.272625,29536.03125,16167.50976563,16034.9599609375
2023-03-19,9262.757416666667,30051.30859375,15067.98144531,15889.81982421875
2023-03-20,9660.273541666667,30206.11328125,15969.7265625,15613.56005859375
2023-03-21,11132.803041666666,30109.48242188,17854.14453125,15641.830078125
2023-03-22,11095.513,29867.05273438,18207.76367188,15068.615234375
2023-03-23,11077.720666666666,29455.11523438,17697.83984375,14082.78515625
2023-03-24,10837.315875,28875.72851563,18045.22070313,13073.625
2023-03-25,10686.386583333331,28058.05078125,18247.18359375,10808.3251953125
2023-03-26,9115.082,27112.52734375,17502.87109375,8846.3251953125
2023-03-27,10500.030583333331,26280.41210938,19265.79296875,8242.6650390625
2023-03-28,10731.775708333333,25221.8359375,20069.875,8424.93994140625
2023-03-29,10481.649625,23813.48046875,19429.98828125,8536.31005859375
2023-03-30,10092.450666666666,22537.828125,19501.953125,9040.044921875
2023-03-31,10171.441541666669,21266.1875,19116.96875,7299.43994140625
2023-04-01,9976.698458333334,20228.71484375,18325.2734375,6098.93994140625
2023-04-02,8791.483958333332,19354.52148438,17144.78320313,5749.48486328125
2023-04-03,10032.49475,18695.13085938,17888.64257813,5612.68994140625
2023-04-04,10184.009,18153.83007813,17663.6484375,5788.22998046875
2023-04-05,9802.644291666666,17738.93945313,17264.77734375,5769.919921875
2023-04-06,9659.426208333332,17546.6640625,17114.26171875,5560.6298828125
2023-04-07,9248.633541666666,17444.0546875,17011.65234375,5401.27490234375
2023-04-08,9800.244708333334,17237.6796875,16805.27539063,5223.27490234375
2023-04-09,9085.303208333333,17150.70117188,16713.2578125,5176.43994140625
2023-04-10,9900.459083333331,17147.24414063,16723.12109375,5123.97509765625
2023-04-11,9698.541541666667,17225.39257813,16793.890625,5176.93505859375
2023-04-12,10154.814125,17370.52148438,16042.43554688,5293.48486328125
2023-04-13,10249.079333333331,17620.37695313,14343.03613281,5534.25
2023-04-14,10193.573333333334,17953.72070313,15082.25585938,8301.530029296875
2023-04-15,9602.277833333334,18298.33789063,15773.10839844,10044.7451171875
2023-04-16,8806.230916666667,18570.58398438,14116.546875,9683.52001953125
2023-04-17,9601.273916666669,18944.58398438,14765.08496094,9108.2548828125
2023-04-18,9947.556791666666,19646.4609375,14567.48339844,8785.0400390625
2023-04-19,9896.255125,19995.91015625,12296.75683594,10091.9150390625
2023-04-20,10115.914791666668,20403.20117188,10990.10253906,14107.68505859375
2023-04-21,8742.762499999999,20641.44726563,8511.33203125,15914.580078125
2023-04-22,7902.185416666667,20590.25,8223.61523438,14851.93505859375
2023-04-23,7274.274166666666,20688.84179688,10168.08398438,10817.02490234375
2023-04-24,8921.964791666667,20772.7109375,12378.44335938,7728.08984375
2023-04-25,9544.491833333332,21045.63671875,14894.76074219,6810.89990234375
2023-04-26,9486.687541666666,21281.9453125,16307.95703125,7611.844970703125
2023-04-27,9541.188333333334,21262.54882813,16126.87109375,8563.615234375
2023-04-28,9551.869916666668,21028.75585938,15113.57226563,8866.77001953125
2023-04-29,9543.6145,20736.67382813,12927.79980469,9081.22021484375
2023-04-30,8574.194458333333,20310.06640625,11402.23535156,9702.77001953125
2023-05-01,8578.020208333333,19781.19921875,11274.22460938,10204.71484375
2023-05-02,9743.118833333334,19161.89453125,12628.16015625,9987.43017578125
2023-05-03,10136.144041666666,18935.74414063,13914.89257813,9018.97509765625
2023-05-04,10056.335291666666,18298.35546875,14390.54003906,7213.01513671875
2023-05-05,9851.854708333334,17514.03710938,14601.62011719,6448.7548828125
2023-05-06,8949.661750000001,16640.74023438,13993.81347656,5797.52490234375
2023-05-07,8055.350458333333,15886.02929688,13534.82910156,5643.7451171875
2023-05-08,10090.164,15300.06347656,14867.66015625,5575.72998046875
2023-05-09,9972.894916666666,14818.75976563,14388.69726563,5727.330078125
2023-05-10,10077.308583333332,14413.94238281,13983.70019531,6108.580078125
2023-05-11,10229.303416666668,14057.20019531,13378.87011719,6245.35498046875
2023-05-12,9845.725666666667,13720.30664063,12726.24121094,6300.794921875
2023-05-13,9245.899791666669,13432.88671875,12513.8984375,5986.64990234375
2023-05-14,8326.563124999999,13140.58984375,12281.04785156,5658.35009765625
2023-05-15,9087.840666666669,12876.79589844,12289.12109375,5599.0
2023-05-16,9617.645583333331,12638.37207031,12114.12597656,5594.044921875
2023-05-17,9389.174666666668,12440.59472656,12019.73242188,5466.93994140625
2023-05-18,9452.312875,12262.75097656,11980.96484375,5214.16015625
2023-05-19,9559.618833333332,12103.80664063,11824.51367188,5222.5
2023-05-20,8860.838458333334,11948.67871094,11525.96191406,5132.33984375
2023-05-21,8034.79575,11789.23535156,11378.49511719,5076.89013671875
2023-05-22,8880.501416666666,11675.70019531,11313.56054688,5024.2099609375
2023-05-23,9274.25875,11581.12988281,11457.32324219,5042.14990234375
2023-05-24,8636.580708333333,11437.37695313,11435.84082031,5180.9150390625
2023-05-25,8566.744833333332,11310.01464844,11308.48046875,5164.3349609375
2023-05-26,7932.446458333333,11163.41308594,11161.87792969,5094.5400390625
2023-05-27,7919.587583333334,11068.890625,11067.04882813,5016.4951171875
2023-05-28,7529.863666666667,11103.39257813,11094.1796875,5036.41015625
2023-05-29,8523.1855,11379.22753906,11377.38574219,5008.22998046875
2023-05-30,8687.52025,11319.96484375,11318.12207031,5086.66015625
2023-05-31,9076.151833333332,11226.125,11224.28222656,5131.68994140625
2023-06-01,9375.430833333334,11382.13671875,11380.29394531,5113.2099609375
2023-06-02,8251.398583333334,11609.95214844,11608.109375,5122.2900390625
2023-06-03,7375.19325,11887.98242188,11866.79199219,5133.375
2023-06-04,6767.027833333334,12209.30761719,12182.89746094,5239.9150390625
2023-06-05,6828.9352499999995,12509.32128906,12507.47753906,5018.02001953125
2023-06-06,7312.204166666666,12750.04003906,12748.19726563,5338.294921875
2023-06-07,7606.990624999999,12918.91796875,12917.07617188,5433.43505859375
2023-06-08,7612.532375,13011.1328125,12995.1640625,5144.81005859375
2023-06-09,7698.634041666667,13028.58007813,13019.3671875,4906.4599609375
2023-06-10,7269.808416666667,12925.73046875,12923.88769531,4870.58984375
2023-06-11,6561.45575,12755.49023438,12745.96972656,4899.83984375
2023-06-12,7797.985874999999,12560.41503906,12546.90234375,5016.52001953125
2023-06-13,9146.474041666666,12599.69824219,12597.85546875,5368.9599609375
2023-06-14,10250.44225,12556.27832031,12554.43457031,5855.81005859375
2023-06-15,10595.87275,12468.80273438,12462.96777344,6419.48486328125
2023-06-16,10051.532458333331,12451.48828125,12449.64648438,7584.14013671875
2023-06-17,9339.815625,12780.76660156,12772.78222656,6374.33984375
2023-06-18,8565.264458333333,13424.47265625,13413.41699219,6463.0048828125
2023-06-19,9378.414416666668,13991.67773438,13981.23730469,5711.2548828125
2023-06-20,9769.396166666667,14292.13183594,14289.98242188,6003.2900390625
2023-06-21,10127.900708333333,14358.28710938,14349.66503906,6018.10009765625
2023-06-22,10307.780875,14264.65820313,14262.81542969,6144.544921875
2023-06-23,9972.086875,14089.20214844,14087.359375,6046.18994140625
2023-06-24,9017.647791666666,13773.94628906,13772.10351563,5679.56005859375
2023-06-25,7893.650458333333,13470.41699219,13460.89746094,5138.22998046875
2023-06-26,9598.518583333333,13124.27636719,13122.43359375,5009.4599609375
2023-06-27,9922.791416666669,12786.23339844,12784.390625,5338.0
2023-06-28,10049.891166666666,12461.31738281,12459.47363281,5276.3349609375
2023-06-29,9633.123458333332,12158.45800781,12156.61523438,5177.35986328125
2023-06-30,9146.629958333331,11831.91601563,11830.07324219,5216.31005859375
2023-07-01,8448.352375,11499.44042969,11497.59765625,4930.8701171875
2023-07-02,8059.95475,11180.52636719,11173.46191406,4862.81005859375
2023-07-03,9008.090708333331,10891.99609375,10883.70507813,4812.7900390625
2023-07-04,8734.808666666666,10647.44824219,10636.08496094,4816.419921875
2023-07-05,9081.793333333331,10451.59375,10441.15332031,4854.6298828125
2023-07-06,8770.651291666667,10294.00488281,10283.25683594,4938.75
2023-07-07,8139.851708333333,10158.64453125,10147.89648438,5783.60009765625
2023-07-08,7418.396625,10058.91113281,10047.85644531,5779.10498046875
2023-07-09,7264.539416666667,9955.94921875,9941.51464844,4949.56005859375
2023-07-10,7978.476374999999,10081.95605469,10071.82226563,4852.6298828125
2023-07-11,9159.745625,10551.37109375,10540.62304688,5060.5400390625
2023-07-12,9079.497416666669,10820.38769531,10810.86816406,5007.590087890625
2023-07-13,8917.171,10974.85644531,10961.65136719,4938.10498046875
2023-07-14,8328.690583333333,11064.09570313,11053.34667969,5310.625
2023-07-15,7409.78375,11055.29785156,11044.24316406,5265.27001953125
2023-07-16,6666.478541666666,10968.63574219,10956.96582031,4957.050048828125
2023-07-17,7808.057208333333,10833.73632813,10824.21582031,4868.7099609375
2023-07-18,8692.921375,10663.89746094,10657.75488281,4911.97998046875
2023-07-19,8750.700416666667,10490.09375,10486.71582031,4990.330078125
2023-07-20,8535.54475,10309.21582031,10182.18652344,4956.89990234375
2023-07-21,8111.746041666666,10152.43066406,10020.84863281,4981.27490234375
2023-07-22,7306.854833333334,9982.0390625,9980.19726563,4976.83984375
2023-07-23,6929.549291666666,9853.3828125,9851.54101563,4959.7900390625
2023-07-24,8259.304875,9714.62011719,9567.32910156,4926.4599609375
2023-07-25,9077.191166666666,9580.43847656,9367.77636719,5065.3349609375
2023-07-26,9277.478083333332,9461.72558594,9231.125,5119.83984375
2023-07-27,9247.018791666667,9359.43261719,9199.3359375,5162.18994140625
2023-07-28,8706.24325,9287.66308594,9125.13867188,5202.625
2023-07-29,7990.13475,9281.06152344,9279.21972656,5075.27001953125
2023-07-30,7316.243666666666,9241.27832031,9239.7421875,4972.72998046875
2023-07-31,8136.53525,9157.02929688,9155.49414063,4931.31005859375
2023-08-01,8995.12675,9060.38183594,9058.84570313,5128.6201171875
2023-08-02,9308.884208333331,8955.45605469,8948.39160156,5223.85009765625
2023-08-03,9276.867041666666,8870.10742188,8861.81542969,5335.18994140625
2023-08-04,8818.306833333334,8768.13769531,8761.99609375,5165.080078125
2023-08-05,8093.204583333333,8658.96386719,8657.12109375,5243.9599609375
2023-08-06,7419.845916666666,8559.68847656,8546.79003906,5106.7900390625
2023-08-07,8292.312916666668,8482.62988281,8480.78710938,5012.2099609375
2023-08-08,9100.146875,8399.58789063,8397.74511719,5251.76513671875
2023-08-09,8536.568166666666,8374.90039063,8373.05664063,5495.6201171875
2023-08-10,8896.374416666667,8378.71875,8374.11328125,5654.6650390625
2023-08-11,8890.960375,8474.94140625,8469.72070313,5796.06494140625
2023-08-12,7975.01425,8511.87597656,8509.41894531,5861.47998046875
2023-08-13,7199.958791666667,8796.99023438,8781.94238281,5641.7900390625
2023-08-14,7766.102166666667,9040.72558594,9037.04101563,5218.31005859375
2023-08-15,8538.390416666667,9030.01171875,9024.79199219,5927.33984375
2023-08-16,8810.224833333334,8920.53222656,8913.77539063,5730.4150390625
2023-08-17,9458.2725,8818.95507813,8812.19921875,5678.26513671875
2023-08-18,8842.031041666667,8719.66015625,8713.82519531,5636.72509765625
2023-08-19,8759.538916666666,8755.3828125,8750.16308594,5576.23486328125
2023-08-20,8519.017583333332,8755.48632813,8735.04882813,5390.08984375
2023-08-21,9463.740458333334,8582.41699219,8577.50390625,5255.3349609375
2023-08-22,10279.183208333334,8445.10839844,8439.88671875,6108.89501953125
2023-08-23,10919.467583333331,8374.54003906,8367.4765625,6160.73486328125
2023-08-24,10693.472,8375.11230469,8366.8203125,6835.76513671875
2023-08-25,9749.335,8356.10644531,8349.34960938,6932.16015625
2023-08-26,8741.070958333334,8311.80664063,8304.43554688,6427.91015625
2023-08-27,8347.707708333333,8270.98046875,8261.15332031,5599.4599609375
2023-08-28,9439.59375,8225.63085938,8218.56835938,5803.3701171875
2023-08-29,9580.498583333332,8235.53808594,8230.62402344,6371.2900390625
2023-08-30,9692.290458333331,8246.43554688,8240.60058594,5859.47998046875
2023-08-31,9924.095,8209.74511719,8208.20996094,5960.35498046875
2023-09-01,9525.60775,8406.15917969,8402.47363281,5872.06005859375
2023-09-02,8712.916875,8460.03808594,8453.28125,5733.0849609375
2023-09-03,8418.854916666667,8435.19824219,8429.36328125,5384.1650390625
2023-09-04,9232.392875,8670.78808594,8665.25976563,5229.68505859375
2023-09-05,9139.48025,9017.79394531,9013.18847656,6079.5400390625
2023-09-06,8729.249333333333,9305.97460938,9300.75488281,5813.60986328125
2023-09-07,8448.895458333334,9655.94238281,9650.72070313,5424.89501953125
2023-09-08,8638.502208333333,9826.70605469,9822.71386719,5322.125
2023-09-09,8491.219500000001,10070.83203125,10069.29589844,5929.64501953125
2023-09-10,7897.653583333333,10262.81152344,10258.8203125,5529.06494140625
2023-09-11,8995.786583333333,10269.1953125,10264.28222656,5363.25
2023-09-12,9005.525749999999,10054.22363281,10049.00292969,6107.31005859375
2023-09-13,9309.252541666669,9827.95214844,9823.03808594,6216.205078125
2023-09-14,9617.696125,9679.21972656,9674.30664063,6206.66015625
2023-09-15,8748.781333333334,9530.03125,9525.1171875,5871.85986328125
2023-09-16,8464.214,9314.65429688,9309.74121094,5792.919921875
2023-09-17,8484.711166666666,8963.76074219,8958.84765625,5478.83984375
2023-09-18,9692.640333333333,8581.06738281,8577.38183594,5333.48486328125
2023-09-19,9405.568041666667,8306.97460938,8301.13964844,6341.60009765625
2023-09-20,10056.839,8112.51123047,8110.05419922,6546.080078125
2023-09-21,10549.359,7974.2421875,7970.86376953,6607.9951171875
2023-09-22,10563.046833333334,7757.03222656,7754.88183594,6444.8798828125
2023-09-23,10253.411208333331,7604.84082031,7601.46289063,6061.534912109375
2023-09-24,10279.020541666669,7409.81591797,7406.13085938,5637.239990234375
2023-09-25,11368.292125,7281.27001953,7277.89208984,5671.840087890625
2023-09-26,11152.534,7186.69580078,7183.625,6585.14990234375
2023-09-27,10920.427916666666,7103.51318359,7100.92578125,6790.0849609375
2023-09-28,10876.3295,6943.96386719,6942.42822266,6564.580078125
2023-09-29,10240.037458333334,6761.15820313,6758.70117188,6344.300048828125
2023-09-30,9411.807125,6649.32324219,6647.47998047,6098.830078125
2023-10-01,9889.532916666669,6446.35302734,6444.81787109,5889.52490234375
2023-10-02,10688.226916666668,6506.58203125,6501.66894531,5259.64013671875
2023-10-03,10483.80575,6493.16992188,6491.63476563,6587.1298828125
2023-10-04,9760.197458333334,6565.32080078,6563.78613281,6970.340087890625
2023-10-05,9005.3855,6603.61376953,6602.078125,7097.239990234375
2023-10-06,9516.511291666668,6942.92285156,6941.38818359,7295.074951171875
2023-10-07,8655.072125,7244.33886719,7242.80419922,6717.76513671875
2023-10-08,8147.934333333334,7610.75683594,7525.88183594,6184.590087890625
2023-10-09,9053.184541666667,8402.88574219,8400.42871094,6038.58984375
2023-10-10,9429.888,9741.92578125,9738.54785156,6941.080078125
2023-10-11,9215.905708333334,11325.62597656,11322.24804688,6714.804931640625
2023-10-12,8780.111041666667,12487.18164063,12483.18945313,6256.155029296875
2023-10-13,8946.48625,13115.45507813,13110.84863281,5644.89013671875
2023-10-14,8299.421333333334,13236.70800781,13219.73535156,5756.7900390625
2023-10-15,8461.885041666666,13015.80175781,13008.43066406,5139.429931640625
2023-10-16,9140.315375,12534.7265625,12529.50585938,5091.10498046875
2023-10-17,9739.910833333332,12178.41796875,12169.81933594,5768.9599609375
2023-10-18,9771.478583333334,12079.19726563,12070.90527344,5816.5048828125
2023-10-19,9711.316875,12260.46972656,12258.62792969,6102.4150390625
2023-10-20,9084.1485,12383.55957031,12379.56835938,6134.91015625
2023-10-21,8552.489625,12381.95410156,12378.26855469,5479.89013671875
2023-10-22,8651.166875,12160.53027344,12154.6953125,5201.344970703125
2023-10-23,9811.944791666669,11818.62011719,11815.54882813,5185.52001953125
2023-10-24,9716.31925,11430.7734375,11424.93847656,6058.625
2023-10-25,9454.235,11215.83300781,11212.45507813,6396.409912109375
2023-10-26,9793.286958333332,10796.515625,10777.78222656,6290.31005859375
2023-10-27,9415.369208333334,10478.45996094,10463.71875,6955.93994140625
2023-10-28,8819.247208333332,11025.22460938,11008.640625,6951.60009765625
2023-10-29,9538.420166666669,11705.21484375,11578.67285156,6745.425048828125
2023-10-30,9550.331916666668,13193.5546875,13185.87695313,6777.89013671875
2023-10-31,10069.482333333332,15943.22851563,15940.15820313,7188.93994140625
2023-11-01,10833.252083333333,18337.73828125,15700.6328125,7599.905029296875
2023-11-02,10647.81025,18725.48046875,12467.63378906,7760.550048828125
2023-11-03,10619.292083333334,18348.06835938,10888.19140625,8875.33984375
2023-11-04,10300.068,19214.26367188,17063.02734375,9443.7099609375
2023-11-05,9529.631208333334,20911.06835938,14373.76855469,8808.5751953125
2023-11-06,10525.386125,20706.6875,13117.95800781,8086.8349609375
2023-11-07,10446.688,19727.85742188,13513.02929688,8364.594970703125
2023-11-08,11219.606583333334,18951.49414063,14627.70898438,7817.75
2023-11-09,11486.847625,17768.23046875,15813.16308594,7279.33984375
2023-11-10,11017.966291666666,16451.26953125,15354.64941406,7434.989990234375
2023-11-11,11509.359375,15267.20117188,14609.02539063,7563.2900390625
2023-11-12,11193.038374999998,14251.45410156,13431.32226563,7271.18994140625
2023-11-13,11636.130041666664,13328.91992188,13278.69824219,8481.75
2023-11-14,11485.967666666666,12591.44824219,11611.79296875,8496.18994140625
2023-11-15,10765.944416666667,11928.04980469,9603.17480469,7755.3798828125
2023-11-16,11702.412958333334,11399.15234375,10586.29199219,8129.179931640625
2023-11-17,11685.200791666668,10820.15820313,10081.56835938,7878.10009765625
2023-11-18,10910.366791666667,10177.34375,8499.88867188,8008.465087890625
2023-11-19,11156.847208333333,9619.15136719,8748.00292969,7335.4951171875
2023-11-20,11911.00175,9198.52148438,9189.61523438,6784.83984375
2023-11-21,11525.31975,8908.51269531,8906.05664063,7379.989990234375
2023-11-22,12302.371333333334,8708.86132813,8703.63964844,7363.9150390625
2023-11-23,11703.933958333331,8728.13671875,8721.58300781,7380.0400390625
2023-11-24,11395.413833333334,9341.69726563,9339.85351563,7698.89501953125
2023-11-25,10335.36775,9917.26757813,8529.41210938,7618.875
2023-11-26,9433.519541666668,10558.10742188,8658.16308594,6395.85986328125
2023-11-27,10083.0215,11400.17773438,9794.125,6307.85009765625
2023-11-28,10914.31,12278.76269531,11379.54492188,7564.66015625
2023-11-29,11455.9255,13314.77246094,13312.9296875,7855.3349609375
2023-11-30,11883.119208333332,14033.15429688,13733.2109375,7754.010009765625
2023-12-01,12052.355375,14793.26953125,13715.80664063,7667.590087890625
2023-12-02,12005.619416666666,14601.18847656,13389.52929688,7560.905029296875
2023-12-03,11063.601125,14206.08789063,12387.98339844,6696.60498046875
2023-12-04,12171.514541666666,14165.33886719,12905.53417969,7198.614990234375
2023-12-05,12394.2215,14356.56347656,13628.42089844,6588.5048828125
2023-12-06,12123.806833333334,14460.59472656,13832.84277344,6362.2451171875
2023-12-07,12163.197791666666,14305.15136719,14303.30761719,7186.574951171875
2023-12-08,11559.679875,14204.65820313,14202.20117188,7383.074951171875
2023-12-09,11214.817375,14394.67675781,13610.19335938,6795.6298828125
2023-12-10,10293.417458333332,14397.11230469,13389.31738281,6077.4599609375
2023-12-11,11011.922458333334,14808.69628906,13282.54589844,6538.044921875
2023-12-12,11219.124583333332,14842.81640625,14107.19628906,7335.2451171875
2023-12-13,11823.620041666669,14270.90917969,13543.48339844,6870.5400390625
2023-12-14,12672.840083333334,13511.94238281,13509.79199219,6463.635009765625
2023-12-15,12500.166333333333,12807.43652344,12553.46679688,7022.425048828125
2023-12-16,11692.616208333333,12241.26464844,11806.21484375,6922.6201171875
2023-12-17,11620.221791666663,11733.32910156,11300.61914063,6386.080078125
2023-12-18,13275.214125,11201.78515625,10769.38183594,6660.510009765625
2023-12-19,12719.052458333334,10758.3828125,10325.98144531,6746.2900390625
2023-12-20,12042.36325,10436.84375,10004.44140625,6832.8701171875
2023-12-21,11927.731083333332,10244.06054688,9811.65917969,6431.080078125
2023-12-22,11204.595625,10001.58398438,9571.70214844,6608.23486328125
2023-12-23,10518.700666666666,9643.13671875,9210.73535156,6288.469970703125
2023-12-24,9722.262041666669,9482.32421875,9049.921875,6713.3349609375
2023-12-25,9117.523458333331,9564.30273438,9136.40136719,5609.8701171875
2023-12-26,9713.210666666668,9631.91113281,9200.22753906,5993.1201171875
2023-12-27,10039.895125,9638.03320313,9205.62988281,5969.39501953125
2023-12-28,10409.690875,9711.80957031,9282.10742188,5445.919921875
2023-12-29,10074.055333333334,9798.05175781,9359.34960938,5456.324951171875
2023-12-30,9668.515875,9882.84179688,9445.0390625,5787.820068359375
2023-12-31,9347.540125,10022.01074219,9589.609375,5445.85986328125
2024-01-01,9367.737,10188.40917969,9756.00683594,5377.68505859375
2024-01-02,10436.426875,10467.02832031,10061.44628906,5785.125
2024-01-03,10756.348666666669,10724.54199219,10548.99902344,6174.23486328125
2024-01-04,10839.760625,10664.88769531,10503.92480469,5944.705078125
2024-01-05,10405.981291666669,10518.28222656,10308.0,6248.39501953125
2024-01-06,10347.5205,10531.203125,10529.36132813,6141.570068359375
2024-01-07,10216.893875,10663.80273438,10661.95996094,6169.889892578125
2024-01-08,11247.213041666668,10814.85351563,10747.8515625,6477.510009765625
2024-01-09,11251.561916666666,10966.57519531,10846.11230469,6995.860107421875
2024-01-10,10862.965041666666,11257.85351563,11256.01074219,6553.93994140625
2024-01-11,10285.031791666666,11492.18164063,11490.33984375,7724.64501953125
2024-01-12,10189.023583333334,11490.49414063,11488.65136719,7427.52001953125
2024-01-13,9690.281083333331,11680.3671875,11678.52441406,6583.625
2024-01-14,9867.158916666667,11852.02246094,11847.10839844,6893.0400390625
2024-01-15,10797.673333333334,11828.94335938,11827.09960938,6938.8349609375
2024-01-16,10849.120166666666,11977.64453125,11975.80273438,7603.10498046875
2024-01-17,10797.468458333333,12221.97460938,12220.1328125,7183.27001953125
2024-01-18,10858.44625,12279.54589844,12277.703125,7128.89501953125
2024-01-19,10835.335375,12384.44433594,12382.60058594,7225.2900390625
2024-01-20,10596.931041666669,12542.17675781,12540.33496094,7810.77001953125
2024-01-21,10219.904458333333,12974.43457031,12972.59179688,7130.14501953125
2024-01-22,10966.219125,13480.10253906,13478.25976563,6845.77001953125
2024-01-23,10620.003333333334,13809.99023438,13808.14746094,7452.56005859375
2024-01-24,10447.495291666666,13893.36425781,13891.52148438,7085.85498046875
2024-01-25,10227.470166666666,13958.66796875,13956.82519531,6847.909912109375
2024-01-26,9676.482083333334,13690.171875,13688.32910156,6636.125
2024-01-27,8922.950125,13537.97265625,13536.13085938,6498.81005859375
2024-01-28,8098.040541666666,13357.70703125,13349.10839844,5819.375
2024-01-29,8800.455166666667,13149.06054688,13147.21875,5729.1201171875
2024-01-30,9335.515791666669,13025.47460938,13023.63183594,5943.9150390625
2024-01-31,9662.2675,12834.89941406,12833.05566406,7093.02001953125
2024-02-01,9684.474958333334,12635.29394531,12633.45117188,7090.0400390625
2024-02-02,9390.754708333334,12318.01269531,12316.47753906,6088.7900390625
2024-02-03,8837.654,11926.38085938,11924.84472656,5346.0400390625
2024-02-04,8303.493791666666,11516.796875,11515.26171875,5080.47998046875
2024-02-05,8561.939333333334,11169.71972656,11166.64941406,4985.75
2024-02-06,9068.735416666666,10884.91015625,10879.07519531,5337.875
2024-02-07,9005.584375,10720.33007813,10714.49511719,5148.18994140625
2024-02-08,9197.238125,10680.61816406,10675.3984375,5373.93994140625
2024-02-09,8328.846875000001,10794.78027344,10793.24414063,6572.9150390625
2024-02-10,7717.334958333333,11007.19140625,11005.34765625,5567.64501953125
2024-02-11,7354.323666666667,11179.88671875,11178.04394531,5170.47998046875
2024-02-12,7606.803708333333,11410.76953125,11408.92675781,4988.06005859375
2024-02-13,7780.282458333334,11606.29199219,11604.45019531,4973.3349609375
2024-02-14,7828.439291666667,11817.68652344,11815.84472656,5123.3349609375
2024-02-15,7487.206083333333,11940.67675781,11938.83398438,5475.93994140625
2024-02-16,7718.246791666667,11955.48046875,11953.63769531,5699.18994140625
2024-02-17,7359.156791666667,11930.38964844,11928.546875,7290.02001953125
2024-02-18,7157.046416666667,11970.7734375,11968.93066406,7103.75
2024-02-19,8107.455666666666,12163.84375,12162.00097656,7013.52001953125
2024-02-20,8394.620416666667,12226.11132813,12224.26757813,7059.8349609375
2024-02-21,8803.234041666667,12301.91113281,12300.06835938,6666.18994140625
2024-02-22,9074.611833333334,12458.86523438,12457.0234375,6089.125
2024-02-23,8291.956083333333,12795.05664063,12793.21386719,5982.06005859375
2024-02-24,7323.561666666667,13280.85058594,13279.31542969,5556.47998046875
2024-02-25,7141.880041666666,13863.84765625,13862.31347656,5240.4150390625
2024-02-26,7860.715916666667,14287.63085938,14285.7890625,5050.125
2024-02-27,8637.686416666666,14464.21972656,14462.37792969,5130.0849609375
2024-02-28,8568.522125000001,14508.36425781,14506.52246094,5447.4599609375
2024-02-29,8942.341125,14474.3984375,14472.5546875,6032.97998046875
2024-03-01,9010.562625,14403.17480469,14401.33300781,5820.31005859375
2024-03-02,8603.387666666667,14253.00585938,14251.47070313,6063.02001953125
2024-03-03,8322.04475,13921.08398438,13919.54882813,5622.2900390625
2024-03-04,8710.00975,13431.11328125,13429.57714844,5046.06005859375
2024-03-05,8720.296625,12935.08984375,12933.55371094,5732.4150390625
2024-03-06,8271.705375,12490.57910156,12489.04394531,5577.625
2024-03-07,8560.312916666668,12011.0234375,12009.48730469,5290.75
2024-03-08,8001.427875,11593.93945313,11592.40332031,5105.68994140625
2024-03-09,7441.941625,11279.72070313,11278.18457031,4954.125
2024-03-10,7268.491208333333,11129.77832031,11128.24316406,4983.81005859375
2024-03-11,7557.373500000001,11108.47460938,11106.94042969,5442.0
2024-03-12,7422.352666666667,11238.671875,11232.22167969,5403.375
2024-03-13,7696.934208333333,11428.76464844,11413.20117188,5279.72998046875
2024-03-14,7821.722416666667,11643.54296875,11633.71582031,5304.77001953125
2024-03-15,7585.477541666667,11926.00683594,11917.71484375,5300.25
2024-03-16,7186.897791666666,12279.12207031,12270.83007813,5500.81005859375
2024-03-17,6888.997125000001,12536.16894531,12527.87695313,5379.85498046875
2024-03-18,7283.808666666667,12807.12695313,12798.52832031,5079.31005859375
2024-03-19,7659.66575,13067.421875,13058.82324219,5338.22998046875
2024-03-20,7495.544041666667,13082.45117188,13073.8515625,5478.679931640625
2024-03-21,6901.299375,12870.38476563,12853.80175781,5667.5400390625
2024-03-22,6866.584833333333,12701.52832031,12682.1796875,5428.0849609375
2024-03-23,6487.718625,12668.32128906,12648.66699219,5271.3349609375
2024-03-24,6105.961375,12698.65332031,12682.99121094,4872.31005859375
2024-03-25,7017.8973750000005,12873.17675781,12857.20800781,4840.4150390625
2024-03-26,7533.021874999999,13175.04003906,13166.44140625,4880.8349609375
2024-03-27,7260.918208333333,13630.80957031,13623.74707031,4971.7900390625
2024-03-28,6779.561874999999,14242.93652344,14241.09375,5008.47998046875
2024-03-29,6568.360458333334,15013.89355469,14997.31054688,4856.72998046875
2024-03-30,6854.1285,15866.38574219,15864.54394531,4829.72998046875
2024-03-31,6620.616999999999,16789.58203125,16777.91210938,4746.1650390625
2024-04-01,7094.0046250000005,17693.27929688,17691.13085938,4635.4150390625
2024-04-02,6950.157333333334,18456.80859375,18446.36523438,4546.85498046875
2024-04-03,6957.860458333334,19104.21679688,19097.76757813,4726.02001953125
2024-04-04,6674.397708333334,19689.86914063,19688.02734375,4925.02001953125
2024-04-05,6608.686291666666,20104.12695313,20102.28320313,4895.0400390625
2024-04-06,6417.080625,20201.14648438,20199.30273438,4493.47998046875
2024-04-07,5333.701041666666,19975.36328125,19973.51953125,4659.875
2024-04-08,5672.732291666667,19622.81835938,19620.97460938,4203.199951171875
2024-04-09,6766.134791666666,19169.84960938,19168.0078125,4170.5999755859375
2024-04-10,7673.422625,18660.58203125,18652.90429688,4296.5400390625
2024-04-11,7085.392791666666,18051.80078125,18036.75195313,4696.97998046875
2024-04-12,6131.738125,17546.28320313,17533.69335938,4629.93994140625
2024-04-13,5721.961166666667,17288.53710938,17279.32421875,4346.64501953125
2024-04-14,5366.522958333334,17021.40820313,17015.88085938,4179.3699951171875
2024-04-15,5467.3467083333335,16775.9375,16764.57421875,4180.1500244140625
2024-04-16,5380.0997916666665,16881.20117188,16853.25585938,4289.4100341796875
2024-04-17,5998.951125,17317.42773438,17302.99414063,6055.06005859375
2024-04-18,6840.218333333333,18006.04101563,17987.921875,6180.925048828125
2024-04-19,7024.233458333333,18166.01367188,18143.28710938,5963.85498046875
2024-04-20,6868.536375,17742.35742188,17739.59375,5361.18994140625
2024-04-21,6724.238708333333,17143.36523438,17126.78125,5148.5849609375
2024-04-22,7893.788,16460.00585938,16458.16210938,4850.02001953125
2024-04-23,8431.607,15617.20800781,15611.68066406,5041.35498046875
2024-04-24,8253.60525,14756.81542969,14748.21582031,4769.68994140625
2024-04-25,8570.234291666666,13972.86523438,13971.02246094,4725.77001953125
2024-04-26,8076.736416666667,13338.5546875,13336.71191406,4859.89501953125
2024-04-27,7485.477958333333,12679.47753906,12677.63574219,4335.93994140625
2024-04-28,7535.315041666666,11980.13671875,11977.06640625,4250.52001953125
2024-04-29,7891.977625,11420.13183594,11417.98242188,4276.31005859375
2024-04-30,8010.275166666666,10944.57324219,10942.73144531,4280.10498046875
2024-05-01,7439.427124999999,10504.97460938,10503.13183594,4282.10498046875
2024-05-02,7301.976958333334,10066.234375,10064.390625,4288.625
2024-05-03,6540.1457083333335,9735.98632813,9734.14257813,4247.0400390625
2024-05-04,5968.638166666667,9422.90234375,9421.05859375,4255.8349609375
2024-05-05,5484.562791666667,9110.2734375,9108.43066406,4210.14501953125
2024-05-06,6042.147416666667,8874.859375,8873.015625,4211.875
2024-05-07,6263.8876666666665,8655.27441406,8653.43066406,4235.72998046875
2024-05-08,6518.096458333333,8442.36621094,8440.5234375,4251.56005859375
2024-05-09,6166.582583333333,8271.89355469,8270.05175781,4252.97998046875
2024-05-10,5991.001583333334,8140.59716797,8138.75390625,4207.27001953125
2024-05-11,5997.021083333333,8019.79492188,8017.95214844,4220.25
2024-05-12,5393.014541666666,7955.12109375,7953.27880859,4216.5849609375
2024-05-13,5745.8670833333335,7858.1640625,7856.32080078,4269.31005859375
2024-05-14,5693.425708333333,7745.96777344,7744.12597656,4257.02001953125
2024-05-15,5793.0209583333335,7666.31201172,7664.46923828,4046.869995117187
2024-05-16,5851.259166666667,7602.97119141,7601.12792969,4002.829956054687
2024-05-17,5863.914541666666,7518.75097656,7516.90917969,3976.10498046875
2024-05-18,5780.437541666666,7437.16992188,7435.32714844,3967.219970703125
2024-05-19,5518.7927500000005,7370.2421875,7368.39990234,4024.1900634765625
2024-05-20,5950.164041666667,7316.24023438,7314.39794922,4038.9150390625
2024-05-21,5986.63075,7275.90185547,7274.05908203,4022.85498046875
2024-05-22,6288.504166666667,7284.04492188,7282.203125,4023.5849609375
2024-05-23,6472.392333333333,7220.48095703,7218.63916016,4031.81005859375
2024-05-24,6095.046625,7219.29101563,7217.44824219,4110.93994140625
2024-05-25,5534.256708333333,7238.15380859,7236.31201172,4138.77001953125
2024-05-26,5139.556791666667,7281.72021484,7279.87792969,4093.56005859375
2024-05-27,5624.543791666667,7333.828125,7331.98583984,4100.5150146484375
2024-05-28,6096.3645,7427.58984375,7425.74707031,4124.56494140625
2024-05-29,6272.906416666666,7483.83886719,7481.99707031,4080.7900390625
2024-05-30,5532.982041666666,7595.01123047,7593.16894531,4062.375
2024-05-31,5512.323125,7679.24023438,7677.39697266,4038.25
2024-06-01,5461.4622500000005,7734.38085938,7732.53808594,3940.2099609375
2024-06-02,5208.002083333334,7768.12695313,7766.28417969,3932.780029296875
2024-06-03,6041.064458333333,7819.28076172,7816.20996094,3955.969970703125
2024-06-04,7064.1147083333335,7838.72509766,7836.8828125,4022.2900390625
2024-06-05,7177.976791666667,7822.55175781,7820.70898438,3997.31005859375
2024-06-06,7376.072625,7795.29101563,7793.44824219,3992.6650390625
2024-06-07,6851.001458333333,7773.52978516,7771.68701172,3979.77001953125
2024-06-08,6262.189041666667,7699.58984375,7697.74804688,3999.5
2024-06-09,5425.339083333333,7558.93212891,7557.08886719,4034.27001953125
2024-06-10,6084.2898749999995,7416.17919922,7414.3359375,4040.14501953125
2024-06-11,6792.1695,7272.92382813,7271.08105469,3993.89501953125
2024-06-12,7352.072291666666,7162.39306641,7160.54980469,3954.5
2024-06-13,6933.9783333333335,7044.2109375,7041.44677734,3947.22998046875
2024-06-14,6793.657208333333,6954.87207031,6953.3359375,4066.64501953125
2024-06-15,6492.234916666667,6872.20019531,6870.05078125,4038.300048828125
2024-06-16,5855.253083333333,6795.33007813,6791.64501953,4029.1650390625
2024-06-17,6763.935291666668,6729.57519531,6723.74023438,4005.4150390625
2024-06-18,6855.380666666667,6654.01904297,6649.41210938,4020.18994140625
2024-06-19,7079.044875,6627.84082031,6626.30615234,4051.7900390625
2024-06-20,7079.43475,6558.69189453,6554.69921875,4037.89501953125
2024-06-21,6647.824416666666,6468.82617188,6462.06982422,3982.56005859375
2024-06-22,6071.341166666666,6410.80175781,6404.66015625,3981.125
2024-06-23,5793.115125,6346.10107422,6344.56494141,3994.52001953125
2024-06-24,6221.8875,6302.26318359,6300.72705078,3974.39990234375
2024-06-25,6448.362666666667,6277.76123047,6273.76904297,3867.47998046875
2024-06-26,6133.068958333333,6288.92382813,6285.23876953,3913.89501953125
2024-06-27,5777.433958333334,6249.43798828,6245.44482422,4015.56005859375
2024-06-28,5592.596458333333,6257.94384766,6253.33789063,3870.159912109375
2024-06-29,5751.110625,6263.3828125,6259.69824219,3916.52001953125
2024-06-30,5455.610791666667,6260.74414063,6255.21679688,4055.89501953125
2024-07-01,6159.50125,6269.28076172,6263.13916016,3962.02001953125
2024-07-02,6105.459583333333,6229.57519531,6227.42480469,3955.14501953125
2024-07-03,6208.020791666667,6237.85302734,6236.31787109,3961.2900390625
2024-07-04,6252.944541666667,6220.80810547,6214.97314453,3970.27001953125
2024-07-05,6242.877125,6206.24414063,6200.71582031,3872.47998046875
2024-07-06,6253.828375,6173.04589844,6168.74707031,3880.7099609375
2024-07-07,6010.240624999999,6125.39990234,6120.79394531,3872.7900390625
2024-07-08,6184.780875,6097.51416016,6095.05712891,3938.75
2024-07-09,6425.20275,6104.31787109,6099.09716797,4060.27001953125
2024-07-10,6496.2477499999995,6101.84619141,6099.08203125,4095.14501953125
2024-07-11,6570.33525,6121.98388672,6119.83398438,4141.8349609375
2024-07-12,6631.703333333334,6274.87597656,6270.26904297,4033.97998046875
2024-07-13,6333.693208333333,6524.67919922,6521.30078125,4125.22998046875
2024-07-14,6335.477125,6810.68896484,6808.23193359,4029.18994140625
2024-07-15,6572.653041666667,6995.5859375,6991.90087891,3991.625
2024-07-16,6782.419208333333,7039.39501953,7024.65380859,3889.97998046875
2024-07-17,6697.323833333333,7031.89208984,6902.82910156,3882.7900390625
2024-07-18,6817.559291666667,7041.31298828,6818.64892578,3915.22998046875
2024-07-19,6720.453208333333,6987.34619141,6828.05517578,3935.39501953125
2024-07-20,6277.621041666666,6922.58007813,6919.50878906,3905.14501953125
2024-07-21,5787.054499999999,6831.59179688,6829.75,3905.125
2024-07-22,6055.375,6741.89013672,6737.58984375,3881.7099609375
2024-07-23,5945.578791666667,6588.94287109,6584.64404297,3881.7900390625
2024-07-24,5962.8317916666665,6450.80175781,6448.34521484,3869.93994140625
2024-07-25,6305.806833333333,6321.14306641,6192.125,3925.0400390625
2024-07-26,6298.443125000001,6218.91503906,5995.85205078,3910.47998046875
2024-07-27,5964.473708333334,6099.96289063,6098.42822266,3904.35498046875
2024-07-28,5814.156791666667,5994.07714844,5992.23388672,3903.25
2024-07-29,6621.188083333333,5868.39794922,5865.63378906,3927.14501953125
2024-07-30,6478.803499999999,5799.14697266,5796.68994141,3872.85498046875
2024-07-31,6091.709958333333,5735.21386719,5732.14306641,3853.6650390625
2024-08-01,6115.435041666667,5707.62988281,5705.17285156,3830.5849609375
2024-08-02,6236.981458333333,5669.39697266,5666.32617188,3812.9599609375
2024-08-03,6169.4470833333335,5579.38623047,5577.23583984,3913.3349609375
2024-08-04,6218.068125000001,5530.25097656,5443.39501953,3878.81005859375
2024-08-05,6553.575666666667,5445.93896484,5444.40283203,3884.64501953125
2024-08-06,6665.809375,5398.35009766,5394.66503906,3856.93994140625
2024-08-07,6682.793833333333,5335.93310547,5332.86181641,3875.625
2024-08-08,6736.9255416666665,5261.29003906,5258.52587891,3911.6650390625
2024-08-09,6438.328666666667,5248.94677734,5247.41210938,3978.375
2024-08-10,5847.332625,5229.92822266,5227.77783203,3918.14501953125
2024-08-11,5873.127041666667,5202.84716797,5200.39013672,3904.02001953125
2024-08-12,6172.828624999999,5185.79785156,5182.41992188,4525.06005859375
2024-08-13,6482.633916666667,5193.42822266,5190.04882813,5243.1650390625
2024-08-14,6477.614333333334,5234.26611328,5230.88818359,5074.25
2024-08-15,6637.571916666667,5292.80517578,5289.42675781,5060.72998046875
2024-08-16,6762.337416666666,5376.22314453,5372.53808594,5057.56005859375
2024-08-17,6469.334958333333,5434.01220703,5430.63378906,5024.43994140625
2024-08-18,6354.597291666666,5441.67089844,5266.79589844,5055.2900390625
2024-08-19,6980.426208333333,5418.87695313,5417.34179688,5282.02001953125
2024-08-20,6970.625,5380.10302734,5378.56787109,5306.31005859375
2024-08-21,6991.851875,5352.26708984,5291.69189453,5121.89501953125
2024-08-22,6917.404625,5288.54785156,5184.64501953,5183.72998046875
2024-08-23,6724.259916666667,5198.26416016,5149.44091797,5310.0849609375
2024-08-24,6447.599916666666,5096.28808594,5093.83105469,4931.5400390625
2024-08-25,5634.860333333333,5058.33300781,4994.87890625,4612.97998046875
2024-08-26,6281.8341666666665,4970.875,4965.9609375,4729.7900390625
2024-08-27,6426.030333333333,4927.05908203,4921.53076172,4937.4599609375
2024-08-28,6637.262291666666,4893.55078125,4888.63720703,5040.8349609375
2024-08-29,6668.930791666667,4916.05908203,4913.60205078,4975.02001953125
2024-08-30,6673.703416666667,4912.05908203,4910.52294922,4881.7900390625
2024-08-31,6374.797833333333,4919.19482422,4917.65917969,4738.5400390625
2024-09-01,6094.096458333333,4903.94921875,4902.4140625,4592.2900390625
2024-09-02,6932.150166666666,4854.74609375,4853.2109375,4693.18994140625
2024-09-03,7309.328750000001,4844.75683594,4843.22216797,4990.875
2024-09-04,7307.809916666666,4831.01806641,4829.48193359,4972.47998046875
2024-09-05,7226.791125,4782.08691406,4780.55175781,5041.64501953125
2024-09-06,7082.309791666667,4763.14794922,4761.61279297,4916.5849609375
2024-09-07,6580.898375,4682.12304688,4678.13085938,4742.875
2024-09-08,6295.492041666667,4649.17919922,4647.02880859,4591.5
2024-09-09,6608.889125000001,4584.61914063,4582.77685547,4714.77001953125
2024-09-10,7434.753125,4538.91796875,4537.38183594,4972.3349609375
2024-09-11,7495.864583333333,4468.25878906,4466.41601563,5035.75
2024-09-12,7193.569416666666,4408.34814453,4406.81298828,4939.955078125
2024-09-13,7097.615458333334,4342.23095703,4340.69482422,5519.6650390625
2024-09-14,6716.348416666667,4287.55712891,4285.40722656,5223.35498046875
2024-09-15,6392.594041666667,4270.66601563,4266.98095703,4852.25
2024-09-16,7161.108208333334,4313.30908203,4311.15917969,4957.0
2024-09-17,7223.092874999999,4368.37597656,4366.84082031,4952.0
2024-09-18,7228.154958333333,4445.89990234,4444.36523438,5071.25
2024-09-19,7607.439833333334,4427.20703125,4425.671875,5460.4150390625
2024-09-20,7293.147791666666,4367.66699219,4362.13916016,5638.625
2024-09-21,6642.059583333333,4428.13476563,4423.52880859,5314.52001953125
2024-09-22,6737.492125,4650.22802734,4645.62109375,4868.81005859375
2024-09-23,7686.412874999999,4848.18017578,4652.27587891,5506.0400390625
2024-09-24,8596.23875,4882.14794922,4610.28320313,5732.93994140625
2024-09-25,8487.3475,4778.13085938,4505.39599609,5794.0400390625
2024-09-26,8128.684208333333,4767.57080078,4495.57519531,5874.0400390625
2024-09-27,7708.035666666667,4767.0390625,4505.56787109,6077.18994140625
2024-09-28,8521.7995,4728.29003906,4466.22802734,6007.35498046875
2024-09-29,8091.911875000001,4643.45214844,4381.86279297,5669.64501953125
2024-09-30,7968.281375,4509.15722656,4249.71191406,5400.5
2024-10-01,9051.512916666668,4390.43603516,4131.49121094,5787.6650390625
2024-10-02,8667.725333333334,4294.38720703,4034.6730957,5875.18994140625
2024-10-03,8477.627083333335,4189.41992188,3929.06396484,6166.27001953125
2024-10-04,7823.922541666667,4182.92285156,3921.80102539,5559.81005859375
2024-10-05,7437.848000000001,4153.69091797,3893.41992188,5221.8349609375
2024-10-06,7263.001125,4105.23193359,3840.08789063,4951.7099609375
2024-10-07,7787.989041666667,4012.62207031,3757.60498047,4952.18994140625
2024-10-08,7800.380416666667,3971.41088867,3716.95605469,4946.9599609375
2024-10-09,7244.821416666667,3947.39697266,3697.53710938,5596.52001953125
2024-10-10,7543.869708333333,3934.75292969,3684.83203125,5523.2900390625
2024-10-11,7105.623166666667,4053.62011719,4020.02294922,5421.469970703125
2024-10-12,6199.254041666667,4330.87109375,4322.88623047,5298.7099609375
2024-10-13,5817.699708333334,4594.77978516,4588.33105469,5774.68994140625
2024-10-14,6591.158958333333,4693.63623047,4689.33691406,5741.199951171875
2024-10-15,6661.552375,4756.35205078,4752.05322266,5787.169921875
2024-10-16,7013.731708333333,4931.27587891,4929.12695313,5935.98486328125
2024-10-17,7706.158833333334,5131.55712891,5129.40722656,6253.76513671875
2024-10-18,7412.055541666666,5293.60595703,5290.84179688,7037.14501953125
2024-10-19,6890.764458333334,5406.73583984,5401.51513672,6526.925048828125
2024-10-20,6465.7228749999995,5534.37988281,5527.62402344,6674.22998046875
2024-10-21,7187.28675,6147.39599609,6141.25390625,7265.509765625
2024-10-22,7897.529374999999,5945.65283203,5935.51904297,7670.58984375
2024-10-23,8325.512791666666,6096.21289063,6088.22802734,7682.0751953125
2024-10-24,8783.521291666666,6437.27880859,6435.74414063,8087.7900390625
2024-10-25,8361.699583333333,6720.03320313,6717.88378906,9016.1748046875
2024-10-26,7602.826166666667,7349.60009766,7341.92285156,9381.490234375
2024-10-27,6773.615958333333,7744.17480469,7742.64013672,9007.7900390625
2024-10-28,7147.68825,8180.03417969,8178.49902344,8055.6201171875
2024-10-29,7685.545291666666,8768.36132813,8766.51855469,9080.625
2024-10-30,8338.921916666666,9408.74511719,9406.90234375,5784.5
2024-10-31,8079.170083333333,9890.30566406,9888.46289063,5664.5
2024-11-01,7515.190666666666,10167.45214844,10165.609375,5648.9599609375
2024-11-02,7028.440750000001,10395.0,10393.15722656,5656.919921875
2024-11-03,7075.08975,10660.77148438,10659.23535156,5212.4599609375
2024-11-04,8182.433625000001,10922.11425781,10920.578125,7865.06005859375
2024-11-05,8391.982583333333,11093.41503906,11091.87988281,7118.7099609375
2024-11-06,8316.288999999999,11261.02441406,11259.48925781,6344.97998046875
2024-11-07,7879.109625,11507.66503906,11506.12988281,7499.97998046875
2024-11-08,7929.307916666668,11868.52636719,11866.68359375,7040.455078125
2024-11-09,6396.494833333333,12339.8046875,12337.96191406,6226.614990234375
2024-11-10,7127.7413750000005,12715.96777344,12714.12597656,6676.9599609375
2024-11-11,8209.517291666667,13226.15429688,13224.31152344,6386.35498046875
2024-11-12,7935.703958333333,13831.8046875,13829.96191406,7618.9150390625
2024-11-13,7971.171375000001,14471.77148438,14470.23632813,7304.72998046875
2024-11-14,8177.081125,15099.36621094,15097.83007813,6835.5400390625
2024-11-15,7890.820500000001,15604.01855469,15602.48339844,6308.989990234375
2024-11-16,7839.527041666667,15962.15527344,15960.61914063,5805.47509765625
2024-11-17,8154.551041666667,16209.30957031,16207.77441406,5960.3349609375
2024-11-18,8620.542458333333,16341.9921875,16340.45703125,7545.35498046875
2024-11-19,8873.590666666667,16393.77539063,16392.23828125,8179.5
2024-11-20,8614.675541666666,16291.79882813,16289.95605469,7078.43994140625
2024-11-21,8935.10325,16086.90722656,16085.06445313,6989.125
2024-11-22,8678.582833333334,15995.12109375,15993.27832031,7432.0400390625
2024-11-23,8447.780875,15967.796875,15965.95410156,7861.0
2024-11-24,7715.593875,15893.61621094,15877.95410156,6365.6650390625
2024-11-25,8414.784541666666,15711.0546875,15709.51855469,6731.2548828125
2024-11-26,8542.290083333333,15443.27246094,15441.73730469,7338.10498046875
2024-11-27,9348.901291666669,15191.30859375,15189.77441406,8376.2099609375
2024-11-28,9848.12025,14934.81445313,14933.27832031,7798.85009765625
2024-11-29,9785.693625,14633.23632813,14631.70019531,8562.7998046875
2024-11-30,9388.308083333332,14469.97753906,14468.44335938,7774.5
2024-12-01,9298.579958333334,14116.57519531,14115.04003906,6871.43994140625
2024-12-02,10190.404916666666,13648.91308594,13636.32226563,8999.4599609375
2024-12-03,10150.830083333332,13266.25976563,13263.18945313,10087.875
2024-12-04,10520.924833333333,13713.15039063,13711.61523438,10572.02001953125
2024-12-05,10809.454041666666,13647.5078125,13645.97265625,8275.375
2024-12-06,10559.603791666666,13875.89160156,13874.35742188,7657.18994140625
2024-12-07,10196.079583333334,13759.84765625,13718.4140625,10129.56005859375
2024-12-08,9151.538291666666,14515.61816406,14073.515625,10114.9150390625
2024-12-09,10370.558333333332,17034.5390625,16379.68847656,10306.56005859375
2024-12-10,10324.508875,19778.54882813,19760.9921875,9965.2099609375
2024-12-11,11089.128458333333,21255.953125,21249.50390625,9300.68994140625
2024-12-12,12239.647583333332,21846.95898438,21843.2734375,10006.10986328125
2024-12-13,11314.789208333334,20885.25976563,20883.72460938,9205.93994140625
2024-12-14,10829.675958333331,23543.1171875,23541.58203125,8727.77001953125
2024-12-15,10267.367458333332,24044.9921875,24043.45703125,7764.58984375
2024-12-16,11293.936833333331,23461.18554688,23459.65039063,6316.3798828125
2024-12-17,11773.434,22118.6640625,22117.13085938,6341.080078125
2024-12-18,12341.89925,20623.11914063,20621.5859375,6471.7998046875
2024-12-19,11864.583833333332,19308.6953125,19307.16015625,6788.3798828125
2024-12-20,10817.259583333334,18460.09960938,18458.5625,6907.75
2024-12-21,9684.734291666666,18176.08203125,18174.546875,7099.919921875
2024-12-22,9023.999125,17902.30273438,17900.765625,5993.9599609375
2024-12-23,9195.526833333332,17751.10546875,17749.56835938,5522.6201171875
2024-12-24,8532.22825,17859.71679688,17856.33789063,5396.9599609375
2024-12-25,7615.20375,17603.66992188,17597.8359375,5276.580078125
2024-12-26,8261.989708333333,17461.15625,17459.62109375,5231.919921875
2024-12-27,9033.016125,17428.87304688,17427.03125,5391.830078125
2024-12-28,8528.758208333333,17495.921875,17494.08007813,5281.6201171875
2024-12-29,7571.759041666667,17882.859375,17881.01757813,5209.5400390625
2024-12-30,8301.771833333334,18453.53710938,18451.69335938,5345.2900390625
2024-12-31,7801.78975,19067.92773438,19066.08398438,5776.1201171875
