data,vazao,ena_bruta,mes_sin,mes_cos,vazao_lag1,geracao_lag1,geracao,vazao_norm,ena_bruta_norm,vazao_lag1_norm,geracao_lag1_norm,geracao_norm
2015-01-02,3546.0,18565.0,0.49999999999999994,0.8660254037844387,3871.300048828125,8682.234625,8706.387875,0.07477605428040292,0.32954784990630237,0.09259846856841403,0.4333001207031032,0.4359003166792871
2015-01-03,3270.699951171875,17919.0,0.49999999999999994,0.8660254037844387,3546.0,8706.387875,7748.238791666667,0.05969302081207125,0.31425758340342413,0.07477605428040292,0.4359003166792871,0.3327516558958532
2015-01-04,3094.300048828125,17070.0,0.49999999999999994,0.8660254037844387,3270.699951171875,7748.238791666667,7809.108583333334,0.0500284906305953,0.29416248083230395,0.05969302081207125,0.3327516558958532,0.3393045374899579
2015-01-05,3722.39990234375,15957.0,0.49999999999999994,0.8660254037844387,3094.300048828125,7809.108583333334,8836.25575,0.08444058446187887,0.26781872445814997,0.0500284906305953,0.3393045374899579,0.4498811236518697
2015-01-06,4574.7998046875,15149.0,0.49999999999999994,0.8660254037844387,3722.39990234375,8836.25575,9819.790958333331,0.13114154332542105,0.24869405675795556,0.08444058446187887,0.4498811236518697,0.5557627044388597
2015-01-07,4766.7001953125,14761.0,0.49999999999999994,0.8660254037844387,4574.7998046875,9819.790958333331,10430.767,0.14165530831276346,0.2395104291989513,0.13114154332542105,0.5557627044388597,0.6215367698373605
2015-01-08,4980.0,14727.0,0.49999999999999994,0.8660254037844387,4766.7001953125,10430.767,10746.199625,0.15334149618880968,0.23870567833037876,0.14165530831276346,0.6215367698373605,0.6554943797773095
2015-01-09,4893.0,14609.0,0.49999999999999994,0.8660254037844387,4980.0,10746.199625,10297.301166666666,0.14857497356256744,0.23591271943356817,0.15334149618880968,0.6554943797773095,0.6071686279603318
2015-01-10,4539.2001953125,14206.0,0.49999999999999994,0.8660254037844387,4893.0,10297.301166666666,9874.512291666668,0.12919112558322193,0.22637405472666428,0.14857497356256744,0.6071686279603318,0.5616536793902535
2015-01-11,4090.60009765625,13653.0,0.49999999999999994,0.8660254037844387,4539.2001953125,9874.512291666668,9660.7595,0.1046133955187047,0.21328501854076387,0.12919112558322193,0.5616536793902535,0.5386423186504063
2015-01-12,4355.89990234375,13118.0,0.49999999999999994,0.8660254037844387,4090.60009765625,9660.7595,11096.919958333334,0.11914853944721757,0.20062202693234304,0.1046133955187047,0.5386423186504063,0.6932508555931586
2015-01-13,5320.0,12651.0,0.49999999999999994,0.8660254037844387,4355.89990234375,11096.919958333334,11247.58825,0.17196928576263,0.18956853706106727,0.11914853944721757,0.6932508555931586,0.7094709123445335
2015-01-14,5113.2998046875,12256.0,0.49999999999999994,0.8660254037844387,5320.0,11247.58825,11438.340041666668,0.16064467475336877,0.18021922549970984,0.17196928576263,0.7094709123445335,0.730006121525141
2015-01-15,4867.5,11816.0,0.49999999999999994,0.8660254037844387,5113.2998046875,11438.340041666668,10901.708375,0.1471778893445309,0.16980480249465346,0.16064467475336877,0.730006121525141,0.6722355316310503
2015-01-16,4960.89990234375,11389.0,0.49999999999999994,0.8660254037844387,4867.5,10901.708375,10785.698416666666,0.15229504736533897,0.1596980783511101,0.1471778893445309,0.6722355316310503,0.6597465859671924
2015-01-17,4315.7998046875,10901.0,0.49999999999999994,0.8660254037844387,4960.89990234375,10785.698416666666,10552.479375,0.11695155067948147,0.14814753647277484,0.15229504736533897,0.6597465859671924,0.6346396039373996
2015-01-18,3712.89990234375,10484.0,0.49999999999999994,0.8660254037844387,4315.7998046875,10552.479375,9870.242166666669,0.08392010210613977,0.1382775037611646,0.11695155067948147,0.6346396039373996,0.5611939829997966
2015-01-19,4205.7001953125,10102.0,0.49999999999999994,0.8660254037844387,3712.89990234375,9870.242166666669,10731.151,0.11091945551595997,0.1292358910613202,0.08392010210613977,0.5611939829997966,0.6538743338550383
2015-01-20,4905.0,9644.0,0.49999999999999994,0.8660254037844387,4205.7001953125,10731.151,11229.70475,0.1492324249592905,0.11839542347878423,0.11091945551595997,0.6538743338550383,0.7075456805541913
2015-01-21,4876.7001953125,9282.0,0.49999999999999994,0.8660254037844387,4905.0,11229.70475,10730.383708333333,0.14768194611605825,0.10982719364280603,0.1492324249592905,0.7075456805541913,0.653791731774398
2015-01-22,4599.2001953125,8844.0,0.49999999999999994,0.8660254037844387,4876.7001953125,10730.383708333333,10534.218666666666,0.13247838256683728,0.09946010892413627,0.14768194611605825,0.653791731774398,0.6326737641298953
2015-01-23,4800.7998046875,8642.0,0.49999999999999994,0.8660254037844387,4599.2001953125,10534.218666666666,10678.069916666667,0.1435235446303722,0.09467894199908766,0.13247838256683728,0.6326737641298953,0.6481599385130117
2015-01-24,4122.5,8245.0,0.49999999999999994,0.8660254037844387,4800.7998046875,10678.069916666667,9613.434666666666,0.10636111513130703,0.08528229215134361,0.1435235446303722,0.6481599385130117,0.5335476071226865
2015-01-25,3142.0,8532.0,0.49999999999999994,0.8660254037844387,4122.5,9613.434666666666,9556.361625,0.05264185725739292,0.09207533624782357,0.10636111513130703,0.5335476071226865,0.5274034611675775
2015-01-26,3210.10009765625,9022.0,0.49999999999999994,0.8660254037844387,3142.0,9556.361625,10611.831208333331,0.0563728992841495,0.10367321641254544,0.05264185725739292,0.5274034611675775,0.6410290711193505
2015-01-27,3624.39990234375,9269.0,0.49999999999999994,0.8660254037844387,3210.10009765625,10611.831208333331,11089.213791666669,0.07907139805530713,0.10951949478129301,0.0563728992841495,0.6410290711193505,0.6924212552885013
2015-01-28,3793.300048828125,9222.0,0.49999999999999994,0.8660254037844387,3624.39990234375,11089.213791666669,11114.366333333332,0.08832503448971409,0.10840704505120743,0.07907139805530713,0.6924212552885013,0.6951290290925422
2015-01-29,4295.5,9299.0,0.49999999999999994,0.8660254037844387,3793.300048828125,11114.366333333332,10549.087791666669,0.11583937276739795,0.1102295690770923,0.08832503448971409,0.6951290290925422,0.6342744861442984
2015-01-30,4866.7001953125,10096.0,0.49999999999999994,0.8660254037844387,4295.5,10549.087791666669,10626.31125,0.14713406995212236,0.12909387620216034,0.11583937276739795,0.6342744861442984,0.642587906724358
2015-01-31,4830.39990234375,10653.0,0.49999999999999994,0.8660254037844387,4866.7001953125,10626.31125,9303.138083333331,0.14514526342597558,0.14227758896083398,0.14713406995212236,0.642587906724358,0.5001429130377538
2015-02-01,3760.199951171875,10620.0,0.8660254037844386,0.5000000000000001,4830.39990234375,9303.138083333331,9712.257458333332,0.08651155903673312,0.14149650723545476,0.14514526342597558,0.5001429130377538,0.5441862841225481
2015-02-02,3215.300048828125,11483.0,0.8660254037844386,0.5000000000000001,3760.199951171875,9712.257458333332,11227.694791666669,0.05665779221421958,0.16192297781128123,0.08651155903673312,0.5441862841225481,0.7073293003332841
2015-02-03,3728.10009765625,11955.0,0.8660254037844386,0.5000000000000001,3215.300048828125,11227.694791666669,10433.507375,0.08475288457602866,0.17309481339852353,0.05665779221421958,0.7073293003332841,0.6218317823946037
2015-02-04,3659.0,12835.0,0.8660254037844386,0.5000000000000001,3728.10009765625,10433.507375,10476.443208333332,0.08096705493287848,0.19392365940863632,0.08475288457602866,0.6218317823946037,0.6264540001527699
2015-02-05,3953.10009765625,12561.0,0.8660254037844386,0.5000000000000001,3659.0,10476.443208333332,10335.982541666666,0.0970800982645862,0.18743831417366938,0.08096705493287848,0.6264540001527699,0.6113328359086723
2015-02-06,3800.300048828125,12579.0,0.8660254037844386,0.5000000000000001,3953.10009765625,10335.982541666666,10058.37525,0.0887085478044692,0.18786435875114896,0.0970800982645862,0.6113328359086723,0.5814472775365719
2015-02-07,3398.0,12571.0,0.8660254037844386,0.5000000000000001,3800.300048828125,10058.37525,8961.9065,0.06666748705415172,0.18767500560560246,0.0887085478044692,0.5814472775365719,0.46340793990038565
2015-02-08,2873.699951171875,12762.0,0.8660254037844386,0.5000000000000001,3398.0,8961.9065,9309.739791666669,0.03794233710381638,0.19219581195552468,0.06666748705415172,0.46340793990038565,0.5008536138935095
2015-02-09,2970.699951171875,13196.0,0.8660254037844386,0.5000000000000001,2873.699951171875,9309.739791666669,10393.427583333332,0.04325673589399452,0.2024682201014212,0.03794233710381638,0.5008536138935095,0.6175170291825949
2015-02-10,3136.5,13497.0,0.8660254037844386,0.5000000000000001,2970.699951171875,10393.427583333332,10378.933625,0.05234052536722818,0.20959263220260752,0.04325673589399452,0.6175170291825949,0.6159566953916017
2015-02-11,3276.89990234375,13944.0,0.8660254037844386,0.5000000000000001,3136.5,10378.933625,10124.210958333331,0.060032701358534925,0.22017273921001707,0.05234052536722818,0.6159566953916017,0.5885347603348511
2015-02-12,3401.300048828125,14504.0,0.8660254037844386,0.5000000000000001,3276.89990234375,10124.210958333331,10332.71775,0.06684828886342715,0.23342745939827064,0.060032701358534925,0.5885347603348511,0.6109813677561569
2015-02-13,3751.10009765625,15382.0,0.8660254037844386,0.5000000000000001,3401.300048828125,10332.71775,10275.809791666668,0.0860129997530812,0.25420896712199675,0.06684828886342715,0.6109813677561569,0.6048549936958891
2015-02-14,3660.300048828125,16047.0,0.8660254037844386,0.5000000000000001,3751.10009765625,10275.809791666668,9287.466583333333,0.08103828150936673,0.26994894734554786,0.0860129997530812,0.6048549936958891,0.49845581207863815
2015-02-15,3251.699951171875,16949.0,0.8660254037844386,0.5000000000000001,3660.300048828125,9287.466583333333,8381.987916666667,0.05865205610059306,0.2912985145059135,0.08103828150936673,0.49845581207863815,0.4009773366938811
2015-02-16,2944.5,18231.0,0.8660254037844386,0.5000000000000001,3251.699951171875,8381.987916666667,8859.777458333334,0.04182130301965907,0.32164235607973685,0.05865205610059306,0.4009773366938811,0.45241333158915775
2015-02-17,3115.60009765625,19434.0,0.8660254037844386,0.5000000000000001,2944.5,8859.777458333334,8830.060708333333,0.05119546953495533,0.3501163353412887,0.04182130301965907,0.45241333158915775,0.449214202123133
2015-02-18,3164.699951171875,20149.0,0.8660254037844386,0.5000000000000001,3115.60009765625,8830.060708333333,9430.113083333334,0.05388553347435081,0.36703977272450533,0.05119546953495533,0.449214202123133,0.5138122902054615
2015-02-19,3382.800048828125,20632.0,0.8660254037844386,0.5000000000000001,3164.699951171875,9430.113083333334,9784.356083333334,0.06583471796014576,0.378471968886874,0.05388553347435081,0.5138122902054615,0.5519479954704365
2015-02-20,3525.699951171875,20773.0,0.8660254037844386,0.5000000000000001,3382.800048828125,9784.356083333334,10134.818166666666,0.07366386299243648,0.38180931807713075,0.06583471796014576,0.5519479954704365,0.5896766696193937
2015-02-21,3745.199951171875,21002.0,0.8660254037844386,0.5000000000000001,3525.699951171875,10134.818166666666,9159.41775,0.08568974479082928,0.3872295518683987,0.07366386299243648,0.5896766696193937,0.4846708323683154
2015-02-22,3020.0,21489.0,0.8660254037844386,0.5000000000000001,3745.199951171875,9159.41775,9681.566833333332,0.045957768057375045,0.39875642460354066,0.08568974479082928,0.4846708323683154,0.5408823130366047
2015-02-23,2940.800048828125,21068.0,0.8660254037844386,0.5000000000000001,3020.0,9681.566833333332,11261.37625,0.04161859151417937,0.3887917153191572,0.045957768057375045,0.5408823130366047,0.7109552468386334
2015-02-24,5133.7001953125,23129.0,0.8660254037844386,0.5000000000000001,2940.800048828125,11261.37625,10880.083541666669,0.16176236352921067,0.437573819440569,0.04161859151417937,0.7109552468386334,0.6699075300321362
2015-02-25,8304.2001953125,21141.0,0.8660254037844386,0.5000000000000001,5133.7001953125,10880.083541666669,11583.318916666663,0.3354665013050849,0.3905195627722688,0.16176236352921067,0.6699075300321362,0.7456136893434111
2015-02-26,8035.39990234375,20909.0,0.8660254037844386,0.5000000000000001,8304.2001953125,11583.318916666663,11590.706208333337,0.32073957396742864,0.38502832155142086,0.3354665013050849,0.7456136893434111,0.746408961452406
2015-02-27,8019.7998046875,20333.0,0.8660254037844386,0.5000000000000001,8035.39990234375,11590.706208333337,11525.833791666666,0.3198848818013355,0.37139489507207435,0.32073957396742864,0.746408961452406,0.7394251809350018
2015-02-28,7334.60009765625,19482.0,0.8660254037844386,0.5000000000000001,8019.7998046875,11525.833791666666,10106.282083333334,0.28234442309950775,0.3512524542145676,0.3198848818013355,0.7394251809350018,0.5866046437405006
2015-03-01,6198.7998046875,18695.0,1.0,6.123233995736766e-17,7334.60009765625,10106.282083333334,9847.869208333334,0.22011663234860976,0.33262483852143265,0.28234442309950775,0.5866046437405006,0.5587854426901627
2015-03-02,5955.0,18353.0,1.0,6.123233995736766e-17,6198.7998046875,9847.869208333334,11140.610083333331,0.20675942217255905,0.32452999154932066,0.22011663234860976,0.5587854426901627,0.697954275928888
2015-03-03,7175.7998046875,17676.0,1.0,6.123233995736766e-17,5955.0,11140.610083333331,11794.460958333337,0.2736441335651463,0.3085059816074498,0.20675942217255905,0.697954275928888,0.7683439921865027
2015-03-04,7413.2998046875,17172.0,1.0,6.123233995736766e-17,7175.7998046875,11794.460958333337,12124.597625,0.2866561924586237,0.2965767334380216,0.2736441335651463,0.7683439921865027,0.8038845522460133
2015-03-05,7646.89990234375,16436.0,1.0,6.123233995736766e-17,7413.2998046875,12124.597625,11821.506916666667,0.2994545849985193,0.27915624404774547,0.2866561924586237,0.8038845522460133,0.7712556000252143
2015-03-06,7677.2998046875,16405.0,1.0,6.123233995736766e-17,7646.89990234375,11821.506916666667,11564.852791666666,0.30112012318653125,0.27842250060875284,0.2994545849985193,0.7712556000252143,0.7436257355930588
2015-03-07,6652.2998046875,16306.0,1.0,6.123233995736766e-17,7677.2998046875,11564.852791666666,10501.719083333332,0.2449628163831024,0.2760792554326152,0.30112012318653125,0.7436257355930588,0.6291750512936939
2015-03-08,6039.2001953125,16859.0,1.0,6.123233995736766e-17,6652.2998046875,10501.719083333332,9751.253291666666,0.2113725501736056,0.2891682916185156,0.2449628163831024,0.6291750512936939,0.5483843447943528
2015-03-09,6557.10009765625,17885.0,1.0,6.123233995736766e-17,6039.2001953125,9751.253291666666,11088.533833333331,0.23974705135349222,0.31345283253485157,0.2113725501736056,0.5483843447943528,0.6923480549977613
2015-03-10,7900.0,19213.0,1.0,6.123233995736766e-17,6557.10009765625,11088.533833333331,11524.569875,0.31332133605808987,0.3448854546955672,0.23974705135349222,0.6923480549977613,0.7392891151454746
2015-03-11,7911.5,18604.0,1.0,6.123233995736766e-17,7900.0,11524.569875,11237.729833333333,0.3139513936466161,0.33047094649084147,0.31332133605808987,0.7392891151454746,0.7084096135400988
2015-03-12,7561.89990234375,19234.0,1.0,6.123233995736766e-17,7911.5,11237.729833333333,11143.196291666667,0.2947976376050642,0.3453825067026267,0.3139513936466161,0.7084096135400988,0.6982326918150281
2015-03-13,8512.5,19849.0,1.0,6.123233995736766e-17,7561.89990234375,11143.196291666667,11237.348791666664,0.34687875109916316,0.3599390297665123,0.2947976376050642,0.6982326918150281,0.7083685928489524
2015-03-14,7911.2998046875,19699.0,1.0,6.123233995736766e-17,8512.5,11237.348791666664,10549.488,0.31394042542263106,0.3563886582875158,0.34687875109916316,0.7083685928489524,0.6343175702053652
2015-03-15,7271.7001953125,19738.0,1.0,6.123233995736766e-17,7911.2998046875,10549.488,10467.926375,0.27889828737870415,0.3573117548720549,0.31394042542263106,0.6343175702053652,0.6255371282716292
2015-03-16,6865.60009765625,20543.0,1.0,6.123233995736766e-17,7271.7001953125,10467.926375,12154.532375,0.25664903101091446,0.3763654151426694,0.27889828737870415,0.6255371282716292,0.8071071503020955
2015-03-17,6970.2001953125,21364.0,1.0,6.123233995736766e-17,6865.60009765625,12154.532375,12422.158916666667,0.262379821036037,0.3957977817043769,0.25664903101091446,0.8071071503020955,0.8359182401869614
2015-03-18,6673.2998046875,22046.0,1.0,6.123233995736766e-17,6970.2001953125,12422.158916666667,11958.914958333336,0.24611335632736778,0.4119401373622143,0.262379821036037,0.8359182401869614,0.7860481367247045
2015-03-19,7071.7001953125,21956.0,1.0,6.123233995736766e-17,6673.2998046875,11958.914958333336,11895.382416666667,0.26794076409998635,0.4098099144748164,0.24611335632736778,0.7860481367247045,0.7792085992215362
2015-03-20,7168.10009765625,22333.0,1.0,6.123233995736766e-17,7071.7001953125,11895.382416666667,11435.702041666666,0.27322228496997514,0.41873318145869426,0.26794076409998635,0.7792085992215362,0.7297221300546275
2015-03-21,6682.7001953125,22313.0,1.0,6.123233995736766e-17,7168.10009765625,11435.702041666666,10212.075291666666,0.24662838132288017,0.41825979859482804,0.27322228496997514,0.7297221300546275,0.5979937145535754
2015-03-22,5890.0,22382.0,1.0,6.123233995736766e-17,6682.7001953125,10212.075291666666,9506.431791666668,0.20319822710697577,0.41989296947516647,0.24662838132288017,0.5979937145535754,0.5220283107540782
2015-03-23,6490.0,22672.0,1.0,6.123233995736766e-17,5890.0,9506.431791666668,10652.116791666664,0.2360707969431292,0.4267570210012263,0.20319822710697577,0.5220283107540782,0.6453659786444887
2015-03-24,7402.10009765625,22609.0,1.0,6.123233995736766e-17,6490.0,10652.116791666664,9991.398375,0.286042587206075,0.4252658649800478,0.2360707969431292,0.6453659786444887,0.5742369434874333
2015-03-25,7283.5,22776.0,1.0,6.123233995736766e-17,7402.10009765625,9991.398375,10613.742958333334,0.27954477055144217,0.42921861189333055,0.286042587206075,0.5742369434874333,0.6412348788122065
2015-03-26,7608.10009765625,22757.0,1.0,6.123233995736766e-17,7283.5,10613.742958333334,10612.946083333334,0.29732883618315437,0.4287688981726577,0.27954477055144217,0.6412348788122065,0.6411490919649491
2015-03-27,7528.10009765625,23145.0,1.0,6.123233995736766e-17,7608.10009765625,10612.946083333334,10499.792208333334,0.29294582687166726,0.43795252573166193,0.29732883618315437,0.6411490919649491,0.6289676153328355
2015-03-28,7382.89990234375,23114.0,1.0,6.123233995736766e-17,7528.10009765625,10499.792208333334,9318.204166666666,0.28499065427061177,0.4372187822926693,0.29294582687166726,0.6289676153328355,0.501764838420888
2015-03-29,6132.5,23024.0,1.0,6.123233995736766e-17,7382.89990234375,9318.204166666666,8965.552458333334,0.21648422408242113,0.4350885594052714,0.28499065427061177,0.501764838420888,0.46380044220080774
2015-03-30,6495.7998046875,23076.0,1.0,6.123233995736766e-17,6132.5,8965.552458333334,10321.931333333332,0.23638855441750573,0.43631935485132356,0.21648422408242113,0.46380044220080774,0.6098201659628532
2015-03-31,8426.0,22566.0,1.0,6.123233995736766e-17,6495.7998046875,10321.931333333332,11022.896666666667,0.3421396222811177,0.4242480918227355,0.23638855441750573,0.6098201659628532,0.6852819460205114
2015-04-01,7933.2998046875,22079.0,0.8660254037844387,-0.49999999999999983,8426.0,11022.896666666667,10694.01975,0.31514575298329006,0.4127212190875935,0.3421396222811177,0.6852819460205114,0.6498770031918492
2015-04-02,8102.10009765625,21380.0,0.8660254037844387,-0.49999999999999983,7933.2998046875,10694.01975,10307.987,0.3243939186815874,0.3961764879954699,0.31514575298329006,0.6498770031918492,0.608319001547137
2015-04-03,6642.10009765625,21132.0,0.8660254037844387,-0.49999999999999983,8102.10009765625,10307.987,8835.289041666667,0.2444039987469473,0.390306540483529,0.3243939186815874,0.608319001547137,0.44977705355287784
2015-04-04,5805.0,21083.0,0.8660254037844387,-0.49999999999999983,6642.10009765625,8835.289041666667,8707.577125,0.1985412797135207,0.3891467524670568,0.2444039987469473,0.44977705355287784,0.43602834429729603
2015-04-05,6264.2001953125,20482.0,0.8660254037844387,-0.49999999999999983,5805.0,8707.577125,8288.387541666667,0.22369976386216314,0.3749215974078775,0.1985412797135207,0.43602834429729603,0.3909008741704406
2015-04-06,6212.5,20512.0,0.8660254037844387,-0.49999999999999983,6264.2001953125,8288.387541666667,9359.372208333332,0.22086723339390824,0.37563167170367684,0.22369976386216314,0.3909008741704406,0.5061967461885395
2015-04-07,7162.5,19734.0,0.8660254037844387,-0.49999999999999983,6212.5,9359.372208333332,9749.541416666669,0.2729154689678179,0.3572170782992817,0.22086723339390824,0.5061967461885395,0.5482000544613035
2015-04-08,7056.5,19681.0,0.8660254037844387,-0.49999999999999983,7162.5,9749.541416666669,9430.83775,0.26710798163009747,0.35596261371003624,0.2729154689678179,0.5482000544613035,0.5138903035308211
2015-04-10,6375.7998046875,19073.0,0.8660254037844387,-0.49999999999999983,7056.5,9430.83775,9499.780833333332,0.229814040450275,0.3415717746485038,0.26710798163009747,0.5138903035308211,0.5213123079347431
2015-04-11,5706.7001953125,18817.0,0.8660254037844387,-0.49999999999999983,6375.7998046875,9499.780833333332,8931.929416666668,0.1931556677227372,0.33551247399101647,0.229814040450275,0.5213123079347431,0.46018078448813043
2015-04-12,5264.2001953125,18655.0,0.8660254037844387,-0.49999999999999983,5706.7001953125,8931.929416666668,8753.662458333334,0.16891214746857403,0.33167807279370026,0.1931556677227372,0.46018078448813043,0.4409896185893446
2015-04-13,6005.0,18510.0,0.8660254037844387,-0.49999999999999983,5264.2001953125,8753.662458333334,9399.108,0.2094988029922385,0.3282460470306703,0.16891214746857403,0.4409896185893446,0.5104744663960539
2015-04-14,5937.5,18241.0,0.8660254037844387,-0.49999999999999983,6005.0,9399.108,9780.862833333333,0.20580063888567124,0.3218790475116699,0.2094988029922385,0.5104744663960539,0.5515719328455804
2015-04-15,6834.39990234375,18036.0,0.8660254037844387,-0.49999999999999983,5937.5,9780.862833333333,10403.126208333331,0.25493964667872815,0.31702687315704137,0.20580063888567124,0.5515719328455804,0.6185611257617101
2015-04-16,6933.5,17638.0,0.8660254037844387,-0.49999999999999983,6834.39990234375,10403.126208333331,10851.43125,0.26036910481368597,0.30760655416610405,0.25493964667872815,0.6185611257617101,0.6668229938517002
2015-04-17,8469.7998046875,17503.0,0.8660254037844387,-0.49999999999999983,6933.5,10851.43125,10500.207125,0.3445393091784506,0.3044112198350072,0.26036910481368597,0.6668229938517002,0.6290122828060376
2015-04-18,7934.39990234375,16761.0,0.8660254037844387,-0.49999999999999983,8469.7998046875,10500.207125,9235.578208333334,0.31520602471167614,0.2868487155855712,0.3445393091784506,0.6290122828060376,0.49286981665832374
2015-04-19,6307.89990234375,16662.0,0.8660254037844387,-0.49999999999999983,7934.39990234375,9235.578208333334,8318.6355,0.22609396664750347,0.2845054704094335,0.31520602471167614,0.49286981665832374,0.3941571903823834
2015-04-20,6014.2001953125,16585.0,0.8660254037844387,-0.49999999999999983,6307.89990234375,8318.6355,9044.279041666668,0.21000285976376587,0.28268294638354863,0.22609396664750347,0.3941571903823834,0.47227568032412576
2015-04-21,5955.0,16865.0,0.8660254037844387,-0.49999999999999983,6014.2001953125,9044.279041666668,8492.18325,0.20675942217255905,0.2893103064776754,0.21000285976376587,0.47227568032412576,0.41284031423634676
2015-04-22,6275.7998046875,16708.0,0.8660254037844387,-0.49999999999999983,5955.0,8492.18325,9207.756125,0.2243352788109161,0.2855942509963258,0.20675942217255905,0.41284031423634676,0.4898746557945731
2015-04-23,6148.2998046875,16266.0,0.8660254037844387,-0.49999999999999983,6275.7998046875,9207.756125,9450.235666666666,0.2173498577207335,0.27513248970488274,0.2243352788109161,0.4898746557945731,0.5159785684584399
2015-04-24,5892.5,16280.0,0.8660254037844387,-0.49999999999999983,6148.2998046875,9450.235666666666,9553.495333333334,0.20333519614795972,0.2754638577095891,0.2173498577207335,0.5159785684584399,0.5270948931670711
2015-04-25,5990.7998046875,16396.0,0.8660254037844387,-0.49999999999999983,5892.5,9553.495333333334,9336.401666666668,0.20872080813874322,0.2782094783200131,0.20333519614795972,0.5270948931670711,0.5037238735932399
2015-04-26,5246.7001953125,16706.0,0.8660254037844387,-0.49999999999999983,5990.7998046875,9336.401666666668,9087.340125,0.16795336418168622,0.28554691270993915,0.20872080813874322,0.5037238735932399,0.4769113817561667
2015-04-27,5402.5,16870.0,0.8660254037844387,-0.49999999999999983,5246.7001953125,9087.340125,9548.216,0.17648926411510107,0.289428652193642,0.16795336418168622,0.4769113817561667,0.5265265513791019
2015-04-28,5710.7998046875,16678.0,0.8660254037844387,-0.49999999999999983,5402.5,9548.216,9354.961166666666,0.19338027554853826,0.28488417670052646,0.17648926411510107,0.5265265513791019,0.5057218795435768
2015-04-29,5714.2001953125,16401.0,0.8660254037844387,-0.49999999999999983,5710.7998046875,9354.961166666666,9721.354125,0.19356657484568912,0.2783278240359796,0.19338027554853826,0.5057218795435768,0.5451655774293849
2015-04-30,5616.7001953125,15947.0,0.8660254037844387,-0.49999999999999983,5714.2001953125,9721.354125,9017.215541666666,0.18822478224731418,0.2675820330262169,0.19356657484568912,0.5451655774293849,0.4693621840533774
2015-05-01,5229.2001953125,15768.0,0.49999999999999994,-0.8660254037844387,5616.7001953125,9017.215541666666,8441.554416666668,0.1669945808947984,0.2633452563946144,0.18822478224731418,0.4693621840533774,0.4073899136189471
2015-05-02,5154.2001953125,15796.0,0.49999999999999994,-0.8660254037844387,5229.2001953125,8441.554416666668,8273.6,0.16288550966527923,0.2640079924040271,0.1669945808947984,0.4073899136189471,0.3893089349349623
2015-05-03,5124.2001953125,15660.0,0.49999999999999994,-0.8660254037844387,5154.2001953125,8273.6,7534.665416666667,0.16124188117347155,0.26078898892973695,0.16288550966527923,0.3893089349349623,0.3097596100927012
2015-05-04,5415.7998046875,15632.0,0.49999999999999994,-0.8660254037844387,5124.2001953125,7534.665416666667,8078.603583333333,0.17721792871242947,0.26012625292032426,0.16124188117347155,0.3097596100927012,0.3683167745430102
2015-05-05,6473.2998046875,15503.0,0.49999999999999994,-0.8660254037844387,5415.7998046875,8078.603583333333,8738.948708333333,0.23515583304864995,0.2570729334483873,0.17721792871242947,0.3683167745430102,0.43940562332806193
2015-05-06,6177.5,15480.0,0.49999999999999994,-0.8660254037844387,6473.2998046875,8738.948708333333,8947.164958333333,0.21894966682013264,0.25652854315494117,0.23515583304864995,0.43940562332806193,0.4618209527527177
2015-05-07,5703.2998046875,15380.0,0.49999999999999994,-0.8660254037844387,6177.5,8947.164958333333,9735.589333333332,0.19296936842558635,0.25416162883561016,0.21894966682013264,0.4618209527527177,0.5466980557264449
2015-05-08,5589.2001953125,15398.0,0.49999999999999994,-0.8660254037844387,5703.2998046875,9735.589333333332,9198.429041666666,0.1867181227964905,0.25458767341308974,0.19296936842558635,0.5466980557264449,0.488870557192817
2015-05-09,5419.2001953125,15477.0,0.49999999999999994,-0.8660254037844387,5589.2001953125,9198.429041666666,8500.363791666667,0.17740422800958033,0.25645753572536123,0.1867181227964905,0.488870557192817,0.4137209829465481
2015-05-10,5162.5,15536.0,0.49999999999999994,-0.8660254037844387,5419.2001953125,8500.363791666667,7726.413666666667,0.1633402361806397,0.2578540151737665,0.17740422800958033,0.4137209829465481,0.33040209208126486
2015-05-11,5215.0,15935.0,0.49999999999999994,-0.8660254037844387,5162.5,7726.413666666667,9096.869625,0.16621658604130313,0.26729800330789716,0.1633402361806397,0.33040209208126486,0.4779372713385227
2015-05-12,5546.7001953125,16451.0,0.49999999999999994,-0.8660254037844387,5215.0,9096.869625,9509.056333333334,0.18438964909976296,0.2795112811956451,0.16621658604130313,0.4779372713385227,0.5223108533800599
2015-05-13,5737.5,17039.0,0.49999999999999994,-0.8660254037844387,5546.7001953125,9509.056333333334,9973.007583333334,0.19484311560695342,0.2934287373933114,0.18438964909976296,0.5223108533800599,0.5722570996779873
2015-05-14,5798.2998046875,17458.0,0.49999999999999994,-0.8660254037844387,5737.5,9973.007583333334,10867.369166666664,0.1981741919829773,0.3033461083913082,0.19484311560695342,0.5722570996779873,0.6685387756527171
2015-05-15,6214.2001953125,17916.0,0.49999999999999994,-0.8660254037844387,5798.2998046875,10867.369166666664,9671.353416666669,0.22096038304248367,0.3141865759738442,0.1981741919829773,0.6685387756527171,0.5397827970327648
2015-05-16,6134.2001953125,17606.0,0.49999999999999994,-0.8660254037844387,6214.2001953125,9671.353416666669,8827.620833333332,0.21657737373099656,0.30684914158391813,0.22096038304248367,0.5397827970327648,0.4489515396177811
2015-05-17,5165.7998046875,17346.0,0.49999999999999994,-0.8660254037844387,6134.2001953125,8827.620833333332,8467.25325,0.1635210246140322,0.3006951643536575,0.21657737373099656,0.4489515396177811,0.41015649795132253
2015-05-18,5174.2001953125,16748.0,0.49999999999999994,-0.8660254037844387,5165.7998046875,8467.25325,9172.297833333332,0.16398126199315102,0.2865410167240582,0.1635210246140322,0.41015649795132253,0.4860574259263765
2015-05-19,5492.5,16616.0,0.49999999999999994,-0.8660254037844387,5174.2001953125,9172.297833333332,10359.298875,0.1814201495905241,0.28341668982254126,0.16398126199315102,0.4860574259263765,0.6138429343886985
2015-05-20,5718.2998046875,16019.0,0.49999999999999994,-0.8660254037844387,5492.5,10359.298875,10708.76175,0.19379118267149018,0.26928621133613523,0.1814201495905241,0.6138429343886985,0.6514640396809718
2015-05-21,6165.0,15537.0,0.49999999999999994,-0.8660254037844387,5718.2998046875,10708.76175,10673.907666666668,0.21826482161521277,0.2578776843169598,0.19379118267149018,0.6514640396809718,0.6477118553067405
2015-05-22,6397.5,15096.0,0.49999999999999994,-0.8660254037844387,6165.0,10673.907666666668,10168.505291666666,0.23100294242672223,0.24743959216871012,0.21826482161521277,0.6477118553067405,0.593303226164546
2015-05-23,6007.5,14749.0,0.49999999999999994,-0.8660254037844387,6397.5,10168.505291666666,9574.327833333333,0.20963577203322248,0.23922639948063157,0.23100294242672223,0.593303226164546,0.5293375968476873
2015-05-24,5498.89990234375,14578.0,0.49999999999999994,-0.8660254037844387,6007.5,9574.327833333333,9156.888333333334,0.18177078498508992,0.23517897599457557,0.20963577203322248,0.5293375968476873,0.4843985303369632
2015-05-25,5691.7001953125,14480.0,0.49999999999999994,-0.8660254037844387,5498.89990234375,9156.888333333334,10197.441291666668,0.19233385347683338,0.23285939996163119,0.18177078498508992,0.4843985303369632,0.5964183047053989
2015-05-26,5618.2998046875,14529.0,0.49999999999999994,-0.8660254037844387,5691.7001953125,10197.441291666668,10064.778,0.18831242103213128,0.2340191879781034,0.19233385347683338,0.5964183047053989,0.5821365597154303
2015-05-27,5618.2998046875,14710.0,0.49999999999999994,-0.8660254037844387,5618.2998046875,10064.778,9995.442,0.18831242103213128,0.23830330289609247,0.18831242103213128,0.5821365597154303,0.5746722562281282
2015-05-28,5338.2998046875,14977.0,0.49999999999999994,-0.8660254037844387,5618.2998046875,9995.442,10298.788,0.17297188844192632,0.24462296412870624,0.18831242103213128,0.5746722562281282,0.6073286916391573
2015-05-29,5265.7998046875,15787.0,0.49999999999999994,-0.8660254037844387,5338.2998046875,10298.788,9701.472958333334,0.16899978625339113,0.2637949701152873,0.17297188844192632,0.6073286916391573,0.5430252886662369
2015-05-30,5185.0,16313.0,0.49999999999999994,-0.8660254037844387,5265.7998046875,9701.472958333334,9254.199166666667,0.16457295754949544,0.27624493943496836,0.16899978625339113,0.5430252886662369,0.4948744388491683
2015-05-31,5133.2998046875,16154.0,0.49999999999999994,-0.8660254037844387,5185.0,9254.199166666667,8668.709499999999,0.16174042708124056,0.27248154566723204,0.16457295754949544,0.4948744388491683,0.43184408577602784
2015-06-01,5881.7001953125,15793.0,1.2246467991473532e-16,-1.0,5133.2998046875,8668.709499999999,9249.98675,0.2027435005916153,0.2639369849744472,0.16174042708124056,0.43184408577602784,0.49442095499640826
2015-06-02,7029.2001953125,15334.0,1.2246467991473532e-16,-1.0,5881.7001953125,9249.98675,9704.778291666667,0.2656122904032588,0.2530728482487179,0.2027435005916153,0.49442095499640826,0.543381121294694
2015-06-03,6583.2998046875,14920.0,1.2246467991473532e-16,-1.0,7029.2001953125,9704.778291666667,9870.775125,0.24118247085194475,0.24327382296668756,0.2656122904032588,0.543381121294694,0.5612513581403596
2015-06-04,5594.2001953125,14648.0,1.2246467991473532e-16,-1.0,6583.2998046875,9870.775125,9526.398541666667,0.18699206087845843,0.23683581601810727,0.24118247085194475,0.5612513581403596,0.5241778129124819
2015-06-05,5428.2998046875,14527.0,1.2246467991473532e-16,-1.0,5594.2001953125,9526.398541666667,9999.006541666668,0.17790277391734935,0.23397184969171675,0.18699206087845843,0.5241778129124819,0.5750559936919731
2015-06-06,5386.7001953125,14495.0,1.2246467991473532e-16,-1.0,5428.2998046875,9999.006541666668,10330.463833333331,0.1756236304767887,0.23321443710953085,0.17790277391734935,0.5750559936919731,0.6107387244246248
2015-06-07,5265.7998046875,14411.0,1.2246467991473532e-16,-1.0,5386.7001953125,10330.463833333331,9379.376625,0.16899978625339113,0.2312262290812928,0.1756236304767887,0.6107387244246248,0.508350303317397
2015-06-08,5637.5,14450.0,1.2246467991473532e-16,-1.0,5265.7998046875,9379.376625,10221.138583333332,0.18936435396759452,0.2321493256658319,0.16899978625339113,0.508350303317397,0.5989694149053973
2015-06-09,6214.2001953125,14156.0,1.2246467991473532e-16,-1.0,5637.5,10221.138583333332,10623.250416666668,0.22096038304248367,0.22519059756699877,0.18936435396759452,0.5989694149053973,0.6422583955191535
2015-06-10,5747.5,14067.0,1.2246467991473532e-16,-1.0,6214.2001953125,10623.250416666668,10328.570375,0.1953909917708893,0.22308404382279418,0.22096038304248367,0.6422583955191535,0.6105348859043677
2015-06-11,5775.7998046875,13778.0,1.2246467991473532e-16,-1.0,5747.5,10328.570375,9674.957666666667,0.19694147061412157,0.2162436614399276,0.1953909917708893,0.6105348859043677,0.5401708092608151
2015-06-12,6063.2998046875,13706.0,1.2246467991473532e-16,-1.0,5775.7998046875,9674.957666666667,8895.417208333334,0.21269291032727844,0.21453948313000928,0.19694147061412157,0.5401708092608151,0.45625009618780166
2015-06-13,5923.2998046875,13410.0,1.2246467991473532e-16,-1.0,6063.2998046875,8895.417208333334,7879.167833333333,0.20502264403217596,0.20753341674478953,0.21269291032727844,0.45625009618780166,0.3468467017926687
2015-06-14,5265.0,13121.0,1.2246467991473532e-16,-1.0,5923.2998046875,7879.167833333333,7993.965375,0.16895596686098258,0.20069303436192296,0.20502264403217596,0.3468467017926687,0.35920512585226533
2015-06-15,5200.0,12902.0,1.2246467991473532e-16,-1.0,5265.0,7993.965375,8956.380916666667,0.1653947717953993,0.19550949200258808,0.16895596686098258,0.35920512585226533,0.462813088294519
2015-06-16,5179.2001953125,12756.0,1.2246467991473532e-16,-1.0,5200.0,8956.380916666667,9207.237708333332,0.16425520007511896,0.1920537970963648,0.1653947717953993,0.462813088294519,0.4898188461237977
2015-06-17,5240.0,12636.0,1.2246467991473532e-16,-1.0,5179.2001953125,9207.237708333332,9901.115791666669,0.16758627645114285,0.1892134999131676,0.16425520007511896,0.4898188461237977,0.5645176547828986
2015-06-18,5211.7001953125,12518.0,1.2246467991473532e-16,-1.0,5240.0,9901.115791666669,9748.234833333334,0.1660357976079106,0.18642054101635705,0.16758627645114285,0.5645176547828986,0.5480593954309086
2015-06-19,5339.2001953125,12453.0,1.2246467991473532e-16,-1.0,5211.7001953125,9748.234833333334,8952.418125,0.17302121869809323,0.1848820467087919,0.1660357976079106,0.5480593954309086,0.4623864775921861
2015-06-20,4975.7998046875,12369.0,1.2246467991473532e-16,-1.0,5339.2001953125,8952.418125,8371.307083333333,0.15311137749925027,0.18289383868055387,0.17302121869809323,0.4623864775921861,0.39982750137748996
2015-06-21,4835.0,12219.0,1.2246467991473532e-16,-1.0,4975.7998046875,8371.307083333333,7976.484083333333,0.14539729181173927,0.17934346720155736,0.15311137749925027,0.39982750137748996,0.35732319343115587
2015-06-22,4959.0,11985.0,1.2246467991473532e-16,-1.0,4835.0,7976.484083333333,9053.22175,0.15219095624454432,0.17380488769432284,0.14539729181173927,0.35732319343115587,0.4732383993877928
2015-06-23,4945.0,11721.0,1.2246467991473532e-16,-1.0,4959.0,9053.22175,8991.365541666668,0.15142392961503406,0.167556233891289,0.15219095624454432,0.4732383993877928,0.466579326012147
2015-06-24,4825.7998046875,11492.0,1.2246467991473532e-16,-1.0,4945.0,8991.365541666668,9690.744083333331,0.14489323504021193,0.16213600010002102,0.15142392961503406,0.466579326012147,0.5418702814682828
2015-06-25,4821.7001953125,11286.0,1.2246467991473532e-16,-1.0,4825.7998046875,9690.744083333331,9251.187958333334,0.14466862721441084,0.1572601566021992,0.14489323504021193,0.5418702814682828,0.49455026997782453
2015-06-26,4925.7998046875,11074.0,1.2246467991473532e-16,-1.0,4821.7001953125,9251.187958333334,8741.604291666667,0.15037199667957082,0.15224229824521748,0.14466862721441084,0.49455026997782453,0.43969150771619825
2015-06-27,4828.2998046875,10909.0,1.2246467991473532e-16,-1.0,4925.7998046875,8741.604291666667,7881.183541666666,0.14503020408119588,0.14833688961832134,0.15037199667957082,0.43969150771619825,0.34706370102455236
2015-06-28,4800.7998046875,10704.0,1.2246467991473532e-16,-1.0,4828.2998046875,7881.183541666666,7948.859291666667,0.1435235446303722,0.14348471526369277,0.14503020408119588,0.34706370102455236,0.354349271820831
2015-06-29,4795.7998046875,10499.0,1.2246467991473532e-16,-1.0,4800.7998046875,7948.859291666667,8913.284,0.14324960654840424,0.13863254090906424,0.1435235446303722,0.354349271820831,0.458173529257843
2015-06-30,5011.7001953125,10336.0,1.2246467991473532e-16,-1.0,4795.7998046875,8913.284,9157.509291666667,0.15507827432919277,0.13477447056855474,0.14324960654840424,0.458173529257843,0.4844653790368156
2015-07-01,5178.2998046875,10690.0,-0.4999999999999998,-0.8660254037844388,5011.7001953125,9157.509291666667,9652.720958333332,0.16420586981895208,0.14315334725898646,0.15507827432919277,0.4844653790368156,0.5377769368199671
2015-07-02,5170.7998046875,11653.0,-0.4999999999999998,-0.8660254037844388,5178.2998046875,9652.720958333332,9835.936125,0.16379496269600016,0.16594673215414393,0.16420586981895208,0.5377769368199671,0.5575007975485442
2015-07-03,5198.2998046875,13460.0,-0.4999999999999998,-0.8660254037844388,5170.7998046875,9835.936125,9719.406583333332,0.16530162214682387,0.20871687390445504,0.16379496269600016,0.5575007975485442,0.5449559166174808
2015-07-04,5063.2998046875,14945.0,-0.4999999999999998,-0.8660254037844388,5198.2998046875,9719.406583333332,9481.61175,0.15790529393368932,0.24386555154652031,0.16530162214682387,0.5449559166174808,0.5193563319325787
2015-07-05,5435.7998046875,16893.0,-0.4999999999999998,-0.8660254037844388,5063.2998046875,9481.61175,9750.194,0.17831368104030126,0.2899730424870881,0.15790529393368932,0.5193563319325787,0.5482703077215253
2015-07-06,5286.7001953125,18266.0,-0.4999999999999998,-0.8660254037844388,5435.7998046875,9750.194,10631.255583333334,0.1701448688374298,0.32247077609150265,0.17831368104030126,0.5482703077215253,0.643120184394578
2015-07-07,4941.7001953125,19283.0,-0.4999999999999998,-0.8660254037844388,5286.7001953125,10631.255583333334,12303.634,0.15124314118164156,0.3465422947190989,0.1701448688374298,0.643120184394578,0.8231585489903653
2015-07-08,4770.0,18755.0,-0.4999999999999998,-0.8660254037844388,4941.7001953125,12303.634,12648.906166666668,0.14183609674615597,0.33404498711303127,0.15124314118164156,0.8231585489903653,0.8603285074205936
2015-07-09,4845.7998046875,18254.0,-0.4999999999999998,-0.8660254037844388,4770.0,12648.906166666668,12747.048875,0.1459889873680837,0.32218674637318295,0.14183609674615597,0.8603285074205936,0.8708939706729554
2015-07-10,4694.2001953125,18954.0,-0.4999999999999998,-0.8660254037844388,4845.7998046875,12747.048875,10811.011875,0.13768320612422824,0.3387551466084999,0.1459889873680837,0.8708939706729554,0.6624716831073962
2015-07-11,5103.2998046875,20108.0,-0.4999999999999998,-0.8660254037844388,4694.2001953125,10811.011875,11080.436958333334,0.1600967985894329,0.3660693378535796,0.13768320612422824,0.6624716831073962,0.6914763933458239
2015-07-12,5290.7998046875,21146.0,-0.4999999999999998,-0.8660254037844388,5103.2998046875,11080.436958333334,8558.718291666666,0.17036947666323085,0.3906379084882353,0.1600967985894329,0.6914763933458239,0.4200030831232205
2015-07-13,5094.2001953125,22371.0,-0.4999999999999998,-0.8660254037844388,5290.7998046875,8558.718291666666,10803.441333333334,0.1595982526816639,0.41963260890004006,0.17036947666323085,0.4200030831232205,0.6616566833877231
2015-07-14,4980.7998046875,24105.0,-0.4999999999999998,-0.8660254037844388,5094.2001953125,10803.441333333334,10909.673833333332,0.15338531558121823,0.46067490319723947,0.1595982526816639,0.6616566833877231,0.6730930457422689
2015-07-15,4915.0,24837.0,-0.4999999999999998,-0.8660254037844388,4980.7998046875,10909.673833333332,11014.742458333334,0.14978030112322638,0.47800071601474237,0.15338531558121823,0.6730930457422689,0.684404112201158
2015-07-16,4740.7998046875,24448.0,-0.4999999999999998,-0.8660254037844388,4915.0,11014.742458333334,11085.968666666668,0.14023628764675683,0.4687934193125448,0.14978030112322638,0.684404112201158,0.6920719043329481
2015-07-17,4593.2998046875,23800.0,-0.4999999999999998,-0.8660254037844388,4740.7998046875,11085.968666666668,10891.4905,0.13215511422870246,0.45345581452327993,0.14023628764675683,0.6920719043329481,0.6711355356694241
2015-07-18,4248.2998046875,23339.0,-0.4999999999999998,-0.8660254037844388,4593.2998046875,10891.4905,10323.446625,0.11325338657291421,0.44254433951116406,0.13215511422870246,0.6711355356694241,0.6099832932974527
2015-07-19,4046.199951171875,22758.0,-0.4999999999999998,-0.8660254037844388,4248.2998046875,10323.446625,8501.906916666667,0.1021808173252996,0.42879256731585097,0.11325338657291421,0.6099832932974527,0.4138871066531196
2015-07-20,4265.7998046875,22066.0,-0.4999999999999998,-0.8660254037844388,4046.199951171875,8501.906916666667,10691.74125,0.11421216985980202,0.4124135202260805,0.1021808173252996,0.4138871066531196,0.6496317133641144
2015-07-21,4333.2998046875,21408.0,-0.4999999999999998,-0.8660254037844388,4265.7998046875,10691.74125,11274.249000000002,0.11791033396636928,0.39683922400488253,0.11421216985980202,0.6496317133641144,0.7123410509334208
2015-07-22,4320.0,20860.0,-0.4999999999999998,-0.8660254037844388,4333.2998046875,11274.249000000002,11273.204458333334,0.11718166936904088,0.3838685335349487,0.11791033396636928,0.7123410509334208,0.7122286017583149
2015-07-23,4263.5,19742.0,-0.4999999999999998,-0.8660254037844388,4320.0,11273.204458333334,11362.348833333332,0.1140861690428031,0.35740643144482814,0.11718166936904088,0.7122286017583149,0.7218253576886519
2015-07-24,4554.2001953125,18475.0,-0.4999999999999998,-0.8660254037844388,4263.5,11362.348833333332,11436.598291666667,0.13001293982912576,0.3274176270189045,0.1140861690428031,0.7218253576886519,0.7298186150263667
2015-07-25,4517.5,17099.0,-0.4999999999999998,-0.8660254037844388,4554.2001953125,11436.598291666667,10563.428375,0.1280022236067747,0.29484888598490994,0.13001293982912576,0.7298186150263667,0.6358183084903369
2015-07-26,4227.5,16117.0,-0.4999999999999998,-0.8660254037844388,4517.5,10563.428375,8724.888041666667,0.11211381485263389,0.2716057873690796,0.1280022236067747,0.6358183084903369,0.43789193515404284
2015-07-27,4148.2998046875,15298.0,-0.4999999999999998,-0.8660254037844388,4227.5,8724.888041666667,10800.629833333334,0.1077746249335553,0.25222075909375874,0.11211381485263389,0.43789193515404284,0.6613540139338384
2015-07-28,4497.5,14701.0,-0.4999999999999998,-0.8660254037844388,4148.2998046875,10800.629833333334,10996.313583333334,0.12690647127890295,0.23809028060735268,0.1077746249335553,0.6613540139338384,0.6824201685653909
2015-07-29,4521.7001953125,14247.0,-0.4999999999999998,-0.8660254037844388,4497.5,10996.313583333334,11055.516375,0.12823234229633412,0.22734448959758996,0.12690647127890295,0.6824201685653909,0.688793590803413
2015-07-30,4586.7001953125,13894.0,-0.4999999999999998,-0.8660254037844388,4521.7001953125,11055.516375,10963.011791666666,0.13179353736191743,0.21898928205035156,0.12823234229633412,0.688793590803413,0.6788350947268234
2015-07-31,5062.5,13455.0,-0.4999999999999998,-0.8660254037844388,4586.7001953125,10963.011791666666,10480.7185,0.15786147454128077,0.20859852818848848,0.13179353736191743,0.6788350947268234,0.6269142527559882
2015-08-01,4867.2998046875,13145.0,-0.8660254037844384,-0.5000000000000004,5062.5,10480.7185,9686.827875,0.14716692112054586,0.2012610937985624,0.15786147454128077,0.6269142527559882,0.5414486856519756
2015-08-02,4752.5,12738.0,-0.8660254037844384,-0.5000000000000004,4867.2998046875,9686.827875,8948.491791666665,0.14087731345926816,0.19162775251888522,0.14716692112054586,0.5414486856519756,0.4619637917782897
2015-08-03,4772.5,12490.0,-0.8660254037844384,-0.5000000000000004,4752.5,8948.491791666665,9947.138,0.14197306578713995,0.18575780500694436,0.14087731345926816,0.4619637917782897,0.569472133410968
2015-08-04,4804.2001953125,12143.0,-0.8660254037844384,-0.5000000000000004,4772.5,9947.138,10398.65675,0.14370984392752303,0.1775446123188658,0.14197306578713995,0.569472133410968,0.6180799703240755
2015-08-05,4708.2998046875,11775.0,-0.8660254037844384,-0.5000000000000004,4804.2001953125,10398.65675,10260.361,0.1384556901139652,0.16883436762372775,0.14370984392752303,0.6180799703240755,0.6031918681981375
2015-08-06,4325.0,11485.0,-0.8660254037844384,-0.5000000000000004,4708.2998046875,10260.361,10380.58,0.11745560745100882,0.16197031609766785,0.1384556901139652,0.6031918681981375,0.6161339343822257
2015-08-07,4545.0,11299.0,-0.8660254037844384,-0.5000000000000004,4325.0,10380.58,10894.512708333334,0.12950888305759842,0.15756785546371221,0.11745560745100882,0.6161339343822257,0.6714608887356791
2015-08-08,4709.2001953125,10900.0,-0.8660254037844384,-0.5000000000000004,4545.0,10894.512708333334,9903.765708333334,0.13850502037013207,0.14812386732958155,0.12950888305759842,0.6714608887356791,0.5648029291312321
2015-08-09,4255.7998046875,10577.0,-0.8660254037844384,-0.5000000000000004,4709.2001953125,9903.765708333334,9255.587541666666,0.11366429369586613,0.14047873407814243,0.13850502037013207,0.5648029291312321,0.4950239030864213
2015-08-10,4249.2001953125,10293.0,-0.8660254037844384,-0.5000000000000004,4255.7998046875,9255.587541666666,10576.290625,0.1133027168290811,0.1337566974112424,0.11366429369586613,0.4950239030864213,0.6372029822172544
2015-08-11,4415.7998046875,10203.0,-0.8660254037844384,-0.5000000000000004,4249.2001953125,10576.290625,10713.148166666666,0.12243031231884038,0.1316264745238445,0.1133027168290811,0.6372029822172544,0.6519362553441447
2015-08-12,4367.5,10034.0,-0.8660254037844384,-0.5000000000000004,4415.7998046875,10713.148166666666,10647.369833333332,0.11978408114773637,0.1276263893241751,0.12243031231884038,0.6519362553441447,0.6448549491988679
2015-08-13,4329.2001953125,9890.0,-0.8660254037844384,-0.5000000000000004,4367.5,10647.369833333332,10525.512833333332,0.11768572614056823,0.12421803270433848,0.11978408114773637,0.6448549491988679,0.6317365456270992
2015-08-14,4371.7001953125,9696.0,-0.8660254037844384,-0.5000000000000004,4329.2001953125,10525.512833333332,9965.579333333331,0.12001419983729576,0.11962621892483635,0.11768572614056823,0.6317365456270992,0.5714574182371835
2015-08-15,4655.7998046875,9599.0,-0.8660254037844384,-0.5000000000000004,4371.7001953125,9965.579333333331,9493.908416666667,0.13557934025330176,0.11733031203508529,0.12001419983729576,0.5714574182371835,0.5206801183044807
2015-08-16,4385.7998046875,9432.0,-0.8660254037844384,-0.5000000000000004,4655.7998046875,9493.908416666667,9460.322833333334,0.12078668382703271,0.11337756512180253,0.13557934025330176,0.5206801183044807,0.5170644931343227
2015-08-17,4370.0,9317.0,-0.8660254037844384,-0.5000000000000004,4385.7998046875,9460.322833333334,10372.396791666666,0.11992105018872033,0.11065561365457188,0.12078668382703271,0.5170644931343227,0.6152529785944701
2015-08-18,4520.7998046875,9177.0,-0.8660254037844384,-0.5000000000000004,4370.0,10372.396791666666,10123.363,0.12818301204016724,0.10734193360750849,0.11992105018872033,0.6152529785944701,0.5884434741581958
2015-08-19,4345.7998046875,9093.0,-0.8660254037844384,-0.5000000000000004,4520.7998046875,10123.363,10173.489791666669,0.11859517917128914,0.10535372557927046,0.12818301204016724,0.5884434741581958,0.5938398279404269
2015-08-20,4379.2001953125,8961.0,-0.8660254037844384,-0.5000000000000004,4345.7998046875,10173.489791666669,9767.518708333331,0.12042510696024768,0.10222939867775353,0.11859517917128914,0.5938398279404269,0.5501353833074976
2015-08-21,4339.2001953125,8906.0,-0.8660254037844384,-0.5000000000000004,4379.2001953125,9767.518708333331,9261.247,0.11823360230450411,0.10092759580212149,0.12042510696024768,0.5501353833074976,0.4956331668826273
2015-08-22,4363.2998046875,8808.0,-0.8660254037844384,-0.5000000000000004,4339.2001953125,9261.247,8354.883749999999,0.11955396245817695,0.09860801976917712,0.11823360230450411,0.4956331668826273,0.3980594624904309
2015-08-23,4261.0,8759.0,-0.8660254037844384,-0.5000000000000004,4363.2998046875,8354.883749999999,8300.968458333335,0.11394920000181911,0.09744823175270492,0.11955396245817695,0.3980594624904309,0.39225526121538784
2015-08-24,4268.2998046875,8700.0,-0.8660254037844384,-0.5000000000000004,4261.0,8300.968458333335,9217.993708333332,0.11434913890078599,0.09605175230429965,0.11394920000181911,0.39225526121538784,0.4909767734387483
2015-08-25,4343.2998046875,8698.0,-0.8660254037844384,-0.5000000000000004,4268.2998046875,9217.993708333332,9335.545125,0.11845821013030518,0.09600441401791303,0.11434913890078599,0.4909767734387483,0.5036316633857066
2015-08-26,4379.2001953125,8755.0,-0.8660254037844384,-0.5000000000000004,4343.2998046875,9335.545125,9404.476375,0.12042510696024768,0.09735355517993169,0.11845821013030518,0.5036316633857066,0.511052393882982
2015-08-27,4660.0,8828.0,-0.8660254037844384,-0.5000000000000004,4379.2001953125,9404.476375,9257.534625,0.13580945894286117,0.09908140263304331,0.12042510696024768,0.511052393882982,0.49523351455687065
2015-08-28,4670.0,8893.0,-0.8660254037844384,-0.5000000000000004,4660.0,9257.534625,8993.056833333334,0.13635733510679707,0.10061989694060847,0.13580945894286117,0.49523351455687065,0.4667614004653249
2015-08-29,4425.7998046875,8865.0,-0.8660254037844384,-0.5000000000000004,4670.0,8993.056833333334,8004.289166666667,0.12297818848277628,0.09995716093119579,0.13635733510679707,0.4667614004653249,0.36031652417549836
2015-08-30,4067.5,8812.0,-0.8660254037844384,-0.5000000000000004,4425.7998046875,8004.289166666667,7984.96275,0.10334779622965963,0.09870269634195036,0.12297818848277628,0.36031652417549836,0.3582359565148018
2015-08-31,4282.7998046875,8757.0,-0.8660254037844384,-0.5000000000000004,4067.5,7984.96275,9196.923166666667,0.11514355933849303,0.0974008934663183,0.10334779622965963,0.3582359565148018,0.48870844360083115
2015-09-01,4363.2998046875,8702.0,-1.0,-1.8369701987210297e-16,4282.7998046875,9196.923166666667,9948.738375,0.11955396245817695,0.09609909059068626,0.11514355933849303,0.48870844360083115,0.5696444203137818
2015-09-02,4181.89990234375,8640.0,-1.0,-1.8369701987210297e-16,4363.2998046875,9948.738375,9552.811625,0.10961549419473306,0.09463160371270105,0.11955396245817695,0.5696444203137818,0.5270212891735209
2015-09-03,4144.7998046875,8574.0,-1.0,-1.8369701987210297e-16,4181.89990234375,9552.811625,10143.420958333334,0.10758286827617775,0.09306944026194258,0.10961549419473306,0.5270212891735209,0.5906027952660714
2015-09-04,4258.2001953125,8467.0,-1.0,-1.8369701987210297e-16,4144.7998046875,10143.420958333334,9347.187333333331,0.1137958053766234,0.09053684194025842,0.10758286827617775,0.5906027952660714,0.5048849946459809
2015-09-05,4264.2998046875,8419.0,-1.0,-1.8369701987210297e-16,4258.2001953125,9347.187333333331,8499.883833333333,0.11412998843521163,0.08940072306697955,0.1137958053766234,0.5048849946459809,0.41366931347237507
2015-09-06,4345.0,8404.0,-1.0,-1.8369701987210297e-16,4264.2998046875,8499.883833333333,7673.314416666667,0.11855135977888061,0.0890456859190799,0.11412998843521163,0.41366931347237507,0.3246857410234
2015-09-07,4388.2998046875,8498.0,-1.0,-1.8369701987210297e-16,4345.0,7673.314416666667,7819.96525,0.12092365286801668,0.09127058537925103,0.11855135977888061,0.3246857410234,0.3404733019825804
2015-09-08,4403.2998046875,8892.0,-1.0,-1.8369701987210297e-16,4388.2998046875,7819.96525,8614.0315,0.12174546711392052,0.10059622779741516,0.12092365286801668,0.3404733019825804,0.4259577758348906
2015-09-09,4438.2998046875,9660.0,-1.0,-1.8369701987210297e-16,4403.2998046875,8614.0315,8877.29025,0.12366303368769614,0.1187741297698772,0.12174546711392052,0.4259577758348906,0.45429865511387635
2015-09-10,5144.2001953125,10677.0,-1.0,-1.8369701987210297e-16,4438.2998046875,8877.29025,8959.795125,0.16233763350134334,0.1428456483974734,0.12366303368769614,0.45429865511387635,0.46318064176124446
2015-09-11,6116.7001953125,12350.0,-1.0,-1.8369701987210297e-16,5144.2001953125,8959.795125,8722.747416666667,0.21561859044410875,0.18244412495988097,0.16233763350134334,0.46318064176124446,0.43766148813297867
2015-09-12,6085.7998046875,14125.0,-1.0,-1.8369701987210297e-16,6116.7001953125,8722.747416666667,8389.010875,0.21392563169613418,0.22445685412800617,0.21561859044410875,0.43766148813297867,0.40173338683202975
2015-09-13,5598.2998046875,15898.0,-1.0,-1.8369701987210297e-16,6085.7998046875,8389.010875,8240.139416666667,0.1872166687042595,0.2664222450097447,0.21392563169613418,0.40173338683202975,0.3857067665251585
2015-09-14,5140.0,16731.0,-1.0,-1.8369701987210297e-16,5598.2998046875,8240.139416666667,9196.510125,0.16210751481178393,0.2861386412897719,0.1872166687042595,0.3857067665251585,0.4886639779790344
2015-09-15,4799.2001953125,16708.0,-1.0,-1.8369701987210297e-16,5140.0,9196.510125,9763.231875,0.1434359058455551,0.2855942509963258,0.16210751481178393,0.4886639779790344,0.5496738881967402
2015-09-16,4717.5,16454.0,-1.0,-1.8369701987210297e-16,4799.2001953125,9763.231875,10905.873291666669,0.13895974688549254,0.27958228862522505,0.1434359058455551,0.5496738881967402,0.672683901914876
2015-09-17,4880.0,16042.0,-1.0,-1.8369701987210297e-16,4717.5,10905.873291666669,11087.691041666669,0.14786273454945079,0.26983060162958133,0.13895974688549254,0.672683901914876,0.6922573250338675
2015-09-18,5990.0,15750.0,-1.0,-1.8369701987210297e-16,4880.0,11087.691041666669,10373.63,0.20867698874633467,0.26291921181713485,0.14786273454945079,0.6922573250338675,0.6153857385065371
2015-09-19,5583.2998046875,15504.0,-1.0,-1.8369701987210297e-16,5990.0,10373.63,9245.565666666667,0.18639485445835566,0.25709660259158057,0.20867698874633467,0.6153857385065371,0.4939450073250305
2015-09-20,4685.0,15130.0,-1.0,-1.8369701987210297e-16,5583.2998046875,9245.565666666667,8678.955916666668,0.1371791493527009,0.24824434303728266,0.18639485445835566,0.4939450073250305,0.4329471543646018
2015-09-21,4780.7998046875,14786.0,-1.0,-1.8369701987210297e-16,4685.0,8678.955916666668,10047.012666666667,0.1424277923025004,0.24010215777878405,0.1371791493527009,0.4329471543646018,0.5802240490492097
2015-09-22,6119.2001953125,13938.0,-1.0,-1.8369701987210297e-16,4780.7998046875,10047.012666666667,10108.957166666669,0.2157555594850927,0.2200307243508572,0.1424277923025004,0.5802240490492097,0.5868926273832524
2015-09-23,6430.0,12864.0,-1.0,-1.8369701987210297e-16,6119.2001953125,10108.957166666669,10317.394458333334,0.23278353995951387,0.1946100645612423,0.2157555594850927,0.5868926273832524,0.6093317528458009
2015-09-24,6391.0,11698.0,-1.0,-1.8369701987210297e-16,6430.0,10317.394458333334,10474.268125,0.2306468229201639,0.16701184359784288,0.23278353995951387,0.6093317528458009,0.6262198435514349
2015-09-25,6310.7998046875,11026.0,-1.0,-1.8369701987210297e-16,6391.0,10474.268125,10641.335166666666,0.22625284538469173,0.1511061793719386,0.2306468229201639,0.6262198435514349,0.6442052926936657
2015-09-26,5960.7998046875,10748.0,-1.0,-1.8369701987210297e-16,6310.7998046875,10641.335166666666,9483.854958333332,0.20707717964693553,0.14452615756419843,0.22625284538469173,0.6442052926936657,0.5195978224683067
2015-09-27,5377.5,10624.0,-1.0,-1.8369701987210297e-16,5960.7998046875,9483.854958333332,8419.32675,0.17511957370526135,0.141591183808228,0.20707717964693553,0.5195978224683067,0.4049970145504316
2015-09-28,5966.7001953125,10715.0,-1.0,-1.8369701987210297e-16,5377.5,8419.32675,9973.577666666666,0.20740044798507037,0.1437450758388192,0.17511957370526135,0.4049970145504316,0.5723184714763755
2015-09-29,6043.7998046875,10735.0,-1.0,-1.8369701987210297e-16,5966.7001953125,9973.577666666666,10017.446875,0.21162455180760345,0.1442184587026854,0.20740044798507037,0.5723184714763755,0.577041170864106
2015-09-30,6230.39990234375,10650.0,-1.0,-1.8369701987210297e-16,6043.7998046875,10017.446875,10716.600958333334,0.22184792637700032,0.14220658153125404,0.21162455180760345,0.577041170864106,0.652307962464233
2015-10-01,6211.2998046875,11456.0,-0.8660254037844386,0.5000000000000001,6230.39990234375,10716.600958333334,11125.695666666668,0.2208014775535296,0.16128391094506186,0.22184792637700032,0.652307962464233,0.6963486780816508
2015-10-02,6436.2001953125,11723.0,-0.8660254037844386,0.5000000000000001,6211.2998046875,11125.695666666668,10764.300083333334,0.23312323388186046,0.16760357217767563,0.2208014775535296,0.6963486780816508,0.6574429680180398
2015-10-03,6095.7998046875,12364.0,-0.8660254037844386,0.5000000000000001,6436.2001953125,10764.300083333334,9796.428291666663,0.21447350786007008,0.1827754929645873,0.23312323388186046,0.6574429680180398,0.5532476179863288
2015-10-04,4925.0,11169.0,-0.8660254037844386,0.5000000000000001,6095.7998046875,9796.428291666663,9120.118958333334,0.15032817728716227,0.1544908668485819,0.21447350786007008,0.5532476179863288,0.48044015699499926
2015-10-05,5215.0,12639.0,-0.8660254037844386,0.5000000000000001,4925.0,9120.118958333334,10445.489,0.16621658604130313,0.18928450734274754,0.15032817728716227,0.48044015699499926,0.6231216532448265
2015-10-06,6548.2998046875,13322.0,-0.8660254037844386,0.5000000000000001,5215.0,10445.489,11622.626666666663,0.23926490427816915,0.20545053214377826,0.16621658604130313,0.6231216532448265,0.749845329117886
2015-10-07,6852.2998046875,12324.0,-0.8660254037844386,0.5000000000000001,6548.2998046875,11622.626666666663,11604.557833333332,0.2559203396618202,0.18182872723685492,0.23926490427816915,0.749845329117886,0.7479001454375258
2015-10-08,7069.0,12483.0,-0.8660254037844386,0.5000000000000001,6852.2998046875,11604.557833333332,11237.433708333332,0.2677928268350173,0.1855921210045912,0.2559203396618202,0.7479001454375258,0.7083777344748198
2015-10-09,7430.39990234375,12396.0,-0.8660254037844386,0.5000000000000001,7069.0,11237.433708333332,10921.644375,0.28759306604930723,0.18353290554677323,0.2677928268350173,0.7083777344748198,0.674381723426407
2015-10-10,7657.2998046875,12296.0,-0.8660254037844386,0.5000000000000001,7430.39990234375,10921.644375,9693.495,0.30002437085865946,0.18116599122744223,0.28759306604930723,0.674381723426407,0.5421664288789828
2015-10-11,8716.7001953125,12488.0,-0.8660254037844386,0.5000000000000001,7657.2998046875,9693.495,9164.29475,0.3580663930674404,0.18571046672055774,0.30002437085865946,0.5421664288789828,0.4851958613302913
2015-10-12,8920.7998046875,13085.0,-0.8660254037844386,0.5000000000000001,8716.7001953125,9164.29475,9496.156833333333,0.3692485241719593,0.1998409452069638,0.3580663930674404,0.4851958613302913,0.5209221695385567
2015-10-13,9047.900390625,14262.0,-0.8660254037844386,0.5000000000000001,8920.7998046875,9496.156833333333,10716.696458333334,0.37621206231770343,0.22769952674548963,0.3692485241719593,0.5209221695385567,0.6523182434291435
2015-10-14,9149.0,16433.0,-0.8660254037844386,0.5000000000000001,9047.900390625,10716.696458333334,11158.352291666668,0.38175106893368266,0.27908523661816553,0.37621206231770343,0.6523182434291435,0.6998642970944436
2015-10-15,9396.900390625,18200.0,-0.8660254037844386,0.5000000000000001,9149.0,11158.352291666668,12324.844708333332,0.395332940439066,0.3209086126407442,0.38175106893368266,0.6998642970944436,0.8254419683422264
2015-10-16,9394.599609375,18130.0,-0.8660254037844386,0.5000000000000001,9396.900390625,12324.844708333332,12332.306208333332,0.3952068861185355,0.31925177261721255,0.395332940439066,0.8254419683422264,0.826245229281284
2015-10-17,8166.7001953125,16983.0,-0.8660254037844386,0.5000000000000001,9394.599609375,12332.306208333332,10668.52275,0.3279332040509664,0.292103265374486,0.3952068861185355,0.826245229281284,0.6471321470418588
2015-10-18,6540.0,15258.0,-0.8660254037844386,0.5000000000000001,8166.7001953125,10668.52275,9792.084869565217,0.2388101777628087,0.25127399336602635,0.3279332040509664,0.6471321470418588,0.5527800308636414
2015-10-19,6232.5,13751.0,-0.8660254037844386,0.5000000000000001,6540.0,9792.084869565217,12206.660458333334,0.22196298572178003,0.21560459457370823,0.2388101777628087,0.5527800308636414,0.8127189513031824
2015-10-20,6576.89990234375,12264.0,-0.8660254037844386,0.5000000000000001,6232.5,12206.660458333334,12614.937666666669,0.24083183545737896,0.1804085786452563,0.22196298572178003,0.8127189513031824,0.8566716597078844
2015-10-21,6934.7998046875,11267.0,-0.8660254037844386,0.5000000000000001,6576.89990234375,12614.937666666669,12728.5675,0.26044031801429135,0.1568104428815263,0.24083183545737896,0.8566716597078844,0.8689043751978394
2015-10-22,7229.39990234375,10833.0,-0.8660254037844386,0.5000000000000001,6934.7998046875,12728.5675,11858.907708333334,0.27658075515419583,0.14653803473562976,0.26044031801429135,0.8689043751978394,0.7752819479493137
2015-10-23,7141.2998046875,10503.0,-0.8660254037844386,0.5000000000000001,7229.39990234375,11858.907708333334,12024.992666666669,0.2717539607995675,0.1387272174818375,0.27658075515419583,0.7752819479493137,0.7931616718110293
2015-10-24,7163.5,10264.0,-0.8660254037844386,0.5000000000000001,7141.2998046875,12024.992666666669,10712.891708333333,0.2729702565842115,0.1330702922586364,0.2717539607995675,0.7931616718110293,0.6519086465574849
2015-10-25,6784.2001953125,9960.0,-0.8660254037844386,0.5000000000000001,7163.5,10712.891708333333,9751.473916666666,0.25218932438682945,0.12587487272787018,0.2729702565842115,0.6519086465574849,0.5484080959763777
2015-10-26,7041.7001953125,10073.0,-0.8660254037844386,0.5000000000000001,6784.2001953125,9751.473916666666,11731.603,0.26629713560817864,0.1285494859087142,0.25218932438682945,0.5484080959763777,0.7615770763333787
2015-10-27,7367.10009765625,10306.0,-0.8660254037844386,0.5000000000000001,7041.7001953125,11731.603,11432.210791666666,0.2841250206322994,0.13406439627275543,0.26629713560817864,0.7615770763333787,0.7293462827379372
2015-10-28,7174.39990234375,10309.0,-0.8660254037844386,0.5000000000000001,7367.10009765625,11432.210791666666,12070.757958333334,0.2735674362525484,0.13413540370233534,0.2841250206322994,0.7293462827379372,0.7980884923109842
2015-10-29,6961.5,10438.0,-0.8660254037844386,0.5000000000000001,7174.39990234375,12070.757958333334,11588.54225,0.2619031580727065,0.13718872317427233,0.2735674362525484,0.7980884923109842,0.7461760025027421
2015-10-30,6652.89990234375,10680.0,-0.8660254037844386,0.5000000000000001,6961.5,11588.54225,11798.378041666663,0.2449956943032917,0.14291665582705335,0.2619031580727065,0.7461760025027421,0.7687656822001321
2015-10-31,6095.0,11271.0,-0.8660254037844386,0.5000000000000001,6652.89990234375,11798.378041666663,10844.741166666669,0.21442968846766153,0.15690511945429952,0.2449956943032917,0.7687656822001321,0.6661027790663748
2015-11-01,6546.7001953125,11725.0,-0.5000000000000004,0.8660254037844384,6095.0,10844.741166666669,9162.470458333331,0.23917726549335205,0.16765091046406225,0.21442968846766153,0.6661027790663748,0.48499946888409645
2015-11-02,6691.7001953125,12190.0,-0.5000000000000004,0.8660254037844384,6546.7001953125,9162.470458333331,9674.597708333333,0.24712146987042247,0.17865706204895138,0.23917726549335205,0.48499946888409645,0.5401320582765818
2015-11-03,7604.0,12805.0,-0.5000000000000004,0.8660254037844384,6691.7001953125,9674.597708333333,11989.998291666663,0.2971042016055875,0.193213585112837,0.24712146987042247,0.5401320582765818,0.7893943844660931
2015-11-04,8063.5,13640.0,-0.5000000000000004,0.8660254037844384,7604.0,11989.998291666663,12279.584333333332,0.32227911133844167,0.21297731967925082,0.2971042016055875,0.7893943844660931,0.8205695041829283
2015-11-05,8786.5,14927.0,-0.5000000000000004,0.8660254037844384,8063.5,12279.584333333332,11770.317541666664,0.3618905579910066,0.24343950696904074,0.32227911133844167,0.8205695041829283,0.7657448548087995
2015-11-06,8268.7998046875,15487.0,-0.5000000000000004,0.8660254037844384,8786.5,11770.317541666664,12121.14125,0.3335269982833392,0.25669422715729434,0.3618905579910066,0.7657448548087995,0.8035124593654617
2015-11-07,7590.2001953125,15850.0,-0.5000000000000004,0.8660254037844384,8268.7998046875,12121.14125,11287.950833333334,0.29634814320006225,0.26528612613646585,0.3335269982833392,0.8035124593654617,0.71381610923405
2015-11-08,6903.2998046875,16360.0,-0.5000000000000004,0.8660254037844384,7590.2001953125,11287.950833333334,9347.489916666667,0.25871450809789326,0.2773573891650539,0.29634814320006225,0.71381610923405,0.5049175689772117
2015-11-09,7283.5,16919.0,-0.5000000000000004,0.8660254037844384,6903.2998046875,9347.489916666667,12110.621708333332,0.27954477055144217,0.29058844021011415,0.25871450809789326,0.5049175689772117,0.8023799877555141
2015-11-10,8140.60009765625,17025.0,-0.5000000000000004,0.8660254037844384,7283.5,12110.621708333332,12330.872,0.32650324191274055,0.29309736938860503,0.27954477055144217,0.8023799877555141,0.8260908308985678
2015-11-11,8059.39990234375,16481.0,-0.5000000000000004,0.8660254037844384,8140.60009765625,12330.872,12518.245125,0.3220544767608748,0.2802213554914444,0.32650324191274055,0.8260908308985678,0.8462623128179771
2015-11-12,8109.39990234375,15910.0,-0.5000000000000004,0.8660254037844384,8059.39990234375,12518.245125,12573.75925,0.32479385758055423,0.2667062747280644,0.3220544767608748,0.8462623128179771,0.8522386350291231
2015-11-13,7929.2998046875,15532.0,-0.5000000000000004,0.8660254037844384,8109.39990234375,12573.75925,12464.464916666666,0.3149266025177157,0.25775933860099326,0.32479385758055423,0.8522386350291231,0.8404726538152898
2015-11-14,6633.2998046875,15294.0,-0.5000000000000004,0.8660254037844384,7929.2998046875,12464.464916666666,11298.287083333336,0.24392185167162422,0.2521260825209855,0.3149266025177157,0.8404726538152898,0.7149288487477318
2015-11-15,5293.2998046875,15225.0,-0.5000000000000004,0.8660254037844384,6633.2998046875,11298.287083333336,9631.702041666666,0.17050644570421483,0.25049291164064713,0.24392185167162422,0.7149288487477318,0.535514164624076
2015-11-16,6035.0,16835.0,-0.5000000000000004,0.8660254037844384,5293.2998046875,9631.702041666666,11989.401625,0.21114243148404618,0.28860023218187614,0.17050644570421483,0.535514164624076,0.7893301508633366
2015-11-17,8708.2998046875,17195.0,-0.5000000000000004,0.8660254037844384,6035.0,11989.401625,11887.356291666663,0.3576061556883216,0.2971211237314677,0.21114243148404618,0.7893301508633366,0.7783445540959586
2015-11-18,9587.099609375,16238.0,-0.5000000000000004,0.8660254037844384,8708.2998046875,11887.356291666663,11344.544625,0.40575350227430135,0.2744697536954701,0.3576061556883216,0.7783445540959586,0.7199086619699612
2015-11-19,11146.2998046875,17732.0,-0.5000000000000004,0.8660254037844384,9587.099609375,11344.544625,11305.914166666667,0.4911783644558918,0.3098314536262752,0.40575350227430135,0.7199086619699612,0.7157499354086716
2015-11-20,11743.0,19333.0,-0.5000000000000004,0.8660254037844384,11146.2998046875,11305.914166666667,10905.208375,0.5238701458586528,0.3477257518787644,0.4911783644558918,0.7157499354086716,0.6726123209209655
2015-11-21,10357.7001953125,20531.0,-0.5000000000000004,0.8660254037844384,11743.0,10905.208375,10733.938333333334,0.4479728715693201,0.3760813854243497,0.5238701458586528,0.6726123209209655,0.654174401668588
2015-11-22,9944.2998046875,21920.0,-0.5000000000000004,0.8660254037844384,10357.7001953125,10733.938333333334,8840.296833333334,0.4253236495507977,0.40895782531985725,0.4479728715693201,0.654174401668588,0.4503161627717711
2015-11-23,9376.099609375,22881.0,-0.5000000000000004,0.8660254037844384,9944.2998046875,8840.296833333334,10424.145833333334,0.3941933152152541,0.43170387192862814,0.4253236495507977,0.4503161627717711,0.6208239742125768
2015-11-24,9575.0,23565.0,-0.5000000000000004,0.8660254037844384,9376.099609375,10424.145833333334,10799.931541666669,0.4050905935173516,0.4478935658728521,0.3941933152152541,0.6208239742125768,0.6612788399849137
2015-11-25,10045.400390625,23557.0,-0.5000000000000004,0.8660254037844384,9575.0,10799.931541666669,10952.502791666666,0.43086270967030854,0.44770421272730565,0.4050905935173516,0.6612788399849137,0.6777037579703324
2015-11-26,11410.7998046875,24123.0,-0.5000000000000004,0.8660254037844384,10045.400390625,10952.502791666666,11008.8175,0.5056696889919962,0.46110094777471905,0.43086270967030854,0.6777037579703324,0.6837662662459597
2015-11-27,12701.2998046875,25548.0,-0.5000000000000004,0.8660254037844384,11410.7998046875,11008.8175,10576.804166666669,0.5763731079479228,0.49482947682518574,0.5056696889919962,0.6837662662459597,0.637258267074376
2015-11-28,12540.0,27512.0,-0.5000000000000004,0.8660254037844384,12701.2998046875,10576.804166666669,10199.868833333334,0.5675358761243433,0.5413156740568466,0.5763731079479228,0.637258267074376,0.5966796394770625
2015-11-29,11226.2998046875,29078.0,-0.5000000000000004,0.8660254037844384,12540.0,10199.868833333334,8698.380374999999,0.49556137376737897,0.5783815522975699,0.5675358761243433,0.5966796394770625,0.4350382766110025
2015-11-30,10358.599609375,28583.0,-0.5000000000000004,0.8660254037844384,11226.2998046875,8698.380374999999,8769.325833333334,0.44802214832195536,0.5666653264168815,0.49556137376737897,0.4350382766110025,0.4426758448590374
2015-12-01,9398.7998046875,27829.0,-2.4492935982947064e-16,1.0,10358.599609375,8769.325833333334,10611.818291666666,0.39543700480809485,0.5488187924491258,0.44802214832195536,0.4426758448590374,0.6410276805874474
2015-12-02,8732.2998046875,27618.0,-2.4492935982947064e-16,1.0,9398.7998046875,10611.818291666666,10854.249541666666,0.35892105848176775,0.5438246032353373,0.39543700480809485,0.6410276805874474,0.6671263944562308
2015-12-03,8770.7998046875,28238.0,-2.4492935982947064e-16,1.0,8732.2998046875,10854.249541666666,10683.750625,0.3610303817129209,0.5584994720151896,0.35892105848176775,0.6671263944562308,0.6487714899584779
2015-12-04,8558.2998046875,27177.0,-2.4492935982947064e-16,1.0,8770.7998046875,10683.750625,10457.063208333331,0.34938801322928326,0.5333865110870877,0.3610303817129209,0.6487714899584779,0.6243676640274681
2015-12-05,8082.2998046875,27162.0,-2.4492935982947064e-16,1.0,8558.2998046875,10457.063208333331,9832.963666666668,0.3233091078259348,0.533031473939188,0.34938801322928326,0.6243676640274681,0.5571808002729104
2015-12-06,7420.7998046875,26495.0,-2.4492935982947064e-16,1.0,8082.2998046875,9832.963666666668,8735.829708333333,0.2870670995815756,0.5172441554292503,0.3233091078259348,0.5571808002729104,0.43906985024370604
2015-12-07,7672.89990234375,26296.0,-2.4492935982947064e-16,1.0,7420.7998046875,8735.829708333333,10356.899791666669,0.3008790630247526,0.5125339959337816,0.2870670995815756,0.43906985024370604,0.613584663272809
2015-12-08,9076.099609375,26777.0,-2.4492935982947064e-16,1.0,7672.89990234375,10356.899791666669,10553.437541666666,0.37775703029717733,0.5239188538097637,0.3008790630247526,0.613584663272809,0.6347427544911005
2015-12-09,9975.400390625,26121.0,-2.4492935982947064e-16,1.0,9076.099609375,10553.437541666666,11008.826458333337,0.4270275765227573,0.5083918958749524,0.37775703029717733,0.6347427544911005,0.6837672306471189
2015-12-10,10396.900390625,24902.0,-2.4492935982947064e-16,1.0,9975.400390625,11008.826458333337,10778.1755,0.4501205568326551,0.4795392103223075,0.4270275765227573,0.6837672306471189,0.658936713273214
2015-12-11,10701.7001953125,25634.0,-2.4492935982947064e-16,1.0,10396.900390625,10778.1755,10899.846583333334,0.4668198116087148,0.4968650231398104,0.4501205568326551,0.658936713273214,0.6720351021567494
2015-12-12,10436.099609375,26553.0,-2.4492935982947064e-16,1.0,10701.7001953125,10899.846583333334,10118.642,0.45226818859245854,0.5186169657344623,0.4668198116087148,0.6720351021567494,0.5879352392331416
2015-12-13,9510.400390625,26896.0,-2.4492935982947064e-16,1.0,10436.099609375,10118.642,9134.380833333336,0.4015513348997384,0.5267354818497676,0.45226818859245854,0.5879352392331416,0.4819755060676019
2015-12-14,9376.0,27115.0,-2.4492935982947064e-16,1.0,9510.400390625,9134.380833333336,11225.262958333333,0.39418785785502736,0.5319190242091024,0.4015513348997384,0.4819755060676019,0.7070675035461814
2015-12-15,9634.400390625,27025.0,-2.4492935982947064e-16,1.0,9376.0,11225.262958333333,11145.870375,0.4083449993325434,0.5297888013217046,0.39418785785502736,0.7070675035461814,0.6985205678036969
2015-12-16,9354.2001953125,26467.0,-2.4492935982947064e-16,1.0,9634.400390625,11145.870375,10919.412166666669,0.39299349851835347,0.5165814194198376,0.4083449993325434,0.6985205678036969,0.6741414170855903
2015-12-17,8958.2998046875,25791.0,-2.4492935982947064e-16,1.0,9354.2001953125,10919.412166666669,11201.124000000002,0.37130305978671885,0.5005810786211601,0.39299349851835347,0.6741414170855903,0.704468846126265
2015-12-18,9033.2998046875,25240.0,-2.4492935982947064e-16,1.0,8958.2998046875,11201.124000000002,11098.401291666669,0.37541213101623805,0.48753938072164626,0.37130305978671885,0.704468846126265,0.6934103271745286
2015-12-19,8794.7998046875,25195.0,-2.4492935982947064e-16,1.0,9033.2998046875,11098.401291666669,10451.448958333332,0.36234528450636705,0.48647426927794735,0.37541213101623805,0.6934103271745286,0.6237632670929237
2015-12-20,7432.5,25535.0,-2.4492935982947064e-16,1.0,8794.7998046875,10451.448958333332,9445.189208333331,0.28770812539408697,0.49452177796367275,0.36234528450636705,0.6237632670929237,0.5154352966150104
2015-12-21,7164.2001953125,24834.0,-2.4492935982947064e-16,1.0,7432.5,9445.189208333331,10526.652791666667,0.2730086186163933,0.4779297085851624,0.28770812539408697,0.5154352966150104,0.6318592667959422
2015-12-22,8629.2001953125,24661.0,-2.4492935982947064e-16,1.0,7164.2001953125,10526.652791666667,11108.0285,0.3532724766330014,0.4738349468127198,0.2730086186163933,0.6318592667959422,0.6944467354578947
2015-12-23,9069.7998046875,23251.0,-2.4492935982947064e-16,1.0,8629.2001953125,11108.0285,11301.583166666664,0.37741187901460405,0.4404614549101528,0.3532724766330014,0.6944467354578947,0.7152836855759219
2015-12-24,9408.2998046875,22309.0,-2.4492935982947064e-16,1.0,9069.7998046875,11301.583166666664,10640.5155,0.39595748716383394,0.4181651220220548,0.37741187901460405,0.7152836855759219,0.644117052230437
2015-12-25,8589.599609375,21345.0,-2.4492935982947064e-16,1.0,9408.2998046875,10640.5155,9110.48575,0.35110285492169624,0.39534806798370403,0.39595748716383394,0.644117052230437,0.4794031027871358
2015-12-26,7674.0,21421.0,-2.4492935982947064e-16,1.0,8589.599609375,9110.48575,10389.557125,0.3009393347531387,0.3971469228663956,0.35110285492169624,0.4794031027871358,0.617100358540577
2015-12-27,7409.2001953125,21588.0,-2.4492935982947064e-16,1.0,7674.0,10389.557125,10264.179791666667,0.28643158463282264,0.4010996697796783,0.3009393347531387,0.617100358540577,0.6036029767125424
2015-12-28,8118.7998046875,22641.0,-2.4492935982947064e-16,1.0,7409.2001953125,10264.179791666667,11168.400458333335,0.3253088558243008,0.42602327756223374,0.28643158463282264,0.6036029767125424,0.7009460232610959
2015-12-29,9090.599609375,23026.0,-2.4492935982947064e-16,1.0,8118.7998046875,11168.400458333335,10333.32325,0.3785514507348844,0.43513589769165806,0.3253088558243008,0.7009460232610959,0.6110465523033121
2015-12-30,10964.599609375,23784.0,-2.4492935982947064e-16,1.0,9090.599609375,10333.32325,9684.068416666669,0.48122344385647037,0.453077108232187,0.3785514507348844,0.6110465523033121,0.541151618695985
2015-12-31,13876.5,24661.0,-2.4492935982947064e-16,1.0,10964.599609375,9684.068416666669,10370.410083333334,0.6407595254343751,0.4738349468127198,0.48122344385647037,0.541151618695985,0.6150391013309888
2016-01-01,14777.35009765625,25654.0,0.49999999999999994,0.8660254037844387,13876.5,10370.410083333334,9052.215083333334,0.690114955012893,0.4973384060036766,0.6407595254343751,0.6150391013309888,0.47313002761107437
2016-01-02,12804.14990234375,26925.0,0.49999999999999994,0.8660254037844387,14777.35009765625,9052.215083333334,9443.076958333331,0.5820080196443567,0.5274218870023736,0.690114955012893,0.47313002761107437,0.5152079042785466
2016-01-03,11850.4501953125,28225.0,0.49999999999999994,0.8660254037844387,12804.14990234375,9443.076958333331,9727.541666666666,0.5297570859408502,0.5581917731536765,0.5820080196443567,0.5152079042785466,0.5458316915525001
2016-01-04,11678.25,28457.0,0.49999999999999994,0.8660254037844387,11850.4501953125,9727.541666666666,10426.669708333333,0.5203226476971679,0.5636830143745244,0.5297570859408502,0.5458316915525001,0.6210956796608866
2016-01-05,10758.89990234375,28370.0,0.49999999999999994,0.8660254037844387,11678.25,10426.669708333333,10829.836166666666,0.4699536472153686,0.5616237989167064,0.5203226476971679,0.6210956796608866,0.6644981949617502
2016-01-06,10286.89990234375,28450.0,0.49999999999999994,0.8660254037844387,10758.89990234375,10829.836166666666,10882.546208333331,0.4440938922775945,0.5635173303721712,0.4699536472153686,0.6644981949617502,0.670172646153459
2016-01-07,9167.14990234375,28526.0,0.49999999999999994,0.8660254037844387,10286.89990234375,10882.546208333331,11105.765875,0.38274545882087313,0.5653161852548628,0.4440938922775945,0.670172646153459,0.6942031546387247
2016-01-08,9439.35009765625,28562.0,0.49999999999999994,0.8660254037844387,9167.14990234375,11105.765875,11104.417958333332,0.3976586587039144,0.566168274409822,0.38274545882087313,0.6942031546387247,0.6940580459062394
2016-01-09,9735.14990234375,28557.0,0.49999999999999994,0.8660254037844387,9439.35009765625,11104.417958333332,9922.433958333331,0.4138648249324317,0.5660499286938554,0.3976586587039144,0.6940580459062394,0.566812642463077
2016-01-10,9408.14990234375,29185.0,0.49999999999999994,0.8660254037844387,9735.14990234375,9922.433958333331,8882.379708333334,0.3959492743717281,0.580914150619254,0.4138648249324317,0.566812642463077,0.45484655608286767
2016-01-11,11085.25,31067.0,0.49999999999999994,0.8660254037844387,9408.14990234375,8882.379708333334,11323.621791666666,0.4878335911757695,0.6254594781090634,0.3959492743717281,0.45484655608286767,0.7176562335371954
2016-01-12,14323.2998046875,33454.0,0.49999999999999994,0.8660254037844387,11085.25,11323.621791666666,11807.411833333334,0.6652386217383244,0.6819577229114943,0.4878335911757695,0.7176562335371954,0.769738206756511
2016-01-13,18161.7001953125,35643.0,0.49999999999999994,0.8660254037844387,14323.2998046875,11807.411833333334,11552.554875,0.8755354299048894,0.7337694773616498,0.6652386217383244,0.769738206756511,0.7423018146535534
2016-01-14,19494.5498046875,37540.0,0.49999999999999994,0.8660254037844387,18161.7001953125,11552.554875,11479.720875,0.948559083013672,0.7786698419993586,0.8755354299048894,0.7423018146535534,0.734460937184502
2016-01-15,19525.400390625,40076.0,0.49999999999999994,0.8660254037844387,19494.5498046875,11479.720875,11533.92675,0.9502493130815333,0.8386947891375927,0.948559083013672,0.734460937184502,0.7402964209417818
2016-01-16,18856.849609375,43460.0,0.49999999999999994,0.8660254037844387,19525.400390625,11533.92675,11434.197833333334,0.9136210093387739,0.9187911697037535,0.9502493130815333,0.7402964209417818,0.7295601958861131
2016-01-17,17227.9501953125,45130.0,0.49999999999999994,0.8660254037844387,18856.849609375,11434.197833333334,10668.218208333334,0.8243774930973756,0.9583186388365812,0.9136210093387739,0.7295601958861131,0.6470993618880494
2016-01-18,14611.5,45594.0,0.49999999999999994,0.8660254037844387,17227.9501953125,10668.218208333334,11698.547166666664,0.6810284234836631,0.969301121278277,0.8243774930973756,0.6470993618880494,0.7580184809136012
2016-01-19,13316.7001953125,45526.0,0.49999999999999994,0.8660254037844387,14611.5,11698.547166666664,11520.218666666668,0.6100894284779502,0.9676916195411319,0.6810284234836631,0.7580184809136012,0.7388206898031349
2016-01-20,13060.7998046875,45763.0,0.49999999999999994,0.8660254037844387,13316.7001953125,11520.218666666668,11637.324208333332,0.5960692560414181,0.9733012064779464,0.6100894284779502,0.7388206898031349,0.7514275794859095
2016-01-21,12558.89990234375,46442.0,0.49999999999999994,0.8660254037844387,13060.7998046875,11637.324208333332,11736.653666666669,0.568571356723829,0.9893725547062038,0.5960692560414181,0.7514275794859095,0.7621208012210737
2016-01-22,12867.9501953125,46891.0,0.49999999999999994,0.8660254037844387,12558.89990234375,11736.653666666669,11659.659083333334,0.5855034856213271,1.0,0.568571356723829,0.7621208012210737,0.7538320199692222
2016-01-23,12410.5,46534.0,0.49999999999999994,0.8660254037844387,12867.9501953125,11659.659083333334,12029.575125,0.5604408798013735,0.9915501158799883,0.5855034856213271,0.7538320199692222,0.7936549921600239
2016-01-24,10704.39990234375,45439.0,0.49999999999999994,0.8660254037844387,12410.5,12029.575125,11632.497166666668,0.46696772212191795,0.965632404083314,0.5604408798013735,0.7936549921600239,0.7509079287424887
2016-01-25,10260.60009765625,43658.0,0.49999999999999994,0.8660254037844387,10704.39990234375,11632.497166666668,12194.706083333333,0.44265298866714947,0.9234776600560289,0.46696772212191795,0.7509079287424887,0.8114320140267167
2016-01-26,11581.5,41806.0,0.49999999999999994,0.8660254037844387,10260.60009765625,12194.706083333333,12528.7195,0.5150219458110882,0.8796424068620189,0.44265298866714947,0.8114320140267167,0.8473899220518499
2016-01-27,11062.14990234375,39841.0,0.49999999999999994,0.8660254037844387,11581.5,12528.7195,13019.654125,0.48656799188672445,0.8331325404871648,0.5150219458110882,0.8473899220518499,0.9002410388371387
2016-01-28,10517.89990234375,38403.0,0.49999999999999994,0.8660254037844387,11062.14990234375,13019.654125,13139.142791666667,0.4567498316645136,0.7990963125751851,0.48656799188672445,0.9002410388371387,0.9131044816560648
2016-01-29,10506.39990234375,37451.0,0.49999999999999994,0.8660254037844387,10517.89990234375,13139.142791666667,12533.723458333334,0.4561197740759873,0.7765632882551541,0.4567498316645136,0.9131044816560648,0.8479286185967592
2016-01-30,9069.0498046875,36430.0,0.49999999999999994,0.8660254037844387,10506.39990234375,12533.723458333334,13271.362583333334,0.37737078830230886,0.7523970930547846,0.4561197740759873,0.8479286185967592,0.927338482060297
2016-01-31,8077.800048828125,35473.0,0.49999999999999994,0.8660254037844387,9069.0498046875,13271.362583333334,11706.692875,0.3230625769280466,0.729745723018787,0.37737078830230886,0.927338482060297,0.7588953996732509
2016-02-01,8029.949951171875,34236.0,0.8660254037844386,0.5000000000000001,8077.800048828125,11706.692875,13002.55225,0.32044098413326016,0.7004669928886627,0.3230625769280466,0.7588953996732509,0.8983999521692909
2016-02-02,7023.35009765625,32727.0,0.8660254037844386,0.5000000000000001,8029.949951171875,13002.55225,12979.892458333334,0.2652917774970031,0.664750255809958,0.32044098413326016,0.8983999521692909,0.8959605330802313
2016-02-03,7277.050048828125,31211.0,0.8660254037844386,0.5000000000000001,7023.35009765625,12979.892458333334,12285.135708333331,0.2791913931008801,0.6288678347289001,0.2652917774970031,0.8959605330802313,0.8211671323670147
2016-02-04,6866.75,29972.0,0.8660254037844386,0.5000000000000001,7277.050048828125,12285.135708333331,12535.838416666666,0.2567120314194139,0.599541766312389,0.2791913931008801,0.8211671323670147,0.8481563024963638
2016-02-05,7431.25,29170.0,0.8660254037844386,0.5000000000000001,6866.75,12535.838416666666,12599.833791666666,0.28763964087359495,0.5805591134713544,0.2567120314194139,0.8481563024963638,0.8550456658975364
2016-02-06,7277.0,28203.0,0.8660254037844386,0.5000000000000001,7431.25,12599.833791666666,10473.661708333331,0.27918865104488383,0.5576710520034237,0.28763964087359495,0.8550456658975364,0.6261545603213701
2016-02-07,6720.14990234375,27408.0,0.8660254037844386,0.5000000000000001,7277.0,10473.661708333331,9627.7865,0.24868016150576058,0.5388540831647423,0.27918865104488383,0.6261545603213701,0.5350926405771571
2016-02-08,7179.800048828125,26802.0,0.8660254037844386,0.5000000000000001,6720.14990234375,9627.7865,10843.188708333331,0.2738632974066036,0.5245105823895965,0.24868016150576058,0.5350926405771571,0.6659356505883631
2016-02-09,8571.2998046875,26151.0,0.8660254037844386,0.5000000000000001,7179.800048828125,10843.188708333331,10964.162041666668,0.3501002522423999,0.5091019701707516,0.2738632974066036,0.6659356505883631,0.6789589238356022
2016-02-10,8568.25,25546.0,0.8660254037844386,0.5000000000000001,8571.2998046875,10964.162041666668,12982.250583333334,0.34993316071310576,0.49478213853879915,0.3501002522423999,0.6789589238356022,0.8962143948643116
2016-02-11,8165.5,24739.0,0.8660254037844386,0.5000000000000001,8568.25,12982.250583333334,13372.651333333331,0.3278674482105878,0.475681139981798,0.34993316071310576,0.8962143948643116,0.9382426295428377
2016-02-12,8353.449951171875,24076.0,0.8660254037844386,0.5000000000000001,8165.5,13372.651333333331,13377.11825,0.33816477803658623,0.4599884980446335,0.3278674482105878,0.9382426295428377,0.9387235113596788
2016-02-13,7764.5,23754.0,0.8660254037844386,0.5000000000000001,8353.449951171875,13377.11825,13255.458625,0.3058976140367585,0.4523670339363877,0.33816477803658623,0.9387235113596788,0.9256263560125092
2016-02-14,6859.449951171875,23516.0,0.8660254037844386,0.5000000000000001,7764.5,13255.458625,11703.137458333333,0.2563120791445641,0.4467337778563799,0.3058976140367585,0.9256263560125092,0.758512644552912
2016-02-15,7568.35009765625,23318.0,0.8660254037844386,0.5000000000000001,6859.449951171875,11703.137458333333,13655.873541666666,0.2951510284315092,0.44204728750410455,0.2563120791445641,0.758512644552912,0.9687326566188713
2016-02-16,7850.85009765625,23464.0,0.8660254037844386,0.5000000000000001,7568.35009765625,13655.873541666666,13051.632333333331,0.31062853006269814,0.4455029824103278,0.2951510284315092,0.9687326566188713,0.9036836235259029
2016-02-17,8110.89990234375,23469.0,0.8660254037844386,0.5000000000000001,7850.85009765625,13051.632333333331,13187.460583333332,0.3248760390051446,0.44562132812629435,0.31062853006269814,0.9036836235259029,0.9183060892024508
2016-02-18,8820.39990234375,23775.0,0.8660254037844386,0.5000000000000001,8110.89990234375,13187.460583333332,13633.362291666666,0.3637478528363961,0.4528640859434472,0.3248760390051446,0.9183060892024508,0.9663092286466992
2016-02-19,8945.0,23891.0,0.8660254037844386,0.5000000000000001,8820.39990234375,13633.362291666666,13194.252125,0.37057439518939045,0.4556097065538712,0.3637478528363961,0.9663092286466992,0.9190372263915975
2016-02-20,8659.7001953125,23980.0,0.8660254037844386,0.5000000000000001,8945.0,13194.252125,13764.838291666669,0.3549434989330058,0.45771626029807577,0.37057439518939045,0.9190372263915975,0.9804631568412379
2016-02-21,7987.699951171875,24537.0,0.8660254037844386,0.5000000000000001,8659.7001953125,13764.838291666669,12019.071041666668,0.318126207340631,0.4708999730567494,0.3549434989330058,0.9804631568412379,0.7925241847027737
2016-02-22,9877.35009765625,25528.0,0.8660254037844386,0.5000000000000001,7987.699951171875,12019.071041666668,13046.661,0.42165563468430645,0.4943560939613196,0.318126207340631,0.7925241847027737,0.9031484391954465
2016-02-23,12775.89990234375,26229.0,0.8660254037844386,0.5000000000000001,9877.35009765625,13046.661,12943.3535,0.5804602694812377,0.5109481633398298,0.42165563468430645,0.9031484391954465,0.8920269650331866
2016-02-24,15605.2001953125,27202.0,0.8660254037844386,0.5000000000000001,12775.89990234375,12943.3535,12939.554333333332,0.7354708885946789,0.5339782396669204,0.5804602694812377,0.8920269650331866,0.8916179692301572
2016-02-25,16222.75,28432.0,0.8660254037844386,0.5000000000000001,15605.2001953125,12939.554333333332,12465.639416666669,0.7693049703978335,0.5630912857946917,0.7354708885946789,0.8916179692301572,0.8405990935355774
2016-02-26,16294.7001953125,29523.0,0.8660254037844386,0.5000000000000001,16222.75,12465.639416666669,12424.9465,0.7732469500980585,0.5889143210185929,0.7693049703978335,0.8405990935355774,0.8362183349140315
2016-02-27,16814.75,30740.0,0.8660254037844386,0.5000000000000001,16294.7001953125,12424.9465,12221.667166666666,0.8017392393028383,0.617719668284851,0.7732469500980585,0.8362183349140315,0.8143344847251481
2016-02-28,17449.150390625,31634.0,0.8660254037844386,0.5000000000000001,16814.75,12221.667166666666,11289.544125,0.8364965245443439,0.6388798822996701,0.8017392393028383,0.8143344847251481,0.7139876335871103
2016-02-29,18574.349609375,33123.0,0.8660254037844386,0.5000000000000001,17449.150390625,11289.544125,11979.669208333333,0.898143507707585,0.6741232365145087,0.8364965245443439,0.7139876335871103,0.7882824164733389
2016-03-01,18772.0498046875,34513.0,1.0,6.123233995736766e-17,18574.349609375,11979.669208333333,11415.92075,0.9089750301693039,0.7070233455532094,0.898143507707585,0.7882824164733389,0.7275925932430025
2016-03-02,16571.5498046875,35594.0,1.0,6.123233995736766e-17,18772.0498046875,11415.92075,11223.079124999998,0.7884148802952111,0.7326096893451776,0.9089750301693039,0.7275925932430025,0.7068324049716214
2016-03-03,13822.35009765625,36297.0,1.0,6.123233995736766e-17,16571.5498046875,11223.079124999998,11562.349416666666,0.6377927813570154,0.7492490970100745,0.7884148802952111,0.7068324049716214,0.7433562370534469
2016-03-04,13124.7001953125,34698.0,1.0,6.123233995736766e-17,13822.35009765625,11562.349416666666,11169.99575,0.5995702061303811,0.7114021370439718,0.6377927813570154,0.7433562370534469,0.7011177629223216
2016-03-05,13449.60009765625,32672.0,1.0,6.123233995736766e-17,13124.7001953125,11169.99575,10150.644666666669,0.6173706973463051,0.6634484529343259,0.5995702061303811,0.7011177629223216,0.5913804569613489
2016-03-06,11316.5498046875,31440.0,1.0,6.123233995736766e-17,13449.60009765625,10150.644666666669,9527.155583333331,0.5005059561469004,0.634288068520168,0.6173706973463051,0.5913804569613489,0.5242593115387729
2016-03-07,10833.5,31053.0,1.0,6.123233995736766e-17,11316.5498046875,9527.155583333331,11544.536125,0.4740408087486835,0.6251281101043571,0.5005059561469004,0.5242593115387729,0.7414385634768371
2016-03-08,10611.89990234375,30643.0,1.0,6.123233995736766e-17,10833.5,11544.536125,11452.953,0.461899867605511,0.6154237613951,0.4740408087486835,0.7414385634768371,0.7315792661519912
2016-03-09,11274.5,31325.0,1.0,6.123233995736766e-17,10611.89990234375,11452.953,11264.528541666668,0.49820214757825626,0.6315661170529373,0.461899867605511,0.7315792661519912,0.7112946039068304
2016-03-10,11789.14990234375,33056.0,1.0,6.123233995736766e-17,11274.5,11264.528541666668,11254.503208333334,0.5263985890048637,0.6725374039205568,0.49820214757825626,0.7112946039068304,0.7102153358417361
2016-03-11,12217.75,32531.0,1.0,6.123233995736766e-17,11789.14990234375,11254.503208333334,11019.457833333334,0.5498805667415092,0.6601111037440691,0.5263985890048637,0.7102153358417361,0.6849117415719962
2016-03-12,12367.2001953125,32028.0,1.0,6.123233995736766e-17,12217.75,11019.457833333334,10929.313291666664,0.5580685867122374,0.6482055247178342,0.5498805667415092,0.6849117415719962,0.6752073136164787
2016-03-13,11179.89990234375,31558.0,1.0,6.123233995736766e-17,12367.2001953125,10929.313291666664,10317.859625,0.49301923371706957,0.6370810274169786,0.5580685867122374,0.6752073136164787,0.6093818299366651
2016-03-14,10738.14990234375,31237.0,1.0,6.123233995736766e-17,11179.89990234375,10317.859625,11548.391125,0.4688168041752016,0.6294832324519261,0.49301923371706957,0.6093818299366651,0.7418535699661579
2016-03-15,10322.25,30740.0,1.0,6.123233995736766e-17,10738.14990234375,11548.391125,11543.766416666664,0.44603063986746105,0.617719668284851,0.4688168041752016,0.7418535699661579,0.7413557012321629
2016-03-16,10217.0,30119.0,1.0,6.123233995736766e-17,10322.25,11543.766416666664,11854.4515,0.4402642432420358,0.6030211303618056,0.44603063986746105,0.7413557012321629,0.7748022189282762
2016-03-17,10484.25,29282.0,1.0,6.123233995736766e-17,10217.0,11854.4515,11595.483041666666,0.4549062337232225,0.5832100575090051,0.4402642432420358,0.7748022189282762,0.7469232070637511
2016-03-18,11554.0,28794.0,1.0,6.123233995736766e-17,10484.25,11595.483041666666,12581.758125,0.5135152863602644,0.5716595156306699,0.4549062337232225,0.7469232070637511,0.8530997465809432
2016-03-19,12090.89990234375,28443.0,1.0,6.123233995736766e-17,11554.0,12581.758125,11518.899041666666,0.5429307522516292,0.563351646369818,0.5135152863602644,0.8530997465809432,0.7386786267840763
2016-03-20,11623.0,28267.0,1.0,6.123233995736766e-17,12090.89990234375,11518.899041666666,10134.717791666668,0.517295631891422,0.5591858771677956,0.5429307522516292,0.7386786267840763,0.5896658638408295
2016-03-21,10808.64990234375,28088.0,1.0,6.123233995736766e-17,11623.0,10134.717791666668,13135.885708333331,0.4726793311309496,0.5549491005361931,0.517295631891422,0.5896658638408295,0.9127538433371043
2016-03-22,10181.14990234375,27815.0,1.0,6.123233995736766e-17,10808.64990234375,13135.885708333331,11977.243375,0.43830010184397244,0.5484874244444194,0.4726793311309496,0.9127538433371043,0.7880212656107334
2016-03-23,9968.14990234375,27095.0,1.0,6.123233995736766e-17,10181.14990234375,11977.243375,11997.734083333336,0.42663033955213797,0.5314456413452362,0.43830010184397244,0.7880212656107334,0.7902271740229552
2016-03-24,9961.4501953125,26313.0,1.0,6.123233995736766e-17,9968.14990234375,11997.734083333336,12056.649708333332,0.42626327857336044,0.5129363713680679,0.42663033955213797,0.7902271740229552,0.7965696815968568
2016-03-25,9022.64990234375,25532.0,1.0,6.123233995736766e-17,9961.4501953125,12056.649708333332,9143.075208333334,0.3748286482519995,0.4944507705340928,0.42626327857336044,0.7965696815968568,0.4829114910340319
2016-03-26,9124.64990234375,24950.0,1.0,6.123233995736766e-17,9022.64990234375,9143.075208333334,9282.660083333334,0.38041698512414557,0.4806753291955864,0.3748286482519995,0.4829114910340319,0.4979383727295019
2016-03-27,9466.75,24339.0,1.0,6.123233995736766e-17,9124.64990234375,9282.660083333334,9696.481625,0.3991598340427456,0.46621348270447405,0.38041698512414557,0.4979383727295019,0.5424879512541236
2016-03-28,8894.4501953125,23956.0,1.0,6.123233995736766e-17,9466.75,9696.481625,11078.711791666668,0.36780489188140086,0.4571482008614363,0.3991598340427456,0.5424879512541236,0.6912906721105901
2016-03-29,8153.10009765625,23732.0,1.0,6.123233995736766e-17,8894.4501953125,11078.711791666668,11797.011666666667,0.3271880871176604,0.4518463127861349,0.36780489188140086,0.6912906721105901,0.7686185863527017
2016-03-30,8499.5,23514.0,1.0,6.123233995736766e-17,8153.10009765625,11797.011666666667,11966.985833333332,0.34616651208604654,0.4466864395699933,0.3271880871176604,0.7686185863527017,0.786916999370488
2016-03-31,9258.89990234375,23100.0,1.0,6.123233995736766e-17,8499.5,11966.985833333332,11891.284416666667,0.3877722226249849,0.436887414287963,0.34616651208604654,0.786916999370488,0.778767432790087
2016-04-01,9624.35009765625,22571.0,0.8660254037844387,-0.49999999999999983,9258.89990234375,11891.284416666667,11994.263250000002,0.4077943677367284,0.424366437538702,0.3877722226249849,0.778767432790087,0.7898535246437892
2016-04-02,8860.75,22227.0,0.8660254037844387,-0.49999999999999983,9624.35009765625,11994.263250000002,12030.073875,0.36595853850823057,0.4162242522802034,0.4077943677367284,0.7898535246437892,0.7937086846338369
2016-04-03,7846.25,22084.0,0.8660254037844387,-0.49999999999999983,8860.75,12030.073875,10838.252791666668,0.3103765016769344,0.4128395648035601,0.36595853850823057,0.7937086846338369,0.6654042790066738
2016-04-04,7807.25,21871.0,0.8660254037844387,-0.49999999999999983,7846.25,10838.252791666668,12565.723791666664,0.30823978463758445,0.40779803730338504,0.3103765016769344,0.6654042790066738,0.8513735851321058
2016-04-05,8113.25,21459.0,0.8660254037844387,-0.49999999999999983,7807.25,12565.723791666664,12731.920208333337,0.3250047952540227,0.3980463503077414,0.30823978463758445,0.8513735851321058,0.869265307938471
2016-04-06,7944.25,20893.0,0.8660254037844387,-0.49999999999999983,8113.25,12731.920208333337,12707.237916666669,0.31574568808350617,0.3846496152603279,0.3250047952540227,0.869265307938471,0.8666081584668818
2016-04-07,8078.64990234375,20156.0,0.8660254037844387,-0.49999999999999983,7944.25,12707.237916666669,12649.735958333333,0.3231091383764514,0.3672054567268585,0.31574568808350617,0.8666081584668818,0.8604178378814109
2016-04-08,8251.050048828125,19358.0,0.8660254037844387,-0.49999999999999983,8078.64990234375,12649.735958333333,12732.750083333332,0.3325545314682359,0.3483174804585971,0.3231091383764514,0.8604178378814109,0.8693546473704615
2016-04-09,8074.949951171875,18655.0,0.8660254037844387,-0.49999999999999983,8251.050048828125,12732.750083333332,12866.993125,0.3229064268709717,0.33167807279370026,0.3325545314682359,0.8693546473704615,0.8838064588977855
2016-04-10,7308.300048828125,17957.0,0.8660254037844387,-0.49999999999999983,8074.949951171875,12866.993125,10483.077875,0.28090350611317977,0.3151570108447699,0.3229064268709717,0.8838064588977855,0.6271682491076721
2016-04-11,7519.60009765625,17276.0,0.8660254037844387,-0.49999999999999983,7308.300048828125,10483.077875,12783.1875,0.2924801321323217,0.29903832433012584,0.28090350611317977,0.6271682491076721,0.8747844412021725
2016-04-12,7740.35009765625,16604.0,0.8660254037844387,-0.49999999999999983,7519.60009765625,12783.1875,12293.708208333332,0.30457449845120654,0.28313266010422156,0.2924801321323217,0.8747844412021725,0.8220899969920997
2016-04-13,8289.75,16007.0,0.8660254037844387,-0.49999999999999983,7740.35009765625,12293.708208333332,11967.080499999998,0.3346748095474912,0.2690021816178155,0.30457449845120654,0.8220899969920997,0.7869271906236628
2016-04-14,8072.5,15458.0,0.8660254037844387,-0.49999999999999983,8289.75,11967.080499999998,12421.380666666666,0.322772199885984,0.2560078220046883,0.3346748095474912,0.7869271906236628,0.8358344583969964
2016-04-15,7767.0,14996.0,0.8660254037844387,-0.49999999999999983,8072.5,12421.380666666666,12475.554625,0.3060345830777425,0.24507267784937914,0.322772199885984,0.8358344583969964,0.8416665061947993
2016-04-16,7979.449951171875,14569.0,0.8660254037844387,-0.49999999999999983,7767.0,12475.554625,12673.665416666665,0.31767420950538394,0.23496595370583578,0.3060345830777425,0.8416665061947993,0.8629939417709738
2016-04-17,7542.85009765625,14082.0,0.8660254037844387,-0.49999999999999983,7979.449951171875,12673.665416666665,11481.145291666666,0.2937539442134727,0.22343908097069384,0.31767420950538394,0.8629939417709738,0.7346142814543237
2016-04-18,7406.25,13720.0,0.8660254037844387,-0.49999999999999983,7542.85009765625,11481.145291666666,12592.283375,0.28626995046375525,0.21487085113471563,0.2937539442134727,0.7346142814543237,0.8542328327162803
2016-04-19,8244.050048828125,13422.0,0.8660254037844387,-0.49999999999999983,7406.25,12592.283375,13032.291,0.33217101815348077,0.20781744646310926,0.28626995046375525,0.8542328327162803,0.9016014500251377
2016-04-20,8410.800048828125,13260.0,0.8660254037844387,-0.49999999999999983,8244.050048828125,13032.291,12991.42125,0.34130685318711174,0.20398304526579306,0.33217101815348077,0.9016014500251377,0.8972016545732777
2016-04-21,7122.0,13076.0,0.8660254037844387,-0.49999999999999983,8410.800048828125,12991.42125,11497.580375,0.2706965705038775,0.199627922918224,0.34130685318711174,0.8972016545732777,0.7363835852768561
2016-04-22,7233.39990234375,12898.0,0.8660254037844387,-0.49999999999999983,7122.0,11497.580375,12553.31325,0.2767999056197702,0.19541481542981484,0.2706965705038775,0.7363835852768561,0.8500375396515216
2016-04-23,6804.64990234375,12794.0,0.8660254037844387,-0.49999999999999983,7233.39990234375,12553.31325,11756.177833333331,0.25330971509101885,0.19295322453771058,0.2767999056197702,0.8500375396515216,0.76422265747665
2016-04-24,6112.89990234375,12789.0,0.8660254037844387,-0.49999999999999983,6804.64990234375,11756.177833333331,11286.413541666669,0.2154103814507536,0.19283487882174405,0.25330971509101885,0.76422265747665,0.7136506135096284
2016-04-25,6666.449951171875,12875.0,0.8660254037844387,-0.49999999999999983,6112.89990234375,11286.413541666669,11895.43825,0.24573806918060143,0.1948704251363687,0.2154103814507536,0.7136506135096284,0.7792146099078275
2016-04-26,7484.75,13163.0,0.8660254037844387,-0.49999999999999983,6666.449951171875,11895.43825,12072.769041666666,0.290570778350652,0.201687138376042,0.24573806918060143,0.7792146099078275,0.7983049936427347
2016-04-27,7941.699951171875,13490.0,0.8660254037844387,-0.49999999999999983,7484.75,12072.769041666666,11818.468125,0.3156059769865259,0.20942694820025434,0.290570778350652,0.7983049936427347,0.770928461695419
2016-04-28,7703.300048828125,13877.0,0.8660254037844387,-0.49999999999999983,7941.699951171875,11818.468125,11597.797541666669,0.30254461458864745,0.21858690661606528,0.3156059769865259,0.770928461695419,0.7471723724384682
2016-04-29,7517.89990234375,14262.0,0.8660254037844387,-0.49999999999999983,7703.300048828125,11597.797541666669,11426.243416666666,0.2923869824837463,0.22769952674548963,0.30254461458864745,0.7471723724384682,0.7287038704553922
2016-04-30,7032.14990234375,14505.0,0.8660254037844387,-0.49999999999999983,7517.89990234375,11426.243416666666,10915.438208333331,0.2657738978205604,0.23345112854146394,0.2923869824837463,0.7287038704553922,0.6737136042459987
2016-05-01,6214.85009765625,14645.0,0.49999999999999994,-0.8660254037844387,7032.14990234375,10915.438208333331,10300.960083333332,0.22099598964278636,0.23676480858852733,0.2657738978205604,0.6737136042459987,0.6075625252782437
2016-05-02,6461.550048828125,14662.0,0.49999999999999994,-0.8660254037844387,6214.85009765625,10300.960083333332,11749.339041666666,0.2345120919319082,0.23716718402281362,0.22099598964278636,0.6075625252782437,0.7634864336320898
2016-05-03,7222.699951171875,14535.0,0.49999999999999994,-0.8660254037844387,6461.550048828125,11749.339041666666,11847.476375,0.2762136807995354,0.23416120283726324,0.2345120919319082,0.7634864336320898,0.7740513182437565
2016-05-04,7566.35009765625,14359.0,0.49999999999999994,-0.8660254037844387,7222.699951171875,11847.476375,11775.467708333332,0.295041453198722,0.2299954336352407,0.2762136807995354,0.7740513182437565,0.7662992912777363
2016-05-05,7686.5,14186.0,0.49999999999999994,-0.8660254037844387,7566.35009765625,11775.467708333332,12248.452666666666,0.30162417995805857,0.22590067186279808,0.295041453198722,0.7662992912777363,0.8172180531608688
2016-05-06,7502.60009765625,14057.0,0.49999999999999994,-0.8660254037844387,7686.5,12248.452666666666,11210.6615,0.29154874265363073,0.2228473523908611,0.30162417995805857,0.8172180531608688,0.7054955969412836
2016-05-07,6825.0,14058.0,0.49999999999999994,-0.8660254037844387,7502.60009765625,11210.6615,10405.087416666667,0.2544246484349816,0.2228710215340544,0.29154874265363073,0.7054955969412836,0.6187722578460796
2016-05-08,7043.60009765625,14247.0,0.49999999999999994,-0.8660254037844387,6825.0,10405.087416666667,10822.659416666667,0.2664012267289733,0.22734448959758996,0.2544246484349816,0.6187722578460796,0.6637255885227793
2016-05-09,6678.949951171875,15749.0,0.49999999999999994,-0.8660254037844387,7043.60009765625,10822.659416666667,11638.607708333337,0.2464229143855213,0.2628955426739415,0.2664012267289733,0.6637255885227793,0.7515657535012261
2016-05-10,7670.64990234375,16505.0,0.49999999999999994,-0.8660254037844387,6678.949951171875,11638.607708333337,12168.030791666666,0.300755790887867,0.28078941492808385,0.2464229143855213,0.7515657535012261,0.8085603099680416
2016-05-11,7609.75,17515.0,0.49999999999999994,-0.8660254037844387,7670.64990234375,12168.030791666666,12777.0765,0.29741923039985063,0.3046952495533269,0.300755790887867,0.8085603099680416,0.8741265671019806
2016-05-12,7785.699951171875,18123.0,0.49999999999999994,-0.8660254037844387,7609.75,12777.0765,12513.763,0.307059108829126,0.3190860886148594,0.29741923039985063,0.8741265671019806,0.8457797937619599
2016-05-13,7718.35009765625,18217.0,0.49999999999999994,-0.8660254037844387,7785.699951171875,12513.763,10660.687291666669,0.30336917089054755,0.3213109880750305,0.307059108829126,0.8457797937619599,0.6462886279614086
2016-05-14,7822.5,17726.0,0.49999999999999994,-0.8660254037844387,7718.35009765625,10660.687291666669,11093.069416666667,0.3090752957875867,0.3096894387671153,0.30336917089054755,0.6462886279614086,0.6928363290616237
2016-05-15,6961.949951171875,17021.0,0.49999999999999994,-0.8660254037844387,7822.5,11093.069416666667,10577.401666666668,0.26192780982490704,0.2930026928158318,0.3090752957875867,0.6928363290616237,0.6373225903888687
2016-05-16,7036.050048828125,16434.0,0.49999999999999994,-0.8660254037844387,6961.949951171875,10577.401666666668,10486.841291666666,0.2659875775500251,0.2791089057613588,0.26192780982490704,0.6373225903888687,0.62757339627724
2016-05-17,7597.25,15955.0,0.49999999999999994,-0.8660254037844387,7036.050048828125,10486.841291666666,10461.478708333334,0.2967343851949307,0.2677713861717634,0.2659875775500251,0.62757339627724,0.6248430106302172
2016-05-18,7999.300048828125,15493.0,0.49999999999999994,-0.8660254037844387,7597.25,10461.478708333334,11914.868833333334,0.31876174904114984,0.25683624201645416,0.2967343851949307,0.6248430106302172,0.781306391535486
2016-05-19,7876.25,15564.0,0.49999999999999994,-0.8660254037844387,7999.300048828125,11914.868833333334,12686.598625,0.31202013016874214,0.2585167511831792,0.31876174904114984,0.781306391535486,0.8643862544521859
2016-05-20,7297.5,15499.0,0.49999999999999994,-0.8660254037844387,7876.25,12686.598625,12866.309833333333,0.28031179718095245,0.25697825687561404,0.31202013016874214,0.8643862544521859,0.8837328997601029
2016-05-21,7280.699951171875,15509.0,0.49999999999999994,-0.8660254037844387,7297.5,12866.309833333333,11579.820541666666,0.27939136255036356,0.25721494830754715,0.28031179718095245,0.8837328997601029,0.7452370749913808
2016-05-22,6239.35009765625,15839.0,0.49999999999999994,-0.8660254037844387,7280.699951171875,11579.820541666666,10472.507041666666,0.22233828624442928,0.26502576556133944,0.27939136255036356,0.7452370749913808,0.6260302557403925
2016-05-23,6658.449951171875,16161.0,0.49999999999999994,-0.8660254037844387,6239.35009765625,10472.507041666666,12281.0175,0.24529976824945274,0.2726472296695852,0.22233828624442928,0.6260302557403925,0.8207237904259751
2016-05-24,7618.10009765625,16753.0,0.49999999999999994,-0.8660254037844387,6658.449951171875,12281.0175,12508.7465,0.29787671234709023,0.2866593624400247,0.24529976824945274,0.8207237904259751,0.8452397470554285
2016-05-25,8257.0,17393.0,0.49999999999999994,-0.8660254037844387,7618.10009765625,12508.7465,12231.146541666669,0.3328805151106012,0.30180761408374307,0.29787671234709023,0.8452397470554285,0.8153549781466025
2016-05-26,8226.800048828125,18011.0,0.49999999999999994,-0.8660254037844387,8257.0,12231.146541666669,11377.012125,0.3312259317706914,0.3164351445772086,0.3328805151106012,0.8153549781466025,0.7234039209043382
2016-05-27,7597.14990234375,18627.0,0.49999999999999994,-0.8660254037844387,8226.800048828125,11377.012125,12489.043625,0.29672890108293826,0.3310153367842876,0.3312259317706914,0.7234039209043382,0.8431186521181323
2016-05-28,7192.89990234375,18693.0,0.49999999999999994,-0.8660254037844387,7597.14990234375,12489.043625,11572.306541666669,0.27458100715582984,0.332577500235046,0.29672890108293826,0.8431186521181323,0.7444281622129747
2016-05-29,7030.89990234375,18566.0,0.49999999999999994,-0.8660254037844387,7192.89990234375,11572.306541666669,8934.128208333334,0.2657054133000684,0.32957151904949566,0.27458100715582984,0.7444281622129747,0.460417493388346
2016-05-30,7816.699951171875,19253.0,0.49999999999999994,-0.8660254037844387,7030.89990234375,8934.128208333334,12424.889583333332,0.3087575249373273,0.3458322204232996,0.2657054133000684,0.460417493388346,0.8362122076024835
2016-05-31,9322.14990234375,19638.0,0.49999999999999994,-0.8660254037844387,7816.699951171875,12424.889583333332,12712.339041666666,0.39123753936187944,0.3549448405527239,0.3087575249373273,0.8362122076024835,0.8671573154001725
2016-06-01,9549.39990234375,20294.0,1.2246467991473532e-16,-1.0,9322.14990234375,12712.339041666666,12235.018583333333,0.40368802518732255,0.37047179848753525,0.39123753936187944,0.8671573154001725,0.815771819240918
2016-06-02,8868.2001953125,20665.0,1.2246467991473532e-16,-1.0,9549.39990234375,12235.018583333333,12285.1955,0.36636671695106915,0.37925305061225323,0.40368802518732255,0.815771819240918,0.8211735691840509
2016-06-03,9585.7998046875,20879.0,1.2246467991473532e-16,-1.0,8868.2001953125,12285.1955,12120.132708333333,0.405682289073696,0.3843182472556216,0.36636671695106915,0.8211735691840509,0.8034038857373378
2016-06-04,9834.0498046875,20894.0,1.2246467991473532e-16,-1.0,9585.7998046875,12120.132708333333,11664.086125,0.41928331484340453,0.3846732844035212,0.405682289073696,0.8034038857373378,0.7543086090795103
2016-06-05,10373.35009765625,20651.0,1.2246467991473532e-16,-1.0,9834.0498046875,11664.086125,9598.448166666669,0.44883029241552663,0.37892168260754694,0.41928331484340453,0.7543086090795103,0.5319342492103115
2016-06-06,11791.35009765625,20470.0,1.2246467991473532e-16,-1.0,10373.35009765625,9598.448166666669,11106.450166666667,0.526519132461636,0.3746375676895578,0.44883029241552663,0.5319342492103115,0.6942768214304901
2016-06-07,14027.7001953125,20698.0,1.2246467991473532e-16,-1.0,11791.35009765625,11106.450166666667,10940.202375,0.6490434237337921,0.3800341323376325,0.526519132461636,0.6942768214304901,0.67637956789562
2016-06-08,16151.39990234375,21671.0,1.2246467991473532e-16,-1.0,14027.7001953125,10940.202375,11532.806333333334,0.7653958686177977,0.4030642086647231,0.6490434237337921,0.67637956789562,0.7401758035131412
2016-06-09,16934.4501953125,22600.0,1.2246467991473532e-16,-1.0,16151.39990234375,11532.806333333334,11473.014458333331,0.8082973276858573,0.425052842691308,0.7653958686177977,0.7401758035131412,0.7337389640491564
2016-06-10,15593.89990234375,23347.0,1.2246467991473532e-16,-1.0,16934.4501953125,11473.014458333331,11531.824958333333,0.7348517724783719,0.44273369265671053,0.8082973276858573,0.7337389640491564,0.7400701544876008
2016-06-11,11560.7001953125,23463.0,1.2246467991473532e-16,-1.0,15593.89990234375,11531.824958333333,11295.105416666667,0.5138823740908078,0.4454793132671345,0.7348517724783719,0.7400701544876008,0.7145863293408515
2016-06-12,10269.7001953125,23192.0,1.2246467991473532e-16,-1.0,11560.7001953125,11295.105416666667,9769.362208333334,0.44315156132668426,0.4390649754617475,0.5138823740908078,0.7145863293408515,0.5503338436092003
2016-06-13,9632.60009765625,22657.0,1.2246467991473532e-16,-1.0,10269.7001953125,9769.362208333334,10577.95525,0.40824636557197547,0.42640198385332667,0.44315156132668426,0.5503338436092003,0.6373821858948903
2016-06-14,10079.14990234375,22154.0,1.2246467991473532e-16,-1.0,9632.60009765625,10577.95525,11320.43275,0.4327117649718264,0.41449640482709177,0.40824636557197547,0.6373821858948903,0.7173129201814546
2016-06-15,9311.4501953125,21775.0,1.2246467991473532e-16,-1.0,10079.14990234375,11320.43275,11310.091375000002,0.3906513279175275,0.4055257995568273,0.4327117649718264,0.7173129201814546,0.7161996289405987
2016-06-16,8018.050048828125,21444.0,1.2246467991473532e-16,-1.0,9311.4501953125,11310.091375000002,11278.840916666668,0.3197890168485296,0.3976913131598417,0.3906513279175275,0.7161996289405987,0.7128353895106159
2016-06-17,7646.25,20998.0,1.2246467991473532e-16,-1.0,8018.050048828125,11278.840916666668,11425.787416666666,0.29941897839821663,0.38713487529562546,0.3197890168485296,0.7128353895106159,0.7286547801936204
2016-06-18,7071.64990234375,20815.0,1.2246467991473532e-16,-1.0,7646.25,11425.787416666666,12238.393208333331,0.2679380086681072,0.38280342209124973,0.29941897839821663,0.7286547801936204,0.8161351114001978
2016-06-19,6351.60009765625,20424.0,1.2246467991473532e-16,-1.0,7071.64990234375,12238.393208333331,10554.002,0.22848819618460967,0.37354878710266554,0.2679380086681072,0.8161351114001978,0.634803520735273
2016-06-20,6758.35009765625,19993.0,1.2246467991473532e-16,-1.0,6351.60009765625,10554.002,13560.987666666668,0.25077305915270204,0.36334738638634895,0.22848819618460967,0.634803520735273,0.9585178047719493
2016-06-21,8011.550048828125,19246.0,1.2246467991473532e-16,-1.0,6758.35009765625,13560.987666666668,13702.984666666664,0.3194328973419713,0.3456665364209464,0.25077305915270204,0.9585178047719493,0.9738043615719721
2016-06-22,8202.5,18695.0,1.2246467991473532e-16,-1.0,8011.550048828125,13702.984666666664,13452.672791666666,0.32989459001715055,0.33262483852143265,0.3194328973419713,0.9738043615719721,0.9468572662466639
2016-06-23,8076.949951171875,18635.0,1.2246467991473532e-16,-1.0,8202.5,13452.672791666666,13231.144875,0.32301600210375886,0.33120468992983404,0.32989459001715055,0.9468572662466639,0.9230088815560309
2016-06-24,7890.64990234375,19214.0,1.2246467991473532e-16,-1.0,8076.949951171875,13231.144875,13046.108291666666,0.3128090664944566,0.3449091238387605,0.32301600210375886,0.9230088815560309,0.9030889378867473
2016-06-25,7267.14990234375,18855.0,1.2246467991473532e-16,-1.0,7890.64990234375,13046.108291666666,12080.227541666667,0.27864898767305385,0.3364119014323622,0.3128090664944566,0.9030889378867473,0.799107931619544
2016-06-26,6353.14990234375,17850.0,1.2246467991473532e-16,-1.0,7267.14990234375,12080.227541666667,9976.677708333336,0.2285731062893134,0.31262441252308576,0.27864898767305385,0.799107931619544,0.5726522036187447
2016-06-27,6750.10009765625,16782.0,1.2246467991473532e-16,-1.0,6353.14990234375,9976.677708333336,12572.074208333332,0.2503210613174549,0.2873457675926307,0.2285731062893134,0.5726522036187447,0.8520572334139628
2016-06-28,7204.89990234375,16144.0,1.2246467991473532e-16,-1.0,6750.10009765625,12572.074208333332,13078.072666666669,0.2752384585525529,0.2722448542352989,0.2503210613174549,0.8520572334139628,0.9065300333606995
2016-06-29,7473.10009765625,15566.0,1.2246467991473532e-16,-1.0,7204.89990234375,13078.072666666669,13051.320666666668,0.28993250797001985,0.2585640894695658,0.2752384585525529,0.9065300333606995,0.9036500713367537
2016-06-30,7511.35009765625,14965.0,1.2246467991473532e-16,-1.0,7473.10009765625,13051.320666666668,13159.353083333332,0.29202813429707464,0.2443389344103865,0.28993250797001985,0.9036500713367537,0.915280202069225
2016-07-01,7024.25,14561.0,-0.4999999999999998,-0.8660254037844388,7511.35009765625,13159.353083333332,13151.336333333333,0.2653410810014042,0.2347766005602893,0.29202813429707464,0.915280202069225,0.9144171662006745
2016-07-02,6487.10009765625,14227.0,-0.4999999999999998,-0.8660254037844388,7024.25,13151.336333333333,12670.9845,0.23591191820594098,0.22687110673372377,0.2653410810014042,0.9144171662006745,0.8627053301460726
2016-07-03,6292.60009765625,14024.0,-0.4999999999999998,-0.8660254037844388,6487.10009765625,12670.9845,10268.5635,0.2252557268173879,0.22206627066548185,0.23591191820594098,0.8627053301460726,0.6040749008125743
2016-07-04,6891.699951171875,13740.0,-0.4999999999999998,-0.8660254037844388,6292.60009765625,10268.5635,12375.359625,0.2580789797732574,0.21534423399858182,0.2252557268173879,0.6040749008125743,0.8308801053653568
2016-07-05,7852.89990234375,13526.0,-0.4999999999999998,-0.8660254037844388,6891.699951171875,12375.359625,12694.885,0.31074083397559865,0.2102790373552135,0.2580789797732574,0.8308801053653568,0.8652783165528203
2016-07-06,8046.85009765625,13300.0,-0.4999999999999998,-0.8660254037844388,7852.89990234375,12694.885,12583.966458333334,0.3213669028758416,0.20492981099352545,0.31074083397559865,0.8652783165528203,0.8533374826805326
2016-07-07,8268.199951171875,13095.0,-0.4999999999999998,-0.8660254037844388,8046.85009765625,12583.966458333334,12522.891208333334,0.3334941337390328,0.2000776366388969,0.3213669028758416,0.8533374826805326,0.8467624826579926
2016-07-08,8411.10009765625,12848.0,-0.4999999999999998,-0.8660254037844388,8268.199951171875,12522.891208333334,12197.695166666666,0.3413232921472064,0.19423135827014934,0.3334941337390328,0.8467624826579926,0.8117538010514779
2016-07-09,7380.85009765625,12641.0,-0.4999999999999998,-0.8660254037844388,8411.10009765625,12197.695166666666,11366.431750000002,0.28487835035771125,0.18933184562913416,0.3413232921472064,0.8117538010514779,0.7222649003376853
2016-07-10,6223.35009765625,12448.0,-0.4999999999999998,-0.8660254037844388,7380.85009765625,11366.431750000002,10943.472291666669,0.22146168438213185,0.18476370099282535,0.28487835035771125,0.7222649003376853,0.6767315877753103
2016-07-11,7225.60009765625,12296.0,-0.4999999999999998,-0.8660254037844388,6223.35009765625,10943.472291666669,12232.771041666669,0.27637257291260653,0.18116599122744223,0.22146168438213185,0.6767315877753103,0.8155298622041646
2016-07-12,7343.0,12168.0,-0.4999999999999998,-0.8660254037844388,7225.60009765625,12232.771041666669,12316.628166666667,0.2828046337268607,0.17813634089869856,0.27637257291260653,0.8155298622041646,0.8245574240850433
2016-07-13,8070.14990234375,12151.0,-0.4999999999999998,-0.8660254037844388,7343.0,12316.628166666667,10937.329375,0.3226434436371059,0.17773396546441228,0.2828046337268607,0.8245574240850433,0.676070277715641
2016-07-14,8079.75,12345.0,-0.4999999999999998,-0.8660254037844388,8070.14990234375,10937.329375,10956.101208333332,0.3231694101048375,0.1823257792439144,0.3226434436371059,0.676070277715641,0.6780911422162329
2016-07-15,7834.64990234375,12706.0,-0.4999999999999998,-0.8660254037844388,8079.75,10956.101208333332,11150.0035,0.30974095997641565,0.1908703399366993,0.3231694101048375,0.6780911422162329,0.6989655155848057
2016-07-16,7738.89990234375,13302.0,-0.4999999999999998,-0.8660254037844388,7834.64990234375,11150.0035,11216.277625,0.3044950457067295,0.20497714927991206,0.30974095997641565,0.6989655155848057,0.7061001957272336
2016-07-17,6914.949951171875,13679.0,-0.4999999999999998,-0.8660254037844388,7738.89990234375,11216.277625,10833.53525,0.25935279185440835,0.21390041626378992,0.3044950457067295,0.7061001957272336,0.6648964163853228
2016-07-18,7388.449951171875,13921.0,-0.4999999999999998,-0.8660254037844388,6914.949951171875,10833.53525,11975.542083333334,0.28529472821677276,0.21962834891657093,0.25935279185440835,0.6648964163853228,0.7878381146167271
2016-07-19,7530.199951171875,13882.0,-0.4999999999999998,-0.8660254037844388,7388.449951171875,11975.542083333334,12132.283416666667,0.29306087284056404,0.21870525233203184,0.28529472821677276,0.7878381146167271,0.804711959098733
2016-07-20,6951.64990234375,13694.0,-0.4999999999999998,-0.8660254037844388,7530.199951171875,12132.283416666667,12309.36025,0.26136349470087644,0.21425545341168956,0.29306087284056404,0.804711959098733,0.8237750031821872
2016-07-21,7011.25,13133.0,-0.4999999999999998,-0.8660254037844388,6951.64990234375,12309.36025,12356.45875,0.26462884198828757,0.20097706408024268,0.26136349470087644,0.8237750031821872,0.8288453490024926
2016-07-22,8021.75,12695.0,-0.4999999999999998,-0.8660254037844388,7011.25,12356.45875,11801.466583333333,0.31999172835400935,0.1906099793615729,0.26462884198828757,0.8288453490024926,0.7690981763205486
2016-07-23,7185.60009765625,12253.0,-0.4999999999999998,-0.8660254037844388,8021.75,11801.466583333333,11309.50075,0.27418106825686295,0.1801482180701299,0.31999172835400935,0.7690981763205486,0.7161360457479252
2016-07-24,6893.85009765625,11998.0,-0.4999999999999998,-0.8660254037844388,7185.60009765625,11309.50075,10805.062291666669,0.25819678117403333,0.17411258655583586,0.27418106825686295,0.7161360457479252,0.6618311861704086
2016-07-25,6643.35009765625,11766.0,-0.4999999999999998,-0.8660254037844388,6893.85009765625,10805.062291666669,11930.943416666669,0.24447248326743928,0.16862134533498796,0.25819678117403333,0.6618311861704086,0.7830368860611572
2016-07-26,6762.699951171875,11582.0,-0.4999999999999998,-0.8660254037844388,6643.35009765625,11930.943416666669,12024.124916666668,0.2510113772584844,0.16426622298741891,0.24447248326743928,0.7830368860611572,0.7930682549806508
2016-07-27,7297.39990234375,11369.0,-0.4999999999999998,-0.8660254037844388,6762.699951171875,12024.124916666668,12197.104541666668,0.2803063130689599,0.1592246954872439,0.2510113772584844,0.7930682549806508,0.8116902178588048
2016-07-28,6877.25,11185.0,-0.4999999999999998,-0.8660254037844388,7297.39990234375,12197.104541666668,12134.261708333332,0.2572873013915466,0.15486957313967487,0.2803063130689599,0.8116902178588048,0.8049249302736837
2016-07-29,6695.35009765625,11010.0,-0.4999999999999998,-0.8660254037844388,6877.25,12134.261708333332,12201.209666666668,0.2473214393199059,0.15072747308084564,0.2572873013915466,0.8049249302736837,0.8121321513255942
2016-07-30,6571.14990234375,10816.0,-0.4999999999999998,-0.8660254037844388,6695.35009765625,12201.209666666668,11486.710416666669,0.2405168066631158,0.1461356593013435,0.2473214393199059,0.8121321513255942,0.7352133898820494
2016-07-31,5878.39990234375,10639.0,-0.4999999999999998,-0.8660254037844388,6571.14990234375,11486.710416666669,10686.890166666666,0.20256268540645697,0.14194622095612763,0.2405168066631158,0.7352133898820494,0.6491094744371184
2016-08-01,6218.39990234375,10464.0,-0.8660254037844384,-0.5000000000000004,5878.39990234375,10686.890166666666,12030.173041666669,0.22119047498027727,0.1378041208972984,0.20256268540645697,0.6491094744371184,0.7937193603303847
2016-08-02,6938.64990234375,10335.0,-0.8660254037844384,-0.5000000000000004,6218.39990234375,12030.173041666669,11717.747916666667,0.2606512556877598,0.13475080142536142,0.22119047498027727,0.7937193603303847,0.7600855200445554
2016-08-03,7362.300048828125,10230.0,-0.8660254037844384,-0.5000000000000004,6938.64990234375,11717.747916666667,11223.566416666668,0.2838620373984336,0.13226554139006386,0.2606512556877598,0.7600855200445554,0.7068848639090688
2016-08-04,7362.14990234375,10126.0,-0.8660254037844384,-0.5000000000000004,7362.300048828125,11223.566416666668,11171.571958333334,0.2838538112304448,0.12980395049795965,0.2838620373984336,0.7068848639090688,0.7012874481848003
2016-08-05,8093.64990234375,10017.0,-0.8660254037844384,-0.5000000000000004,7362.14990234375,11171.571958333334,10492.111416666668,0.3239309526223552,0.12722401388988885,0.2838538112304448,0.7012874481848003,0.62814074675053
2016-08-06,7771.5,10014.0,-0.8660254037844384,-0.5000000000000004,8093.64990234375,10492.111416666668,10928.643541666666,0.30628112735151364,0.12715300646030891,0.3239309526223552,0.62814074675053,0.6751352122945016
2016-08-07,6807.5,10017.0,-0.8660254037844384,-0.5000000000000004,7771.5,10928.643541666666,10552.724208333331,0.25346586514809377,0.12722401388988885,0.30628112735151364,0.6751352122945016,0.6346659612453462
2016-08-08,6704.550048828125,10102.0,-0.8660254037844384,-0.5000000000000004,6807.5,10552.724208333331,11298.65925,0.24782548271555035,0.1292358910613202,0.25346586514809377,0.6346659612453462,0.7149689140088925
2016-08-09,8163.449951171875,10159.0,-0.8660254037844384,-0.5000000000000004,6704.550048828125,11298.65925,11341.314125,0.3277551309218043,0.13058503222333886,0.24782548271555035,0.7149689140088925,0.7195608854553696
2016-08-10,8813.2001953125,10207.0,-0.8660254037844384,-0.5000000000000004,8163.449951171875,11341.314125,11263.979208333332,0.36335339804942174,0.13172115109661775,0.3277551309218043,0.7195608854553696,0.7112354659306606
2016-08-11,8164.75,10321.0,-0.8660254037844384,-0.5000000000000004,8813.2001953125,11263.979208333332,11645.769666666669,0.3278263574982926,0.13441943342065507,0.36335339804942174,0.7112354659306606,0.7523367675568884
2016-08-12,7196.25,10519.0,-0.8660254037844384,-0.5000000000000004,8164.75,11645.769666666669,11511.520958333334,0.27476455102110153,0.13910592377293043,0.3278263574982926,0.7523367675568884,0.7378843459897618
2016-08-13,6474.14990234375,10815.0,-0.8660254037844384,-0.5000000000000004,7196.25,11511.520958333334,11010.286999999998,0.23520240787293767,0.14611199015815018,0.27476455102110153,0.7378843459897618,0.6839244639206825
2016-08-14,6042.64990234375,11079.0,-0.8660254037844384,-0.5000000000000004,6474.14990234375,11010.286999999998,10517.632875,0.211561551399104,0.152360643961184,0.23520240787293767,0.6839244639206825,0.6308882359399628
2016-08-15,7032.050048828125,11036.0,-0.8660254037844384,-0.5000000000000004,6042.64990234375,10517.632875,11468.403333333334,0.26576842708445075,0.15134287080387168,0.211561551399104,0.6308882359399628,0.7332425576164538
2016-08-16,7717.300048828125,10881.0,-0.8660254037844384,-0.5000000000000004,7032.050048828125,11468.403333333334,12115.395,0.30331164121815773,0.14767415360890865,0.26576842708445075,0.7332425576164538,0.8028938520919832
2016-08-17,7619.60009765625,10780.0,-0.8660254037844384,-0.5000000000000004,7717.300048828125,12115.395,12142.673083333331,0.2979588937716806,0.14528357014638435,0.30331164121815773,0.8028938520919832,0.8058304491346723
2016-08-18,8144.89990234375,10853.0,-0.8660254037844384,-0.5000000000000004,7619.60009765625,12142.673083333331,12178.346875,0.3267388179625267,0.14701141759949596,0.2979588937716806,0.8058304491346723,0.8096708784577193
2016-08-19,8806.7998046875,10988.0,-0.8660254037844384,-0.5000000000000004,8144.89990234375,12178.346875,11342.126666666663,0.3630027359030901,0.15020675193059282,0.3267388179625267,0.8096708784577193,0.7196483588832576
2016-08-20,8058.25,11817.0,-0.8660254037844384,-0.5000000000000004,8806.7998046875,11342.126666666663,10400.752208333332,0.32199147635237535,0.16982847163784676,0.3630027359030901,0.7196483588832576,0.6183055549690648
2016-08-21,6666.39990234375,13246.0,-0.8660254037844384,-0.5000000000000004,8058.25,10400.752208333332,9968.153958333334,0.2457353271246052,0.2036516772610867,0.32199147635237535,0.6183055549690648,0.5717345871301975
2016-08-22,6873.85009765625,15949.0,-0.8660254037844384,-0.5000000000000004,6666.39990234375,9968.153958333334,11563.421541666668,0.25710102884616154,0.2676293713126035,0.2457353271246052,0.5717345871301975,0.7434716556870044
2016-08-23,8264.39990234375,17615.0,-0.8660254037844384,-0.5000000000000004,6873.85009765625,11563.421541666668,12155.372791666668,0.33328593812156054,0.3070621638726579,0.25710102884616154,0.7434716556870044,0.8071976245875431
2016-08-24,8249.050048828125,17783.0,-0.8660254037844384,-0.5000000000000004,8264.39990234375,12155.372791666668,11839.706833333332,0.33244495623544873,0.311038579929134,0.33328593812156054,0.8071976245875431,0.7732148953615993
2016-08-25,7408.800048828125,17385.0,-0.8660254037844384,-0.5000000000000004,8249.050048828125,11839.706833333332,11720.905541666669,0.2864096615607355,0.3016182609381966,0.33244495623544873,0.7732148953615993,0.7604254512678609
2016-08-26,6696.0,16710.0,-0.8660254037844384,-0.5000000000000004,7408.800048828125,11720.905541666669,11959.81975,0.24735704592020857,0.2856415892827124,0.2864096615607355,0.7604254512678609,0.7861455412417341
2016-08-27,6216.39990234375,15438.0,-0.8660254037844384,-0.5000000000000004,6696.0,11959.81975,11201.868625,0.2210808997474901,0.25553443914082213,0.24735704592020857,0.7861455412417341,0.7045490080476942
2016-08-28,5767.39990234375,14378.0,-0.8660254037844384,-0.5000000000000004,6216.39990234375,11201.868625,9801.11275,0.19648125998676857,0.23044514735591357,0.2210808997474901,0.7045490080476942,0.5537519190517731
2016-08-29,6229.39990234375,14060.0,-0.8660254037844384,-0.5000000000000004,5767.39990234375,9801.11275,11957.971333333331,0.22179313876060675,0.222918359820441,0.19648125998676857,0.5537519190517731,0.7859465516407907
2016-08-30,7562.35009765625,14325.0,-0.8660254037844384,-0.5000000000000004,6229.39990234375,11957.971333333331,12270.606875,0.29482230273314763,0.22919068276666815,0.22179313876060675,0.7859465516407907,0.8196030441398827
2016-08-31,7560.699951171875,13876.0,-0.8660254037844384,-0.5000000000000004,7562.35009765625,12270.606875,12223.798833333334,0.29473189514056847,0.21856323747287199,0.29482230273314763,0.8196030441398827,0.8145639673450538
2016-09-01,7120.39990234375,13346.0,-1.0,-1.8369701987210297e-16,7560.699951171875,12223.798833333334,12001.457625,0.2706089049672946,0.20601859158041771,0.29473189514056847,0.8145639673450538,0.7906280284859698
2016-09-02,6774.35009765625,12867.0,-1.0,-1.8369701987210297e-16,7120.39990234375,12001.457625,12198.866499999998,0.25164966101499947,0.19468107199082224,0.2706089049672946,0.7906280284859698,0.8118798998671694
2016-09-03,6657.14990234375,12695.0,-1.0,-1.8369701987210297e-16,6774.35009765625,12198.866499999998,11789.143666666663,0.24522854167296448,0.1906099793615729,0.25164966101499947,0.8118798998671694,0.7677715640289721
2016-09-04,6672.35009765625,12942.0,-1.0,-1.8369701987210297e-16,6657.14990234375,11789.143666666663,10180.148333333333,0.24606132414285337,0.1964562577303205,0.24522854167296448,0.7677715640289721,0.5945566471365562
2016-09-05,7269.85009765625,13141.0,-1.0,-1.8369701987210297e-16,6672.35009765625,10180.148333333333,11505.525708333334,0.2787969249380228,0.20116641722578918,0.24606132414285337,0.5945566471365562,0.7372389328496579
2016-09-06,8099.60009765625,13122.0,-1.0,-1.8369701987210297e-16,7269.85009765625,11505.525708333334,11330.336833333333,0.3242569496406034,0.20071670350511628,0.2787969249380228,0.7372389328496579,0.7183791351890052
2016-09-07,8012.10009765625,12919.0,-1.0,-1.8369701987210297e-16,8099.60009765625,11330.336833333333,9824.146416666666,0.31946303320616437,0.19591186743687436,0.3242569496406034,0.7183791351890052,0.5562315873110518
2016-09-08,7720.14990234375,12939.0,-1.0,-1.8369701987210297e-16,8012.10009765625,9824.146416666666,11732.996416666669,0.3034677778993497,0.19638525030074055,0.31946303320616437,0.5562315873110518,0.7617270833266331
2016-09-09,7787.75,13071.0,-1.0,-1.8369701987210297e-16,7720.14990234375,11732.996416666669,12084.01775,0.3071714261179095,0.19950957720225748,0.3034677778993497,0.7617270833266331,0.7995159630214146
2016-09-10,7084.75,12972.0,-1.0,-1.8369701987210297e-16,7787.75,12084.01775,11699.140458333331,0.26865573179321633,0.19716633202611977,0.3071714261179095,0.7995159630214146,0.7580823511838288
2016-09-11,6349.85009765625,12779.0,-1.0,-1.8369701987210297e-16,7084.75,11699.140458333331,10570.666958333331,0.22839231785592087,0.19259818738981094,0.26865573179321633,0.7580823511838288,0.6365975715400962
2016-09-12,6398.64990234375,12375.0,-1.0,-1.8369701987210297e-16,6349.85009765625,10570.666958333331,12593.89625,0.2310659428352217,0.18303585353971372,0.22839231785592087,0.6365975715400962,0.8544064652951292
2016-09-13,6348.10009765625,11870.0,-1.0,-1.8369701987210297e-16,6398.64990234375,12593.89625,11994.705625,0.22829643952723208,0.1710829362270922,0.2310659428352217,0.8544064652951292,0.7899011481186823
2016-09-14,6446.5,11456.0,-1.0,-1.8369701987210297e-16,6348.10009765625,11994.705625,12316.08575,0.2336875356300081,0.16128391094506186,0.22829643952723208,0.7899011481186823,0.82449903071628
2016-09-15,6565.75,11044.0,-1.0,-1.8369701987210297e-16,6446.5,12316.08575,12213.515916666664,0.2402209588849436,0.15153222394941818,0.2336875356300081,0.82449903071628,0.8134569693824562
2016-09-16,6566.35009765625,10675.0,-1.0,-1.8369701987210297e-16,6565.75,12213.515916666664,11818.056583333331,0.2402538368051329,0.1427983101110868,0.2402209588849436,0.8134569693824562,0.7708841575547463
2016-09-17,6575.85009765625,10357.0,-1.0,-1.8369701987210297e-16,6566.35009765625,11818.056583333331,11376.344916666669,0.24077431916087202,0.13527152257561423,0.2402538368051329,0.7708841575547463,0.7233320932031551
2016-09-18,6275.35009765625,10177.0,-1.0,-1.8369701987210297e-16,6575.85009765625,11376.344916666669,10487.650791666669,0.22431064043459847,0.13101107680081844,0.24077431916087202,0.7233320932031551,0.6276605422572935
2016-09-19,7366.449951171875,10037.0,-1.0,-1.8369701987210297e-16,6275.35009765625,10487.650791666669,11230.139208333334,0.2840894006561138,0.12769739675375505,0.22431064043459847,0.6276605422572935,0.7075924517675954
2016-09-20,7372.75,9960.0,-1.0,-1.8369701987210297e-16,7366.449951171875,11230.139208333334,12137.279791666668,0.28443456531457,0.12587487272787018,0.2840894006561138,0.7075924517675954,0.8052498392668473
2016-09-21,6802.35009765625,9735.0,-1.0,-1.8369701987210297e-16,7372.75,12137.279791666668,12276.233375000002,0.2531837142740199,0.12054931550937545,0.28443456531457,0.8052498392668473,0.8202087598369423
2016-09-22,7413.550048828125,9545.0,-1.0,-1.8369701987210297e-16,6802.35009765625,12276.233375000002,12344.835791666666,0.28666990273860504,0.11605217830264655,0.2531837142740199,0.8202087598369423,0.8275940900833125
2016-09-23,8060.39990234375,9293.0,-1.0,-1.8369701987210297e-16,7413.550048828125,12344.835791666666,11574.978458333331,0.3221092643772684,0.11008755421793244,0.28666990273860504,0.8275940900833125,0.7447158049511302
2016-09-24,8295.449951171875,9102.0,-1.0,-1.8369701987210297e-16,8060.39990234375,11574.978458333331,10749.178625,0.33498709628575807,0.10556674786801025,0.3221092643772684,0.7447158049511302,0.6558150812900688
2016-09-25,6960.800048828125,8897.0,-1.0,-1.8369701987210297e-16,8295.449951171875,10749.178625,10137.146625,0.26186480941640755,0.1007145735133817,0.33498709628575807,0.6558150812900688,0.5899273376656834
2016-09-26,7161.25,8746.0,-1.0,-1.8369701987210297e-16,6960.800048828125,10137.146625,11739.27375,0.2728469844473259,0.0971405328911919,0.26186480941640755,0.5899273376656834,0.7624028638892693
2016-09-27,8156.5,8600.0,-1.0,-1.8369701987210297e-16,7161.25,11739.27375,12033.036541666666,0.32737435966304546,0.09368483798496864,0.2728469844473259,0.7624028638892693,0.7940276277965764
2016-09-28,7826.64990234375,8505.0,-1.0,-1.8369701987210297e-16,8156.5,12033.036541666666,11828.234166666669,0.30930265904526694,0.09143626938160421,0.32737435966304546,0.7940276277965764,0.7719798159539522
2016-09-29,7322.25,8372.0,-1.0,-1.8369701987210297e-16,7826.64990234375,11828.234166666669,11978.422791666666,0.28166779068669373,0.08828827333689397,0.30930265904526694,0.7719798159539522,0.7881482346302612
2016-09-30,7023.949951171875,8284.0,-1.0,-1.8369701987210297e-16,7322.25,11978.422791666666,11494.87,0.26532464204130957,0.0862053887358827,0.28166779068669373,0.7881482346302612,0.7360918023420979
2016-10-01,7073.89990234375,8161.0,-0.8660254037844386,0.5000000000000001,7023.949951171875,11494.87,10796.205375,0.26806128080499275,0.08329408412310557,0.26532464204130957,0.7360918023420979,0.6608777029299309
2016-10-02,6549.14990234375,8178.0,-0.8660254037844386,0.5000000000000001,7073.89990234375,10796.205375,10022.083541666669,0.23931147910245684,0.08369645955739184,0.26806128080499275,0.6608777029299309,0.577540326961508
2016-10-03,6919.25,8180.0,-0.8660254037844386,0.5000000000000001,6549.14990234375,10022.083541666669,11742.422541666669,0.25958838128007733,0.08374379784377847,0.23931147910245684,0.577540326961508,0.7627418441681764
2016-10-04,7094.5,8179.0,-0.8660254037844386,0.5000000000000001,6919.25,11742.422541666669,11752.251291666667,0.26918991105305384,0.08372012870058515,0.25958838128007733,0.7627418441681764,0.7637999492348201
2016-10-05,7369.75,8128.0,-0.8660254037844386,0.5000000000000001,7094.5,11752.251291666667,11569.881541666668,0.28427020246538925,0.08251300239772635,0.26918991105305384,0.7637999492348201,0.7441671010621048
2016-10-06,7460.050048828125,8121.0,-0.8660254037844386,0.5000000000000001,7369.75,11569.881541666668,11550.450916666668,0.2892175269009069,0.08234731839537318,0.28427020246538925,0.7441671010621048,0.7420753149488599
2016-10-07,7451.0,8167.0,-0.8660254037844386,0.5000000000000001,7460.050048828125,11550.450916666668,11147.225041666668,0.2887216962973683,0.08343609898226544,0.2892175269009069,0.7420753149488599,0.6986664032012413
2016-10-08,6947.25,8287.0,-0.8660254037844386,0.5000000000000001,7451.0,11147.225041666668,10512.149,0.26112243453909784,0.08627639616546263,0.2887216962973683,0.6986664032012413,0.6302978744064676
2016-10-09,5934.0,8413.0,-0.8660254037844386,0.5000000000000001,6947.25,10512.149,10238.994,0.20560888222829368,0.08925870820781968,0.26112243453909784,0.6302978744064676,0.6008916234102469
2016-10-10,6498.39990234375,8574.0,-0.8660254037844386,0.5000000000000001,5934.0,10238.994,11428.807875,0.2365310075704822,0.09306944026194258,0.20560888222829368,0.6008916234102469,0.7289799448652305
2016-10-11,7152.0,8942.0,-0.8660254037844386,0.5000000000000001,6498.39990234375,11428.807875,10750.955041666666,0.27234019899568523,0.10177968495708065,0.2365310075704822,0.7289799448652305,0.6560063197970478
2016-10-12,6477.5,9458.0,-0.8660254037844386,0.5000000000000001,7152.0,10750.955041666666,10794.162083333336,0.23538595173820936,0.11399296284482859,0.27234019899568523,0.6560063197970478,0.6606577342395961
2016-10-13,7194.14990234375,10081.0,-0.8660254037844386,0.5000000000000001,6477.5,10794.162083333336,10960.522083333335,0.2746494916763218,0.1287388390542607,0.23538595173820936,0.6606577342395961,0.6785670674596772
2016-10-14,7893.800048828125,10658.0,-0.8660254037844386,0.5000000000000001,7194.14990234375,10960.522083333335,11784.225875000002,0.3129816555116262,0.14239593467680053,0.2746494916763218,0.6785670674596772,0.7672421436775343
2016-10-15,7266.5,11078.0,-0.8660254037844386,0.5000000000000001,7893.800048828125,11784.225875000002,10899.914583333331,0.2786133810727512,0.15233697481799072,0.3129816555116262,0.7672421436775343,0.6720424226343819
2016-10-16,7447.0,11330.0,-0.8660254037844386,0.5000000000000001,7266.5,10899.914583333331,10318.612565217392,0.28850254583179397,0.15830159890270482,0.2786133810727512,0.6720424226343819,0.6094628870251966
2016-10-17,9039.2001953125,11395.0,-0.8660254037844386,0.5000000000000001,7447.0,10318.612565217392,11940.18,0.3757353993543729,0.15984009321026996,0.28850254583179397,0.6094628870251966,0.7840312419684166
2016-10-18,9212.5498046875,11476.0,-0.8660254037844386,0.5000000000000001,9039.2001953125,11940.18,12391.295,0.3852328112547889,0.16175729380892806,0.3757353993543729,0.7840312419684166,0.8325956135455802
2016-10-19,9073.75,11465.0,-0.8660254037844386,0.5000000000000001,9212.5498046875,12391.295,12049.517999999998,0.37762830080006504,0.16149693323380165,0.3852328112547889,0.8325956135455802,0.7958019240772
2016-10-20,9397.0,11335.0,-0.8660254037844386,0.5000000000000001,9073.75,12049.517999999998,12150.447708333331,0.39533839779929275,0.15841994461867137,0.37762830080006504,0.7958019240772,0.806667419258417
2016-10-21,9306.7998046875,11057.0,-0.8660254037844386,0.5000000000000001,9397.0,12150.447708333331,11604.842958333336,0.39039654409988467,0.1518399228109312,0.39533839779929275,0.806667419258417,0.7479308403078939
2016-10-22,8490.14990234375,10953.0,-0.8660254037844386,0.5000000000000001,9306.7998046875,11604.842958333336,10671.210958333331,0.3456542425224133,0.14937833191882696,0.39039654409988467,0.7479308403078939,0.6474215436444474
2016-10-23,6862.64990234375,11032.0,-0.8660254037844386,0.5000000000000001,8490.14990234375,10671.210958333331,10256.442833333333,0.256487396841847,0.15124819423109845,0.3456542425224133,0.6474215436444474,0.6027700615592508
2016-10-24,6726.64990234375,11445.0,-0.8660254037844386,0.5000000000000001,6862.64990234375,10256.442833333333,11432.077,0.24903628101231892,0.16102355036993546,0.256487396841847,0.6027700615592508,0.7293318795187715
2016-10-25,7956.60009765625,11999.0,-0.8660254037844386,0.5000000000000001,6726.64990234375,11432.077,11897.9975,0.3164223204963202,0.17413625569902919,0.24903628101231892,0.7293318795187715,0.7794901236193177
2016-10-26,8425.0,12530.0,-0.8660254037844386,0.5000000000000001,7956.60009765625,11897.9975,12013.964291666663,0.3420848346647241,0.18670457073467675,0.3164223204963202,0.7794901236193177,0.7919744222152664
2016-10-27,9044.5498046875,13457.0,-0.8660254037844386,0.5000000000000001,8425.0,12013.964291666663,12042.133291666669,0.37602849170066593,0.2086458664748751,0.3420848346647241,0.7919744222152664,0.7950069300745869
2016-10-28,8666.39990234375,14804.0,-0.8660254037844386,0.5000000000000001,9044.5498046875,12042.133291666669,12200.35775,0.3553105599117834,0.24052820235626363,0.37602849170066593,0.7950069300745869,0.812040439018194
2016-10-29,7278.050048828125,16071.0,-0.8660254037844386,0.5000000000000001,8666.39990234375,12200.35775,11865.024583333334,0.2792461807172737,0.2705170067821873,0.3553105599117834,0.812040439018194,0.7759404545172421
2016-10-30,5797.64990234375,15926.0,-0.8660254037844386,0.5000000000000001,7278.050048828125,11865.024583333334,10035.814,0.19813858538267465,0.2670849810191574,0.2792461807172737,0.7759404545172421,0.5790184668602583
2016-10-31,6304.64990234375,14570.0,-0.8660254037844386,0.5000000000000001,5797.64990234375,10035.814,12434.568,0.22591590689422433,0.23498962284902908,0.19813858538267465,0.5790184668602583,0.8372541286720082
2016-11-01,7449.0,13054.0,-0.5000000000000004,0.8660254037844384,6304.64990234375,12434.568,12655.032833333333,0.2886121210645812,0.1991072017679712,0.22591590689422433,0.8372541286720082,0.8609880681014164
2016-11-02,7235.25,12782.0,-0.5000000000000004,0.8660254037844384,7449.0,12655.032833333333,10863.35075,0.2769012680604515,0.19266919481939088,0.2886121210645812,0.8609880681014164,0.668106176692027
2016-11-03,7069.89990234375,12675.0,-0.5000000000000004,0.8660254037844384,7235.25,10863.35075,12560.083833333332,0.2678421303394184,0.1901365964977067,0.2769012680604515,0.668106176692027,0.8507664205905153
2016-11-04,7811.14990234375,12638.0,-0.5000000000000004,0.8660254037844384,7069.89990234375,12560.083833333332,12591.752374999998,0.3084534509911663,0.18926083819955425,0.2678421303394184,0.8507664205905153,0.8541756683982957
2016-11-05,7073.14990234375,12431.0,-0.5000000000000004,0.8660254037844384,7811.14990234375,12591.752374999998,11502.219458333331,0.26802019009269756,0.18436132555853907,0.3084534509911663,0.8541756683982957,0.7368830015382912
2016-11-06,6040.75,12059.0,-0.5000000000000004,0.8660254037844384,7073.14990234375,11502.219458333331,10198.211041666667,0.21145746027830933,0.17555640429062777,0.26802019009269756,0.7368830015382912,0.5965011714356595
2016-11-07,6503.39990234375,11600.0,-0.5000000000000004,0.8660254037844384,6040.75,10198.211041666667,12064.661291666664,0.23680494565245017,0.1646922675648985,0.21145746027830933,0.5965011714356595,0.7974321612526459
2016-11-08,7350.39990234375,11190.0,-0.5000000000000004,0.8660254037844384,6503.39990234375,12064.661291666664,12503.876916666666,0.2832100567378201,0.15498791885564142,0.23680494565245017,0.7974321612526459,0.8447155165279001
2016-11-09,7750.35009765625,10863.0,-0.5000000000000004,0.8660254037844384,7350.39990234375,12503.876916666666,12790.153166666663,0.3051223746151424,0.14724810903142907,0.2832100567378201,0.8447155165279001,0.8755343236584918
2016-11-10,7613.35009765625,10843.0,-0.5000000000000004,0.8660254037844384,7750.35009765625,12790.153166666663,12939.350208333335,0.2976164711692207,0.14677472616756287,0.3051223746151424,0.8755343236584918,0.8915959943404993
2016-11-11,7320.25,11064.0,-0.5000000000000004,0.8660254037844384,7613.35009765625,12939.350208333335,11836.837666666666,0.2815582154539066,0.15200560681328437,0.2976164711692207,0.8915959943404993,0.7729060178556046
2016-11-12,7032.75,11060.0,-0.5000000000000004,0.8660254037844384,7320.25,11836.837666666666,11069.621125,0.26580677574074973,0.15191093024051114,0.2815582154539066,0.7729060178556046,0.6903120247282504
2016-11-13,6017.14990234375,10793.0,-0.5000000000000004,0.8660254037844384,7032.75,11069.621125,10520.024458333331,0.21016446718106746,0.14559126900789737,0.26580677574074973,0.6903120247282504,0.6311456996502312
2016-11-14,5985.89990234375,10588.0,-0.5000000000000004,0.8660254037844384,6017.14990234375,10520.024458333331,10876.669208333333,0.20845235416876778,0.14073909465326884,0.21016446718106746,0.6311456996502312,0.6695399631086502
2016-11-15,6294.0,10726.0,-0.5000000000000004,0.8660254037844384,5985.89990234375,10876.669208333333,11062.824208333332,0.22533242412998575,0.14400543641394561,0.20845235416876778,0.6695399631086502,0.6895803088984085
2016-11-16,6575.75,11077.0,-0.5000000000000004,0.8660254037844384,6294.0,11062.824208333332,11960.546666666669,0.2407688350488795,0.1523133056747974,0.22533242412998575,0.6895803088984085,0.7862237967887802
2016-11-17,6279.35009765625,11456.0,-0.5000000000000004,0.8660254037844384,6575.75,11960.546666666669,11919.726,0.22452979090017283,0.16128391094506186,0.2407688350488795,0.7862237967887802,0.7818292853581524
2016-11-18,6278.35009765625,11894.0,-0.5000000000000004,0.8660254037844384,6279.35009765625,11919.726,11153.85125,0.22447500328377926,0.17165099566373163,0.22452979090017283,0.7818292853581524,0.6993797415820259
2016-11-19,6328.85009765625,12409.0,-0.5000000000000004,0.8660254037844384,6278.35009765625,11153.85125,10117.947458333334,0.2272417779116555,0.18384060440828626,0.22447500328377926,0.6993797415820259,0.5878604689870275
2016-11-20,5759.60009765625,13031.0,-0.5000000000000004,0.8660254037844384,6328.85009765625,10117.947458333334,10000.776541666666,0.1960539272796049,0.19856281147452506,0.2272417779116555,0.5878604689870275,0.5752465414185872
2016-11-21,6123.60009765625,13779.0,-0.5000000000000004,0.8660254037844384,5759.60009765625,10000.776541666666,11029.876458333332,0.21599661964687134,0.21626733058312092,0.1960539272796049,0.5752465414185872,0.6860333490907509
2016-11-22,6380.0,14308.0,-0.5000000000000004,0.8660254037844384,6123.60009765625,11029.876458333332,11328.949375000002,0.23004415913983442,0.22878830733238187,0.21599661964687134,0.6860333490907509,0.7182297696346616
2016-11-23,7001.14990234375,14596.0,-0.5000000000000004,0.8660254037844384,6380.0,11328.949375000002,10985.361749999998,0.2640754817123591,0.23560502057205515,0.23004415913983442,0.7182297696346616,0.6812411589925518
2016-11-24,7774.050048828125,14578.0,-0.5000000000000004,0.8660254037844384,7001.14990234375,10985.361749999998,11156.26825,0.3064208384484939,0.23517897599457557,0.2640754817123591,0.6812411589925518,0.6996399415002329
2016-11-25,8055.949951171875,14624.0,-0.5000000000000004,0.8660254037844384,7774.050048828125,11156.26825,11129.6965,0.32186546215949347,0.2362677565814678,0.3064208384484939,0.6996399415002329,0.6967793841247178
2016-11-26,8575.949951171875,14557.0,-0.5000000000000004,0.8660254037844384,8055.949951171875,11129.6965,10774.452333333333,0.3503550226841598,0.23468192398751606,0.32186546215949347,0.6967793841247178,0.6585358991804799
2016-11-27,7462.14990234375,14234.0,-0.5000000000000004,0.8660254037844384,8575.949951171875,10774.452333333333,10313.599916666666,0.2893325728698037,0.22703679073607694,0.3503550226841598,0.6585358991804799,0.6089232549429046
2016-11-28,7502.0,13656.0,-0.5000000000000004,0.8660254037844384,7462.14990234375,10313.599916666666,11663.35125,0.2915158647334414,0.21335602597034378,0.2893325728698037,0.6089232549429046,0.7542294967853884
2016-11-29,7968.949951171875,13045.0,-0.5000000000000004,0.8660254037844384,7502.0,11663.35125,12027.260416666666,0.31709893953325125,0.1988941794792314,0.2915158647334414,0.7542294967853884,0.7934058043573733
2016-11-30,7739.5,12726.0,-0.5000000000000004,0.8660254037844384,7968.949951171875,12027.260416666666,12018.86,0.30452792362691883,0.19134372280056552,0.31709893953325125,0.7934058043573733,0.7925014652057092
2016-12-01,7330.050048828125,12560.0,-2.4492935982947064e-16,1.0,7739.5,12018.86,11738.696583333332,0.28209513676974035,0.18741464503047606,0.30452792362691883,0.7925014652057092,0.7623407295411274
2016-12-02,7378.449951171875,12626.0,-2.4492935982947064e-16,1.0,7330.050048828125,11738.696583333332,10859.066208333334,0.2847468520528369,0.18897680848123452,0.28209513676974035,0.7623407295411274,0.6676449282885427
2016-12-03,7823.5,12778.0,-2.4492935982947064e-16,1.0,7378.449951171875,10859.066208333334,10582.536875,0.3091300834039803,0.19257451824661764,0.2847468520528369,0.6676449282885427,0.6378754165321494
2016-12-04,7956.64990234375,13058.0,-2.4492935982947064e-16,1.0,7823.5,10582.536875,10709.675166666666,0.3164250491764335,0.19920187834074443,0.3091300834039803,0.6378754165321494,0.651562372714466
2016-12-05,8388.5,13306.0,-2.4492935982947064e-16,1.0,7956.64990234375,10709.675166666666,11670.67575,0.3400850866663581,0.2050718258526853,0.3164250491764335,0.651562372714466,0.755018009115098
2016-12-06,8377.050048828125,13666.0,-2.4492935982947064e-16,1.0,8388.5,11670.67575,12092.236083333337,0.33945777113382813,0.2135927174022769,0.3400850866663581,0.755018009115098,0.8004007001588299
2016-12-07,8388.14990234375,14019.0,-2.4492935982947064e-16,1.0,8377.050048828125,12092.236083333337,11983.288166666667,0.34006590565026723,0.2219479249495153,0.33945777113382813,0.8004007001588299,0.7886720121135244
2016-12-08,9017.5498046875,14422.0,-2.4492935982947064e-16,1.0,8388.14990234375,11983.288166666667,12264.551875,0.37454922605803903,0.23148658965641922,0.34006590565026723,0.7886720121135244,0.8189511986683295
2016-12-09,10032.39990234375,14947.0,-2.4492935982947064e-16,1.0,9017.5498046875,12264.551875,11452.708,0.43015044390542606,0.24391288983290693,0.37454922605803903,0.8189511986683295,0.7315528909016972
2016-12-10,8800.949951171875,15406.0,-2.4492935982947064e-16,1.0,10032.39990234375,11452.708,11665.887666666667,0.36268223637271735,0.2547770265586362,0.43015044390542606,0.7315528909016972,0.7545025523953206
2016-12-11,9110.2001953125,15866.0,-2.4492935982947064e-16,1.0,8800.949951171875,11665.887666666667,11462.538374999998,0.37962532011831773,0.2656648324275588,0.36268223637271735,0.7545025523953206,0.7326111709062254
2016-12-12,10113.2998046875,16291.0,-2.4492935982947064e-16,1.0,9110.2001953125,11462.538374999998,12478.087916666664,0.4345827567213143,0.2757242182847155,0.37962532011831773,0.7326111709062254,0.8419392253857222
2016-12-13,9858.39990234375,16863.0,-2.4492935982947064e-16,1.0,10113.2998046875,12478.087916666664,13115.844583333334,0.42061739865294157,0.2892629681912888,0.4345827567213143,0.8419392253857222,0.9105963344062901
2016-12-14,8573.449951171875,17376.0,-2.4492935982947064e-16,1.0,9858.39990234375,13115.844583333334,12835.324125,0.3502180536431759,0.30140523864945684,0.42061739865294157,0.9105963344062901,0.8803971617485502
2016-12-15,7431.050048828125,17635.0,-2.4492935982947064e-16,1.0,8573.449951171875,12835.324125,12954.356791666669,0.28762868602549285,0.3075355467365241,0.3502180536431759,0.8803971617485502,0.8932115143057048
2016-12-16,6626.5,17802.0,-2.4492935982947064e-16,1.0,7431.050048828125,12954.356791666669,12815.05225,0.24354930658085414,0.31148829364980685,0.28762868602549285,0.8932115143057048,0.8782148116381222
2016-12-17,5853.64990234375,17956.0,-2.4492935982947064e-16,1.0,6626.5,12815.05225,11844.489,0.20120669190071563,0.3151333417015766,0.24354930658085414,0.8782148116381222,0.7737297151280534
2016-12-18,5273.75,18120.0,-2.4492935982947064e-16,1.0,5853.64990234375,11844.489,11658.297916666668,0.16943535850442648,0.31901508118527944,0.20120669190071563,0.7737297151280534,0.7536854848201396
2016-12-19,5985.25,18322.0,-2.4492935982947064e-16,1.0,5273.75,11658.297916666668,13085.594208333334,0.20841674756846512,0.32379624811032803,0.16943535850442648,0.7536854848201396,0.9073397580303137
2016-12-20,6385.25,18491.0,-2.4492935982947064e-16,1.0,5985.25,13085.594208333334,13581.539375,0.23033179412590077,0.3277963333099974,0.20841674756846512,0.9073397580303137,0.9607302800832235
2016-12-21,6764.14990234375,18615.0,-2.4492935982947064e-16,1.0,6385.25,13581.539375,12822.765666666666,0.2510908166270785,0.33073130706596787,0.23033179412590077,0.9607302800832235,0.8790451924348801
2016-12-22,7272.64990234375,18974.0,-2.4492935982947064e-16,1.0,6764.14990234375,12822.765666666666,11956.961625000002,0.2789503195632186,0.33922852947236615,0.2510908166270785,0.8790451924348801,0.7858378524162374
2016-12-23,7342.300048828125,19155.0,-2.4492935982947064e-16,1.0,7272.64990234375,11956.961625000002,11425.572958333332,0.2827662850705618,0.3435126443903552,0.2789503195632186,0.7858378524162374,0.7286316928784395
2016-12-24,7970.60009765625,19104.0,-2.4492935982947064e-16,1.0,7342.300048828125,11425.572958333332,10872.193958333331,0.3171893471258304,0.34230551808749643,0.2827662850705618,0.7286316928784395,0.6690581841744521
2016-12-25,6239.60009765625,18756.0,-2.4492935982947064e-16,1.0,7970.60009765625,10872.193958333331,10570.453,0.22235198314852767,0.33406865625622456,0.3171893471258304,0.6690581841744521,0.636574538051957
2016-12-26,6228.14990234375,18143.0,-2.4492935982947064e-16,1.0,6239.60009765625,10570.453,11295.525166666666,0.22172465424011475,0.31955947147872554,0.22235198314852767,0.636574538051957,0.7146315171421206
2016-12-27,8309.199951171875,17388.0,-2.4492935982947064e-16,1.0,6228.14990234375,11295.525166666666,12266.735374999998,0.33574042601116993,0.30168926836777654,0.22172465424011475,0.7146315171421206,0.8191862613581951
2016-12-28,8913.14990234375,16696.0,-2.4492935982947064e-16,1.0,8309.199951171875,12266.735374999998,11474.365333333331,0.36882940425690147,0.28531022127800604,0.33574042601116993,0.8191862613581951,0.7338843912583033
2016-12-29,8702.14990234375,16031.0,-2.4492935982947064e-16,1.0,8913.14990234375,11474.365333333331,12211.027958333332,0.3572692171978542,0.26957024105445493,0.36882940425690147,0.7338843912583033,0.8131891305099549
2016-12-30,8268.050048828125,15483.0,-2.4492935982947064e-16,1.0,8702.14990234375,12211.027958333332,11779.473166666668,0.3334859209469269,0.25659955058452105,0.3572692171978542,0.8131891305099549,0.7667304952209371
2016-12-31,7938.60009765625,15030.0,-2.4492935982947064e-16,1.0,8268.050048828125,11779.473166666668,10724.150541666668,0.31543614340123555,0.24587742871795168,0.3334859209469269,0.7667304952209371,0.6531207059337536
2017-01-01,7853.699951171875,14720.0,0.49999999999999994,0.8660254037844387,7938.60009765625,10724.150541666668,10571.192125,0.3107846667438901,0.23853999432802558,0.31543614340123555,0.6531207059337536,0.6366541078759308
2017-01-02,9203.2998046875,14580.0,0.49999999999999994,0.8660254037844387,7853.699951171875,10571.192125,11344.321166666668,0.3847260258031482,0.2352263142809622,0.3107846667438901,0.6366541078759308,0.7198846057680349
2017-01-03,9553.9501953125,14641.0,0.49999999999999994,0.8660254037844387,9203.2998046875,11344.321166666668,11819.340625,0.40393732489297285,0.2366701320157541,0.3847260258031482,0.7198846057680349,0.7710223898826908
2017-01-04,9856.10009765625,14754.0,0.49999999999999994,0.8660254037844387,9553.9501953125,11819.340625,12758.669791666667,0.42049139783594264,0.23934474519659812,0.40393732489297285,0.7710223898826908,0.8721450097983829
2017-01-05,8728.25,14919.0,0.49999999999999994,0.8660254037844387,9856.10009765625,12758.669791666667,11913.029875,0.35869917933608003,0.24325015382349427,0.42049139783594264,0.8721450097983829,0.781108420162743
2017-01-06,7760.60009765625,14935.0,0.49999999999999994,0.8660254037844387,8728.25,11913.029875,11460.993125,0.3056839476831767,0.24362886011458723,0.35869917933608003,0.781108420162743,0.7324448184347282
2017-01-07,6788.85009765625,14934.0,0.49999999999999994,0.8660254037844387,7760.60009765625,11460.993125,12186.2035,0.25244408145270647,0.2436051909713939,0.3056839476831767,0.7324448184347282,0.8105166762162564
2017-01-08,6382.35009765625,15096.0,0.49999999999999994,0.8660254037844387,6788.85009765625,12186.2035,11950.176166666666,0.2301729153887125,0.24743959216871012,0.25244408145270647,0.8105166762162564,0.7851073701227613
2017-01-09,8390.89990234375,15402.0,0.49999999999999994,0.8660254037844387,6382.35009765625,11950.176166666666,13160.483625,0.34021657159534957,0.254682349985863,0.2301729153887125,0.7851073701227613,0.9154019094954547
2017-01-10,8927.9501953125,15261.0,0.49999999999999994,0.8660254037844387,8390.89990234375,13160.483625,12698.665333333332,0.3696402770305861,0.2513450007956063,0.34021657159534957,0.9154019094954547,0.8656852848706228
2017-01-11,7697.64990234375,14724.0,0.49999999999999994,0.8660254037844387,8927.9501953125,12698.665333333332,12063.937833333332,0.30223505653049393,0.23863467090079882,0.3696402770305861,0.8656852848706228,0.7973542780093033
2017-01-12,7591.199951171875,14483.0,0.49999999999999994,0.8660254037844387,7697.64990234375,12063.937833333332,12096.705833333332,0.29640291744057295,0.23293040739121113,0.30223505653049393,0.7973542780093033,0.8008818869955717
2017-01-13,6722.5,14566.0,0.49999999999999994,0.8660254037844387,7591.199951171875,12096.705833333332,11839.038,0.2488089177546387,0.23489494627625584,0.29640291744057295,0.8008818869955717,0.7731428927225314
2017-01-14,6439.75,15099.0,0.49999999999999994,0.8660254037844387,6722.5,11839.038,11631.132375,0.23331771921935138,0.24751059959829005,0.2488089177546387,0.7731428927225314,0.7507610033473555
2017-01-15,5910.5,15722.0,0.49999999999999994,0.8660254037844387,6439.75,11631.132375,10939.310291666668,0.20432137324304434,0.26225647580772216,0.23331771921935138,0.7507610033473555,0.6762835314825597
2017-01-16,6480.949951171875,16254.0,0.49999999999999994,0.8660254037844387,5910.5,10939.310291666668,11704.707541666668,0.23557496633959066,0.27484845998656304,0.20432137324304434,0.6762835314825597,0.7586816704341335
2017-01-17,7323.75,16889.0,0.49999999999999994,0.8660254037844387,6480.949951171875,11704.707541666668,11472.075791666668,0.2817499721112841,0.2898783659143149,0.23557496633959066,0.7586816704341335,0.733637912750071
2017-01-18,7938.60009765625,17421.0,0.49999999999999994,0.8660254037844387,7323.75,11472.075791666668,11371.975041666668,0.31543614340123555,0.30247035009315576,0.2817499721112841,0.733637912750071,0.7228616583179356
2017-01-19,8601.699951171875,18035.0,0.49999999999999994,0.8660254037844387,7938.60009765625,11371.975041666668,11243.545166666669,0.35176580380629474,0.31700320401384807,0.31543614340123555,0.7228616583179356,0.7090356579164666
2017-01-20,8862.550048828125,18929.0,0.49999999999999994,0.8660254037844387,8601.699951171875,11243.545166666669,10839.601583333331,0.3660571588929156,0.3381634180286672,0.35176580380629474,0.7090356579164666,0.6655494819364811
2017-01-21,8206.0,20121.0,0.49999999999999994,0.8660254037844387,8862.550048828125,10839.601583333331,10495.43975,0.33008634667452813,0.36637703671509264,0.3660571588929156,0.6655494819364811,0.628499055422892
2017-01-22,7263.14990234375,21281.0,0.49999999999999994,0.8660254037844387,8206.0,10495.43975,10341.523291666666,0.2784298372074795,0.3938332428193322,0.33008634667452813,0.628499055422892,0.6119293202681287
2017-01-23,8671.14990234375,22056.0,0.49999999999999994,0.8660254037844387,7263.14990234375,10341.523291666666,11357.712375,0.35557080108965294,0.4121768287941474,0.2784298372074795,0.6119293202681287,0.721326224019184
2017-01-24,9490.5,22550.0,0.49999999999999994,0.8660254037844387,8671.14990234375,11357.712375,11927.080875,0.4004610399320933,0.4238693855316425,0.35557080108965294,0.721326224019184,0.782621067680628
2017-01-25,9657.75,23159.0,0.49999999999999994,0.8660254037844387,9490.5,11927.080875,11455.50225,0.4096242687739211,0.4382838937363683,0.4004610399320933,0.782621067680628,0.731853703322653
2017-01-26,9460.64990234375,23967.0,0.49999999999999994,0.8660254037844387,9657.75,11455.50225,11551.241083333334,0.39882562423239154,0.4574085614365627,0.4096242687739211,0.731853703322653,0.7421603796166449
2017-01-27,9081.2998046875,25078.0,0.49999999999999994,0.8660254037844387,9460.64990234375,11551.241083333334,11187.805208333331,0.37804193660313035,0.48370497952433006,0.39882562423239154,0.7421603796166449,0.7030350238249472
2017-01-28,10031.5,26187.0,0.49999999999999994,0.8660254037844387,9081.2998046875,11187.805208333331,11143.608625,0.43010114040102504,0.5099540593257108,0.37804193660313035,0.7030350238249472,0.6982770811818496
2017-01-29,9835.14990234375,26900.0,0.49999999999999994,0.8660254037844387,10031.5,11143.608625,11549.824916666666,0.41934358657179066,0.5268301584225408,0.43010114040102504,0.6982770811818496,0.7420079234930063
2017-01-30,10274.0,27050.0,0.49999999999999994,0.8660254037844387,9835.14990234375,11549.824916666666,12689.294458333332,0.4433871373764704,0.5303805299015373,0.41934358657179066,0.7420079234930063,0.864676471917156
2017-01-31,10582.2998046875,26973.0,0.49999999999999994,0.8660254037844387,10274.0,12689.294458333332,13158.621375,0.4602781488099076,0.5285580058756525,0.4433871373764704,0.864676471917156,0.9152014306796992
2017-02-01,10415.14990234375,26797.0,0.8660254037844386,0.5000000000000001,10582.2998046875,13158.621375,13107.631541666668,0.4511204040800723,0.5243922366736299,0.4602781488099076,0.9152014306796992,0.9097121669383967
2017-02-02,10344.7998046875,26464.0,0.8660254037844386,0.5000000000000001,10415.14990234375,13107.631541666668,12941.406791666666,0.44726608991643013,0.5165104119902577,0.4511204040800723,0.9097121669383967,0.8918173939330185
2017-02-03,10330.89990234375,25601.0,0.8660254037844386,0.5000000000000001,10344.7998046875,12941.406791666666,12536.339625,0.44650454739891243,0.4960839414144312,0.44726608991643013,0.8918173939330185,0.8482102596197971
2017-02-04,9554.2001953125,24521.0,0.8660254037844386,0.5000000000000001,10330.89990234375,12536.339625,12604.096416666667,0.40395102179707126,0.4705212667656564,0.44650454739891243,0.8482102596197971,0.8555045548823721
2017-02-05,8345.89990234375,23628.0,0.8660254037844386,0.5000000000000001,9554.2001953125,12604.096416666667,12507.434291666666,0.3377511288576381,0.44938472189403067,0.40395102179707126,0.8555045548823721,0.8450984824708179
2017-02-06,8568.89990234375,22925.0,0.8660254037844386,0.5000000000000001,8345.89990234375,12507.434291666666,12780.100916666668,0.3499687673134084,0.43274531422913376,0.3377511288576381,0.8450984824708179,0.8744521579043353
2017-02-07,9271.4501953125,22352.0,0.8660254037844386,0.5000000000000001,8568.89990234375,12780.100916666668,12665.857833333332,0.38845982326178397,0.41918289517936713,0.3499687673134084,0.8744521579043353,0.8621534235480824
2017-02-08,8450.449951171875,22003.0,0.8660254037844386,0.5000000000000001,9271.4501953125,12665.857833333332,12565.480916666667,0.3434791768267644,0.41092236420490197,0.38845982326178397,0.8621534235480824,0.8513474386467382
2017-02-09,7939.5,21875.0,0.8660254037844386,0.5000000000000001,8450.449951171875,12565.480916666667,12582.922333333334,0.3154854469056366,0.4078927138761583,0.3434791768267644,0.8513474386467382,0.8532250783612947
2017-02-10,7531.89990234375,21922.0,0.8660254037844386,0.5000000000000001,7939.5,12582.922333333334,12006.513083333331,0.29315400911325656,0.40900516360624384,0.3154854469056366,0.8532250783612947,0.7911722692161447
2017-02-11,7846.64990234375,22092.0,0.8660254037844386,0.5000000000000001,7531.89990234375,12006.513083333331,11787.718125,0.3103984113731387,0.41302891794910657,0.29315400911325656,0.7911722692161447,0.7676180986483072
2017-02-12,7655.199951171875,22094.0,0.8660254037844386,0.5000000000000001,7846.64990234375,11787.718125,11280.035875,0.2999093248897627,0.41307625623549316,0.3103984113731387,0.7676180986483072,0.7129640316540142
2017-02-13,7739.14990234375,22112.0,0.8660254037844386,0.5000000000000001,7655.199951171875,11280.035875,12712.60575,0.3045087426108279,0.41350230081297273,0.2999093248897627,0.7129640316540142,0.8671860276411815
2017-02-14,7929.14990234375,22216.0,0.8660254037844386,0.5000000000000001,7739.14990234375,12712.60575,12565.571958333334,0.3149183897256098,0.41596389170507697,0.3045087426108279,0.8671860276411815,0.8513572396538628
2017-02-15,7642.10009765625,22337.0,0.8660254037844386,0.5000000000000001,7929.14990234375,12565.571958333334,13273.248166666666,0.2991916151405364,0.4188278580314675,0.3149183897256098,0.8513572396538628,0.9275414728046519
2017-02-16,7305.14990234375,23081.0,0.8660254037844386,0.5000000000000001,7642.10009765625,13273.248166666666,13468.536666666669,0.2807309170960102,0.4364377005672901,0.2991916151405364,0.9275414728046519,0.948565077159965
2017-02-17,8243.0,23211.0,0.8660254037844386,0.5000000000000001,7305.14990234375,13468.536666666669,12950.413333333332,0.3321134884810909,0.43951468918242037,0.2807309170960102,0.948565077159965,0.8927869849156397
2017-02-18,8075.449951171875,22664.0,0.8660254037844386,0.5000000000000001,8243.0,12950.413333333332,12537.936666666666,0.3229338206791685,0.42656766785567984,0.3321134884810909,0.8927869849156397,0.848382187675668
2017-02-19,7912.050048828125,21281.0,0.8660254037844386,0.5000000000000001,8075.449951171875,12537.936666666666,11979.741958333334,0.3139815295108092,0.3938332428193322,0.3229338206791685,0.848382187675668,0.788290248307865
2017-02-20,7185.64990234375,19696.0,0.8660254037844386,0.5000000000000001,7912.050048828125,11979.741958333334,13681.893458333332,0.2741837969369763,0.35631765085793593,0.3139815295108092,0.788290248307865,0.9715338068830097
2017-02-21,7238.5,18439.0,0.8660254037844386,0.5000000000000001,7185.64990234375,13681.893458333332,13223.06725,0.2770793278137307,0.3265655378639453,0.2741837969369763,0.9715338068830097,0.9221392922451878
2017-02-22,7707.60009765625,17399.0,0.8660254037844386,0.5000000000000001,7238.5,13223.06725,12937.025458333332,0.3027802040143165,0.30194962894290295,0.2770793278137307,0.9221392922451878,0.8913457255114331
2017-02-23,7498.60009765625,16525.0,0.8660254037844386,0.5000000000000001,7707.60009765625,12937.025458333332,12072.193416666669,0.2913295921880564,0.28126279779195007,0.3027802040143165,0.8913457255114331,0.7982430252613042
2017-02-24,7248.89990234375,15846.0,0.8660254037844386,0.5000000000000001,7498.60009765625,12072.193416666669,11135.526541666666,0.27764911367387085,0.2651914495636926,0.2913295921880564,0.7982430252613042,0.6974070119132204
2017-02-25,6883.5,15312.0,0.8660254037844386,0.5000000000000001,7248.89990234375,11135.526541666666,10234.536666666669,0.2576297239940065,0.2525521270984651,0.27764911367387085,0.6974070119132204,0.6004117732783665
2017-02-26,6171.85009765625,14905.0,0.8660254037844386,0.5000000000000001,6883.5,10234.536666666669,9334.680083333336,0.21864012213786202,0.24291878581878792,0.2576297239940065,0.6004117732783665,0.5035385381184696
2017-02-27,6004.89990234375,14632.0,0.8660254037844386,0.5000000000000001,6171.85009765625,9334.680083333336,8802.575958333333,0.209493318880246,0.2364571097270143,0.21864012213786202,0.5035385381184696,0.44625535656999155
2017-02-28,5982.89990234375,14547.0,0.8660254037844386,0.5000000000000001,6004.89990234375,8802.575958333333,9522.542416666667,0.20828799131958703,0.23444523255558297,0.209493318880246,0.44625535656999155,0.5237626853123178
2017-03-01,6612.60009765625,14591.0,1.0,6.123233995736766e-17,5982.89990234375,9522.542416666667,10486.93875,0.2427877640633364,0.2354866748560886,0.20828799131958703,0.5237626853123178,0.6275838880647294
2017-03-02,8126.050048828125,14735.0,1.0,6.123233995736766e-17,6612.60009765625,10486.93875,10914.182916666668,0.32570607941903723,0.23889503147592522,0.2427877640633364,0.6275838880647294,0.6735784669729363
2017-03-03,7865.199951171875,15092.0,1.0,6.123233995736766e-17,8126.050048828125,10914.182916666668,11092.565958333333,0.31141472433241635,0.24734491559593688,0.32570607941903723,0.6735784669729363,0.692782129716504
2017-03-04,7861.0,15620.0,1.0,6.123233995736766e-17,7865.199951171875,11092.565958333333,10877.762791666666,0.3111846190187399,0.25984222320200456,0.31141472433241635,0.692782129716504,0.6696576918194015
2017-03-05,8095.14990234375,16359.0,1.0,6.123233995736766e-17,7861.0,10877.762791666666,10933.278708333331,0.3240131340469456,0.2773337200218606,0.3111846190187399,0.6696576918194015,0.675634206910779
2017-03-06,7785.64990234375,17355.0,1.0,6.123233995736766e-17,8095.14990234375,10933.278708333331,12397.133458333332,0.30705636677312975,0.3009081866423973,0.3240131340469456,0.675634206910779,0.8332241474226132
2017-03-07,7939.39990234375,18205.0,1.0,6.123233995736766e-17,7785.64990234375,12397.133458333332,13140.433375,0.3154799627936441,0.32102695835671075,0.30705636677312975,0.8332241474226132,0.9132434182211343
2017-03-08,8503.14990234375,19040.0,1.0,6.123233995736766e-17,7939.39990234375,13140.433375,13067.838541666666,0.34636648153552996,0.3407906929231246,0.3154799627936441,0.9132434182211343,0.905428288020227
2017-03-09,9268.0498046875,19451.0,1.0,6.123233995736766e-17,8503.14990234375,13067.838541666666,12710.394375000002,0.3882735239646331,0.35051871077557495,0.34636648153552996,0.905428288020227,0.866947964093757
2017-03-10,9255.89990234375,19435.0,1.0,6.123233995736766e-17,9268.0498046875,12710.394375000002,12184.636,0.38760785977580414,0.350140004484482,0.3882735239646331,0.866947964093757,0.810347928441416
2017-03-11,9401.14990234375,19295.0,1.0,6.123233995736766e-17,9255.89990234375,12184.636,11108.097333333331,0.39556576105697294,0.3468263244374186,0.38760785977580414,0.810347928441416,0.6944541456472627
2017-03-12,8297.75,19162.0,1.0,6.123233995736766e-17,9401.14990234375,11108.097333333331,11249.723416666668,0.3351131104786399,0.3436783283927084,0.39556576105697294,0.6944541456472627,0.7097007717537289
2017-03-13,8548.10009765625,19097.0,1.0,6.123233995736766e-17,8297.75,11249.723416666668,11567.641125,0.34882919559312814,0.34213983408514326,0.3351131104786399,0.7097007717537289,0.7439259110606912
2017-03-14,8426.39990234375,18969.0,1.0,6.123233995736766e-17,8548.10009765625,11567.641125,12187.476625,0.342161531977322,0.33911018375639956,0.34882919559312814,0.7439259110606912,0.8106537333204631
2017-03-15,8173.64990234375,18579.0,1.0,6.123233995736766e-17,8426.39990234375,12187.476625,12439.441208333332,0.3283139619338423,0.3298792179110087,0.342161531977322,0.8106537333204631,0.8377787494455867
2017-03-16,8922.9501953125,18098.0,1.0,6.123233995736766e-17,8173.64990234375,12439.441208333332,12217.154666666667,0.36936633894861814,0.3184943600350266,0.3283139619338423,0.8377787494455867,0.8138486956763648
2017-03-17,9158.25,17490.0,1.0,6.123233995736766e-17,8922.9501953125,12217.154666666667,11757.873333333337,0.38225785438532334,0.30410352097349413,0.36936633894861814,0.8138486956763648,0.7644051849740937
2017-03-18,9278.0,16939.0,1.0,6.123233995736766e-17,9158.25,11757.873333333337,10861.085458333331,0.3888186714484556,0.2910618230739804,0.38225785438532334,0.7644051849740937,0.6678623087953028
2017-03-19,7503.800048828125,16418.0,1.0,6.123233995736766e-17,9278.0,10861.085458333331,10527.568791666668,0.29161448511812643,0.2787301994702659,0.3888186714484556,0.6678623087953028,0.6319578779358171
2017-03-20,7075.75,15922.0,1.0,6.123233995736766e-17,7503.800048828125,10527.568791666668,11103.89325,0.268162643245674,0.26699030444638416,0.29161448511812643,0.6319578779358171,0.6940015589118598
2017-03-21,7237.449951171875,15645.0,1.0,6.123233995736766e-17,7075.75,11103.89325,11389.108875,0.2770217981413408,0.2604339517818373,0.268162643245674,0.6940015589118598,0.7247061854308472
2017-03-22,7204.0,15454.0,1.0,6.123233995736766e-17,7237.449951171875,11389.108875,11594.125375,0.27518915504815183,0.25591314543191507,0.2770217981413408,0.7247061854308472,0.7467770487039583
2017-03-23,7770.85009765625,15394.0,1.0,6.123233995736766e-17,7204.0,11594.125375,12197.440375,0.306245520751211,0.2544929968403165,0.27518915504815183,0.7467770487039583,0.8117263716882894
2017-03-24,7516.35009765625,15331.0,1.0,6.123233995736766e-17,7770.85009765625,12197.440375,11981.42325,0.29230207237904254,0.25300184081913796,0.306245520751211,0.8117263716882894,0.7884712462202146
2017-03-25,7152.5,15500.0,1.0,6.123233995736766e-17,7516.35009765625,11981.42325,11020.901958333334,0.272367592803882,0.25700192601880734,0.29230207237904254,0.7884712462202146,0.6850672075243672
2017-03-26,6896.300048828125,15763.0,1.0,6.123233995736766e-17,7152.5,11020.901958333334,10527.217625,0.25833100815902105,0.26322691067864784,0.272367592803882,0.6850672075243672,0.6319200734103955
2017-03-27,6824.14990234375,16061.0,1.0,6.123233995736766e-17,6896.300048828125,10527.217625,11582.086291666668,0.25437807361069387,0.2702803153502542,0.25833100815902105,0.6319200734103955,0.7454809922295598
2017-03-28,7844.75,16332.0,1.0,6.123233995736766e-17,6824.14990234375,11582.086291666668,11673.787208333331,0.31029432025234405,0.27669465315564123,0.25437807361069387,0.7454809922295598,0.7553529703082456
2017-03-29,8023.10009765625,16411.0,1.0,6.123233995736766e-17,7844.75,11673.787208333331,11181.416625,0.32006569698649384,0.2785645154679127,0.31029432025234405,0.7553529703082456,0.7023472667455958
2017-03-30,7563.0,16218.0,1.0,6.123233995736766e-17,8023.10009765625,11181.416625,11096.987666666668,0.29485790933345035,0.2739963708316039,0.32006569698649384,0.7023472667455958,0.6932581446716838
2017-03-31,7713.550048828125,15894.0,1.0,6.123233995736766e-17,7563.0,11096.987666666668,11016.534916666666,0.30310618765668174,0.2663275684369715,0.29485790933345035,0.6932581446716838,0.684597077659049
2017-04-01,7694.25,15521.0,0.8660254037844387,-0.49999999999999983,7713.550048828125,11016.534916666666,10043.573291666666,0.30204878398510887,0.25749897802586685,0.30310618765668174,0.684597077659049,0.579853786288066
2017-04-02,6306.14990234375,15248.0,0.8660254037844387,-0.49999999999999983,7694.25,10043.573291666666,9285.081208333331,0.2259980883188147,0.25103730193409324,0.30204878398510887,0.579853786288066,0.4981990167208004
2017-04-03,6285.14990234375,14905.0,0.8660254037844387,-0.49999999999999983,6306.14990234375,9285.081208333331,10507.270333333334,0.22484754837454934,0.24291878581878792,0.2259980883188147,0.4981990167208004,0.6297726660210202
2017-04-04,7110.85009765625,14403.0,0.8660254037844387,-0.49999999999999983,6285.14990234375,10507.270333333334,11027.580958333332,0.27008569393144216,0.23103687593574632,0.22484754837454934,0.6297726660210202,0.685786229143608
2017-04-05,7647.75,14021.0,0.8660254037844387,-0.49999999999999983,7110.85009765625,11027.580958333332,11082.959291666666,0.299501159822807,0.22199526323590194,0.27008569393144216,0.685786229143608,0.6917479328274226
2017-04-06,7640.64990234375,13618.0,0.8660254037844387,-0.49999999999999983,7647.75,11082.959291666666,10591.677541666666,0.29911216239605937,0.212456598528998,0.299501159822807,0.6917479328274226,0.6388594466186306
2017-04-07,7733.35009765625,13697.0,0.8660254037844387,-0.49999999999999983,7640.64990234375,10591.677541666666,10502.242916666668,0.3041909851364514,0.2143264608412695,0.29911216239605937,0.6388594466186306,0.6292314440907515
2017-04-08,6658.89990234375,14225.0,0.8660254037844387,-0.49999999999999983,7733.35009765625,10502.242916666668,9753.077083333334,0.24532442000165325,0.22682376844733715,0.3041909851364514,0.6292314440907515,0.5485806834135062
2017-04-09,5975.75,14637.0,0.8660254037844387,-0.49999999999999983,6658.89990234375,9753.077083333334,10130.1135,0.20789626521272603,0.23657545544298086,0.24532442000165325,0.5485806834135062,0.5891701930443592
2017-04-10,6153.89990234375,14978.0,0.8660254037844387,-0.49999999999999983,5975.75,10130.1135,10714.199708333334,0.21765667372289077,0.24464663327189956,0.20789626521272603,0.5891701930443592,0.6520494580978304
2017-04-11,6863.0,14965.0,0.8660254037844387,-0.49999999999999983,6153.89990234375,10714.199708333334,10734.352083333331,0.25650657785793796,0.2443389344103865,0.21765667372289077,0.6520494580978304,0.6542189435453598
2017-04-12,6764.10009765625,14622.0,0.8660254037844387,-0.49999999999999983,6863.0,10734.352083333331,10428.561,0.25108808794696513,0.2362204182950812,0.25650657785793796,0.6542189435453598,0.6212992849306311
2017-04-13,6171.89990234375,14417.0,0.8660254037844387,-0.49999999999999983,6764.10009765625,10428.561,9428.029125,0.21864285081797535,0.23136824394045266,0.25108808794696513,0.6212992849306311,0.5135879435824244
2017-04-14,5537.60009765625,14288.0,0.8660254037844387,-0.49999999999999983,6171.89990234375,9428.029125,9457.935375,0.18389107644022812,0.22831492446851567,0.21864285081797535,0.5135879435824244,0.5168074734971458
2017-04-15,5348.35009765625,14679.0,0.8660254037844387,-0.49999999999999983,5537.60009765625,9457.935375,8920.005125,0.17352252003774138,0.23756955945709987,0.18389107644022812,0.5168074734971458,0.4588970858053233
2017-04-16,5434.25,14995.0,0.8660254037844387,-0.49999999999999983,5348.35009765625,8920.005125,9186.522541666667,0.17822877093559752,0.24504900870618582,0.17352252003774138,0.4588970858053233,0.4875887738555672
2017-04-17,5543.85009765625,15266.0,0.8660254037844387,-0.49999999999999983,5434.25,9186.522541666667,9884.256291666668,0.18423349904268807,0.2514633465115728,0.17822877093559752,0.4875887738555672,0.5627026607733773
2017-04-18,6240.35009765625,15083.0,0.8660254037844387,-0.49999999999999983,5543.85009765625,9884.256291666668,10938.969208333334,0.22239307386082288,0.2471318933071971,0.18423349904268807,0.5627026607733773,0.67624681246914
2017-04-19,6590.0,14638.0,0.8660254037844387,-0.49999999999999983,6240.35009765625,10938.969208333334,10799.068125,0.24154955858248814,0.23659912458617416,0.22239307386082288,0.67624681246914,0.6611858896555608
2017-04-20,7180.0,14347.0,0.8660254037844387,-0.49999999999999983,6590.0,10799.068125,10271.865166666666,0.2738742522547057,0.22971140391692096,0.24154955858248814,0.6611858896555608,0.6044303387093942
2017-04-21,7187.5,14102.0,0.8660254037844387,-0.49999999999999983,7180.0,10271.865166666666,9929.439666666667,0.27428515937765763,0.22391246383456004,0.2738742522547057,0.6044303387093942,0.5675668355682971
2017-04-22,6990.64990234375,14082.0,0.8660254037844387,-0.49999999999999983,7187.5,9929.439666666667,9626.06225,0.2635002117402264,0.22343908097069384,0.27428515937765763,0.5675668355682971,0.5349070180248326
2017-04-23,5894.85009765625,14001.0,0.8660254037844387,-0.49999999999999983,6990.64990234375,9626.06225,9624.74875,0.20346395239683784,0.2215218803720357,0.2635002117402264,0.5349070180248326,0.5347656143870315
2017-04-24,6262.60009765625,13882.0,0.8660254037844387,-0.49999999999999983,5894.85009765625,9624.74875,10462.484416666666,0.22361209832558024,0.21870525233203184,0.20346395239683784,0.5347656143870315,0.6249512792384394
2017-04-25,6787.85009765625,13809.0,0.8660254037844387,-0.49999999999999983,6262.60009765625,10462.484416666666,11472.82425,0.2523892938363129,0.21697740487892023,0.22361209832558024,0.6249512792384394,0.7337184873454844
2017-04-26,6483.25,13947.0,0.8660254037844387,-0.49999999999999983,6787.85009765625,11472.82425,10992.067333333332,0.2357009805324725,0.22024374663959698,0.2523892938363129,0.7337184873454844,0.6819630424161615
2017-04-27,6452.0,14678.0,0.8660254037844387,-0.49999999999999983,6483.25,10992.067333333332,10505.250208333331,0.23398886752017284,0.23754589031390658,0.2357009805324725,0.6819630424161615,0.6295551913169372
2017-04-28,6076.14990234375,15314.0,0.8660254037844387,-0.49999999999999983,6452.0,10505.250208333331,9640.796125,0.2133969365482892,0.2525994653848517,0.23398886752017284,0.6295551913169372,0.5364931798245322
2017-04-29,5498.75,15664.0,0.8660254037844387,-0.49999999999999983,6076.14990234375,9640.796125,8732.902875,0.18176257219298403,0.2608836655025102,0.2133969365482892,0.5364931798245322,0.4387547646856013
2017-04-30,5125.0,15490.0,0.8660254037844387,-0.49999999999999983,5498.75,8732.902875,8455.056458333334,0.1612857005658801,0.2567652345868742,0.18176257219298403,0.4387547646856013,0.4088434635309437
2017-05-01,5060.0,15226.0,0.49999999999999994,-0.8660254037844387,5125.0,8455.056458333334,9045.570166666666,0.15772450550029682,0.2505165807838404,0.1612857005658801,0.4088434635309437,0.4724146752018232
2017-05-02,5444.85009765625,14926.0,0.49999999999999994,-0.8660254037844387,5060.0,9045.570166666666,9668.64925,0.17880952501972275,0.24341583782584744,0.15772450550029682,0.4724146752018232,0.5394916824504372
2017-05-03,5400.85009765625,14827.0,0.49999999999999994,-0.8660254037844387,5444.85009765625,9668.64925,9574.078708333333,0.1763988698984048,0.24107259264970973,0.17880952501972275,0.5394916824504372,0.5293107775243016
2017-05-04,5307.39990234375,14732.0,0.49999999999999994,-0.8660254037844387,5400.85009765625,9574.078708333333,10169.005458333331,0.17127895644571758,0.2388240240463453,0.1763988698984048,0.5293107775243016,0.5933570711483094
2017-05-05,5254.14990234375,14520.0,0.49999999999999994,-0.8660254037844387,5307.39990234375,10169.005458333331,10713.529125,0.16836151587275897,0.2338061656893636,0.17127895644571758,0.5933570711483094,0.6519772670641173
2017-05-06,5306.14990234375,14323.0,0.49999999999999994,-0.8660254037844387,5254.14990234375,10713.529125,10292.319125,0.1712104719252256,0.22914334448028154,0.16836151587275897,0.6519772670641173,0.6066322908340716
2017-05-07,5378.35009765625,14049.0,0.49999999999999994,-0.8660254037844387,5306.14990234375,10292.319125,9850.996583333334,0.17516614852954907,0.2226579992453146,0.1712104719252256,0.6066322908340716,0.5591221173774623
2017-05-08,5913.5,13916.0,0.49999999999999994,-0.8660254037844387,5378.35009765625,9850.996583333334,10568.18875,0.20448573609222512,0.21951000320060438,0.17516614852954907,0.5591221173774623,0.6363307822949026
2017-05-09,6753.39990234375,13810.0,0.49999999999999994,-0.8660254037844387,5913.5,10568.18875,10387.138708333334,0.25050184975084744,0.21700107402211352,0.20448573609222512,0.6363307822949026,0.6168400061124194
2017-05-10,6183.60009765625,13744.0,0.49999999999999994,-0.8660254037844387,6753.39990234375,10387.138708333334,10377.203208333334,0.21928387663048668,0.21543891057135506,0.25050184975084744,0.6168400061124194,0.6157704089724331
2017-05-11,6676.60009765625,13570.0,0.49999999999999994,-0.8660254037844387,6183.60009765625,10377.203208333334,10562.601541666669,0.2462941715125261,0.21132047965571912,0.21928387663048668,0.6157704089724331,0.6357292965061815
2017-05-12,6617.25,13332.0,0.49999999999999994,-0.8660254037844387,6676.60009765625,10562.601541666669,10340.295916666666,0.24304252112921343,0.20568722357571137,0.2462941715125261,0.6357292965061815,0.6117971883382116
2017-05-13,5820.0,13139.0,0.49999999999999994,-0.8660254037844387,6617.25,10340.295916666666,9267.067708333334,0.19936309395942453,0.20111907893940253,0.24304252112921343,0.6117971883382116,0.4962597898996903
2017-05-14,5853.64990234375,13020.0,0.49999999999999994,-0.8660254037844387,5820.0,9267.067708333334,8975.985291666666,0.20120669190071563,0.19830245089939866,0.19936309395942453,0.4962597898996903,0.4649235793046561
2017-05-15,6608.64990234375,12903.0,0.49999999999999994,-0.8660254037844387,5853.64990234375,8975.985291666666,9998.149958333332,0.2425713422778754,0.1955331611457814,0.20120669190071563,0.4649235793046561,0.5749637789988529
2017-05-16,7013.25,12769.0,0.49999999999999994,-0.8660254037844387,6608.64990234375,9998.149958333332,10214.108625,0.2647384172210747,0.19236149595787785,0.2425713422778754,0.5749637789988529,0.5982126111886691
2017-05-17,6824.89990234375,12886.0,0.49999999999999994,-0.8660254037844387,7013.25,10214.108625,10176.555541666668,0.25441916432298906,0.1951307857114951,0.2647384172210747,0.5982126111886691,0.5941698684448717
2017-05-18,6275.89990234375,13435.0,0.49999999999999994,-0.8660254037844387,6824.89990234375,10176.555541666668,10284.302375,0.22434076292290864,0.20812514532462228,0.25441916432298906,0.5941698684448717,0.6057692549655208
2017-05-19,5958.35009765625,14038.0,0.49999999999999994,-0.8660254037844387,6275.89990234375,10284.302375,10596.505583333334,0.20694296603783074,0.2223976386701882,0.22434076292290864,0.6057692549655208,0.6393792050161348
2017-05-20,7112.449951171875,15086.0,0.49999999999999994,-0.8660254037844387,5958.35009765625,10596.505583333334,9873.12725,0.27017334609214216,0.24720290073677703,0.20694296603783074,0.6393792050161348,0.5615045739999429
2017-05-21,6999.0,17121.0,0.49999999999999994,-0.8660254037844387,7112.449951171875,9873.12725,9271.714916666666,0.2639576936874661,0.2953696071351628,0.27017334609214216,0.5615045739999429,0.49676008085054857
2017-05-22,7679.699951171875,20043.0,0.49999999999999994,-0.8660254037844387,6999.0,9271.714916666666,10065.007916666667,0.3012516214914056,0.36453084354601445,0.2639576936874661,0.49676008085054857,0.5821613111833084
2017-05-23,8521.14990234375,22504.0,0.49999999999999994,-0.8660254037844387,7679.699951171875,10065.007916666667,10144.92225,0.34735265863061454,0.4227806049447503,0.3012516214914056,0.5821613111833084,0.5907644154435109
2017-05-24,9785.60009765625,23996.0,0.49999999999999994,-0.8660254037844387,8521.14990234375,10144.92225,11276.963958333334,0.4166288708801946,0.4580949665891687,0.34735265863061454,0.5907644154435109,0.7126333272827252
2017-05-25,9762.10009765625,24523.0,0.49999999999999994,-0.8660254037844387,9785.60009765625,11276.963958333334,11538.67175,0.4153413618949453,0.47056860505204307,0.4166288708801946,0.7126333272827252,0.7408072395648237
2017-05-26,9294.0,24599.0,0.49999999999999994,-0.8660254037844387,9762.10009765625,11538.67175,11377.84375,0.38969527331075304,0.4723674599347346,0.4153413618949453,0.7408072395648237,0.7234934487309742
2017-05-27,8331.25,23952.0,0.49999999999999994,-0.8660254037844387,9294.0,11377.84375,11939.038875,0.33694849562782514,0.4570535242886631,0.38969527331075304,0.7234934487309742,0.7839083952031439
2017-05-28,6927.64990234375,23108.0,0.49999999999999994,-0.8660254037844387,8331.25,11939.038875,10203.602125,0.26004859190743035,0.4370767674335095,0.33694849562782514,0.7839083952031439,0.5970815435673851
2017-05-29,6398.5,22675.0,0.49999999999999994,-0.8660254037844387,6927.64990234375,10203.602125,10934.073583333333,0.23105773004311583,0.42682802843080625,0.26004859190743035,0.5970815435673851,0.675719778449871
2017-05-30,5946.75,21793.0,0.49999999999999994,-0.8660254037844387,6398.5,10934.073583333333,11442.469833333334,0.20630742433731195,0.4059518441343069,0.23105773004311583,0.675719778449871,0.7304507104593069
2017-05-31,5510.35009765625,20622.0,0.49999999999999994,-0.8660254037844387,5946.75,11442.469833333334,11653.152333333332,0.18239811389350283,0.3782352774549409,0.20630742433731195,0.7304507104593069,0.753131541765749
2017-06-01,5691.89990234375,19400.0,1.2246467991473532e-16,-1.0,5510.35009765625,11653.152333333332,11277.671916666666,0.1923447949490526,0.34931158447271615,0.18239811389350283,0.753131541765749,0.712709541887784
2017-06-02,5856.25,18139.0,1.2246467991473532e-16,-1.0,5691.89990234375,11277.671916666666,11022.32925,0.20134914505369214,0.3194647949059523,0.1923447949490526,0.712709541887784,0.6852208612996773
2017-06-03,6174.0,16901.0,1.2246467991473532e-16,-1.0,5856.25,11022.32925,9120.564333333334,0.21875791016275506,0.2901623956326346,0.20134914505369214,0.6852208612996773,0.4804881034321409
2017-06-04,5793.60009765625,15742.0,1.2246467991473532e-16,-1.0,6174.0,9120.564333333334,8986.518208333333,0.19791670623698693,0.2627298586715884,0.21875791016275506,0.4804881034321409,0.4660574907879615
2017-06-05,6219.0,15011.0,1.2246467991473532e-16,-1.0,5793.60009765625,8986.518208333333,10982.352791666666,0.22122335290046657,0.24542771499727878,0.19791670623698693,0.4660574907879615,0.6809172323428945
2017-06-06,7274.199951171875,15595.0,1.2246467991473532e-16,-1.0,6219.0,10982.352791666666,11338.369458333333,0.2790352430438052,0.2592504946221718,0.22122335290046657,0.6809172323428945,0.7192438800661207
2017-06-07,9527.89990234375,17038.0,1.2246467991473532e-16,-1.0,7274.199951171875,11338.369458333333,11545.874625,0.4025100914348604,0.29340506825011803,0.2790352430438052,0.7192438800661207,0.7415826584667089
2017-06-08,11660.5,19718.0,1.2246467991473532e-16,-1.0,9527.89990234375,11545.874625,10847.006916666667,0.5193501675061817,0.35683837200818874,0.4025100914348604,0.7415826584667089,0.6663466963045533
2017-06-09,12632.5,21971.0,1.2246467991473532e-16,-1.0,11660.5,10847.006916666667,11829.54225,0.5726037306407503,0.41016495162271605,0.5193501675061817,0.6663466963045533,0.7721206364654709
2017-06-10,11378.85009765625,22331.0,1.2246467991473532e-16,-1.0,12632.5,11829.54225,9182.048291666668,0.5039192406992805,0.4186858431723076,0.5726037306407503,0.7721206364654709,0.4871071025754522
2017-06-11,9409.5,22197.0,1.2246467991473532e-16,-1.0,11378.85009765625,9182.048291666668,8110.524125,0.3960232430042126,0.4155141779844041,0.5039192406992805,0.4871071025754522,0.3717531511796646
2017-06-12,8030.85009765625,21288.0,1.2246467991473532e-16,-1.0,9409.5,8110.524125,11056.835333333334,0.32049030101354414,0.39399892682168536,0.3960232430042126,0.3717531511796646,0.6889355820530829
2017-06-13,7473.25,19659.0,1.2246467991473532e-16,-1.0,8030.85009765625,11056.835333333334,11587.16275,0.2899407207621257,0.3554418925597834,0.32049030101354414,0.6889355820530829,0.7460274936954739
2017-06-14,7666.14990234375,18161.0,1.2246467991473532e-16,-1.0,7473.25,11587.16275,11269.454875,0.3005092466140959,0.3199855160562051,0.2899407207621257,0.7460274936954739,0.7118249438035593
2017-06-15,7738.5,17420.0,1.2246467991473532e-16,-1.0,7666.14990234375,11269.454875,10048.920416666666,0.3044731360105252,0.30244668094996247,0.3005092466140959,0.7118249438035593,0.580429426125734
2017-06-16,7897.0,16724.0,1.2246467991473532e-16,-1.0,7738.5,10048.920416666666,10311.938333333334,0.31315697320890906,0.2859729572874187,0.3044731360105252,0.580429426125734,0.6087443787131042
2017-06-17,7458.35009765625,16289.0,1.2246467991473532e-16,-1.0,7897.0,10311.938333333334,8336.573583333333,0.2891243906282144,0.2756768799983289,0.31315697320890906,0.6087443787131042,0.3960882982914134
2017-06-18,5902.75,16082.0,1.2246467991473532e-16,-1.0,7458.35009765625,8336.573583333333,8696.166083333334,0.20389676921599403,0.2707773673573137,0.2891243906282144,0.3960882982914134,0.43479989907250305
2017-06-19,5800.35009765625,15636.0,1.2246467991473532e-16,-1.0,5902.75,8696.166083333334,10497.788083333333,0.19828652264764365,0.2602209294930975,0.20389676921599403,0.43479989907250305,0.6287518630940778
2017-06-20,6233.89990234375,14991.0,1.2246467991473532e-16,-1.0,5800.35009765625,10497.788083333333,10764.946666666669,0.2220396830343779,0.24495433213341258,0.19828652264764365,0.6287518630940778,0.657512575353765
2017-06-21,6498.39990234375,14337.0,1.2246467991473532e-16,-1.0,6233.89990234375,10764.946666666669,10793.161583333333,0.2365310075704822,0.22947471248498788,0.2220396830343779,0.657512575353765,0.6605500263297214
2017-06-22,6401.25,13828.0,1.2246467991473532e-16,-1.0,6498.39990234375,10793.161583333333,10338.355291666669,0.2312083959881982,0.2174271185995931,0.2365310075704822,0.6605500263297214,0.6115882721337143
2017-06-23,6531.89990234375,13510.0,1.2246467991473532e-16,-1.0,6401.25,10338.355291666669,10211.783208333332,0.23836639271966745,0.20990033106412054,0.2312083959881982,0.6115882721337143,0.5979622705902146
2017-06-24,6239.64990234375,13237.0,1.2246467991473532e-16,-1.0,6531.89990234375,10211.783208333332,9066.370875,0.22235471182864103,0.20343865497234692,0.23836639271966745,0.5979622705902146,0.4746539563797229
2017-06-25,5611.0,12977.0,1.2246467991473532e-16,-1.0,6239.64990234375,9066.370875,9124.254833333334,0.18791248213316442,0.19728467774208633,0.22235471182864103,0.4746539563797229,0.4808854008248357
2017-06-26,5273.5,12690.0,1.2246467991473532e-16,-1.0,5611.0,9124.254833333334,10409.743125,0.1694216616003281,0.19049163364560637,0.18791248213316442,0.4808854008248357,0.6192734638566421
2017-06-27,5617.89990234375,12386.0,1.2246467991473532e-16,-1.0,5273.5,10409.743125,10107.830875,0.188290511335927,0.18329621411484012,0.1694216616003281,0.6192734638566421,0.5867713774868748
2017-06-28,5922.25,12111.0,1.2246467991473532e-16,-1.0,5617.89990234375,10107.830875,10728.443375,0.20496512773566902,0.1767871997366799,0.188290511335927,0.5867713774868748,0.653582846969008
2017-06-29,6219.89990234375,11809.0,1.2246467991473532e-16,-1.0,5922.25,10728.443375,11501.218625,0.22127265640486765,0.1696391184923003,0.20496512773566902,0.653582846969008,0.7367752577437229
2017-06-30,6595.89990234375,11569.0,1.2246467991473532e-16,-1.0,6219.89990234375,11501.218625,10809.582791666666,0.24187280016885715,0.1639585241259059,0.22127265640486765,0.7367752577437229,0.6623178364518544
2017-07-01,6112.60009765625,11352.0,-0.4999999999999998,-0.8660254037844388,6595.89990234375,10809.582791666666,9983.819875,0.21539395586654186,0.15882232005295763,0.24187280016885715,0.6623178364518544,0.573421087020684
2017-07-02,5479.0,11146.0,-0.4999999999999998,-0.8660254037844388,6112.60009765625,9983.819875,9610.7475,0.18068051676921065,0.1539464765551358,0.21539395586654186,0.573421087020684,0.5332583226597672
2017-07-03,5400.14990234375,10910.0,-0.4999999999999998,-0.8660254037844388,5479.0,9610.7475,10119.134916666666,0.17636050786622298,0.14836055876151463,0.18068051676921065,0.5332583226597672,0.5879883037248046
2017-07-04,5320.10009765625,10710.0,-0.4999999999999998,-0.8660254037844388,5400.14990234375,10119.134916666666,9779.508708333333,0.1719747698746225,0.14362673012285265,0.17636050786622298,0.5879883037248046,0.5514261557606642
2017-07-05,5624.39990234375,10523.0,-0.4999999999999998,-0.8660254037844388,5320.10009765625,9779.508708333333,9604.845166666666,0.18864663084248534,0.1392006003457037,0.1719747698746225,0.5514261557606642,0.5326229123781933
2017-07-06,6189.14990234375,10394.0,-0.4999999999999998,-0.8660254037844388,5624.39990234375,9604.845166666666,10398.050125,0.21958793720076478,0.1361472808737667,0.18864663084248534,0.5326229123781933,0.6180146646660769
2017-07-07,6300.35009765625,10317.0,-0.4999999999999998,-0.8660254037844388,6189.14990234375,10398.050125,10570.097708333333,0.22568033084443823,0.13432475684788184,0.21958793720076478,0.6180146646660769,0.6365362894534438
2017-07-08,5982.39990234375,10170.0,-0.4999999999999998,-0.8660254037844388,6300.35009765625,10570.097708333333,9657.007791666669,0.20826059751139023,0.13084539279846527,0.22568033084443823,0.6365362894534438,0.5382384319307251
2017-07-09,5468.35009765625,10124.0,-0.4999999999999998,-0.8660254037844388,5982.39990234375,9657.007791666669,9033.05475,0.1800970340049721,0.129756612211573,0.20826059751139023,0.5382384319307251,0.4710673394993015
2017-07-10,5815.85009765625,9957.0,-0.4999999999999998,-0.8660254037844388,5468.35009765625,9033.05475,9602.913416666666,0.19913573070174428,0.12580386529829024,0.1800970340049721,0.4710673394993015,0.5324149516036808
2017-07-11,5730.64990234375,9920.0,-0.4999999999999998,-0.8660254037844388,5815.85009765625,9602.913416666666,10407.218833333334,0.1944678150843042,0.12492810700013779,0.19913573070174428,0.5324149516036808,0.6190017135524644
2017-07-12,5631.75,9800.0,-0.4999999999999998,-0.8660254037844388,5730.64990234375,10407.218833333334,11024.511166666663,0.18904932517333137,0.12208780981694059,0.1944678150843042,0.6190017135524644,0.6854557535372446
2017-07-13,5742.10009765625,9722.0,-0.4999999999999998,-0.8660254037844388,5631.75,11024.511166666663,11224.690458333333,0.1950951439927171,0.12024161664786241,0.18904932517333137,0.6854557535372446,0.7070058715837595
2017-07-14,5936.10009765625,9648.0,-0.4999999999999998,-0.8660254037844388,5742.10009765625,11224.690458333333,10983.716208333331,0.2057239415730734,0.11849010005155748,0.1950951439927171,0.7070058715837595,0.6810640097136634
2017-07-15,5655.64990234375,9522.0,-0.4999999999999998,-0.8660254037844388,5936.10009765625,10983.716208333331,10196.515083333334,0.190358743854785,0.11550778800920042,0.2057239415730734,0.6810640097136634,0.5963185945967617
2017-07-16,5174.39990234375,9449.0,-0.4999999999999998,-0.8660254037844388,5655.64990234375,10196.515083333334,9958.169875,0.16399220346537025,0.1137799405560888,0.190358743854785,0.5963185945967617,0.5706597597960201
2017-07-17,5335.14990234375,9385.0,-0.4999999999999998,-0.8660254037844388,5174.39990234375,9958.169875,10934.653416666666,0.17279931280063968,0.11226511539171696,0.16399220346537025,0.5706597597960201,0.675782199875567
2017-07-18,6107.0,9300.0,-0.4999999999999998,-0.8660254037844388,5335.14990234375,10934.653416666666,11238.016083333334,0.2150871398643846,0.11025323822028561,0.17279931280063968,0.675782199875567,0.7084404295213098
2017-07-19,5794.35009765625,9223.0,-0.4999999999999998,-0.8660254037844388,6107.0,11238.016083333334,11205.162958333334,0.19795779694928212,0.10843071419440074,0.2150871398643846,0.7084404295213098,0.7049036564812402
2017-07-20,5732.64990234375,9141.0,-0.4999999999999998,-0.8660254037844388,5794.35009765625,11205.162958333334,11061.645375,0.19457739031709134,0.10648984445254933,0.19795779694928212,0.7049036564812402,0.6894534026770959
2017-07-21,6091.64990234375,9064.0,-0.4999999999999998,-0.8660254037844388,5732.64990234375,11061.645375,10521.433625,0.21424614460238983,0.10466732042666446,0.19457739031709134,0.6894534026770959,0.63129740219529
2017-07-22,5850.25,9057.0,-0.4999999999999998,-0.8660254037844388,6091.64990234375,10521.433625,9548.700916666668,0.2010204193553306,0.10450163642431129,0.21424614460238983,0.63129740219529,0.5265787546381024
2017-07-23,5559.89990234375,8978.0,-0.4999999999999998,-0.8660254037844388,5850.25,9548.700916666668,8977.6865,0.18511282958509884,0.1026317741120398,0.2010204193553306,0.5265787546381024,0.46510672132748887
2017-07-24,5782.14990234375,8942.0,-0.4999999999999998,-0.8660254037844388,5559.89990234375,8977.6865,10048.876166666669,0.19728937732857402,0.10177968495708065,0.18511282958509884,0.46510672132748887,0.580424662432569
2017-07-25,5905.0,8848.0,-0.4999999999999998,-0.8660254037844388,5782.14990234375,10048.876166666669,9853.755083333332,0.2040200413528796,0.09955478549690952,0.19728937732857402,0.580424662432569,0.5594190811649566
2017-07-26,5977.85009765625,8804.0,-0.4999999999999998,-0.8660254037844388,5905.0,9853.755083333332,9681.444083333334,0.20801132455750573,0.09851334319640388,0.2040200413528796,0.5594190811649566,0.5408690984979371
2017-07-27,6053.75,8722.0,-0.4999999999999998,-0.8660254037844388,5977.85009765625,9681.444083333334,9642.528166666669,0.21216969929142598,0.09657247345455246,0.20801132455750573,0.5408690984979371,0.5366796411815857
2017-07-28,5865.5,8721.0,-0.4999999999999998,-0.8660254037844388,6053.75,9642.528166666669,9384.507,0.20185593050533282,0.09654880431135915,0.21216969929142598,0.5366796411815857,0.5089026091326107
2017-07-29,5989.35009765625,8678.0,-0.4999999999999998,-0.8660254037844388,5865.5,9384.507,8767.760458333332,0.208641382146032,0.09553103115404682,0.20185593050533282,0.5089026091326107,0.4425073258491226
2017-07-30,5132.0,8600.0,-0.4999999999999998,-0.8660254037844388,5989.35009765625,8767.760458333332,8820.957458333332,0.16166921388063524,0.09368483798496864,0.208641382146032,0.4425073258491226,0.44823420009358445
2017-07-31,5279.85009765625,8541.0,-0.4999999999999998,-0.8660254037844388,5132.0,8820.957458333332,9154.728916666669,0.16976956831478054,0.09228835853656336,0.16166921388063524,0.44823420009358445,0.48416606031625925
2017-08-01,6003.0400390625,8505.0,-0.8660254037844384,-0.5000000000000004,5279.85009765625,9154.728916666669,9117.386,0.20939142140424835,0.09143626938160421,0.16976956831478054,0.48416606031625925,0.48014594287220363
2017-08-02,5947.39990234375,8450.0,-0.8660254037844384,-0.5000000000000004,6003.0400390625,9117.386,9222.950791666666,0.2063430309376146,0.09013446650597215,0.20939142140424835,0.48014594287220363,0.4915104236985247
2017-08-03,5877.31005859375,8396.0,-0.8660254037844384,-0.5000000000000004,5947.39990234375,9222.950791666666,9574.916333333333,0.20250297546515303,0.08885633277353341,0.2063430309376146,0.4915104236985247,0.5294009512754345
2017-08-04,6094.58984375,8340.0,-0.8660254037844384,-0.5000000000000004,5877.31005859375,9574.916333333333,9220.312416666666,0.2144072169843751,0.08753086075470806,0.20250297546515303,0.5294009512754345,0.49122639185773037
2017-08-05,5622.989990234375,8277.0,-0.8660254037844384,-0.5000000000000004,6094.58984375,9220.312416666666,8609.55775,0.18856938511868823,0.08603970473352954,0.2144072169843751,0.49122639185773037,0.42547615838181696
2017-08-06,4986.139892578125,8230.0,-0.8660254037844384,-0.5000000000000004,5622.989990234375,8609.55775,8751.436708333333,0.15367788626807785,0.08492725500344396,0.18856938511868823,0.42547615838181696,0.4407500075144791
2017-08-07,5130.64013671875,8191.0,-0.8660254037844384,-0.5000000000000004,4986.139892578125,8751.436708333333,9147.285916666666,0.16159471021283436,0.08400415841890488,0.15367788626807785,0.4407500075144791,0.48336479097773366
2017-08-08,6081.2099609375,8176.0,-0.8660254037844384,-0.5000000000000004,5130.64013671875,9147.285916666666,9040.650833333331,0.21367416509745266,0.08364912127100523,0.16159471021283436,0.48336479097773366,0.47188508888367364
2017-08-09,6298.3349609375,8131.0,-0.8660254037844384,-0.5000000000000004,6081.2099609375,9040.650833333331,9220.1725,0.2255699263069107,0.08258400982730628,0.21367416509745266,0.47188508888367364,0.49121132925730754
2017-08-10,6300.51513671875,8121.0,-0.8660254037844384,-0.5000000000000004,6298.3349609375,9220.1725,9675.453375,0.2256893729412844,0.08234731839537318,0.2255699263069107,0.49121132925730754,0.5402241742867925
2017-08-11,6173.8798828125,8093.0,-0.8660254037844384,-0.5000000000000004,6300.51513671875,9675.453375,9556.572,0.21875132922836404,0.0816845823859605,0.2256893729412844,0.5402241742867925,0.5274261088952535
2017-08-12,5521.5048828125,8147.0,-0.8660254037844384,-0.5000000000000004,6173.8798828125,9556.572,9072.904791666666,0.18300925798359635,0.08296271611839924,0.21875132922836404,0.5274261088952535,0.47535735918577937
2017-08-13,5391.93505859375,8226.0,-0.8660254037844384,-0.5000000000000004,5521.5048828125,9072.904791666666,8511.732916666666,0.17591043615811472,0.08483257843067073,0.18300925798359635,0.47535735918577937,0.4149449156710356
2017-08-14,5267.68505859375,8357.0,-0.8660254037844384,-0.5000000000000004,5391.93505859375,8511.732916666666,9373.26275,0.16910307482121126,0.08793323618899433,0.17591043615811472,0.4149449156710356,0.5076921197117168
2017-08-15,6028.93505859375,8551.0,-0.8660254037844384,-0.5000000000000004,5267.68505859375,9373.26275,9410.327083333334,0.21081014780083096,0.09252504996849646,0.16910307482121126,0.5076921197117168,0.5116822465225297
2017-08-16,5943.47998046875,8812.0,-0.8660254037844384,-0.5000000000000004,6028.93505859375,9410.327083333334,9468.049666666668,0.2061282677616343,0.09870269634195036,0.21081014780083096,0.5116822465225297,0.5178963182900255
2017-08-17,6222.2548828125,9047.0,-0.8660254037844384,-0.5000000000000004,5943.47998046875,9468.049666666668,9452.20475,0.2214016801714039,0.10426494499237819,0.2061282677616343,0.5178963182900255,0.5161905483187117
2017-08-18,6889.31005859375,9230.0,-0.8660254037844384,-0.5000000000000004,6222.2548828125,9452.20475,9517.018625,0.25794804325546516,0.10859639819675392,0.2214016801714039,0.5161905483187117,0.5231680265866829
2017-08-19,7691.31494140625,9440.0,-0.8660254037844384,-0.5000000000000004,6889.31005859375,9517.018625,9188.0445,0.3018879791207818,0.113566918267349,0.25794804325546516,0.5231680265866829,0.487752618884052
2017-08-20,6621.5,9627.0,-0.8660254037844384,-0.5000000000000004,7691.31494140625,9188.0445,9225.800583333334,0.2432753684988862,0.11799304804449796,0.3018879791207818,0.487752618884052,0.4918172154066646
2017-08-21,6875.39013671875,10017.0,-0.8660254037844384,-0.5000000000000004,6621.5,9225.800583333334,9947.4455,0.25718540391554895,0.12722401388988885,0.2432753684988862,0.4918172154066646,0.5695052370414391
2017-08-22,7134.445068359375,10457.0,-0.8660254037844384,-0.5000000000000004,6875.39013671875,9947.4455,10165.991541666666,0.27137840613514297,0.13763843689494523,0.25718540391554895,0.5695052370414391,0.5930326107138248
2017-08-23,7511.840087890625,10830.0,-0.8660254037844384,-0.5000000000000004,7134.445068359375,10165.991541666666,10712.144166666669,0.2920549796940722,0.14646702730604985,0.27137840613514297,0.5930326107138248,0.6518281706449808
2017-08-24,7247.60498046875,11152.0,-0.8660254037844384,-0.5000000000000004,7511.840087890625,10712.144166666669,10822.129333333332,0.27757816799092366,0.15408849141429565,0.2920549796940722,0.6518281706449808,0.6636685228877041
2017-08-25,7773.320068359375,11195.0,-0.8660254037844384,-0.5000000000000004,7247.60498046875,10822.129333333332,10509.627875,0.3063808445585972,0.15510626457160798,0.27757816799092366,0.6636685228877041,0.6300264650068855
2017-08-26,6602.635009765625,10968.0,-0.8660254037844384,-0.5000000000000004,7773.320068359375,10509.627875,9991.577,0.24224180065065645,0.14973336906672663,0.3063808445585972,0.6300264650068855,0.5742561731979792
2017-08-27,5824.02001953125,10614.0,-0.8660254037844384,-0.5000000000000004,6602.635009765625,9991.577,10484.692708333334,0.19958334124739738,0.14135449237629488,0.24224180065065645,0.5742561731979792,0.6273420925091001
2017-08-28,5786.89013671875,10259.0,-0.8660254037844384,-0.5000000000000004,5824.02001953125,10484.692708333334,10985.58475,0.1975490834711272,0.13295194654266987,0.19958334124739738,0.6273420925091001,0.6812651658530238
2017-08-29,6548.47509765625,9882.0,-0.8660254037844384,-0.5000000000000004,5786.89013671875,10985.58475,10981.78675,0.2392745081620975,0.124028679558792,0.1975490834711272,0.6812651658530238,0.6808562956464242
2017-08-30,6852.2451171875,9531.0,-0.8660254037844384,-0.5000000000000004,6548.47509765625,10981.78675,10543.911583333333,0.2559173434640487,0.11572081029794021,0.2392745081620975,0.6808562956464242,0.6337172461836211
2017-08-31,6980.52490234375,9164.0,-0.8660254037844384,-0.5000000000000004,6852.2451171875,10543.911583333333,10123.264916666669,0.2629454871242414,0.10703423474599547,0.2559173434640487,0.6337172461836211,0.5884329150869048
2017-09-01,6432.64990234375,8840.0,-1.0,-1.8369701987210297e-16,6980.52490234375,10123.264916666669,9580.9045,0.23292872179260374,0.09936543235136304,0.2629454871242414,0.5884329150869048,0.5300456018657852
2017-09-02,6068.4599609375,8470.0,-1.0,-1.8369701987210297e-16,6432.64990234375,9580.9045,9550.479583333334,0.21297562298843442,0.09060784936983836,0.23292872179260374,0.5300456018657852,0.5267702353667677
2017-09-03,5642.93505859375,8134.0,-1.0,-1.8369701987210297e-16,6068.4599609375,9550.479583333334,9474.001416666668,0.18966212787290557,0.0826550172568862,0.21297562298843442,0.5267702353667677,0.5185370484775261
2017-09-04,6720.75,7856.0,-1.0,-1.8369701987210297e-16,5642.93505859375,9474.001416666668,10248.165,0.2487130394259499,0.07607499544914605,0.18966212787290557,0.5185370484775261,0.6018789190039074
2017-09-05,5457.22998046875,7652.0,-1.0,-1.8369701987210297e-16,6720.75,10248.165,10077.693708333334,0.17948778929025158,0.0712464902377108,0.2487130394259499,0.6018789190039074,0.5835269884501927
2017-09-06,6437.58984375,7400.0,-1.0,-1.8369701987210297e-16,5457.22998046875,10077.693708333334,9622.169125,0.23319936940737615,0.0652818661529967,0.17948778929025158,0.5835269884501927,0.5344879072236037
2017-09-07,6405.81005859375,7228.0,-1.0,-1.8369701987210297e-16,6437.58984375,9622.169125,9473.991291666667,0.23145823072916485,0.06121077352374739,0.23319936940737615,0.5344879072236037,0.5185359584799374
2017-09-08,6720.875,7106.0,-1.0,-1.8369701987210297e-16,6405.81005859375,9473.991291666667,9592.67675,0.24871988787799912,0.05832313805416357,0.23145823072916485,0.5185359584799374,0.5313129326424147
2017-09-09,6372.6298828125,7232.0,-1.0,-1.8369701987210297e-16,6720.875,9592.67675,9352.329833333331,0.22964036798658988,0.06130545009652063,0.24871988787799912,0.5313129326424147,0.5054386057669491
2017-09-10,6288.35986328125,7082.0,-1.0,-1.8369701987210297e-16,6372.6298828125,9352.329833333331,8879.977416666667,0.22502341448303148,0.05775507861752414,0.22964036798658988,0.5054386057669491,0.4545879395767955
2017-09-11,6757.91015625,6928.0,-1.0,-1.8369701987210297e-16,6288.35986328125,8879.977416666667,9306.037083333336,0.25074895581170076,0.054110030565754405,0.22502341448303148,0.4545879395767955,0.5004550022238868
2017-09-12,6608.5849609375,6819.0,-1.0,-1.8369701987210297e-16,6757.91015625,9306.037083333336,9204.298125,0.24256778429302173,0.05153009395768362,0.25074895581170076,0.5004550022238868,0.4895023879761369
2017-09-13,6985.0,6801.0,-1.0,-1.8369701987210297e-16,6608.5849609375,9204.298125,8971.855791666667,0.26319066705795585,0.05110404938020404,0.24256778429302173,0.4895023879761369,0.46447902176959777
2017-09-14,7751.93994140625,6751.0,-1.0,-1.8369701987210297e-16,6985.0,8971.855791666667,8811.132375,0.3052094783646431,0.049920592220538546,0.26319066705795585,0.46447902176959777,0.4471764897585776
2017-09-15,8453.46484375,6660.0,-1.0,-1.8369701987210297e-16,7751.93994140625,8811.132375,8672.907000000001,0.3436443556048026,0.04776670018994734,0.3052094783646431,0.4471764897585776,0.43229596378871915
2017-09-16,7234.4150390625,6548.0,-1.0,-1.8369701987210297e-16,8453.46484375,8672.907000000001,8633.793708333333,0.2768555225409041,0.04511575615229662,0.3436443556048026,0.43229596378871915,0.4280852582477683
2017-09-17,6174.39013671875,6429.0,-1.0,-1.8369701987210297e-16,7234.4150390625,8633.793708333333,8263.332916666666,0.218779284823643,0.042299128112292736,0.2768555225409041,0.4280852582477683,0.38820364149534325
2017-09-18,8210.68017578125,6339.0,-1.0,-1.8369701987210297e-16,6174.39013671875,8263.332916666666,9112.079708333333,0.3303427623498858,0.040168905224894844,0.218779284823643,0.38820364149534325,0.47957469890958465
2017-09-19,9322.28515625,6338.0,-1.0,-1.8369701987210297e-16,8210.68017578125,9112.079708333333,10138.781916666669,0.3912449496010108,0.040145236081701535,0.3303427623498858,0.47957469890958465,0.5901033834902228
2017-09-20,9782.6298828125,6299.0,-1.0,-1.8369701987210297e-16,9322.28515625,10138.781916666669,10154.57975,0.4164661398887287,0.039222139497162446,0.3912449496010108,0.5901033834902228,0.5918040847484698
2017-09-21,11118.68994140625,6212.0,-1.0,-1.8369701987210297e-16,9782.6298828125,10154.57975,10664.289375,0.48966568585775927,0.03716292403934448,0.4164661398887287,0.5918040847484698,0.6466764069389461
2017-09-22,10849.35009765625,5983.0,-1.0,-1.8369701987210297e-16,11118.68994140625,10664.289375,11227.94375,0.47490919781887503,0.0317426902480765,0.48966568585775927,0.6466764069389461,0.7073561017143225
2017-09-23,10414.1650390625,6033.0,-1.0,-1.8369701987210297e-16,10849.35009765625,11227.94375,10097.429291666667,0.45106644576841903,0.032926147407741996,0.47490919781887503,0.7073561017143225,0.5856516045731149
2017-09-24,7974.44482421875,5844.0,-1.0,-1.8369701987210297e-16,10414.1650390625,10097.429291666667,9968.959583333331,0.3173999905298749,0.028452679344206415,0.45106644576841903,0.5856516045731149,0.5718213159506794
2017-09-25,7268.98486328125,5790.0,-1.0,-1.8369701987210297e-16,7974.44482421875,9968.959583333331,11044.652583333334,0.2787495208089948,0.02717454561176768,0.3173999905298749,0.5718213159506794,0.6876240592754504
2017-09-26,10432.73974609375,5890.0,-1.0,-1.8369701987210297e-16,7268.98486328125,11044.652583333334,10926.552583333332,0.45208410969187046,0.029541459931098673,0.2787495208089948,0.6876240592754504,0.6749101120928848
2017-09-27,11263.509765625,5960.0,-1.0,-1.8369701987210297e-16,10432.73974609375,10926.552583333332,11026.934333333333,0.4976000188332431,0.03119829995463037,0.45208410969187046,0.6749101120928848,0.6857166173222962
2017-09-28,10447.52490234375,5997.0,-1.0,-1.8369701987210297e-16,11263.509765625,11026.934333333333,11204.211791666668,0.45289415316081477,0.03207405825278284,0.4976000188332431,0.6857166173222962,0.7048012595061192
2017-09-29,11258.77490234375,6102.0,-1.0,-1.8369701987210297e-16,10447.52490234375,11204.211791666668,10782.149,0.4973406069601139,0.034559318288080385,0.45289415316081477,0.7048012595061192,0.6593644767713506
2017-09-30,11440.47998046875,6092.0,-1.0,-1.8369701987210297e-16,11258.77490234375,10782.149,9887.48725,0.5072957950771936,0.03432262685614729,0.4973406069601139,0.6593644767713506,0.5630504866294234
2017-10-01,8719.60986328125,6336.0,-0.8660254037844386,0.5000000000000001,11440.47998046875,9887.48725,10174.783375,0.358225806839945,0.04009789779531491,0.5072957950771936,0.5630504866294234,0.5939790874677446
2017-10-02,8627.06494140625,6669.0,-0.8660254037844386,0.5000000000000001,8719.60986328125,10174.783375,10662.3225,0.3531554911610828,0.04797972247868713,0.358225806839945,0.5939790874677446,0.6464646648147742
2017-10-03,10852.02490234375,7031.0,-0.8660254037844386,0.5000000000000001,8627.06494140625,10662.3225,11423.431875,0.47505574399202155,0.05654795231466533,0.3531554911610828,0.6464646648147742,0.7284011965159208
2017-10-04,11057.68994140625,7376.0,-0.8660254037844386,0.5000000000000001,10852.02490234375,11423.431875,11489.016791666669,0.4863236412577503,0.06471380671635726,0.47505574399202155,0.7284011965159208,0.7354616805673432
2017-10-05,10083.60986328125,7696.0,-0.8660254037844386,0.5000000000000001,11057.68994140625,11489.016791666669,11536.060583333334,0.4329561156008005,0.07228793253821644,0.4863236412577503,0.7354616805673432,0.7405261368122
2017-10-06,10579.14013671875,8094.0,-0.8660254037844386,0.5000000000000001,10083.60986328125,11536.060583333334,11583.472958333334,0.4601050381333046,0.08170825152915381,0.4329561156008005,0.7405261368122,0.7456302725577546
2017-10-07,10870.1650390625,8370.0,-0.8660254037844386,0.5000000000000001,10579.14013671875,11583.472958333334,10615.459625,0.4760495988438957,0.08824093505050735,0.4601050381333046,0.7456302725577546,0.6414196849877363
2017-10-08,8089.72509765625,8765.0,-0.8660254037844386,0.5000000000000001,10870.1650390625,10615.459625,10018.226291666668,0.32371592192871673,0.09759024661186479,0.4760495988438957,0.6414196849877363,0.5771250782505007
2017-10-09,8641.09521484375,9016.0,-0.8660254037844386,0.5000000000000001,8089.72509765625,10018.226291666668,11664.383375,0.35392417640007373,0.10353120155338559,0.32371592192871673,0.5771250782505007,0.7543406092556323
2017-10-10,9777.31005859375,9179.0,-0.8660254037844386,0.5000000000000001,8641.09521484375,11664.383375,12468.795041666666,0.4161746794001505,0.1073892718938951,0.35392417640007373,0.7543406092556323,0.8409388094507168
2017-10-11,10351.14990234375,9352.0,-0.8660254037844386,0.5000000000000001,9777.31005859375,12468.795041666666,12442.875375,0.44761399663088264,0.11148403366633773,0.4161746794001505,0.8409388094507168,0.8381484515083822
2017-10-12,7576.08984375,9440.0,-0.8660254037844386,0.5000000000000001,10351.14990234375,12442.875375,11979.890625,0.29557507067147737,0.113566918267349,0.44761399663088264,0.8381484515083822,0.7883062528815128
2017-10-13,6646.39501953125,9343.0,-0.8660254037844386,0.5000000000000001,7576.08984375,11979.890625,12090.5145,0.24463930727907524,0.11127101137759794,0.29557507067147737,0.7883062528815128,0.8002153646840591
2017-10-14,7063.10986328125,9147.0,-0.8660254037844386,0.5000000000000001,6646.39501953125,12090.5145,10981.2105,0.26747012028396466,0.1066318593117092,0.24463930727907524,0.8002153646840591,0.6807942599811918
2017-10-15,6334.48486328125,8805.0,-0.8660254037844386,0.5000000000000001,7063.10986328125,10981.2105,10483.337608695652,0.22755049328918578,0.09853701233959719,0.26747012028396466,0.6807942599811918,0.6271962105004583
2017-10-16,6474.675048828125,8351.0,-0.8660254037844386,0.5000000000000001,6334.48486328125,10483.337608695652,11211.797375,0.23523117939707405,0.08779122132983447,0.22755049328918578,0.6271962105004583,0.7056178785226215
2017-10-17,8119.27490234375,8037.0,-0.8660254037844386,0.5000000000000001,6474.675048828125,11211.797375,11319.792166666666,0.3253348852924409,0.08035911036713514,0.23523117939707405,0.7056178785226215,0.7172439587702265
2017-10-18,9363.23486328125,7721.0,-0.8660254037844386,0.5000000000000001,8119.27490234375,11319.792166666666,11292.489791666669,0.39348848644126877,0.0728796611180492,0.3253348852924409,0.7172439587702265,0.7143047466304419
2017-10-19,9745.40478515625,7529.0,-0.8660254037844386,0.5000000000000001,9363.23486328125,11292.489791666669,10470.700041666669,0.4144266655181242,0.06833518562493368,0.39348848644126877,0.7143047466304419,0.6258357248127138
2017-10-20,10267.14501953125,7402.0,-0.8660254037844386,0.5000000000000001,9745.40478515625,10470.700041666669,10810.006541666668,0.443011569336163,0.06532920443938332,0.4144266655181242,0.6258357248127138,0.662363454869455
2017-10-21,8165.5,7555.0,-0.8660254037844386,0.5000000000000001,10267.14501953125,10810.006541666668,10318.11225,0.3278674482105878,0.06895058334795974,0.443011569336163,0.662363454869455,0.6094090260493409
2017-10-22,5951.73486328125,7302.0,-0.8660254037844386,0.5000000000000001,8165.5,10318.11225,9349.770083333333,0.20658053311453956,0.06296229012005233,0.3278674482105878,0.6094090260493409,0.5051630382284177
2017-10-23,5729.81005859375,7537.0,-0.8660254037844386,0.5000000000000001,5951.73486328125,9349.770083333333,10559.424875,0.19442180204709864,0.06852453877048016,0.20658053311453956,0.5051630382284177,0.6353873153697155
2017-10-24,6562.18994140625,7887.0,-0.8660254037844386,0.5000000000000001,5729.81005859375,10559.424875,10147.013416666668,0.24002591176037053,0.07680873888813865,0.19442180204709864,0.6353873153697155,0.5909895380730619
2017-10-25,6682.2548828125,7939.0,-0.8660254037844386,0.5000000000000001,6562.18994140625,10147.013416666668,10233.898791666668,0.2466039837124549,0.07803953433419077,0.24002591176037053,0.5909895380730619,0.6003431034302794
2017-10-26,6608.364990234375,8028.0,-0.8660254037844386,0.5000000000000001,6682.2548828125,10233.898791666668,10850.18875,0.2425557326225211,0.08014608807839535,0.2466039837124549,0.6003431034302794,0.6666892336537803
2017-10-27,6561.97509765625,8597.0,-0.8660254037844386,0.5000000000000001,6608.364990234375,10850.18875,10950.556375,0.24001414098341095,0.09361383055538872,0.2425557326225211,0.6666892336537803,0.6774942182692718
2017-10-28,5843.43994140625,9815.0,-0.8660254037844386,0.5000000000000001,6561.97509765625,10950.556375,10739.250833333334,0.20064731247747836,0.12244284696484024,0.24001414098341095,0.6774942182692718,0.6547463139836377
2017-10-29,5319.91015625,10771.0,-0.8660254037844386,0.5000000000000001,5843.43994140625,10739.250833333334,10799.12925,0.17196436343771962,0.14507054785764456,0.20064731247747836,0.6547463139836377,0.6611924700113739
2017-10-30,6961.66015625,13853.0,-0.8660254037844386,0.5000000000000001,5319.91015625,10799.12925,11663.8245,0.2619119326518945,0.21801884717942585,0.17196436343771962,0.6611924700113739,0.7542804440800891
2017-10-31,7929.98974609375,17125.0,-0.8660254037844386,0.5000000000000001,6961.66015625,11663.8245,12885.43475,0.31496440276281534,0.29546428370793604,0.2619119326518945,0.7542804440800891,0.8857917751231087
2017-11-01,9650.5849609375,18886.0,-0.5000000000000004,0.8660254037844384,7929.98974609375,12885.43475,13096.867375,0.4092317133623198,0.33714564487135484,0.31496440276281534,0.8857917751231087,0.9085533604484362
2017-11-02,7433.93994140625,18981.0,-0.5000000000000004,0.8660254037844384,9650.5849609375,13096.867375,12697.859416666666,0.2877870163514818,0.3393942134747193,0.4092317133623198,0.9085533604484362,0.8655985246510332
2017-11-03,5913.330078125,18628.0,-0.5000000000000004,0.8660254037844384,7433.93994140625,12697.859416666666,12825.556041666665,0.20447642647772074,0.33103900592748087,0.2877870163514818,0.8655985246510332,0.8793455876962648
2017-11-04,6464.2900390625,18669.0,-0.5000000000000004,0.8660254037844384,5913.330078125,12825.556041666665,11752.258541666668,0.2346622094657913,0.3320094407984066,0.20447642647772074,0.8793455876962648,0.7638007297269207
2017-11-05,5304.7099609375,18646.0,-0.5000000000000004,0.8660254037844384,6464.2900390625,11752.258541666668,11549.052666666668,0.17113158096783074,0.33146505050496045,0.2346622094657913,0.7638007297269207,0.7419247876275388
2017-11-06,6077.85986328125,18940.0,-0.5000000000000004,0.8660254037844384,5304.7099609375,11549.052666666668,12582.547041666669,0.213490621232181,0.3384237786037936,0.17113158096783074,0.7419247876275388,0.853184676681125
2017-11-07,6134.9599609375,18590.0,-0.5000000000000004,0.8660254037844384,6077.85986328125,12582.547041666669,13527.36525,0.21661899947860808,0.3301395784861351,0.213490621232181,0.853184676681125,0.9548982143430736
2017-11-08,6229.02490234375,18121.0,-0.5000000000000004,0.8660254037844384,6134.9599609375,13527.36525,13029.193,0.22177259340445915,0.31903875032847273,0.21661899947860808,0.9548982143430736,0.9012679376765214
2017-11-09,6360.655029296875,17695.0,-0.5000000000000004,0.8660254037844384,6229.02490234375,13029.193,13361.574,0.22898429430580639,0.30895569532812267,0.22177259340445915,0.9012679376765214,0.9370501093826036
2017-11-10,6504.8798828125,17540.0,-0.5000000000000004,0.8660254037844384,6360.655029296875,13361.574,12708.808708333332,0.23688603025464203,0.30528697813315964,0.22898429430580639,0.9370501093826036,0.866777260603078
2017-11-11,6006.449951171875,17321.0,-0.5000000000000004,0.8660254037844384,6504.8798828125,12708.808708333332,11718.916458333331,0.20957824236083264,0.30010343577382476,0.23688603025464203,0.866777260603078,0.7602113183259321
2017-11-12,5150.64990234375,17104.0,-0.5000000000000004,0.8660254037844384,6006.449951171875,11718.916458333331,11196.359625,0.1626909975760225,0.2949672317008765,0.20957824236083264,0.7602113183259321,0.7039559417053678
2017-11-13,5681.3701171875,16788.0,-0.5000000000000004,0.8660254037844384,5150.64990234375,11196.359625,12418.106291666663,0.19176789311920506,0.2874877824517906,0.1626909975760225,0.7039559417053678,0.8354819585595202
2017-11-14,6636.25,16317.0,-0.5000000000000004,0.8660254037844384,5681.3701171875,12418.106291666663,12775.098291666667,0.24408348584069162,0.2763396160077416,0.19176789311920506,0.8354819585595202,0.8739136048982032
2017-11-15,5389.81005859375,15862.0,-0.5000000000000004,0.8660254037844384,6636.25,12775.098291666667,11751.349,0.17579401247327833,0.26557015585478555,0.24408348584069162,0.8739136048982032,0.7637028138529972
2017-11-16,5789.10986328125,15290.0,-0.5000000000000004,0.8660254037844384,5389.81005859375,11751.349,12439.917333333333,0.19767069699853212,0.2520314059482123,0.17579401247327833,0.7637028138529972,0.8378300062457757
2017-11-17,6435.5048828125,14711.0,-0.5000000000000004,0.8660254037844384,5789.10986328125,12439.917333333333,11724.871166666666,0.2330851393673368,0.2383269720392858,0.19767069699853212,0.8378300062457757,0.7608523669900947
2017-11-18,5553.27001953125,14233.0,-0.5000000000000004,0.8660254037844384,6435.5048828125,11724.871166666666,11612.996333333334,0.18474959410883313,0.22701312159288364,0.2330851393673368,0.7608523669900947,0.7488085844155115
2017-11-19,5209.89013671875,14153.0,-0.5000000000000004,0.8660254037844384,5553.27001953125,11612.996333333334,11153.510625,0.1659366288120263,0.22511959013741883,0.18474959410883313,0.7488085844155115,0.699343071910061
2017-11-20,5373.4150390625,14228.0,-0.5000000000000004,0.8660254037844384,5209.89013671875,11153.510625,11378.175666666668,0.17489576843243482,0.2268947758769171,0.1659366288120263,0.699343071910061,0.7235291809153013
2017-11-21,6087.2099609375,14297.0,-0.5000000000000004,0.8660254037844384,5373.4150390625,11378.175666666668,11358.924875,0.2140028907958142,0.22852794675725546,0.17489576843243482,0.7235291809153013,0.721456754594619
2017-11-22,6725.715087890625,14231.0,-0.5000000000000004,0.8660254037844384,6087.2099609375,11358.924875,11487.795041666666,0.24898506475666193,0.22696578330649703,0.2140028907958142,0.721456754594619,0.7353301541916418
2017-11-23,6907.419921875,14500.0,-0.5000000000000004,0.8660254037844384,6725.715087890625,11487.795041666666,11658.553125,0.25894023949785866,0.23333278282549738,0.24898506475666193,0.7353301541916418,0.7537129590391959
2017-11-24,7282.0,14808.0,-0.5000000000000004,0.8660254037844384,6907.419921875,11658.553125,11706.670833333332,0.2794625891268518,0.24062287892903686,0.25894023949785866,0.7537129590391959,0.7588930267978417
2017-11-25,6926.43505859375,15147.0,-0.5000000000000004,0.8660254037844384,7282.0,11706.670833333332,11523.945083333332,0.25998203351407717,0.24864671847156894,0.2794625891268518,0.7588930267978417,0.7392218537716378
2017-11-26,6678.9599609375,15598.0,-0.5000000000000004,0.8660254037844384,6926.43505859375,11523.945083333332,11193.009666666669,0.24642346279672056,0.2593215020517517,0.25998203351407717,0.7392218537716378,0.7035953050134647
2017-11-27,7075.9599609375,16162.0,-0.5000000000000004,0.8660254037844384,6678.9599609375,11193.009666666669,12779.889375,0.26817414650497545,0.27267089881277856,0.24642346279672056,0.7035953050134647,0.8744293845802292
2017-11-28,9839.259765625,16954.0,-0.5000000000000004,0.8660254037844384,7075.9599609375,12779.889375,13273.972500000002,0.4195687561846739,0.29141686022188,0.26817414650497545,0.8744293845802292,0.9276194502453174
2017-11-29,12550.43994140625,17761.0,-0.5000000000000004,0.8660254037844384,9839.259765625,13273.972500000002,13159.22475,0.5681078556292805,0.31051785877888116,0.4195687561846739,0.9276194502453174,0.9152663864619283
2017-11-30,12825.80517578125,18831.0,-0.5000000000000004,0.8660254037844384,12550.43994140625,13159.22475,12378.455583333334,0.5831944604583487,0.3358438419957228,0.5681078556292805,0.9152663864619283,0.8312133979202209
2017-12-01,11665.34521484375,19670.0,-2.4492935982947064e-16,1.0,12825.80517578125,12378.455583333334,12399.319583333332,0.5196156252783856,0.35570225313490983,0.5831944604583487,0.8312133979202209,0.8334594927044462
2017-12-02,9575.43017578125,20196.0,-2.4492935982947064e-16,1.0,11665.34521484375,12399.319583333332,11597.258041666668,0.40511416182303656,0.3681522224545909,0.5196156252783856,0.8334594927044462,0.7471142930607797
2017-12-03,7981.794921875,20267.0,-2.4492935982947064e-16,1.0,9575.43017578125,11597.258041666668,11195.673083333331,0.31780268486072094,0.3698327316213159,0.40511416182303656,0.7471142930607797,0.7038820326919161
2017-12-04,8308.18017578125,20361.0,-2.4492935982947064e-16,1.0,7981.794921875,11195.673083333331,12704.010375,0.33568455494826077,0.37205763108148704,0.31780268486072094,0.7038820326919161,0.8662607004289515
2017-12-05,11616.41015625,20652.0,-2.4492935982947064e-16,1.0,8308.18017578125,12704.010375,13252.195458333334,0.5169345900599533,0.37894535175074023,0.33568455494826077,0.8662607004289515,0.9252750627978784
2017-12-06,11282.7998046875,20897.0,-2.4492935982947064e-16,1.0,11616.41015625,13252.195458333334,13384.15025,0.49865687409361675,0.38474429183310116,0.5169345900599533,0.9252750627978784,0.9394805348701598
2017-12-07,12671.81494140625,21202.0,-2.4492935982947064e-16,1.0,11282.7998046875,13384.15025,12929.360833333332,0.5747577025690523,0.3919633805070607,0.49865687409361675,0.9394805348701598,0.8905205973368001
2017-12-08,13239.68505859375,21303.0,-2.4492935982947064e-16,1.0,12671.81494140625,12929.360833333332,12495.537041666665,0.6058699527109036,0.394353963969585,0.5747577025690523,0.8905205973368001,0.843817694933834
2017-12-09,13172.22021484375,21408.0,-2.4492935982947064e-16,1.0,13239.68505859375,12495.537041666665,11923.971625,0.6021737147314752,0.39683922400488253,0.6058699527109036,0.843817694933834,0.7822863442235799
2017-12-10,11848.93994140625,21434.0,-2.4492935982947064e-16,1.0,13172.22021484375,11923.971625,11502.465541666666,0.5296743427291777,0.39745462172790863,0.6021737147314752,0.7822863442235799,0.7369094934138419
2017-12-11,12179.89990234375,21273.0,-2.4492935982947064e-16,1.0,11848.93994140625,11502.465541666666,12612.374291666669,0.5478068501106587,0.3936438896737857,0.5296743427291777,0.7369094934138419,0.8563957019233026
2017-12-12,11434.51025390625,20932.0,-2.4492935982947064e-16,1.0,12179.89990234375,12612.374291666669,12562.1675,0.5069687279883127,0.385572711844867,0.5478068501106587,0.8563957019233026,0.8509907358144448
2017-12-13,11020.77490234375,20493.0,-2.4492935982947064e-16,1.0,11434.51025390625,12562.1675,12497.022625,0.4843011542584397,0.37518195798300397,0.5069687279883127,0.8509907358144448,0.8439776240450559
2017-12-14,11726.7548828125,19843.0,-2.4492935982947064e-16,1.0,11020.77490234375,12497.022625,12855.464458333334,0.5229801146099151,0.3597970149073525,0.4843011542584397,0.8439776240450559,0.8825653508614992
2017-12-15,10838.68994140625,19202.0,-2.4492935982947064e-16,1.0,11726.7548828125,12855.464458333334,12615.407208333332,0.4743251532675543,0.3446250941204408,0.5229801146099151,0.8825653508614992,0.8567222077853609
2017-12-16,9888.634765625,18473.0,-2.4492935982947064e-16,1.0,10838.68994140625,12615.407208333332,11595.929875,0.4222738947441073,0.32737028873251783,0.4743251532675543,0.8567222077853609,0.7469713104964304
2017-12-17,8170.240234375,17889.0,-2.4492935982947064e-16,1.0,9888.634765625,11595.929875,11578.881416666663,0.32812715435314094,0.3135475091076248,0.4222738947441073,0.7469713104964304,0.7451359743508401
2017-12-18,9449.259765625,17409.0,-2.4492935982947064e-16,1.0,8170.240234375,11578.881416666663,12537.749125,0.3982015857911741,0.30218632037483606,0.32812715435314094,0.7451359743508401,0.8483619980495501
2017-12-19,9563.8349609375,17185.0,-2.4492935982947064e-16,1.0,9449.259765625,12537.749125,12815.289583333331,0.4044788876401759,0.2968844322995346,0.3982015857911741,0.8483619980495501,0.8782403615404476
2017-12-20,9744.5048828125,17072.0,-2.4492935982947064e-16,1.0,9563.8349609375,12815.289583333331,13051.549958333337,0.4143773620137231,0.2942098191186906,0.4044788876401759,0.8782403615404476,0.9036747555208301
2017-12-21,8997.0400390625,17032.0,-2.4492935982947064e-16,1.0,9744.5048828125,13051.549958333337,12869.563208333331,0.3734255448866541,0.2932630533909582,0.4143773620137231,0.9036747555208301,0.8840831388618393
2017-12-22,8791.02490234375,17358.0,-2.4492935982947064e-16,1.0,8997.0400390625,12869.563208333331,12724.442875,0.3621384666048344,0.30097919407197726,0.3734255448866541,0.8840831388618393,0.8684603424764349
2017-12-23,8906.9150390625,17952.0,-2.4492935982947064e-16,1.0,8791.02490234375,12724.442875,12019.118,0.36848781095918187,0.31503866512880335,0.3621384666048344,0.8684603424764349,0.7925292399590801
2017-12-24,6619.179931640625,18822.0,-2.4492935982947064e-16,1.0,8906.9150390625,12019.118,11450.277166666669,0.24314825748360586,0.335630819706983,0.36848781095918187,0.7925292399590801,0.7312912017686777
2017-12-25,6150.33984375,19943.0,-2.4492935982947064e-16,1.0,6619.179931640625,11450.277166666669,9663.817875,0.2174616265983177,0.36216392922668345,0.24314825748360586,0.7312912017686777,0.5389715652059904
2017-12-26,7017.4150390625,21231.0,-2.4492935982947064e-16,1.0,6150.33984375,9663.817875,12168.842,0.2649666097834953,0.3926497856596667,0.2174616265983177,0.5389715652059904,0.8086476398571532
2017-12-27,7216.4599609375,22415.0,-2.4492935982947064e-16,1.0,7017.4150390625,12168.842,12995.739,0.2758718066082747,0.4206740512005457,0.2649666097834953,0.8086476398571532,0.8976664779894296
2017-12-28,8961.4248046875,23363.0,-2.4492935982947064e-16,1.0,7216.4599609375,12995.739,13291.812708333331,0.37147427108794884,0.4431123989478035,0.2758718066082747,0.8976664779894296,0.9295400215109899
2017-12-29,9154.7548828125,24055.0,-2.4492935982947064e-16,1.0,8961.4248046875,13291.812708333331,13262.335791666666,0.38206636524560394,0.45949144603757397,0.37147427108794884,0.9295400215109899,0.9263667110824982
2017-12-30,8225.46484375,24649.0,-2.4492935982947064e-16,1.0,9154.7548828125,13262.335791666666,12591.764875,0.33115277906706425,0.4735509170944001,0.38206636524560394,0.9263667110824982,0.8541770140743314
2017-12-31,7188.385009765625,24519.0,-2.4492935982947064e-16,1.0,8225.46484375,12591.764875,12031.02675,0.2743336469532013,0.47047392847926983,0.33115277906706425,0.8541770140743314,0.7938112655180164
2018-01-01,6959.5400390625,25158.90429688,0.49999999999999994,0.8660254037844387,7188.385009765625,12031.02675,11469.316291666668,0.2617957764847163,0.4856199149121368,0.2743336469532013,0.7938112655180164,0.7333408413084935
2018-01-02,7865.615234375,26066.0078125,0.49999999999999994,0.8660254037844387,6959.5400390625,11469.316291666668,12945.944166666666,0.3114374767092439,0.5070902779145016,0.2617957764847163,0.7333408413084935,0.8923058608771124
2018-01-03,10316.5751953125,27645.92773438,0.49999999999999994,0.8660254037844387,7865.615234375,12945.944166666666,12990.172874999998,0.4457197308451338,0.5444856287794423,0.3114374767092439,0.8923058608771124,0.8970672619076211
2018-01-04,10990.53466796875,29098.29296875,0.49999999999999994,0.8660254037844387,10316.5751953125,12990.172874999998,12925.143458333334,0.48264436389785,0.578861869480731,0.4457197308451338,0.8970672619076211,0.8900665796992129
2018-01-05,10807.1298828125,29741.6953125,0.49999999999999994,0.8660254037844387,10990.53466796875,12925.143458333334,13300.671791666668,0.4725960528839607,0.594090651685861,0.48264436389785,0.8900665796992129,0.9304937380019804
2018-01-06,9750.43994140625,29743.51367188,0.49999999999999994,0.8660254037844387,10807.1298828125,13300.671791666668,13105.178333333335,0.414702529727231,0.594133690694403,0.4725960528839607,0.9304937380019804,0.9094480690452738
2018-01-07,7604.510009765625,29840.8515625,0.49999999999999994,0.8660254037844387,9750.43994140625,13105.178333333335,11984.309041666667,0.29713214382498354,0.5964375951656227,0.414702529727231,0.9094480690452738,0.7887819134753364
2018-01-08,7402.260009765625,29799.36914063,0.49999999999999994,0.8660254037844387,7604.510009765625,11984.309041666667,13247.637916666668,0.2860513484093801,0.5954557417823763,0.29713214382498354,0.7887819134753364,0.9247844248297808
2018-01-09,8642.1650390625,30110.953125,0.49999999999999994,0.8660254037844387,7402.260009765625,13247.637916666668,13288.217375,0.35398278951897916,0.6028306677251719,0.2860513484093801,0.9247844248297808,0.9291529691985115
2018-01-10,10981.1298828125,30626.27734375,0.49999999999999994,0.8660254037844387,8642.1650390625,13288.217375,13593.731333333337,0.4821290981364452,0.6150279504497462,0.35398278951897916,0.9291529691985115,0.9620427941755357
2018-01-11,11761.97998046875,31159.58398438,0.49999999999999994,0.8660254037844387,10981.1298828125,13593.731333333337,13588.616875,0.5249100137477325,0.6276508616927607,0.4821290981364452,0.9620427941755357,0.9614922018544733
2018-01-12,13510.14990234375,31440.03710938,0.49999999999999994,0.8660254037844387,11761.97998046875,13588.616875,13459.611958333331,0.6206880768182306,0.634288946867397,0.5249100137477325,0.9614922018544733,0.9476042958697883
2018-01-13,15791.36962890625,31685.671875,0.49999999999999994,0.8660254037844387,13510.14990234375,13459.611958333331,12954.952333333336,0.7456706681066251,0.6401029113081119,0.6206880768182306,0.9476042958697883,0.8932756267976187
2018-01-14,13057.09521484375,32149.1015625,0.49999999999999994,0.8660254037844387,15791.36962890625,12954.952333333336,12499.213416666666,0.5958662903941632,0.6510718949415804,0.7456706681066251,0.8932756267976187,0.8442134717126089
2018-01-15,14392.615234375,32795.9140625,0.49999999999999994,0.8660254037844387,13057.09521484375,12499.213416666666,13111.086625000002,0.6690362489102,0.6663813926233031,0.5958662903941632,0.8442134717126089,0.9100841207657581
2018-01-16,15831.0849609375,33213.01171875,0.49999999999999994,0.8660254037844387,14392.615234375,13111.086625000002,13018.88875,0.7478465764828972,0.6762537367746784,0.6690362489102,0.9100841207657581,0.9001586430934905
2018-01-17,17169.23974609375,33276.08984375,0.49999999999999994,0.8660254037844387,15831.0849609375,13018.88875,13068.766458333334,0.8211608875272834,0.6777467419476688,0.7478465764828972,0.9001586430934905,0.9055281820379224
2018-01-18,17357.9248046875,33080.9921875,0.49999999999999994,0.8660254037844387,17169.23974609375,13068.766458333334,13028.485083333331,0.8314984921367197,0.6731289475852085,0.8211608875272834,0.9055281820379224,0.901191727557049
2018-01-19,19216.35498046875,32777.80078125,0.49999999999999994,0.8660254037844387,17357.9248046875,13028.485083333331,12808.024,0.9333174517016932,0.6659526667756962,0.8314984921367197,0.901191727557049,0.8774581918304517
2018-01-20,20433.46484375,32427.13085938,0.49999999999999994,0.8660254037844387,19216.35498046875,12808.024,12102.829458333334,1.0,0.6576526101813683,0.9333174517016932,0.8774581918304517,0.8015411202285595
2018-01-21,19980.900390625,31937.640625,0.49999999999999994,0.8660254037844387,20433.46484375,12102.829458333334,11450.863416666669,0.975205072348813,0.6460667957321012,1.0,0.8015411202285595,0.7313543139747385
2018-01-22,18148.85498046875,31352.65625,0.49999999999999994,0.8660254037844387,19980.900390625,11450.863416666669,12099.379125,0.8748316712015368,0.6322207167943773,0.975205072348813,0.7313543139747385,0.8011696777580917
2018-01-23,15496.86962890625,30470.91015625,0.49999999999999994,0.8660254037844387,18148.85498046875,12099.379125,12320.973,0.7295357150787131,0.6113505422412668,0.8748316712015368,0.8011696777580917,0.825025163132605
2018-01-24,14419.27001953125,29292.84765625,0.49999999999999994,0.8660254037844387,15496.86962890625,12320.973,12270.127625,0.6704966010543941,0.5834668122380982,0.7295357150787131,0.825025163132605,0.819551450920685
2018-01-25,14069.15478515625,27903.15429688,0.49999999999999994,0.8660254037844387,14419.27001953125,12270.127625,11969.612958333331,0.6513146218999051,0.5505739611203777,0.6704966010543941,0.819551450920685,0.7871998201028503
2018-01-26,13766.09521484375,26427.35742188,0.49999999999999994,0.8660254037844387,14069.15478515625,11969.612958333331,12510.296875,0.6347107104172178,0.5156431135617633,0.6513146218999051,0.7871998201028503,0.8454066512541006
2018-01-27,12769.3251953125,24982.15625,0.49999999999999994,0.8660254037844387,13766.09521484375,12510.296875,12872.862458333337,0.5801000569545094,0.4814364400813963,0.6347107104172178,0.8454066512541006,0.8844383165946264
2018-01-28,10308.76025390625,23758.3046875,0.49999999999999994,0.8660254037844387,12769.3251953125,12872.862458333337,11720.8955,0.44529156883322973,0.45246892220122764,0.5801000569545094,0.8844383165946264,0.7604243702414456
2018-01-29,10597.875,22785.98242188,0.49999999999999994,0.8660254037844387,10308.76025390625,11720.8955,12634.203416666664,0.46113147663594406,0.42945488726622427,0.44529156883322973,0.7604243702414456,0.8587456963542218
2018-01-30,11134.89990234375,22375.59765625,0.49999999999999994,0.8660254037844387,10597.875,12634.203416666664,13097.104708333332,0.4905537909793581,0.4197414314841749,0.46113147663594406,0.8587456963542218,0.9085789103507618
2018-01-31,11573.73486328125,22114.13085938,0.49999999999999994,0.8660254037844387,11134.89990234375,13097.104708333332,13056.854666666666,0.5145965124792975,0.4135527364287627,0.4905537909793581,0.9085789103507618,0.9042458290311508
2018-02-01,11363.39990234375,21953.41015625,0.8660254037844386,0.5000000000000001,11573.73486328125,13056.854666666666,12804.1705,0.5030727613252932,0.40974861509224936,0.5145965124792975,0.9042458290311508,0.8770433468222552
2018-02-02,10352.759765625,21725.77539063,0.8660254037844386,0.5000000000000001,11363.39990234375,12804.1705,13023.131375,0.44770219720278187,0.40436069522901397,0.5030727613252932,0.8770433468222552,0.9006153789966695
2018-02-03,8520.02490234375,21508.22460938,0.8660254037844386,0.5000000000000001,10352.759765625,13023.131375,12695.206583333333,0.34729102256217176,0.3992114546357913,0.44770219720278187,0.9006153789966695,0.8653129363116245
2018-02-04,7367.044921875,21341.87695313,0.8660254037844386,0.5000000000000001,8520.02490234375,12695.206583333333,12620.360208333334,0.28412199768276203,0.39527414814013856,0.34729102256217176,0.8653129363116245,0.8572554184576324
2018-02-05,7936.4501953125,21295.04101563,0.8660254037844386,0.5000000000000001,7367.044921875,12620.360208333334,12942.780208333332,0.3153183553763425,0.3941655816288581,0.28412199768276203,0.8572554184576324,0.8919652478446158
2018-02-06,8947.06005859375,21277.93359375,0.8660254037844386,0.5000000000000001,7936.4501953125,12942.780208333332,12619.887166666667,0.37068726088937315,0.39376066361071205,0.3153183553763425,0.8919652478446158,0.8572044935908657
2018-02-07,8425.580078125,21264.53515625,0.8660254037844386,0.5000000000000001,8947.06005859375,12619.887166666667,13139.977208333332,0.34211661576251495,0.39344353407495797,0.37068726088937315,0.8572044935908657,0.9131943100170151
2018-02-08,8500.9599609375,21287.46484375,0.8660254037844386,0.5000000000000001,8425.580078125,13139.977208333332,13286.960833333333,0.3462464998658399,0.3939862601317733,0.34211661576251495,0.9131943100170151,0.9290176973578451
2018-02-09,8903.34521484375,21443.75,0.8660254037844386,0.5000000000000001,8500.9599609375,13286.960833333333,12518.175375,0.36829222879929246,0.3976853958740434,0.3462464998658399,0.9290176973578451,0.8462548039456997
2018-02-10,7963.01513671875,21716.80078125,0.8660254037844386,0.5000000000000001,8903.34521484375,12518.175375,11933.620666666668,0.3167737851956263,0.40414827391449476,0.36829222879929246,0.8462548039456997,0.7833251029544214
2018-02-11,6389.534912109375,22048.32617188,0.8660254037844386,0.5000000000000001,7963.01513671875,11933.620666666668,11152.338958333334,0.23056655424682945,0.41199519585753425,0.3167737851956263,0.7833251029544214,0.699216937209675
2018-02-12,6140.14990234375,22379.38671875,0.8660254037844386,0.5000000000000001,6389.534912109375,11152.338958333334,11344.448791666668,0.2169033439974789,0.4198311153470558,0.23056655424682945,0.699216937209675,0.7198983451203564
2018-02-13,7476.110107421875,22472.8984375,0.8660254037844386,0.5000000000000001,6140.14990234375,11344.448791666668,12237.873625,0.29009741923039983,0.4220444576084021,0.2169033439974789,0.7198983451203564,0.8160791761329929
2018-02-14,8208.044921875,22249.42578125,0.8660254037844386,0.5000000000000001,7476.110107421875,12237.873625,12723.772333333334,0.33019838306977045,0.41675505130783147,0.29009741923039983,0.8160791761329929,0.8683881559283086
2018-02-15,7602.72509765625,21769.51367188,0.8660254037844386,0.5000000000000001,8208.044921875,12723.772333333334,12819.711,0.2970343527450388,0.4053959428709495,0.33019838306977045,0.8683881559283086,0.8787163450965197
2018-02-16,9248.76513671875,21248.17773438,0.8660254037844386,0.5000000000000001,7602.72509765625,12819.711,12498.63925,0.38721696297368347,0.39305636791444354,0.2970343527450388,0.8787163450965197,0.8441516603267157
2018-02-17,8958.02490234375,20848.14257813,0.8660254037844386,0.5000000000000001,9248.76513671875,12498.63925,12636.699666666667,0.3712879985425638,0.38358787851880416,0.38721696297368347,0.8441516603267157,0.8590144278584938
2018-02-18,7993.0849609375,20628.12109375,0.8660254037844386,0.5000000000000001,8958.02490234375,12636.699666666667,11992.588458333334,0.3184212391899458,0.37838015849940937,0.3712879985425638,0.8590144278584938,0.7896732264829779
2018-02-19,8091.06005859375,20737.22265625,0.8660254037844386,0.5000000000000001,7993.0849609375,11992.588458333334,12604.216833333334,0.3237890612564609,0.3809624990048357,0.3184212391899458,0.7896732264829779,0.8555175182281799
2018-02-20,9361.10986328125,21060.1796875,0.8660254037844386,0.5000000000000001,8091.06005859375,12604.216833333334,12807.883958333334,0.3933720627564324,0.38860661522277823,0.3237890612564609,0.8555175182281799,0.8774431157732684
2018-02-21,10016.89990234375,21458.76367188,0.8660254037844386,0.5000000000000001,9361.10986328125,12807.883958333334,13210.150583333334,0.42930123585132546,0.3980407566236284,0.3933720627564324,0.8774431157732684,0.9207487603419295
2018-02-22,10086.10009765625,21562.92578125,0.8660254037844386,0.5000000000000001,10016.89990234375,13210.150583333334,13056.102250000002,0.43309254960646815,0.4005061845056242,0.42930123585132546,0.9207487603419295,0.9041648283049928
2018-02-23,9768.72998046875,21333.71679688,0.8660254037844386,0.5000000000000001,10086.10009765625,13056.102250000002,12776.44625,0.41570459737121096,0.3950810042333775,0.43309254960646815,0.9041648283049928,0.8740587181162752
2018-02-24,9152.7099609375,20987.51757813,0.8660254037844386,0.5000000000000001,9768.72998046875,12776.44625,12160.337291666665,0.38195432885036157,0.38688676535137173,0.41570459737121096,0.8740587181162752,0.8077320732817667
2018-02-25,7921.10009765625,20701.70117188,0.8660254037844386,0.5000000000000001,9152.7099609375,12160.337291666665,12033.792375,0.31447736011434774,0.3801217359048432,0.38195432885036157,0.8077320732817667,0.7941089963408512
2018-02-26,7432.48486328125,20609.67773438,0.8660254037844386,0.5000000000000001,7921.10009765625,12033.792375,13104.989916666667,0.28770729608934664,0.3779436199855151,0.31447736011434774,0.7941089963408512,0.9094277852218332
2018-02-27,9249.205078125,20739.7734375,0.8660254037844386,0.5000000000000001,7432.48486328125,13104.989916666667,13285.846375,0.38724106631468475,0.38102287381149674,0.28770729608934664,0.9094277852218332,0.9288977213681147
2018-02-28,10025.81005859375,21134.62695313,0.8660254037844386,0.5000000000000001,9249.205078125,13285.846375,12988.394375000002,0.4297894020739574,0.390368718213325,0.38724106631468475,0.9288977213681147,0.8968757991213032
2018-03-01,10738.14990234375,21616.97851563,1.0,6.123233995736766e-17,10025.81005859375,12988.394375000002,13185.57275,0.4688168041752016,0.4017855664156543,0.4297894020739574,0.8968757991213032,0.9181028562364095
2018-03-02,11205.14990234375,22134.83398438,1.0,6.123233995736766e-17,10738.14990234375,13185.57275,13105.589083333332,0.4944026210310077,0.4140427616589367,0.4688168041752016,0.9181028562364095,0.9094922879597971
2018-03-03,11149.68994140625,22669.01171875,1.0,6.123233995736766e-17,11205.14990234375,13105.589083333332,12889.513166666666,0.49136410196596053,0.4266862909444182,0.4944026210310077,0.9094922879597971,0.886230833328769
2018-03-04,9390.06005859375,23075.70507813,1.0,6.123233995736766e-17,11149.68994140625,12889.513166666666,12551.241041666666,0.39495817495173313,0.4363123743033516,0.49136410196596053,0.886230833328769,0.8498144579639579
2018-03-05,10389.22998046875,23468.18554688,1.0,6.123233995736766e-17,9390.06005859375,12551.241041666666,13066.058625,0.449700313343433,0.4456020507187728,0.39495817495173313,0.8498144579639579,0.905236672723958
2018-03-06,10417.2900390625,23627.0,1.0,6.123233995736766e-17,10389.22998046875,13066.058625,13210.734333333334,0.451237657069649,0.4493610527508373,0.449700313343433,0.905236672723958,0.9208116034127832
2018-03-07,9796.375,23672.41210938,1.0,6.123233995736766e-17,10417.2900390625,13210.734333333334,13349.434916666669,0.4172192020964824,0.45043591847046277,0.451237657069649,0.9208116034127832,0.9357432874999216
2018-03-08,9852.53515625,23575.9453125,1.0,6.123233995736766e-17,9796.375,13349.434916666669,13675.074916666666,0.4202960831937114,0.44815263204171013,0.4172192020964824,0.9357432874999216,0.9707997630336269
2018-03-09,9321.96484375,23382.94921875,1.0,6.123233995736766e-17,9852.53515625,13675.074916666666,13644.993916666666,0.3912274004426347,0.44358457986299193,0.4202960831937114,0.9707997630336269,0.9675614205679304
2018-03-10,7902.7099609375,23163.77929688,1.0,6.123233995736766e-17,9321.96484375,13644.993916666666,13848.071416666666,0.31346980835837523,0.4383970155985843,0.3912274004426347,0.9675614205679304,0.9894235425744287
2018-03-11,7085.89990234375,22957.97265625,1.0,6.123233995736766e-17,7902.7099609375,13848.071416666666,12915.989833333331,0.2687187322017158,0.4335257487513788,0.31346980835837523,0.9894235425744287,0.8890811545952413
2018-03-12,7187.56005859375,22783.24609375,1.0,6.123233995736766e-17,7085.89990234375,12915.989833333331,13646.933541666664,0.2742884498448531,0.4293901207238915,0.2687187322017158,0.8890811545952413,0.9677702291183449
2018-03-13,8549.7998046875,22582.64453125,1.0,6.123233995736766e-17,7187.56005859375,13646.933541666664,13935.643375,0.3489223184899377,0.42464205361627727,0.2742884498448531,0.9677702291183449,0.9988510214306846
2018-03-14,8721.77001953125,22469.140625,1.0,6.123233995736766e-17,8549.7998046875,13935.643375,13892.782291666668,0.3583441566519202,0.421955513406246,0.3489223184899377,0.9988510214306846,0.9942368508152103
2018-03-15,9641.134765625,22308.3984375,1.0,6.123233995736766e-17,8721.77001953125,13892.782291666668,13093.726583333337,0.408713959686694,0.4181508835531026,0.3583441566519202,0.9942368508152103,0.9082152414021923
2018-03-16,9415.77001953125,22232.8125,1.0,6.123233995736766e-17,9641.134765625,13093.726583333337,13946.316250000002,0.39636676242907104,0.4163618291750145,0.408713959686694,0.9082152414021923,1.0
2018-03-17,8894.7548828125,22071.74804688,1.0,6.123233995736766e-17,9415.77001953125,13946.316250000002,13892.152541666668,0.3678215849832708,0.41254957157076505,0.39636676242907104,1.0,0.9941690556565462
2018-03-18,7769.429931640625,21868.32421875,1.0,6.123233995736766e-17,8894.7548828125,13892.152541666668,12932.902083333334,0.3061677132403317,0.4077347038538248,0.3678215849832708,0.9941690556565462,0.8909018273576323
2018-03-19,8381.739990234375,21584.203125,1.0,6.123233995736766e-17,7769.429931640625,12932.902083333334,13566.576958333331,0.33971472184450213,0.40100980100161626,0.3061677132403317,0.8909018273576323,0.9591195148400096
2018-03-20,8833.955078125,21273.546875,1.0,6.123233995736766e-17,8381.739990234375,13566.576958333331,13870.818958333335,0.3644905086072469,0.39365683373646954,0.33971472184450213,0.9591195148400096,0.991872408309257
2018-03-21,8312.1298828125,20941.95507813,1.0,6.123233995736766e-17,8833.955078125,13870.818958333335,13632.610875,0.3359009499819559,0.38580834001462655,0.3644905086072469,0.991872408309257,0.966228335574624
2018-03-22,7811.4599609375,20568.50976563,1.0,6.123233995736766e-17,8312.1298828125,13632.610875,13531.312083333332,0.3084704383624602,0.3769692094381937,0.3359009499819559,0.966228335574624,0.9553231070656678
2018-03-23,7601.98486328125,20199.1328125,1.0,6.123233995736766e-17,7811.4599609375,13531.312083333332,13670.539083333337,0.29699379706805995,0.3682263734422512,0.3084704383624602,0.9553231070656678,0.9703114620562444
2018-03-24,7981.429931640625,20018.89257813,1.0,6.123233995736766e-17,7601.98486328125,13670.539083333337,12888.806458333333,0.3177826879157726,0.36396024152575185,0.29699379706805995,0.9703114620562444,0.8861547532913137
2018-03-25,6748.610107421875,20296.31835938,1.0,6.123233995736766e-17,7981.429931640625,12888.806458333333,12281.441583333331,0.25023942830406376,0.370526672067674,0.3177826879157726,0.8861547532913137,0.8207694447282696
2018-03-26,7042.06005859375,20689.16992188,1.0,6.123233995736766e-17,6748.610107421875,12281.441583333331,12967.671291666666,0.2663168516595859,0.37982513195420203,0.25023942830406376,0.8207694447282696,0.8946448745915832
2018-03-27,7874.10498046875,20988.35546875,1.0,6.123233995736766e-17,7042.06005859375,12967.671291666666,13043.835166666666,0.31190260966150724,0.38690659750443684,0.2663168516595859,0.8946448745915832,0.9028442266997078
2018-03-28,7244.43994140625,21098.359375,1.0,6.123233995736766e-17,7874.10498046875,13043.835166666666,13215.821041666668,0.2774047630448967,0.38951029571329154,0.31190260966150724,0.9028442266997078,0.9213592083330467
2018-03-29,7406.635009765625,21387.94140625,1.0,6.123233995736766e-17,7244.43994140625,13215.821041666668,13322.69425,0.2862910442311021,0.3963644542771574,0.2774047630448967,0.9213592083330467,0.9328645455555812
2018-03-30,6578.3798828125,21811.80078125,1.0,6.123233995736766e-17,7406.635009765625,13322.69425,10715.769458333334,0.24091292005957082,0.40639684251785924,0.2862910442311021,0.9328645455555812,0.6522184480943574
2018-03-31,6245.2548828125,22279.515625,1.0,6.123233995736766e-17,6578.3798828125,10715.769458333334,11379.531166666668,0.22266179534845645,0.41746725212821456,0.24091292005957082,0.6522184480943574,0.7236751060245813
2018-04-01,6131.10498046875,22542.62109375,0.8660254037844387,-0.49999999999999983,6245.2548828125,11379.531166666668,10992.191333333334,0.21640779428748144,0.42369473314300127,0.22266179534845645,0.7236751060245813,0.681976391522433
2018-04-02,6666.800048828125,22512.84960938,0.8660254037844387,-0.49999999999999983,6131.10498046875,10992.191333333334,12364.682291666666,0.24575725019669237,0.4229900676163703,0.21640779428748144,0.681976391522433,0.8297306468382557
2018-04-03,7405.5048828125,22175.63867188,0.8660254037844387,-0.49999999999999983,6666.800048828125,12364.682291666666,13124.766458333334,0.2862291272691182,0.4150085736503325,0.24575725019669237,0.8297306468382557,0.9115568106765648
2018-04-04,7151.330078125,21545.90234375,0.8660254037844387,-0.49999999999999983,7405.5048828125,13124.766458333334,13118.022375,0.27230349557298406,0.40010325432579436,0.2862291272691182,0.9115568106765648,0.9108307825707662
2018-04-05,7791.97998046875,20943.5234375,0.8660254037844387,-0.49999999999999983,7151.330078125,13118.022375,12901.35525,0.30740317666518374,0.3858454617371337,0.27230349557298406,0.9108307825707662,0.8875056819488499
2018-04-06,8287.705078125,20408.44140625,0.8660254037844387,-0.49999999999999983,7791.97998046875,12901.35525,12756.603333333333,0.33456277315224886,0.3731805285193103,0.30740317666518374,0.8875056819488499,0.8719225471217954
2018-04-07,7558.955078125,19984.30859375,0.8660254037844387,-0.49999999999999983,8287.705078125,12756.603333333333,12475.233041666666,0.29463629770542077,0.36314166824726646,0.33456277315224886,0.8719225471217954,0.841631886435995
2018-04-08,6709.27001953125,19555.45117188,0.8660254037844387,-0.49999999999999983,7558.955078125,12475.233041666666,11735.842125,0.24808407865982213,0.35299098051951167,0.29463629770542077,0.841631886435995,0.7620334354472678
2018-04-09,6433.93505859375,19179.78320313,0.8660254037844387,-0.49999999999999983,6709.27001953125,11735.842125,12840.685083333332,0.23299913244023454,0.34409924157402805,0.24808407865982213,0.7620334354472678,0.8809742908010305
2018-04-10,6503.35986328125,18835.76757813,0.8660254037844387,-0.49999999999999983,6433.93505859375,12840.685083333332,12557.018666666663,0.23680275200765313,0.335956686485167,0.23299913244023454,0.8809742908010305,0.8504364428842851
2018-04-11,7439.10009765625,18516.56054688,0.8660254037844387,-0.49999999999999983,6503.35986328125,12557.018666666663,12478.392875,0.2880697290126378,0.32840132955419943,0.23680275200765313,0.8504364428842851,0.8419720553953998
2018-04-12,7210.3798828125,18151.09765625,0.8660254037844387,-0.49999999999999983,7439.10009765625,12478.392875,12993.311625,0.27553869362031913,0.319751136064037,0.2880697290126378,0.8419720553953998,0.8974051611601132
2018-04-13,7695.93994140625,17714.35546875,0.8660254037844387,-0.49999999999999983,7210.3798828125,12993.311625,12965.599208333331,0.30214137184660217,0.3094138226895401,0.27553869362031913,0.8974051611601132,0.8944218063607797
2018-04-14,6829.66015625,17265.8125,0.8660254037844387,-0.49999999999999983,7695.93994140625,12965.599208333331,11906.212708333333,0.25467996728794073,0.298797194933844,0.30214137184660217,0.8944218063607797,0.7803745243377238
2018-04-15,6147.72998046875,16560.36914063,0.8660254037844387,-0.49999999999999983,6829.66015625,11906.212708333333,10865.961208333332,0.21731863841002486,0.2820999550461458,0.25467996728794073,0.7803745243377238,0.6683872031896754
2018-04-16,5684.98486328125,16382.50488281,0.8660254037844387,-0.49999999999999983,6147.72998046875,10865.961208333332,10771.756166666666,0.19196593644154966,0.27789006045883247,0.21731863841002486,0.6683872031896754,0.6582456458308154
2018-04-17,5941.06005859375,16099.76367188,0.8660254037844387,-0.49999999999999983,5684.98486328125,10771.756166666666,11245.991333333332,0.20599568601024432,0.2711978182506804,0.19196593644154966,0.6582456458308154,0.7092989977454227
2018-04-18,6510.89990234375,15760.87988281,0.8660254037844387,-0.49999999999999983,5941.06005859375,11245.991333333332,11210.737416666663,0.23721585277540208,0.26317672932129116,0.20599568601024432,0.7092989977454227,0.705503769680405
2018-04-19,6923.8701171875,15552.65722656,0.8660254037844387,-0.49999999999999983,6510.89990234375,11210.737416666663,11472.165416666665,0.2598415064882395,0.2582482774544186,0.23721585277540208,0.705503769680405,0.7336475612472445
2018-04-20,7351.489990234375,15303.48339844,0.8660254037844387,-0.49999999999999983,6923.8701171875,11472.165416666665,10766.184458333331,0.28326978005500697,0.252350546436621,0.2598415064882395,0.7336475612472445,0.6576458286803778
2018-04-21,7118.169921875,15095.99609375,0.8660254037844387,-0.49999999999999983,7351.489990234375,10766.184458333331,10100.854333333333,0.27048672965280757,0.24743949971111953,0.28326978005500697,0.6576458286803778,0.5860203242924042
2018-04-22,6172.66015625,14863.31835938,0.8660254037844387,-0.49999999999999983,7118.169921875,10100.854333333333,11000.026458333334,0.21868450331735273,0.24193221709842103,0.27048672965280757,0.5860203242924042,0.6828198747181891
2018-04-23,5999.3798828125,14688.94726563,0.8660254037844387,-0.49999999999999983,6172.66015625,11000.026458333334,11384.012166666667,0.20919089016768275,0.2378050027116782,0.21868450331735273,0.6828198747181891,0.7241575039697554
2018-04-24,6693.85009765625,14517.63085938,0.8660254037844387,-0.49999999999999983,5999.3798828125,11384.012166666667,11272.682166666666,0.24723925789531553,0.23375009016078369,0.20919089016768275,0.7241575039697554,0.7121723749279685
2018-04-25,8072.2451171875,14301.34863281,0.8660254037844387,-0.49999999999999983,6693.85009765625,11272.682166666666,10860.933875,0.3227582354642274,0.2286308751699305,0.24723925789531553,0.7121723749279685,0.6678459902305803
2018-04-26,7195.169921875,14051.98632813,0.8660254037844387,-0.49999999999999983,8072.2451171875,10860.933875,10984.199291666666,0.2747053761151139,0.22272868307344576,0.3227582354642274,0.6678459902305803,0.6811160156068454
2018-04-27,6452.56005859375,13723.69335938,0.8660254037844387,-0.49999999999999983,7195.169921875,10984.199291666666,10881.942083333332,0.23401955179556513,0.21495826978674518,0.2747053761151139,0.6811160156068454,0.6701076096306675
2018-04-28,6234.64990234375,13348.86425781,0.8660254037844387,-0.49999999999999983,6452.56005859375,10881.942083333332,10828.595958333332,0.2220807737466731,0.20608638610866517,0.23401955179556513,0.6701076096306675,0.6643646814711033
2018-04-29,5763.89990234375,13004.19238281,0.8660254037844387,-0.49999999999999983,6234.64990234375,10828.595958333332,10475.702875,0.19628950332939102,0.19792829814458354,0.2220807737466731,0.6643646814711033,0.6263743002467794
2018-04-30,6089.5,12683.671875,0.8660254037844387,-0.49999999999999983,5763.89990234375,10475.702875,10268.55025,0.2141283565774968,0.1903418523488362,0.19628950332939102,0.6263743002467794,0.6040734743959768
2018-05-01,6127.08984375,12383.35742188,0.49999999999999994,-0.8660254037844387,6089.5,10268.55025,10076.985166666667,0.21618781451716673,0.18323366655491835,0.2141283565774968,0.6040734743959768,0.5834507110469187
2018-05-02,6756.77490234375,12166.31054688,0.49999999999999994,-0.8660254037844387,6127.08984375,10076.985166666667,11370.744541666669,0.2506867579561758,0.17809635299088292,0.21618781451716673,0.5834507110469187,0.7227291899690098
2018-05-03,7194.0400390625,11940.45703125,0.49999999999999994,-0.8660254037844387,6756.77490234375,11370.744541666669,10965.699166666664,0.27464347252901294,0.17275059378872396,0.2506867579561758,0.7227291899690098,0.6791244016176762
2018-05-04,6840.7548828125,11815.11230469,0.49999999999999994,-0.8660254037844387,7194.0400390625,10965.699166666664,10311.522416666669,0.2552878209108388,0.169783791507249,0.27464347252901294,0.6791244016176762,0.6086996035858194
2018-05-05,6654.89990234375,11614.65527344,0.49999999999999994,-0.8660254037844387,6840.7548828125,10311.522416666669,9882.433125,0.2451052695360789,0.16503914533048697,0.2552878209108388,0.6086996035858194,0.5625063894380254
2018-05-06,6029.06005859375,11433.8828125,0.49999999999999994,-0.8660254037844387,6654.89990234375,9882.433125,9396.135333333334,0.21081699625288017,0.1607604160670911,0.2451052695360789,0.5625063894380254,0.5101544466924859
2018-05-07,6229.044921875,11217.21191406,0.49999999999999994,-0.8660254037844387,6029.06005859375,9396.135333333334,9971.831416666666,0.22177369022685764,0.15563200154609164,0.21081699625288017,0.5101544466924859,0.5721304805342285
2018-05-08,6362.0400390625,11074.3515625,0.49999999999999994,-0.8660254037844387,6229.044921875,9971.831416666666,9584.263,0.22906017568954684,0.15225061942837137,0.22177369022685764,0.5721304805342285,0.5304071581029796
2018-05-09,6625.51513671875,10917.22363281,0.49999999999999994,-0.8660254037844387,6362.0400390625,9584.263,9949.83275,0.24349534826920088,0.14853153596087043,0.22906017568954684,0.5304071581029796,0.5697622342506818
2018-05-10,6865.044921875,10791.84082031,0.49999999999999994,-0.8660254037844387,6625.51513671875,9949.83275,9481.869791666666,0.25661861425318033,0.145563832217828,0.24349534826920088,0.5697622342506818,0.5193841111715363
2018-05-11,6399.5400390625,10711.03320313,0.49999999999999994,-0.8660254037844387,6865.044921875,9481.869791666666,9056.963125,0.2311147113043064,0.1436511851556844,0.25661861425318033,0.5193841111715363,0.47364117368195163
2018-05-12,6118.64501953125,10659.45898438,0.49999999999999994,-0.8660254037844387,6399.5400390625,9056.963125,8764.533708333334,0.21572514272735857,0.14243046758700756,0.2311147113043064,0.47364117368195163,0.4421599530373418
2018-05-13,5880.14990234375,10652.0234375,0.49999999999999994,-0.8660254037844387,6118.64501953125,8764.533708333334,8165.18875,0.20265856373514574,0.14225447456318427,0.21572514272735857,0.4421599530373418,0.37763802124744406
2018-05-14,6023.60009765625,10545.02441406,0.49999999999999994,-0.8660254037844387,5880.14990234375,8165.18875,8585.580791666667,0.21051785800751244,0.1397218993558386,0.20265856373514574,0.37763802124744406,0.42289494092331936
2018-05-15,6299.22998046875,10493.09863281,0.49999999999999994,-0.8660254037844387,6023.60009765625,8585.580791666667,9606.044041666666,0.2256189622936536,0.13849286060400787,0.21051785800751244,0.42289494092331936,0.5327519761667495
2018-05-16,6330.43505859375,10416.90917969,0.49999999999999994,-0.8660254037844387,6299.22998046875,9606.044041666666,10115.452,0.2273286141434981,0.13668952152829056,0.2256189622936536,0.5327519761667495,0.5875918227089046
2018-05-17,6380.2900390625,10461.69726563,0.49999999999999994,-0.8660254037844387,6330.43505859375,10115.452,11003.89925,0.23006004968872984,0.1377496171477587,0.2273286141434981,0.5875918227089046,0.6832367965530669
2018-05-18,6591.5400390625,10492.27539063,0.49999999999999994,-0.8660254037844387,6380.2900390625,11003.89925,10941.531625,0.24163393365187552,0.13847337516696664,0.23006004968872984,0.6832367965530669,0.6765226670852256
2018-05-19,6159.64990234375,10563.06640625,0.49999999999999994,-0.8660254037844387,6591.5400390625,10941.531625,9981.883125,0.2179717025171539,0.14014893785247626,0.24163393365187552,0.6765226670852256,0.5732125879757575
2018-05-20,5563.080078125,10663.49316406,0.49999999999999994,-0.8660254037844387,6159.64990234375,9981.883125,9610.434166666666,0.18528706383586616,0.14252595316352104,0.2179717025171539,0.5732125879757575,0.5332245910471463
2018-05-21,5682.0400390625,10731.54785156,0.49999999999999994,-0.8660254037844387,5563.080078125,9610.434166666666,9696.929458333334,0.19180459654190624,0.1441367493069345,0.18528706383586616,0.5332245910471463,0.5425361623408856
2018-05-22,5717.294921875,10702.82714844,0.49999999999999994,-0.8660254037844387,5682.0400390625,9696.929458333334,9428.178375,0.19373612753743844,0.14345695487217464,0.19180459654190624,0.5425361623408856,0.5136040109542872
2018-05-23,5776.02001953125,10693.26855469,0.49999999999999994,-0.8660254037844387,5717.294921875,9428.178375,9698.884875,0.1969535356605051,0.1432307111479792,0.19373612753743844,0.5136040109542872,0.5427466709286917
2018-05-24,5812.27001953125,10700.29394531,0.49999999999999994,-0.8660254037844387,5776.02001953125,9698.884875,9613.849583333333,0.19893958675477272,0.14339699612455295,0.1969535356605051,0.5427466709286917,0.5335922745958885
2018-05-25,5894.47998046875,10766.90332031,0.49999999999999994,-0.8660254037844387,5812.27001953125,9613.849583333333,9358.615125,0.20344367455834841,0.14497358295944485,0.19893958675477272,0.5335922745958885,0.5061152430766616
2018-05-26,5993.669921875,10770.02539063,0.49999999999999994,-0.8660254037844387,5894.47998046875,9358.615125,9096.304375,0.2088780550182166,0.1450474796889085,0.20344367455834841,0.5061152430766616,0.4778764198682014
2018-05-27,5475.89013671875,10774.28125,0.49999999999999994,-0.8660254037844387,5993.669921875,9096.304375,9053.9035,0.18051013477272101,0.1451482122337476,0.2088780550182166,0.4778764198682014,0.47331179255876404
2018-05-28,5531.56494140625,10726.68066406,0.49999999999999994,-0.8660254037844387,5475.89013671875,9053.9035,9262.437333333331,0.18356042461472777,0.1440215471490483,0.18051013477272101,0.47331179255876404,0.4957613111258926
2018-05-29,5598.01513671875,10683.80273438,0.49999999999999994,-0.8660254037844387,5531.56494140625,9262.437333333331,8720.722541666668,0.1872010724247881,0.1430066632916197,0.18356042461472777,0.4957613111258926,0.4374435020720025
2018-05-30,5491.955078125,10644.91796875,0.49999999999999994,-0.8660254037844387,5598.01513671875,8720.722541666668,8327.37475,0.18139029461987213,0.14208629420588492,0.1872010724247881,0.4374435020720025,0.39509800632578085
2018-05-31,5442.22509765625,10577.94628906,0.49999999999999994,-0.8660254037844387,5491.955078125,8327.37475,8935.810083333334,0.17866570752668956,0.14050113192940583,0.18139029461987213,0.39509800632578085,0.46059855409891054
2018-06-01,5855.31005859375,10548.63769531,1.2246467991473532e-16,-1.0,5442.22509765625,8935.810083333334,9341.681208333332,0.20129764790449406,0.13980742262714255,0.17866570752668956,0.46059855409891054,0.5042922378091426
2018-06-02,6091.5400390625,10545.55859375,1.2246467991473532e-16,-1.0,5855.31005859375,9341.681208333332,9271.711083333334,0.21424012545508098,0.13973454293141213,0.20129764790449406,0.5042922378091426,0.4967596681765645
2018-06-03,5671.43994140625,10556.29785156,1.2246467991473532e-16,-1.0,6091.5400390625,9271.711083333334,8540.113875000001,0.19122384245778104,0.13998873196230693,0.21424012545508098,0.4967596681765645,0.4180002417103295
2018-06-04,5974.91015625,10498.10253906,1.2246467991473532e-16,-1.0,5671.43994140625,8540.113875000001,8918.809666666666,0.20785025217552047,0.138611298777565,0.19122384245778104,0.4180002417103295,0.45876838983488333
2018-06-05,5999.375,10342.69140625,1.2246467991473532e-16,-1.0,5974.91015625,8918.809666666666,8715.325916666667,0.20919062265002458,0.13493285042125058,0.20785025217552047,0.45876838983488333,0.43686253335723424
2018-06-06,6027.375,10162.18554688,1.2246467991473532e-16,-1.0,5999.375,8715.325916666667,8941.83825,0.21072467590904506,0.1306604313885906,0.20919062265002458,0.43686253335723424,0.4612475108525744
2018-06-07,5938.58984375,10019.27246094,1.2246467991473532e-16,-1.0,6027.375,8941.83825,9041.065166666667,0.2058603488269752,0.1272778010932789,0.21072467590904506,0.4612475108525744,0.47192969355866105
2018-06-08,6055.25,9906.94628906,1.2246467991473532e-16,-1.0,5938.58984375,9041.065166666667,9456.04675,0.21225188071601636,0.12461913684669486,0.2058603488269752,0.47192969355866105,0.5166041553049555
2018-06-09,5925.14013671875,9845.00390625,1.2246467991473532e-16,-1.0,6055.25,9456.04675,9647.022375,0.20512347143754092,0.12315301371823013,0.21225188071601636,0.5166041553049555,0.5371634610577705
2018-06-10,5613.64501953125,9829.40820313,1.2246467991473532e-16,-1.0,5925.14013671875,9647.022375,9304.349458333332,0.1880573964485961,0.12278387678788251,0.20512347143754092,0.5371634610577705,0.5002733225023456
2018-06-11,5719.330078125,9781.13183594,1.2246467991473532e-16,-1.0,5613.64501953125,9304.349458333332,9081.768541666666,0.19384762889736445,0.12164121654000958,0.1880573964485961,0.5002733225023456,0.4763115780624895
2018-06-12,5484.14501953125,9777.85742188,1.2246467991473532e-16,-1.0,5719.330078125,9081.768541666666,9531.05875,0.18096240012562628,0.12156371396474927,0.19384762889736445,0.4763115780624895,0.5246795033664171
2018-06-13,5410.044921875,9803.88574219,1.2246467991473532e-16,-1.0,5484.14501953125,9531.05875,9749.94975,0.1769026324005082,0.12217978200524797,0.18096240012562628,0.5246795033664171,0.5482440132117934
2018-06-14,5695.66015625,9922.18164063,1.2246467991473532e-16,-1.0,5410.044921875,9749.94975,9436.847208333334,0.19255081029761073,0.1249797445646056,0.1769026324005082,0.5482440132117934,0.5145372462560187
2018-06-15,5854.1650390625,10034.77148438,1.2246467991473532e-16,-1.0,5695.66015625,9436.847208333334,9304.049958333331,0.20123491501365276,0.12764464969843675,0.19255081029761073,0.5145372462560187,0.500241080104537
2018-06-16,5803.75,10027.25878906,1.2246467991473532e-16,-1.0,5854.1650390625,9304.049958333331,8532.399708333332,0.1984727951930287,0.12746683063713996,0.20123491501365276,0.500241080104537,0.4171697801730092
2018-06-17,5866.3701171875,9989.62890625,1.2246467991473532e-16,-1.0,5803.75,8532.399708333332,8536.860416666666,0.20190360215201905,0.1265761635525626,0.1984727951930287,0.4171697801730092,0.41764999363741934
2018-06-18,6114.41015625,9899.73046875,1.2246467991473532e-16,-1.0,5866.3701171875,8536.860416666666,8896.37475,0.21549312466242615,0.12444834456252027,0.20190360215201905,0.41764999363741934,0.45635317945770093
2018-06-19,5542.68994140625,9894.09863281,1.2246467991473532e-16,-1.0,6114.41015625,8896.37475,8913.051166666666,0.18416993684710645,0.1243150438312152,0.21549312466242615,0.45635317945770093,0.45814846379889007
2018-06-20,5626.044921875,9835.421875,1.2246467991473532e-16,-1.0,5542.68994140625,8913.051166666666,8690.314625,0.18873675754152341,0.12292621524849112,0.18416993684710645,0.45814846379889007,0.4341699656923932
2018-06-21,5818.8798828125,9799.53808594,1.2246467991473532e-16,-1.0,5626.044921875,8690.314625,8540.910208333333,0.1993017254086399,0.12207687670691143,0.18873675754152341,0.4341699656923932,0.41808597024495864
2018-06-22,6155.830078125,9712.60253906,1.2246467991473532e-16,-1.0,5818.8798828125,8540.910208333333,8490.451083333333,0.2177624234531661,0.12001918679922004,0.1993017254086399,0.41808597024495864,0.41265383942253303
2018-06-23,5845.0849609375,9610.89257813,1.2246467991473532e-16,-1.0,6155.830078125,8490.451083333333,9186.338375,0.20073743917651643,0.1176117991697819,0.2177624234531661,0.41265383942253303,0.4875689475619787
2018-06-24,5684.64990234375,9480.34765625,1.2246467991473532e-16,-1.0,5845.0849609375,9186.338375,8675.465624999999,0.19194758473019907,0.1145219127206447,0.20073743917651643,0.4875689475619787,0.43257141021640727
2018-06-25,5893.6201171875,9340.48535156,1.2246467991473532e-16,-1.0,5684.64990234375,8675.465624999999,9012.072375,0.20339656469874434,0.11121149180359076,0.19194758473019907,0.43257141021640727,0.4688085011630206
2018-06-26,5968.81005859375,9252.76757813,1.2246467991473532e-16,-1.0,5893.6201171875,9012.072375,9803.244541666669,0.2075160423651664,0.10913528726367777,0.20339656469874434,0.4688085011630206,0.5539814151284391
2018-06-27,6048.0400390625,9161.08398438,1.2246467991473532e-16,-1.0,5968.81005859375,9803.244541666669,9481.808375,0.21185686414195984,0.10696521515473176,0.2075160423651664,0.5539814151284391,0.5193774994166158
2018-06-28,6216.16015625,9073.39355469,1.2246467991473532e-16,-1.0,6048.0400390625,9481.808375,9375.836583333334,0.22106776463047384,0.10488965781771625,0.21185686414195984,0.5193774994166158,0.5079692033785816
2018-06-29,6074.544921875,9006.99511719,1.2246467991473532e-16,-1.0,6216.16015625,9375.836583333334,9558.356458333334,0.21330900349404813,0.1033180636927167,0.22106776463047384,0.5079692033785816,0.5276182131204822
2018-06-30,6636.22998046875,8923.83398438,1.2246467991473532e-16,-1.0,6074.544921875,9558.356458333334,8655.028416666666,0.24408238901829313,0.10134971093211897,0.21330900349404813,0.5276182131204822,0.43037126129761744
2018-07-01,6831.56005859375,8824.94042969,-0.4999999999999998,-0.8660254037844388,6636.22998046875,8655.028416666666,8113.524375,0.2547840584087354,0.09900898522526591,0.24408238901829313,0.43037126129761744,0.37207614034168407
2018-07-02,6164.4599609375,8695.66601563,-0.4999999999999998,-0.8660254037844388,6831.56005859375,8113.524375,8947.179541666666,0.21823523416221896,0.09594917060764856,0.2547840584087354,0.37207614034168407,0.4618225227080924
2018-07-03,5957.14013671875,8600.97753906,-0.4999999999999998,-0.8660254037844388,6164.4599609375,8947.179541666666,9306.089458333334,0.20687667516213576,0.09370797549695686,0.21823523416221896,0.4618225227080924,0.500460640606475
2018-07-04,5909.73486328125,8509.15625,-0.4999999999999998,-0.8660254037844388,5957.14013671875,9306.089458333334,9448.448291666666,0.20427945322600882,0.0915346442580014,0.20687667516213576,0.500460640606475,0.5157861502421365
2018-07-05,5927.3798828125,8439.54785156,-0.4999999999999998,-0.8660254037844388,5909.73486328125,9448.448291666666,9455.953666666666,0.20524618178734433,0.08988707310786807,0.20427945322600882,0.5157861502421365,0.5165941345040785
2018-07-06,5912.7900390625,8380.56933594,-0.4999999999999998,-0.8660254037844388,5927.3798828125,9455.953666666666,9229.09575,0.20444683902472693,0.0884911021763294,0.20524618178734433,0.5165941345040785,0.49217195355194615
2018-07-07,6019.155029296875,8353.26660156,-0.4999999999999998,-0.8660254037844388,5912.7900390625,9229.09575,8196.151541666666,0.2102743233073957,0.08784486984672031,0.20444683902472693,0.49217195355194615,0.38097129218626513
2018-07-08,5761.31494140625,8311.78710938,-0.4999999999999998,-0.8660254037844388,6019.155029296875,8196.151541666666,8014.485291666667,0.19614787948115486,0.0868630858067261,0.2102743233073957,0.38097129218626513,0.3614141786608229
2018-07-09,5957.02001953125,8249.64453125,-0.4999999999999998,-0.8660254037844388,5761.31494140625,8014.485291666667,8815.762208333334,0.20687009422774474,0.08539222422656567,0.19614787948115486,0.3614141786608229,0.4476749102197469
2018-07-10,5888.14990234375,8158.40478516,-0.4999999999999998,-0.8660254037844388,5957.02001953125,8815.762208333334,8890.875916666666,0.20309686466629445,0.0832326576114402,0.20687009422774474,0.4476749102197469,0.45576120759854977
2018-07-11,5641.68505859375,8072.72119141,-0.4999999999999998,-0.8660254037844388,5888.14990234375,8890.875916666666,8755.334166666666,0.18959364335241358,0.08120460036165406,0.20309686466629445,0.45576120759854977,0.4411695848167335
2018-07-12,5487.1298828125,7987.52001953,-0.4999999999999998,-0.8660254037844388,5641.68505859375,8755.334166666666,8411.403791666666,0.1811259336700667,0.07918796162418854,0.18959364335241358,0.4411695848167335,0.4041440757377332
2018-07-13,5435.5,7988.63085938,-0.4999999999999998,-0.8660254037844388,5487.1298828125,8411.403791666666,8476.075166666667,0.17829725545608952,0.07921425425166302,0.1811259336700667,0.4041440757377332,0.4111062132989009
2018-07-14,5426.705078125,7925.85107422,-0.4999999999999998,-0.8660254037844388,5435.5,8476.075166666667,8103.487333333333,0.17781540265019044,0.07772831052706573,0.17829725545608952,0.4111062132989009,0.3709956118267034
2018-07-15,5153.9599609375,7928.26220703,-0.4999999999999998,-0.8660254037844388,5426.705078125,8103.487333333333,7635.082791666667,0.16287234779649717,0.07778537997480373,0.17781540265019044,0.3709956118267034,0.3205699504988136
2018-07-16,5209.5849609375,7858.37988281,-0.4999999999999998,-0.8660254037844388,5153.9599609375,7635.082791666667,8425.531041666667,0.16591990895839057,0.07613132523615922,0.16287234779649717,0.3205699504988136,0.4056649318794344
2018-07-17,5420.7099609375,7848.81884766,-0.4999999999999998,-0.8660254037844388,5209.5849609375,8425.531041666667,8202.856416666667,0.17748694446948707,0.0759050237261176,0.16591990895839057,0.4056649318794344,0.38169309935489953
2018-07-18,5416.31494140625,7803.36523438,-0.4999999999999998,-0.8660254037844388,5420.7099609375,8202.856416666667,8217.070208333333,0.1772461518253666,0.07482917564473997,0.17748694446948707,0.38169309935489953,0.3832232720603523
2018-07-19,5430.1201171875,7731.60595703,-0.4999999999999998,-0.8660254037844388,5416.31494140625,8217.070208333333,8325.093166666667,0.1780025045003158,0.07313069503369436,0.1772461518253666,0.3832232720603523,0.394852384564624
2018-07-20,5488.10498046875,7705.15185547,-0.4999999999999998,-0.8660254037844388,5430.1201171875,8325.093166666667,7975.624041666667,0.18117935694640364,0.07250454911582034,0.1780025045003158,0.394852384564624,0.3572306064343329
2018-07-21,5567.0048828125,7658.49414063,-0.4999999999999998,-0.8660254037844388,5488.10498046875,7975.624041666667,7615.118875,0.18550209452950467,0.07140020098219978,0.18117935694640364,0.3572306064343329,0.31842075336031117
2018-07-22,5214.7548828125,7647.43896484,-0.4999999999999998,-0.8660254037844388,5567.0048828125,7615.118875,8211.566375,0.1662031566548629,0.07113853444339906,0.18550209452950467,0.31842075336031117,0.38263076193078727
2018-07-23,5318.72998046875,7593.06298828,-0.4999999999999998,-0.8660254037844388,5214.7548828125,8211.566375,8931.3955,0.17189970441973948,0.06985150166792435,0.1662031566548629,0.38263076193078727,0.46012330617907116
2018-07-24,5708.52001953125,7550.40380859,-0.4999999999999998,-0.8660254037844388,5318.72998046875,8931.3955,7993.744083333334,0.19325537155393785,0.0688417954353326,0.17189970441973948,0.46012330617907116,0.3591813029008519
2018-07-25,5895.31005859375,7491.85107422,-0.4999999999999998,-0.8660254037844388,5708.52001953125,7993.744083333334,7820.879416666667,0.2034891525602376,0.06745590238116922,0.19325537155393785,0.3591813029008519,0.3405717157566368
2018-07-26,6069.719970703125,7505.38476563,-0.4999999999999998,-0.8660254037844388,5895.31005859375,7820.879416666667,7898.347083333333,0.21304465592012564,0.06777623326108659,0.2034891525602376,0.3405717157566368,0.3489114263608416
2018-07-27,6744.445068359375,7416.92578125,-0.4999999999999998,-0.8660254037844388,6069.719970703125,7898.347083333333,8104.139625,0.2500112357416432,0.0656824848930616,0.21304465592012564,0.3489114263608416,0.371065833687818
2018-07-28,6380.3349609375,7417.90576172,-0.4999999999999998,-0.8660254037844388,6744.445068359375,8104.139625,8131.632458333333,0.230062510851185,0.06570568019113267,0.2500112357416432,0.371065833687818,0.3740255494447957
2018-07-29,5728.2900390625,7325.82714844,-0.4999999999999998,-0.8660254037844388,6380.3349609375,8131.632458333333,8316.991833333333,0.19433852380010974,0.06352625830836695,0.230062510851185,0.3740255494447957,0.39398024295490036
2018-07-30,5211.85498046875,7365.34179688,-0.4999999999999998,-0.8660254037844388,5728.2900390625,8316.991833333333,9530.342166666667,0.16604427791767465,0.06446153618052661,0.19433852380010974,0.39398024295490036,0.5246023602448938
2018-07-31,5307.2900390625,7233.99804688,-0.4999999999999998,-0.8660254037844388,5211.85498046875,9530.342166666667,11144.143000000002,0.17127293729840873,0.061352742154230304,0.16604427791767465,0.5246023602448938,0.6983346088323635
2018-08-01,13246.68017578125,7220.47216797,-0.8660254037844384,-0.5000000000000004,5307.2900390625,11144.143000000002,11641.419958333332,0.6062531985080005,0.06103259618949413,0.17127293729840873,0.6983346088323635,0.7518685036956725
2018-08-02,11338.115234375,7237.91210938,-0.8660254037844384,-0.5000000000000004,13246.68017578125,11641.419958333332,10551.574458333334,0.5016874746359821,0.06144538466001037,0.6062531985080005,0.7518685036956725,0.6345421859636095
2018-08-03,9701.97998046875,7498.53076172,-0.8660254037844384,-0.5000000000000004,11338.115234375,10551.574458333334,9539.8435,0.4120475239769389,0.06761400486109327,0.5016874746359821,0.6345421859636095,0.5256252175705836
2018-08-04,9161.35009765625,7860.30712891,-0.8660254037844384,-0.5000000000000004,9701.97998046875,9539.8435,9050.025666666666,0.3824277013464966,0.07617694150006887,0.4120475239769389,0.5256252175705836,0.47289432796788516
2018-08-05,7762.83984375,8121.37207031,-0.8660254037844384,-0.5000000000000004,9161.35009765625,9050.025666666666,8535.223583333334,0.3058066580329801,0.08235612498081854,0.3824277013464966,0.47289432796788516,0.4174737818461691
2018-08-06,7628.6650390625,8121.55175781,-0.8660254037844384,-0.5000000000000004,7762.83984375,8535.223583333334,9675.973,0.2984555403040766,0.0823603780299861,0.3058066580329801,0.4174737818461691,0.5402801140395846
2018-08-07,7725.35986328125,8121.67382813,-0.8660254037844384,-0.5000000000000004,7628.6650390625,9675.973,9563.81675,0.30375321924061904,0.08236326732986984,0.2984555403040766,0.5402801140395846,0.5282060358118572
2018-08-08,7873.2451171875,8289.79003906,-0.8660254037844384,-0.5000000000000004,7725.35986328125,9563.81675,9555.477375,0.3118554998019032,0.08634243399948871,0.30375321924061904,0.5282060358118572,0.5273082680448327
2018-08-09,8972.16015625,8475.58984375,-0.8660254037844384,-0.5000000000000004,7873.2451171875,9555.477375,9897.41925,0.3720624354112054,0.09074015618198533,0.3118554998019032,0.5273082680448327,0.5641197069801198
2018-08-10,8473.77490234375,8676.50195313,-0.8660254037844384,-0.5000000000000004,8972.16015625,9897.41925,9483.860625,0.34475709530396825,0.09549557366817052,0.3720624354112054,0.5641197069801198,0.5195984325081094
2018-08-11,8197.860107421875,8779.91015625,-0.8660254037844384,-0.5000000000000004,8473.77490234375,9483.860625,10077.080083333332,0.32964038136247276,0.09794315723518067,0.34475709530396825,0.5195984325081094,0.5834609292136141
2018-08-12,7096.9599609375,8730.11328125,-0.8660254037844384,-0.5000000000000004,8197.860107421875,10077.080083333332,9733.653791666666,0.2693246864492408,0.09676450787022631,0.32964038136247276,0.5834609292136141,0.5464896867635352
2018-08-13,6610.955078125,8684.93457031,-0.8660254037844384,-0.5000000000000004,7096.9599609375,9733.653791666666,10694.531958333331,0.24269763736429834,0.0956951664916983,0.2693246864492408,0.5464896867635352,0.6499321445101934
2018-08-14,7188.5400390625,8632.42285156,-0.8660254037844384,-0.5000000000000004,6610.955078125,10694.531958333331,10870.374708333333,0.2743421406388482,0.09445225910127773,0.24269763736429834,0.6499321445101934,0.6688623344842585
2018-08-15,7374.364990234375,8551.89746094,-0.8660254037844384,-0.5000000000000004,7188.5400390625,10870.374708333333,11179.393625,0.28452304678001034,0.09254629209999571,0.2743421406388482,0.6688623344842585,0.7021294825360249
2018-08-16,7906.0849609375,8488.06347656,-0.8660254037844384,-0.5000000000000004,7374.364990234375,11179.393625,11432.823708333332,0.3136547165637036,0.09103539638310601,0.28452304678001034,0.7021294825360249,0.7294122657195401
2018-08-17,7765.22509765625,8370.60742188,-0.8660254037844384,-0.5000000000000004,7906.0849609375,11432.823708333332,10778.066,0.30593734040899706,0.08825531220596383,0.3136547165637036,0.7294122657195401,0.658924925151144
2018-08-18,7083.4599609375,8244.58789063,-0.8660254037844384,-0.5000000000000004,7765.22509765625,10778.066,9854.171708333331,0.26858505362792734,0.08527253787565378,0.30593734040899706,0.658924925151144,0.5594639325472169
2018-08-19,5939.60009765625,8064.45117188,-0.8660254037844384,-0.5000000000000004,7083.4599609375,9854.171708333331,9813.929041666666,0.20591569823045094,0.08100885608518704,0.26858505362792734,0.5594639325472169,0.555131645176467
2018-08-20,6596.85009765625,7933.03320313,-0.8660254037844384,-0.5000000000000004,5939.60009765625,9813.929041666666,10516.315791666666,0.2419248591051374,0.07789830536466935,0.20591569823045094,0.555131645176467,0.6307464465416983
2018-08-21,7339.8701171875,7809.81103516,-0.8660254037844384,-0.5000000000000004,6596.85009765625,10516.315791666666,9843.918125,0.2826331549079726,0.07498174222639732,0.2419248591051374,0.6307464465416983,0.5583600924377164
2018-08-22,7863.465087890625,7738.09716797,-0.8660254037844384,-0.5000000000000004,7339.8701171875,9843.918125,9800.206541666666,0.31131967530846794,0.0732843364349312,0.2826331549079726,0.5583600924377164,0.5536543620247925
2018-08-23,7538.5400390625,7629.99023438,-0.8660254037844384,-0.5000000000000004,7863.465087890625,9800.206541666666,10225.363333333333,0.2935178063766044,0.07072553794359986,0.31131967530846794,0.5536543620247925,0.5994242264918458
2018-08-24,7026.02001953125,7611.66113281,-0.8660254037844384,-0.5000000000000004,7538.5400390625,10225.363333333333,9773.383125,0.2654380561524915,0.07029170381393478,0.2935178063766044,0.5994242264918458,0.5507667117050978
2018-08-26,5746.51513671875,7543.49121094,-0.8660254037844384,-0.5000000000000004,7026.02001953125,9773.383125,9083.924125,0.19533703345923606,0.06867818017171701,0.2654380561524915,0.5507667117050978,0.4765436354092094
2018-08-27,5955.85498046875,7554.45703125,-0.8660254037844384,-0.5000000000000004,5746.51513671875,9083.924125,9579.050791666668,0.20680626451450493,0.0689377317428665,0.19533703345923606,0.4765436354092094,0.5298460425953206
2018-08-28,6570.9599609375,7453.82324219,-0.8660254037844384,-0.5000000000000004,5955.85498046875,9579.050791666668,9536.944416666667,0.24050640022621292,0.06655581617952001,0.20680626451450493,0.5298460425953206,0.5253131194132773
2018-08-29,6686.0400390625,7507.74121094,-0.8660254037844384,-0.5000000000000004,6570.9599609375,9536.944416666667,9916.592041666669,0.24681136340106968,0.06783200830255617,0.24050640022621292,0.5253131194132773,0.5661837362823412
2018-08-30,6763.2451171875,7504.79296875,-0.8660254037844384,-0.5000000000000004,6686.0400390625,9916.592041666669,9905.52675,0.2510412456050193,0.0677622259359925,0.24681136340106968,0.5661837362823412,0.5649925124566876
2018-08-31,7576.925048828125,7613.671875,-0.8660254037844384,-0.5000000000000004,6763.2451171875,9905.52675,9550.198666666667,0.29562082956690766,0.07033929635875473,0.2510412456050193,0.5649925124566876,0.5267399935406653
2018-09-01,7217.77490234375,7783.57714844,-1.0,-1.8369701987210297e-16,7576.925048828125,9550.198666666667,8388.417083333334,0.27594384911362035,0.07436080860510458,0.29562082956690766,0.5267399935406653,0.40166946273476095
2018-09-02,6298.64990234375,8039.8359375,-1.0,-1.8369701987210297e-16,7217.77490234375,8388.417083333334,8270.512083333333,0.2255871811958628,0.08042623457790991,0.27594384911362035,0.40166946273476095,0.38897650809834783
2018-09-03,6248.31494140625,8125.98583984,-1.0,-1.8369701987210297e-16,6298.64990234375,8270.512083333333,9364.984958333333,0.22282944866483276,0.08246532895248505,0.2255871811958628,0.38897650809834783,0.5068009816419599
2018-09-04,6214.2099609375,7972.27490234,-1.0,-1.8369701987210297e-16,6248.31494140625,9364.984958333333,9558.595,0.22096091807780002,0.07882712276241964,0.22282944866483276,0.5068009816419599,0.5276438931048245
2018-09-05,5951.330078125,7691.72705078,-1.0,-1.8369701987210297e-16,6214.2099609375,9558.595,9612.263708333334,0.20655835590067712,0.07218679549127054,0.22096091807780002,0.5276438931048245,0.533421548677276
2018-09-06,5371.81494140625,7476.26220703,-1.0,-1.8369701987210297e-16,5951.330078125,9612.263708333334,9087.203125,0.17480810289585189,0.06708692725142763,0.20655835590067712,0.533421548677276,0.4768966331468185
2018-09-07,4961.7099609375,7272.18310547,-1.0,-1.8369701987210297e-16,5371.81494140625,9087.203125,8667.20675,0.15233942854482968,0.06225654977384193,0.17480810289585189,0.4768966331468185,0.43168230860305074
2018-09-08,4830.68994140625,7130.01416016,-1.0,-1.8369701987210297e-16,4961.7099609375,8667.20675,8617.019375,0.145161153974871,0.05889153264965769,0.15233942854482968,0.43168230860305074,0.42627943277763497
2018-09-09,4557.93994140625,6958.45996094,-1.0,-1.8369701987210297e-16,4830.68994140625,8617.019375,8133.596750000001,0.13021783160351957,0.0548309917429059,0.145161153974871,0.42627943277763497,0.37423701346258714
2018-09-10,5362.2099609375,6887.31103516,-1.0,-1.8369701987210297e-16,4557.93994140625,8133.596750000001,8639.656666666668,0.1742818689104621,0.05314695763056889,0.13021783160351957,0.37423701346258714,0.428716429649831
2018-09-11,5180.52490234375,6844.55908203,-1.0,-1.8369701987210297e-16,5362.2099609375,8639.656666666668,8155.611541666666,0.16432777761578096,0.05213505553014125,0.1742818689104621,0.428716429649831,0.37660699566821937
2018-09-12,4957.080078125,6796.05517578,-1.0,-1.8369701987210297e-16,5180.52490234375,8155.611541666666,7805.581041666667,0.15208576830135115,0.05098700962767512,0.16432777761578096,0.37660699566821937,0.3389247832271781
2018-09-13,4943.22509765625,6790.80322266,-1.0,-1.8369701987210297e-16,4957.080078125,7805.581041666667,7895.4288333333325,0.15132668694628862,0.05086270039723328,0.15208576830135115,0.3389247832271781,0.3485972648336144
2018-09-14,5134.75,6956.16796875,-1.0,-1.8369701987210297e-16,4943.22509765625,7895.4288333333325,7840.638416666666,0.1618198798257176,0.054776742251562836,0.15132668694628862,0.3485972648336144,0.342698852779332
2018-09-15,5062.080078125,7162.05322266,-1.0,-1.8369701987210297e-16,5134.75,7840.638416666666,7522.794291666666,0.157838468022678,0.0596498698077496,0.1618198798257176,0.342698852779332,0.30848163501863146
2018-09-16,4907.64501953125,7358.56103516,-1.0,-1.8369701987210297e-16,5062.080078125,7522.794291666666,7209.551833333334,0.1493773392747222,0.0643010413604162,0.157838468022678,0.30848163501863146,0.27475980546243367
2018-09-17,4936.33984375,7637.72509766,-1.0,-1.8369701987210297e-16,4907.64501953125,7209.551833333334,8258.405541666667,0.15094946029650053,0.07090861553015483,0.1493773392747222,0.27475980546243367,0.3876731894589446
2018-09-18,5396.39013671875,7931.95507813,-1.0,-1.8369701987210297e-16,4936.33984375,8258.405541666667,8049.943458333334,0.17615451926943068,0.07787278706966407,0.15094946029650053,0.3876731894589446,0.3652313950722591
2018-09-19,6513.89013671875,8306.11621094,-1.0,-1.8369701987210297e-16,5396.39013671875,8049.943458333334,8298.194625,0.2373796805892665,0.08672886049951499,0.17615451926943068,0.3652313950722591,0.3919566467319564
2018-09-20,7238.114990234375,8774.75292969,-1.0,-1.8369701987210297e-16,6513.89013671875,8298.194625,8180.707208333333,0.2770582340463838,0.09782109010125166,0.2373796805892665,0.3919566467319564,0.3793086466462996
2018-09-21,7271.33984375,9530.90234375,-1.0,-1.8369701987210297e-16,7238.114990234375,8180.707208333333,8915.501708333333,0.2788785445755311,0.11571849885817524,0.2770582340463838,0.3793086466462996,0.45841227461445894
2018-09-22,7198.4150390625,10162.79003906,-1.0,-1.8369701987210297e-16,7271.33984375,8915.501708333333,8872.910708333333,0.2748831683507349,0.13067473920055825,0.2788785445755311,0.45841227461445894,0.45382717957252283
2018-09-23,5472.4150390625,10441.546875,-1.0,-1.8369701987210297e-16,7198.4150390625,8872.910708333333,8382.424875,0.1803197424554001,0.13727267466653612,0.2748831683507349,0.45382717957252283,0.40102437704249233
2018-09-24,5597.080078125,10657.68164063,-1.0,-1.8369701987210297e-16,5472.4150390625,8382.424875,10192.325625,0.18714984279324817,0.14238839938328507,0.1803197424554001,0.40102437704249233,0.59586758230232
2018-09-25,7066.81005859375,10787.33984375,-1.0,-1.8369701987210297e-16,5597.080078125,10192.325625,10902.935125,0.26767284516532724,0.1454572979591196,0.18714984279324817,0.59586758230232,0.6723675962771656
2018-09-26,8010.419921875,10768.51660156,-1.0,-1.8369701987210297e-16,7066.81005859375,10902.935125,10385.684041666666,0.31937098037998746,0.14501176794436216,0.26767284516532724,0.6723675962771656,0.6166834053065916
2018-09-27,7715.510009765625,10700.83496094,-1.0,-1.8369701987210297e-16,8010.419921875,10385.684041666666,10186.410375,0.3032135692446719,0.14340980150096921,0.31937098037998746,0.6166834053065916,0.5952307814888427
2018-09-28,7231.155029296875,10556.28613281,-1.0,-1.8369701987210297e-16,7715.510009765625,10186.410375,10419.297083333331,0.2766769143764257,0.13998845458953513,0.3032135692446719,0.5952307814888427,0.6203019864784405
2018-09-29,6381.010009765625,10393.80957031,-1.0,-1.8369701987210297e-16,7231.155029296875,10419.297083333331,10035.502416666666,0.23009949516742725,0.13614277356616586,0.2766769143764257,0.6203019864784405,0.5789849236422822
2018-09-30,5292.8701171875,10111.99902344,-1.0,-1.8369701987210297e-16,6381.010009765625,10035.502416666666,9215.563416666666,0.1704829041502957,0.1294725593789148,0.23009949516742725,0.5789849236422822,0.49071514261835697
2018-10-01,5751.6298828125,10038.15234375,-0.8660254037844386,0.5000000000000001,5292.8701171875,9215.563416666666,10257.389333333334,0.19561725820617104,0.12772467174298172,0.1704829041502957,0.49071514261835697,0.6028719561486524
2018-10-02,6549.35986328125,10033.296875,-0.8660254037844386,0.5000000000000001,5751.6298828125,10257.389333333334,11556.173125,0.23932298236175825,0.1276097469578673,0.19561725820617104,0.6028719561486524,0.7426913340387634
2018-10-03,7430.574951171875,9882.70019531,-0.8660254037844386,0.5000000000000001,6549.35986328125,11556.173125,10490.171958333334,0.28760265655735273,0.1240452525818477,0.23932298236175825,0.7426913340387634,0.6279319561424623
2018-10-04,8456.39501953125,9717.16699219,-0.8660254037844386,0.5000000000000001,7430.574951171875,10490.171958333334,10799.505833333336,0.3438048929514715,0.12012722349395312,0.28760265655735273,0.6279319561424623,0.6612330107447344
2018-10-05,8072.22998046875,9528.54394531,-0.8660254037844386,0.5000000000000001,8456.39501953125,10799.505833333336,11416.625999999998,0.32275740615948706,0.11566267758779201,0.3438048929514715,0.6612330107447344,0.7276685162849202
2018-10-06,6187.22998046875,9391.50488281,-0.8660254037844386,0.5000000000000001,8072.22998046875,11416.625999999998,10062.1975,0.2194827492575716,0.11241908039440257,0.32275740615948706,0.7276685162849202,0.58185875835468
2018-10-07,5100.64013671875,9468.27929688,-0.8660254037844386,0.5000000000000001,6187.22998046875,10062.1975,8924.256416666667,0.1599510817210267,0.11423626499460786,0.2194827492575716,0.58185875835468,0.45935475471055354
2018-10-08,5658.5849609375,9977.2421875,-0.8660254037844386,0.5000000000000001,5100.64013671875,8924.256416666667,10535.199458333334,0.1905195487191121,0.1262829805327736,0.1599510817210267,0.45935475471055354,0.6327793503572207
2018-10-09,7201.0,10978.45800781,-0.8660254037844386,0.5000000000000001,5658.5849609375,10535.199458333334,11979.976833333334,0.2750247921989711,0.14998090115109827,0.1905195487191121,0.6327793503572207,0.7883155335605704
2018-10-10,7664.9150390625,12113.40136719,-0.8660254037844386,0.5000000000000001,7201.0,11979.976833333334,12393.688041666666,0.3004415913983442,0.1768440380405597,0.2750247921989711,0.7883155335605704,0.8328532342513861
2018-10-11,8174.159912109375,13054.59570313,-0.8660254037844386,0.5000000000000001,7664.9150390625,12393.688041666666,12272.871333333334,0.3283419041532384,0.19912130155065583,0.3004415913983442,0.8328532342513861,0.8198468223248713
2018-10-12,7418.47998046875,13606.19628906,-0.8660254037844386,0.5000000000000001,8174.159912109375,12272.871333333334,11602.428458333334,0.2869400019421782,0.21217721480454674,0.3283419041532384,0.8198468223248713,0.7476709095248936
2018-10-13,6727.375,13957.88183594,-0.8660254037844386,0.5000000000000001,7418.47998046875,11602.428458333334,11387.166666666666,0.24907600738455743,0.22050131037266693,0.2869400019421782,0.7476709095248936,0.7244970987740517
2018-10-14,5519.31494140625,13935.22460938,-0.8660254037844386,0.5000000000000001,6727.375,11387.166666666666,11651.50825,0.18288927631390628,0.21996503323285502,0.24907600738455743,0.7244970987740517,0.7529545494823985
2018-10-15,5535.89013671875,13823.85058594,-0.8660254037844386,0.5000000000000001,5519.31494140625,11651.50825,12578.446791666667,0.18379739175633636,0.2173289055240386,0.18288927631390628,0.7529545494823985,0.8527432680279893
2018-10-16,6823.60498046875,13692.91113281,-0.8660254037844386,0.5000000000000001,5535.89013671875,12578.446791666667,13119.263875,0.25434821864004187,0.21422968085825098,0.18379739175633636,0.8527432680279893,0.9109644351146032
2018-10-17,7111.2099609375,13686.9765625,-0.8660254037844386,0.5000000000000001,6823.60498046875,13119.263875,13121.24875,0.27010540998284943,0.2140892146637928,0.25434821864004187,0.9109644351146032,0.9111781150122662
2018-10-18,7927.9150390625,14202.69140625,-0.8660254037844386,0.5000000000000001,7111.2099609375,13121.24875,12147.338666666668,0.3148507345098582,0.22629574314742704,0.27010540998284943,0.9111781150122662,0.8063327182293032
2018-10-19,7822.43994140625,15119.00390625,-0.8660254037844386,0.5000000000000001,7927.9150390625,12147.338666666668,11454.022083333331,0.3090720053203912,0.24798407491974686,0.3148507345098582,0.8063327182293032,0.7316943573377129
2018-10-20,7732.635009765625,15730.87109375,-0.8660254037844386,0.5000000000000001,7822.43994140625,11454.022083333331,11401.088583333332,0.3041518071754121,0.26246644699597216,0.3090720053203912,0.7316943573377129,0.7259958499440777
2018-10-21,6546.824951171875,15810.65820313,-0.8660254037844386,0.5000000000000001,7732.635009765625,11401.088583333332,10660.269666666669,0.23918410056951833,0.26435493951286765,0.3041518071754121,0.7259958499440777,0.6462436689250656
2018-10-22,6666.68505859375,15409.43554688,-0.8660254037844386,0.5000000000000001,6546.824951171875,10660.269666666669,11832.817708333334,0.24575095015584242,0.25485834300968624,0.23918410056951833,0.6462436689250656,0.7724732529282033
2018-10-23,7184.73486328125,15205.72167969,-0.8660254037844386,0.5000000000000001,6666.68505859375,11832.817708333334,12694.170333333332,0.2741336641278349,0.2500366103167032,0.24575095015584242,0.7724732529282033,0.8652013797682889
2018-10-24,6567.9599609375,15093.47070313,-0.8660254037844386,0.5000000000000001,7184.73486328125,12694.170333333332,12481.969125,0.24034203737703216,0.24737972587891566,0.2741336641278349,0.8652013797682889,0.8423570533091309
2018-10-25,6537.1298828125,15199.55957031,-0.8660254037844386,0.5000000000000001,6567.9599609375,12481.969125,12981.807166666666,0.23865293088333528,0.24989075846741518,0.24034203737703216,0.8423570533091309,0.8961666592497486
2018-10-26,8491.719970703125,15534.02539063,-0.8660254037844386,0.5000000000000001,6537.1298828125,12981.807166666666,12888.568208333332,0.34574026282539844,0.2578072778618371,0.23865293088333528,0.8961666592497486,0.8861291047060786
2018-10-27,7992.18994140625,16269.62207031,-0.8660254037844386,0.5000000000000001,8491.719970703125,12888.568208333332,12012.981166666666,0.3183722032032029,0.2752182210057064,0.34574026282539844,0.8861291047060786,0.7918685847950816
2018-10-28,7757.35986328125,17045.68945313,-0.8660254037844386,0.5000000000000001,7992.18994140625,12012.981166666666,10006.38025,0.30550642296521385,0.2935870710173302,0.3183722032032029,0.7918685847950816,0.5758498034996754
2018-10-29,7534.364990234375,17509.63867188,-0.8660254037844386,0.5000000000000001,7757.35986328125,10006.38025,12370.468708333334,0.2932890654029846,0.3045683515103483,0.30550642296521385,0.5758498034996754,0.8303535782173947
2018-10-30,7601.074951171875,17460.50585938,-0.8660254037844386,0.5000000000000001,7534.364990234375,12370.468708333334,13436.108125,0.29694394515245964,0.30340541993579573,0.2932890654029846,0.8303535782173947,0.9450740122492314
2018-10-31,7487.715087890625,17450.98046875,-0.8660254037844386,0.5000000000000001,7601.074951171875,13436.108125,13028.713958333334,0.2907332284485768,0.30317996210100207,0.29694394515245964,0.9450740122492314,0.9012163668852577
2018-11-01,7902.139892578125,17404.1953125,-0.5000000000000004,0.8660254037844384,7487.715087890625,13028.713958333334,12977.930958333332,0.3134385756717837,0.30207259753839943,0.2907332284485768,0.9012163668852577,0.8957493695967544
2018-11-02,7795.385009765625,17275.1640625,-0.5000000000000004,0.8660254037844384,7902.139892578125,12977.930958333332,13200.770333333334,0.30758973010410984,0.29901853840573767,0.3134385756717837,0.8957493695967544,0.9197389381314363
2018-11-03,7487.1201171875,16774.484375,-0.5000000000000004,0.8660254037844384,7795.385009765625,13200.770333333334,13140.272,0.2907006314219286,0.2871678791883185,0.30758973010410984,0.9197389381314363,0.9132260455435172
2018-11-04,6742.9150390625,16201.52636719,-0.5000000000000004,0.8660254037844384,7487.1201171875,13140.272,12858.77504347826,0.24992740908345507,0.27360645405771,0.2907006314219286,0.9132260455435172,0.8829217488689164
2018-11-05,7407.47509765625,15675.515625,-0.5000000000000004,0.8660254037844384,6742.9150390625,12858.77504347826,12622.554125,0.28633707064419056,0.26115623047959563,0.24992740908345507,0.8829217488689164,0.8574916025441942
2018-11-06,7235.35009765625,15295.34277344,-0.5000000000000004,0.8660254037844384,7407.47509765625,12622.554125,12978.180166666669,0.27690675217244404,0.252157864817813,0.28633707064419056,0.8574916025441942,0.895776197891314
2018-11-07,6702.9150390625,14942.05371094,-0.5000000000000004,0.8660254037844384,7235.35009765625,12978.180166666669,12954.543166666668,0.2477359044277115,0.24379581540887027,0.27690675217244404,0.895776197891314,0.8932315783353927
2018-11-08,6993.85498046875,14750.87207031,-0.5000000000000004,0.8660254037844384,6702.9150390625,12954.543166666668,12794.579791666663,0.2636758103310504,0.23927070978086692,0.2477359044277115,0.8932315783353927,0.8760108679129119
2018-11-09,6840.22998046875,14650.94238281,-0.5000000000000004,0.8660254037844384,6993.85498046875,12794.579791666663,12816.633208333333,0.2552590627625853,0.2369054596981667,0.2636758103310504,0.8760108679129119,0.8783850082574941
2018-11-10,6216.68994140625,14946.17675781,-0.5000000000000004,0.8660254037844384,6840.22998046875,12816.633208333333,13005.706208333337,0.2210967902963855,0.24389340439562907,0.2552590627625853,0.8783850082574941,0.8987394886609594
2018-11-11,5862.580078125,15313.89746094,-0.5000000000000004,0.8660254037844384,6216.68994140625,13005.706208333337,13129.823666666663,0.20169595494574608,0.2525970383731576,0.2210967902963855,0.8987394886609594,0.9121012398013844
2018-11-12,6729.60009765625,15737.2890625,-0.5000000000000004,0.8660254037844384,5862.580078125,13129.823666666663,12995.968,0.24919791518138634,0.2626183548173261,0.20169595494574608,0.9121012398013844,0.8976911307743984
2018-11-13,7801.81005859375,16043.39257813,-0.5000000000000004,0.8660254037844384,6729.60009765625,12995.968,12876.062291666669,0.30794174321461526,0.26986356276074813,0.24919791518138634,0.8976911307743984,0.8847827917173443
2018-11-14,8299.22998046875,16564.24023438,-0.5000000000000004,0.8660254037844384,7801.81005859375,12876.062291666669,12895.618291666666,0.3351941950808318,0.2821915805184293,0.30794174321461526,0.8847827917173443,0.8868880749612242
2018-11-15,7665.169921875,16957.94726563,-0.5000000000000004,0.8660254037844384,8299.22998046875,12895.618291666666,12829.977208333332,0.3004555558201008,0.2915102886172985,0.3351941950808318,0.8868880749612242,0.8798215443388162
2018-11-16,6582.14013671875,17307.67382813,-0.5000000000000004,0.8660254037844384,7665.169921875,12829.977208333332,13235.943125,0.24111893540812895,0.29978801670361505,0.3004555558201008,0.8798215443388162,0.9235254327589838
2018-11-17,6895.41015625,17452.99804688,-0.5000000000000004,0.8660254037844384,6582.14013671875,13235.943125,13323.122083333334,0.25828225306581926,0.3032277164466647,0.24111893540812895,0.9235254327589838,0.9329106035606864
2018-11-18,6751.39501953125,17440.60742188,-0.5000000000000004,0.8660254037844384,6895.41015625,13323.122083333334,12193.362541666667,0.2503920070004021,0.30293444096928507,0.25828225306581926,0.9329106035606864,0.8112873762808441
2018-11-19,7649.68994140625,17374.41210938,-0.5000000000000004,0.8660254037844384,6751.39501953125,12193.362541666667,13143.061166666666,0.29960744458839866,0.3013676546389967,0.2503920070004021,0.8112873762808441,0.9135263107228851
2018-11-20,7491.85009765625,17327.88867188,-0.5000000000000004,0.8660254037844384,7649.68994140625,13143.061166666666,12487.249791666669,0.2909597757773996,0.3002664847349642,0.29960744458839866,0.9135263107228851,0.8429255386358775
2018-11-21,7769.68994140625,17319.91992188,-0.5000000000000004,0.8660254037844384,7491.85009765625,12487.249791666669,13495.24075,0.30618195855562935,0.3000778712501425,0.2909597757773996,0.8429255386358775,0.9514398807591081
2018-11-22,7499.945068359375,17312.28515625,-0.5000000000000004,0.8660254037844384,7769.68994140625,13495.24075,12558.784291666663,0.29140327992699977,0.2998971628891987,0.30618195855562935,0.9514398807591081,0.8506265196242869
2018-11-23,7448.294921875,17461.09375,-0.5000000000000004,0.8660254037844384,7499.945068359375,12558.784291666663,12605.78625,0.28857349151474115,0.30341933480306255,0.29140327992699977,0.8506265196242869,0.8556864723400124
2018-11-24,7438.93994140625,17836.74609375,-0.5000000000000004,0.8660254037844384,7448.294921875,12605.78625,12195.266208333334,0.28806095443344976,0.3123107039181838,0.28857349151474115,0.8556864723400124,0.8114923137698637
2018-11-25,6969.39990234375,18561.83984375,-0.5000000000000004,0.8660254037844384,7438.93994140625,12195.266208333334,12804.921541666668,0.26233597489186267,0.3294730517155079,0.28806095443344976,0.8114923137698637,0.8771241995240496
2018-11-26,7058.83984375,19415.60742188,-0.5000000000000004,0.8660254037844384,6969.39990234375,12804.921541666668,12434.999458333334,0.2672361760918934,0.3496809987760722,0.26233597489186267,0.8771241995240496,0.837300576923164
2018-11-27,7310.60498046875,20194.61132813,-0.5000000000000004,0.8660254037844384,7058.83984375,12434.999458333334,11942.423125,0.2810297878237198,0.3681193537812513,0.2672361760918934,0.837300576923164,0.7842727235329711
2018-11-28,7464.949951171875,20945.359375,-0.5000000000000004,0.8660254037844384,7310.60498046875,11942.423125,11804.202833333336,0.28948598087088234,0.38588891680471515,0.2810297878237198,0.7842727235329711,0.7693927448047005
2018-11-29,7251.56005859375,21654.84960938,-0.5000000000000004,0.8660254037844384,7464.949951171875,11804.202833333336,12834.680541666668,0.27779485729404285,0.40268194275651037,0.28948598087088234,0.7693927448047005,0.8803278773750739
2018-11-30,8231.85009765625,22235.95507813,-0.5000000000000004,0.8660254037844384,7251.56005859375,12834.680541666668,12801.305166666669,0.33150261190865554,0.4164362113067696,0.27779485729404285,0.8803278773750739,0.8767348819902449
2018-12-01,7740.7099609375,22410.6484375,-2.4492935982947064e-16,1.0,8231.85009765625,12801.305166666669,11700.202458333331,0.30459421450261376,0.42057105344461854,0.33150261190865554,0.8767348819902449,0.7581966798197973
2018-12-02,6621.260009765625,22506.14648438,-2.4492935982947064e-16,1.0,7740.7099609375,11700.202458333331,10716.144166666669,0.24326222000598705,0.42283141039090266,0.30459421450261376,0.7581966798197973,0.6522587869763123
2018-12-03,6160.35009765625,22324.83984375,-2.4492935982947064e-16,1.0,6621.260009765625,10716.144166666669,11584.248375,0.21801006454933575,0.4185400375519332,0.24326222000598705,0.6522587869763123,0.7457137493278178
2018-12-04,7157.7548828125,22100.8125,-2.4492935982947064e-16,1.0,6160.35009765625,11584.248375,11642.895708333335,0.2726554953076065,0.4132375022734976,0.21801006454933575,0.7457137493278178,0.7520273742084135
2018-12-05,7519.3701171875,21813.32617188,-2.4492935982947064e-16,1.0,7157.7548828125,11642.895708333335,12045.376083333334,0.2924675320506218,0.4064329472071064,0.2726554953076065,0.7520273742084135,0.7953560298372799
2018-12-06,7621.419921875,21393.18554688,-2.4492935982947064e-16,1.0,7519.3701171875,12045.376083333334,11773.878208333334,0.2980585976028813,0.3964885785926547,0.2924675320506218,0.7953560298372799,0.7661281751130735
2018-12-07,7719.419921875,20905.97070313,-2.4492935982947064e-16,1.0,7621.419921875,11773.878208333334,11297.147833333334,0.303427784009453,0.3849566206900298,0.2980585976028813,0.7661281751130735,0.7148062038338642
2018-12-08,6663.114990234375,20355.77734375,-2.4492935982947064e-16,1.0,7719.419921875,11297.147833333334,10330.28375,0.24555535462007008,0.37193401528285636,0.303427784009453,0.7148062038338642,0.6107193377185416
2018-12-09,6061.93994140625,19865.8671875,-2.4492935982947064e-16,1.0,6663.114990234375,10330.28375,10070.0395,0.21261840665947757,0.36033826164271826,0.24555535462007008,0.6107193377185416,0.5827029816722558
2018-12-10,6364.89990234375,19335.3671875,-2.4492935982947064e-16,1.0,6061.93994140625,10070.0395,10613.085208333334,0.22921686078193806,0.3477817811786673,0.21261840665947757,0.5827029816722558,0.6411640693392232
2018-12-11,7958.58984375,18994.48242188,-2.4492935982947064e-16,1.0,6364.89990234375,10613.085208333334,10959.972958333334,0.3165313339420252,0.3397133308487896,0.22921686078193806,0.6411640693392232,0.6785079519114414
2018-12-12,8128.2900390625,18642.90625,-2.4492935982947064e-16,1.0,7958.58984375,10959.972958333334,10999.234041666668,0.32582880314472357,0.33139182409320617,0.3165313339420252,0.6785079519114414,0.6827345678287177
2018-12-13,8399.52490234375,18259.02734375,-2.4492935982947064e-16,1.0,8128.2900390625,10999.234041666668,11860.737583333334,0.3406891147867443,0.3223057392922837,0.32582880314472357,0.6827345678287177,0.7754789414641375
2018-12-14,8295.469970703125,17587.15429688,-2.4492935982947064e-16,1.0,8399.52490234375,11860.737583333334,11784.250875,0.3349881931081566,0.30640307993819216,0.3406891147867443,0.7754789414641375,0.7672448350296049
2018-12-15,6940.72998046875,16845.015625,-2.4492935982947064e-16,1.0,8295.469970703125,11784.250875,10635.387833333332,0.260765218210141,0.28883729344417164,0.3349881931081566,0.7672448350296049,0.6435650379783642
2018-12-16,6099.60986328125,15972.32421875,-2.4492935982947064e-16,1.0,6940.72998046875,10635.387833333332,10037.2315,0.21468225188874154,0.2681814355860693,0.260765218210141,0.6435650379783642,0.5791710665226738
2018-12-17,6189.14990234375,15242.25488281,-2.4492935982947064e-16,1.0,6099.60986328125,10037.2315,10861.032375,0.21958793720076478,0.2509013199326608,0.21468225188874154,0.5791710665226738,0.6678565941577393
2018-12-18,7951.715087890625,14527.18261719,-2.4492935982947064e-16,1.0,6189.14990234375,10861.032375,11919.620333333332,0.3161546824552022,0.2339761720841364,0.21958793720076478,0.6678565941577393,0.7818179099100663
2018-12-19,8384.10986328125,13986.31054688,-2.4492935982947064e-16,1.0,7951.715087890625,11919.620333333332,12098.431375,0.33984456153989584,0.221174193602707,0.3161546824552022,0.7818179099100663,0.8010676486010869
2018-12-20,7119.199951171875,13524.921875,-2.4492935982947064e-16,1.0,8384.10986328125,12098.431375,11218.500999999998,0.2705431625027989,0.2102535190602082,0.33984456153989584,0.8010676486010869,0.706339551123652
2018-12-21,7280.35498046875,13197.20996094,-2.4492935982947064e-16,1.0,7119.199951171875,11218.500999999998,11644.954875,0.2793724624278137,0.20249685884016838,0.2705431625027989,0.706339551123652,0.7522490519073133
2018-12-22,6553.2451171875,12866.37597656,-2.4492935982947064e-16,1.0,7280.35498046875,11644.954875,10865.054916666666,0.23953584616236556,0.19466630189066492,0.2793724624278137,0.7522490519073133,0.6682896371915213
2018-12-23,5952.08984375,12623.24902344,-2.4492935982947064e-16,1.0,6553.2451171875,10865.054916666666,10792.1485,0.20659998164828866,0.18891169522311443,0.23953584616236556,0.6682896371915213,0.6604409637726381
2018-12-24,5755.72509765625,12415.46972656,-2.4492935982947064e-16,1.0,5952.08984375,10792.1485,10268.985583333331,0.19584162526607976,0.18399373729265647,0.20659998164828866,0.6604409637726381,0.6041203398067031
2018-12-25,5791.31005859375,12330.83007813,-2.4492935982947064e-16,1.0,5755.72509765625,10268.985583333331,9382.833791666666,0.19779124045530436,0.1819903893341354,0.19584162526607976,0.6041203398067031,0.5087224814240973
2018-12-26,6203.10009765625,12352.30175781,-2.4492935982947064e-16,1.0,5791.31005859375,9382.833791666666,10304.964916666666,0.22035223515016167,0.1824986055950822,0.19779124045530436,0.5087224814240973,0.6079936619376424
2018-12-27,6488.0400390625,12407.16308594,-2.4492935982947064e-16,1.0,6203.10009765625,10304.964916666666,10230.785666666668,0.23596341535513907,0.1837971262263663,0.22035223515016167,0.6079936619376424,0.6000079628136603
2018-12-28,6374.14501953125,12624.51953125,-2.4492935982947064e-16,1.0,6488.0400390625,10230.785666666668,10227.7555,0.22972337871592058,0.18894176705439755,0.23596341535513907,0.6000079628136603,0.5996817530003292
2018-12-29,5741.60986328125,12865.87988281,-2.4492935982947064e-16,1.0,6374.14501953125,10227.7555,9755.114333333331,0.19506828521983666,0.19465455977665885,0.22972337871592058,0.5996817530003292,0.5488000016937572
2018-12-30,5795.5849609375,13259.98925781,-2.4492935982947064e-16,1.0,5741.60986328125,9755.114333333331,9216.202208333334,0.19802545216503378,0.20398279100735975,0.19506828521983666,0.5488000016937572,0.49078391114935344
2018-12-31,5476.705078125,13657.46386719,-2.4492935982947064e-16,1.0,5795.5849609375,9216.202208333334,9190.094833333334,0.1805547834698699,0.21339067445247986,0.19802545216503378,0.49078391114935344,0.4879733456385539
2019-01-01,5589.2099609375,14198.48242188,0.49999999999999994,0.8660254037844387,5476.705078125,9190.094833333334,9235.3345,0.18671865783180683,0.22619612009367507,0.1805547834698699,0.4879733456385539,0.49284358046121995
2019-01-02,5943.81005859375,14844.60058594,0.49999999999999994,0.8660254037844387,5589.2099609375,9235.3345,9862.100041666668,0.20614635195532668,0.24148918343860976,0.18671865783180683,0.49284358046121995,0.5603174500006108
2019-01-03,7103.0400390625,15361.90234375,0.49999999999999994,0.8660254037844387,5943.81005859375,9862.100041666668,9091.118583333331,0.26965779943719637,0.2537332728183656,0.20614635195532668,0.5603174500006108,0.47731814822256374
2019-01-04,8262.43994140625,15552.76464844,0.49999999999999994,0.8660254037844387,7103.0400390625,9091.118583333331,8900.310041666666,0.33317855653357037,0.2582508200382784,0.26965779943719637,0.47731814822256374,0.4567768296727557
2019-01-05,7469.1201171875,16115.55273438,0.49999999999999994,0.8660254037844387,8262.43994140625,8900.310041666666,8412.422416666666,0.289714454326844,0.27157153183188104,0.33317855653357037,0.4567768296727557,0.40425373487785893
2019-01-06,7460.175048828125,16833.47265625,0.49999999999999994,0.8660254037844387,7469.1201171875,8412.422416666666,8602.444416666667,0.2892243753529561,0.288564081263952,0.289714454326844,0.40425373487785893,0.42471037900593234
2019-01-07,9117.66015625,17385.56640625,0.49999999999999994,0.8660254037844387,7460.175048828125,8602.444416666667,8608.241041666666,0.38003403359647264,0.30163166728883345,0.2892243753529561,0.42471037900593234,0.4253344093538335
2019-01-08,9051.384765625,17644.97851563,0.49999999999999994,0.8660254037844387,9117.66015625,8608.241041666666,9398.187708333331,0.37640296291857483,0.3077717296518272,0.38003403359647264,0.4253344093538335,0.5103753932407398
2019-01-09,8337.31005859375,17695.91210938,0.49999999999999994,0.8660254037844387,9051.384765625,9398.187708333331,10106.9955,0.3372805117933822,0.30897728417564585,0.37640296291857483,0.5103753932407398,0.5866814459574283
2019-01-10,7913.64501953125,17561.953125,0.49999999999999994,0.8660254037844387,8337.31005859375,10106.9955,11283.858541666666,0.314068914153851,0.3058065897923253,0.3372805117933822,0.5866814459574283,0.7133755573279902
2019-01-11,8104.844970703125,17206.54296875,0.49999999999999994,0.8660254037844387,7913.64501953125,11283.858541666666,11258.558291666666,0.32454430373312865,0.29739433591168735,0.314068914153851,0.7133755573279902,0.710651882118797
2019-01-12,7702.8701171875,16854.67578125,0.49999999999999994,0.8660254037844387,8104.844970703125,11258.558291666666,11209.398041666667,0.3025210596588454,0.28906594106572264,0.32454430373312865,0.710651882118797,0.7053595804932111
2019-01-13,7124.6650390625,16330.55273438,0.49999999999999994,0.8660254037844387,7702.8701171875,11209.398041666667,10667.852,0.2708425816417077,0.27666039761844263,0.3025210596588454,0.7053595804932111,0.6470599380657988
2019-01-14,7578.47998046875,15904.81738281,0.49999999999999994,0.8660254037844387,7124.6650390625,10667.852,11513.238958333332,0.29570602056515244,0.2665836066196782,0.2708425816417077,0.6470599380657988,0.7380692957040684
2019-01-15,8898.6748046875,15561.16699219,0.49999999999999994,0.8660254037844387,7578.47998046875,11513.238958333332,11576.929791666667,0.3680363481592511,0.2584496963156565,0.29570602056515244,0.7380692957040684,0.7449258739514318
2019-01-16,9350.7451171875,15325.49511719,0.49999999999999994,0.8660254037844387,8898.6748046875,11576.929791666667,12088.136874999998,0.39280420302343105,0.25287154495964564,0.3680363481592511,0.7449258739514318,0.7999594036453634
2019-01-17,8964.41015625,15063.02636719,0.49999999999999994,0.8660254037844387,9350.7451171875,12088.136874999998,11866.6375,0.37163783138415507,0.2466591345321266,0.39280420302343105,0.7999594036453634,0.7761140915816781
2019-01-18,8150.7099609375,14628.49902344,0.49999999999999994,0.8660254037844387,8964.41015625,11866.6375,11693.179291666667,0.32705713722398533,0.23637424461149922,0.37163783138415507,0.7761140915816781,0.757440607253715
2019-01-19,8204.534912109375,14340.77734375,0.49999999999999994,0.8660254037844387,8150.7099609375,11693.179291666667,10806.042375,0.33000607800119364,0.229564118975097,0.32705713722398533,0.757440607253715,0.6619366961427582
2019-01-20,7168.77490234375,13946.95800781,0.49999999999999994,0.8660254037844387,8204.534912109375,10806.042375,11066.8935,0.2732592559103345,0.2202427527204389,0.33000607800119364,0.6619366961427582,0.6900183847605633
2019-01-21,7398.544921875,13474.50976563,0.49999999999999994,0.8660254037844387,7168.77490234375,11066.8935,11384.122541666666,0.2858478075991601,0.20906030762485284,0.2732592559103345,0.6900183847605633,0.724169386289148
2019-01-22,7575.60498046875,13065.671875,0.49999999999999994,0.8660254037844387,7398.544921875,11384.122541666666,12107.347208333333,0.29554850616802086,0.19938346504868062,0.2858478075991601,0.724169386289148,0.8020274744612778
2019-01-23,8100.659912109375,12708.00195313,0.49999999999999994,0.8660254037844387,7575.60498046875,12107.347208333333,12313.236333333334,0.3243150143483096,0.1909177244519996,0.29554850616802086,0.8020274744612778,0.8241922793784212
2019-01-24,8483.77490234375,12408.06640625,0.49999999999999994,0.8660254037844387,8100.659912109375,12313.236333333334,11677.915875,0.3453049714679042,0.18381850704413313,0.3243150143483096,0.8241922793784212,0.7557974381315686
2019-01-25,7948.81494140625,12133.01074219,0.49999999999999994,0.8660254037844387,8483.77490234375,11677.915875,11710.82125,0.315995790342131,0.177308175145366,0.3453049714679042,0.7557974381315686,0.7593398360974662
2019-01-26,7008.68994140625,11913.77734375,0.49999999999999994,0.8660254037844387,7948.81494140625,11710.82125,10347.190458333333,0.26448858248010804,0.1721191084449337,0.315995790342131,0.7593398360974662,0.6125394138978898
2019-01-27,6221.85498046875,11770.27929688,0.49999999999999994,0.8660254037844387,7008.68994140625,10347.190458333333,10684.631875,0.22137977047519963,0.16872263262560738,0.26448858248010804,0.6125394138978898,0.6488663601189743
2019-01-28,6812.5849609375,11765.97363281,0.49999999999999994,0.8660254037844387,6221.85498046875,10684.631875,11195.594416666669,0.2537444580373139,0.16862072124619226,0.22137977047519963,0.6488663601189743,0.703873563904067
2019-01-29,7697.48486328125,11757.29003906,0.49999999999999994,0.8660254037844387,6812.5849609375,11195.594416666669,10663.75125,0.3022260144336477,0.16841518802229097,0.2537444580373139,0.703873563904067,0.6466184755856216
2019-01-30,8094.455078125,11832.79199219,0.49999999999999994,0.8660254037844387,7697.48486328125,10663.75125,10731.970458333331,0.32397506628418776,0.17020225456229948,0.3022260144336477,0.6466184755856216,0.6539625518903329
2019-01-31,8761.4501953125,11865.99804688,0.49999999999999994,0.8660254037844387,8094.455078125,10731.970458333331,10671.741833333332,0.3605181389010535,0.17098821342564202,0.32397506628418776,0.6539625518903329,0.6474786945056713
2019-02-01,9562.3701171875,11917.59472656,0.8660254037844386,0.5000000000000001,8761.4501953125,10671.741833333332,10814.514666666668,0.4043986323427244,0.17220946262528727,0.3605181389010535,0.6474786945056713,0.662848772931626
2019-02-02,8363.08984375,12058.23535156,0.8660254037844386,0.5000000000000001,9562.3701171875,10814.514666666668,9772.132416666667,0.338692924773232,0.17553830571720888,0.4043986323427244,0.662848772931626,0.5506320678465814
2019-02-03,6503.284912109375,12204.80566406,0.8660254037844386,0.5000000000000001,8363.08984375,9772.132416666667,9176.517125,0.23679864561160022,0.17900749943165958,0.338692924773232,0.5506320678465814,0.4865116499009562
2019-02-04,6720.14501953125,11800.65234375,0.8660254037844386,0.5000000000000001,6503.284912109375,9176.517125,10234.904833333334,0.24867989398810242,0.16944153662119052,0.23679864561160022,0.4865116499009562,0.6004514079231961
2019-02-05,7389.27001953125,11981.64453125,0.8660254037844386,0.5000000000000001,6720.14501953125,10234.904833333334,10297.837416666667,0.28533965780746273,0.1737254666239984,0.24867989398810242,0.6004514079231961,0.6072263574622511
2019-02-06,6912.4150390625,11507.2109375,0.8660254037844386,0.5000000000000001,7389.27001953125,10297.837416666667,10566.470041666666,0.25921391006216843,0.162496029957813,0.28533965780746273,0.6072263574622511,0.6361457563256202
2019-02-07,6298.7900390625,11355.69433594,0.8660254037844386,0.5000000000000001,6912.4150390625,10566.470041666666,10172.599958333334,0.22559485895265233,0.15890976181932567,0.25921391006216843,0.6361457563256202,0.5937440337490526
2019-02-08,6370.580078125,11219.2421875,0.8660254037844386,0.5000000000000001,6298.7900390625,10172.599958333334,9740.092625,0.22952806407368934,0.15568005637886453,0.22559485895265233,0.5937440337490526,0.5471828534605491
2019-02-09,6025.18505859375,11181.25,0.8660254037844386,0.5000000000000001,6370.580078125,9740.092625,8541.23725,0.21060469423935502,0.15478081385269996,0.22952806407368934,0.5471828534605491,0.41812117761563183
2019-02-10,5681.83984375,11293.54394531,0.8660254037844386,0.5000000000000001,6025.18505859375,8541.23725,8218.508749999999,0.19179362831792118,0.1574387153239841,0.21060469423935502,0.41812117761563183,0.38337813694409417
2019-02-11,6447.8349609375,11687.67578125,0.8660254037844386,0.5000000000000001,5681.83984375,8218.508749999999,9454.223875,0.23376067495775227,0.16676747818589008,0.19179362831792118,0.38337813694409417,0.5164079153687116
2019-02-12,6800.75,12069.0546875,0.8660254037844386,0.5000000000000001,6447.8349609375,9454.223875,9494.117666666669,0.253096048737437,0.17579439012882925,0.23376067495775227,0.5164079153687116,0.5207026449213136
2019-02-13,6900.06005859375,12444.90136719,0.8660254037844386,0.5000000000000001,6800.75,9494.117666666669,8991.871416666667,0.2585370101316963,0.18469035900914196,0.253096048737437,0.5207026449213136,0.4666337855213
2019-02-14,6289.1201171875,12897.73339844,0.8660254037844386,0.5000000000000001,6900.06005859375,8991.871416666667,8829.081291666667,0.22506506698240883,0.19540850519931563,0.2585370101316963,0.4666337855213,0.4491087639201719
2019-02-15,6132.0849609375,13334.83105469,0.8660254037844386,0.5000000000000001,6289.1201171875,8829.081291666667,9028.375458333334,0.21646148508147653,0.20575423221455705,0.22506506698240883,0.4491087639201719,0.470563594646619
2019-02-16,6490.64501953125,13961.25097656,0.8660254037844386,0.5000000000000001,6132.0849609375,9028.375458333334,8021.900375,0.2361061360257737,0.22058105504444014,0.21646148508147653,0.470563594646619,0.36221244265620245
2019-02-17,5631.47998046875,14535.54882813,0.8660254037844386,0.5000000000000001,6490.64501953125,8021.900375,7757.269458333333,0.18903453144683446,0.2341741931288607,0.2361061360257737,0.36221244265620245,0.33372384403322286
2019-02-18,6206.7548828125,15029.1953125,0.8660254037844386,0.5000000000000001,5631.47998046875,7757.269458333333,8671.937375,0.22055247211730328,0.2458583824542883,0.18903453144683446,0.33372384403322286,0.43219157969865213
2019-02-19,6245.5048828125,15470.55761719,0.8660254037844386,0.5000000000000001,6206.7548828125,8671.937375,9443.026916666668,0.22267549225255487,0.2563050500441252,0.22055247211730328,0.43219157969865213,0.5152025170888185
2019-02-20,6472.10498046875,15920.68554688,0.8660254037844386,0.5000000000000001,6245.5048828125,9443.026916666668,9575.156458333331,0.23509037147769532,0.26695919246726596,0.22267549225255487,0.5152025170888185,0.5294268017120746
2019-02-21,7235.77001953125,16461.47070313,0.8660254037844386,0.5000000000000001,6472.10498046875,9575.156458333331,9495.262333333334,0.2769297586910468,0.2797591137673637,0.23509037147769532,0.5294268017120746,0.5208258729614629
2019-02-22,7263.9951171875,17112.140625,0.8660254037844386,0.5000000000000001,7235.77001953125,9495.262333333334,9253.926333333333,0.278476144514109,0.29515991331968455,0.2769297586910468,0.5208258729614629,0.49484506722690197
2019-02-23,8295.455078125,17731.39648438,0.8660254037844386,0.5000000000000001,7263.9951171875,9253.926333333333,9851.721291666669,0.33498737717929916,0.30981716892864597,0.278476144514109,0.49484506722690197,0.5592001351884088
2019-02-24,7461.284912109375,18283.078125,0.8660254037844386,0.5000000000000001,8295.455078125,9851.721291666669,9159.333916666666,0.28928518211665855,0.32287500067760094,0.33498737717929916,0.5592001351884088,0.4846618073677045
2019-02-25,7177.739990234375,18868.58398438,0.8660254037844386,0.5000000000000001,7461.284912109375,9159.333916666666,9757.429041666666,0.2737504317066209,0.3367334227037881,0.28928518211665855,0.4846618073677045,0.5490491894964081
2019-02-26,7415.550048828125,19244.6484375,0.8660254037844386,0.5000000000000001,7177.739990234375,9757.429041666666,9880.616666666669,0.2867794779713922,0.3456345460945992,0.2737504317066209,0.5490491894964081,0.5623108402821466
2019-02-27,6599.324951171875,20107.09765625,0.8660254037844386,0.5000000000000001,7415.550048828125,9880.616666666669,10115.212958333334,0.24206045043018176,0.3660479801501513,0.2867794779713922,0.5623108402821466,0.5875660888975208
2019-02-28,6112.7099609375,20539.9296875,0.8660254037844386,0.5000000000000001,6599.324951171875,10115.212958333334,9957.3495,0.21539997501385072,0.37629274347645875,0.24206045043018176,0.5875660888975208,0.5705714430778162
2019-03-01,6739.8349609375,20890.83007813,1.0,6.123233995736766e-17,6112.7099609375,9957.3495,9867.43775,0.2497586589446803,0.3845982550688686,0.21539997501385072,0.5705714430778162,0.560892076095665
2019-03-02,6401.4951171875,21029.54101563,1.0,6.123233995736766e-17,6739.8349609375,9867.43775,9203.179458333334,0.23122182537463842,0.3878814241110343,0.2497586589446803,0.560892076095665,0.48938195894214126
2019-03-03,5403.16015625,21016.36132813,1.0,6.123233995736766e-17,6401.4951171875,9203.179458333334,8493.101291666668,0.1765254325024859,0.38756947220035376,0.23122182537463842,0.48938195894214126,0.41293914516997426
2019-03-04,5581.875,21128.94921875,1.0,6.123233995736766e-17,5403.16015625,8493.101291666668,8375.20075,0.18631679280570113,0.3902343311052713,0.1765254325024859,0.41293914516997426,0.40024667049134705
2019-03-05,5942.9599609375,21240.8515625,1.0,6.123233995736766e-17,5581.875,8375.20075,9567.749666666668,0.20609977713103897,0.392882963703157,0.18631679280570113,0.40024667049134705,0.5286294303484657
2019-03-06,6592.68505859375,21484.59960938,1.0,6.123233995736766e-17,5942.9599609375,9567.749666666668,9875.116458333334,0.24169666654271682,0.39865227112784934,0.20609977713103897,0.5286294303484657,0.5617187203986316
2019-03-07,7164.27001953125,22146.81445313,1.0,6.123233995736766e-17,6592.68505859375,9875.116458333334,10548.366,0.2730124441189052,0.41432632908930345,0.24169666654271682,0.5617187203986316,0.6341967823244268
2019-03-08,8378.16015625,22885.6015625,1.0,6.123233995736766e-17,7164.27001953125,10548.366,11249.430583333333,0.3395185912734135,0.4318127869703536,0.2730124441189052,0.6341967823244268,0.7096692470498058
2019-03-09,7646.989990234375,23926.26367188,1.0,6.123233995736766e-17,8378.16015625,11249.430583333333,10045.6595,0.2994595206993126,0.4564443674531207,0.3395185912734135,0.7096692470498058,0.5800783751327895
2019-03-10,6516.39013671875,24524.484375,1.0,6.123233995736766e-17,7646.989990234375,10045.6595,9376.484041666668,0.23751664963025046,0.4706037389364706,0.2994595206993126,0.5800783751327895,0.5080389049116293
2019-03-11,5902.22998046875,25311.359375,1.0,6.123233995736766e-17,6516.39013671875,9376.484041666668,10210.549083333332,0.20386827858539872,0.48922839598670637,0.23751664963025046,0.5080389049116293,0.5978294119952383
2019-03-12,5988.14990234375,25993.18164063,1.0,6.123233995736766e-17,5902.22998046875,10210.549083333332,10246.226541666669,0.20857562630565338,0.5053665448242899,0.20386827858539872,0.5978294119952383,0.6016702360499228
2019-03-13,6977.5849609375,26050.63476563,1.0,6.123233995736766e-17,5988.14990234375,10246.226541666669,10611.50875,0.2627844147422561,0.5067264110668179,0.20857562630565338,0.6016702360499228,0.640994357163224
2019-03-14,7143.81005859375,25818.33789063,1.0,6.123233995736766e-17,6977.5849609375,10611.50875,11281.509166666665,0.2718914916276336,0.5012281430690846,0.2627844147422561,0.640994357163224,0.7131226375171345
2019-03-15,7255.949951171875,25722.29492188,1.0,6.123233995736766e-17,7143.81005859375,11281.509166666665,10922.432125,0.2780353690446222,0.49895488828903023,0.2718914916276336,0.7131226375171345,0.6744665279301586
2019-03-16,6583.2900390625,25059.54882813,1.0,6.123233995736766e-17,7255.949951171875,10922.432125,10054.87425,0.24118193581662842,0.48326825609525464,0.2780353690446222,0.6744665279301586,0.5810703805925741
2019-03-17,6004.8349609375,24882.5390625,1.0,6.123233995736766e-17,6583.2900390625,10054.87425,9217.321166666668,0.2094897608953923,0.479078586605944,0.24118193581662842,0.5810703805925741,0.49090437158245676
2019-03-18,6110.08984375,24689.71289063,1.0,6.123233995736766e-17,6004.8349609375,9217.321166666668,10869.279458333333,0.21525642503847572,0.4745145563325351,0.2094897608953923,0.49090437158245676,0.6687444263500357
2019-03-19,7669.590087890625,24267.26953125,1.0,6.123233995736766e-17,6110.08984375,10869.279458333333,10924.189666666667,0.30069772618016083,0.464515683968307,0.21525642503847572,0.6687444263500357,0.6746557344663243
2019-03-20,8407.6201171875,24092.91796875,1.0,6.123233995736766e-17,7669.590087890625,10924.189666666667,10947.247666666668,0.34113263231222735,0.4603889318695172,0.30069772618016083,0.6746557344663243,0.6771380223082855
2019-03-21,7289.16015625,24043.32421875,1.0,6.123233995736766e-17,8407.6201171875,10947.247666666668,10317.657625,0.2798548770207949,0.459215090299274,0.34113263231222735,0.6771380223082855,0.609360083811933
2019-03-22,6399.044921875,24344.01757813,1.0,6.123233995736766e-17,7289.16015625,10317.657625,9276.654583333331,0.2310875850137678,0.46633224447971655,0.2798548770207949,0.609360083811933,0.49729185613504867
2019-03-23,5882.7900390625,24032.13476563,1.0,6.123233995736766e-17,6399.044921875,9276.654583333331,8466.550291666666,0.20280321053291925,0.45895024553112185,0.2310875850137678,0.49729185613504867,0.4100808216166778
2019-03-24,5456.27490234375,23824.05859375,1.0,6.123233995736766e-17,5882.7900390625,8466.550291666666,8760.671041666666,0.17943546283631318,0.45402526082377836,0.20280321053291925,0.4100808216166778,0.44174412120005246
2019-03-25,5926.60009765625,23248.00976563,1.0,6.123233995736766e-17,5456.27490234375,8760.671041666666,9438.750833333334,0.2052034592173343,0.4403906786246677,0.17943546283631318,0.44174412120005246,0.5147421792594513
2019-03-26,6906.52001953125,22768.91210938,1.0,6.123233995736766e-17,5926.60009765625,9438.750833333334,10772.46925,0.2588909359934576,0.4290508475953072,0.2052034592173343,0.5147421792594513,0.6583224121630489
2019-03-27,6581.98486328125,22160.13867188,1.0,6.123233995736766e-17,6906.52001953125,10772.46925,10836.695833333331,0.2411104283465991,0.4146417019308362,0.2588909359934576,0.6583224121630489,0.6652366660852894
2019-03-28,6088.77001953125,21601.5390625,1.0,6.123233995736766e-17,6581.98486328125,10836.695833333331,10213.234583333331,0.2140883626876001,0.401420127788694,0.2411104283465991,0.6652366660852894,0.5981185170346861
2019-03-29,6123.4599609375,21103.25585938,1.0,6.123233995736766e-17,6088.77001953125,10213.234583333331,9998.397458333333,0.2159889418900818,0.38962619130322557,0.2140883626876001,0.5981185170346861,0.5749904233843541
2019-03-30,5751.419921875,20479.55664063,1.0,6.123233995736766e-17,6123.4599609375,9998.397458333333,9407.886666666667,0.19560575494686966,0.37486376518507625,0.2159889418900818,0.5749904233843541,0.5114195257045496
2019-03-31,5373.14990234375,19829.81054688,1.0,6.123233995736766e-17,5751.419921875,9407.886666666667,8772.684791666667,0.17488124222359608,0.3594848318528137,0.19560575494686966,0.5114195257045496,0.4430374504376862
2019-04-01,6369.98486328125,19190.17578125,0.8660254037844387,-0.49999999999999983,5373.14990234375,8772.684791666667,9761.998291666669,0.2294954536711582,0.344345224993698,0.17488124222359608,0.4430374504376862,0.5495410879143926
2019-04-02,7047.97509765625,18439.32617188,0.8660254037844387,-0.49999999999999983,6369.98486328125,9761.998291666669,10231.390166666666,0.26664092255069527,0.3265732580728786,0.2294954536711582,0.5495410879143926,0.6000730397067325
2019-04-03,7355.22998046875,17743.82226563,0.8660254037844387,-0.49999999999999983,7047.97509765625,10231.390166666666,10251.277291666667,0.2834746852052837,0.31011127652434095,0.26664092255069527,0.6000730397067325,0.6022139699087908
2019-04-04,7634.2900390625,17112.82226563,0.8660254037844387,-0.49999999999999983,7355.22998046875,10251.277291666667,10880.072666666669,0.2987637206462906,0.29517604716936235,0.2834746852052837,0.6022139699087908,0.6699063592939855
2019-04-05,7557.425048828125,16667.75585938,0.8660254037844387,-0.49999999999999983,7634.2900390625,10880.072666666669,10758.328958333334,0.29455247104723264,0.2846417066692993,0.2987637206462906,0.6699063592939855,0.6568001520326842
2019-04-06,6627.919921875,16325.50585938,0.8660254037844387,-0.49999999999999983,7557.425048828125,10758.328958333334,9968.761208333332,0.2436271007158505,0.27654094241138893,0.29455247104723264,0.6568001520326842,0.5717999600719975
2019-04-07,5679.85498046875,16051.62988281,0.8660254037844387,-0.49999999999999983,6627.919921875,9968.761208333332,9742.679916666666,0.19168488238987436,0.27005853270474606,0.2436271007158505,0.5717999600719975,0.5474613859719453
2019-04-08,6086.89013671875,15623.55273438,0.8660254037844387,-0.49999999999999983,5679.85498046875,9742.679916666666,10613.4455,0.21398536838920396,0.25992631338077254,0.19168488238987436,0.5474613859719453,0.6412028562081504
2019-04-09,5770.7900390625,15274.53125,0.8660254037844387,-0.49999999999999983,6086.89013671875,10613.4455,10230.868666666667,0.19666699749683728,0.25166527388944077,0.21398536838920396,0.6412028562081504,0.6000168981025353
2019-04-10,5763.39013671875,15356.96582031,0.8660254037844387,-0.49999999999999983,5770.7900390625,10230.868666666667,10437.962375,0.1962615744858779,0.25361642953818714,0.19666699749683728,0.6000168981025353,0.6223113813336242
2019-04-11,6165.39013671875,15500.37988281,0.8660254037844387,-0.49999999999999983,5763.39013671875,10437.962375,10709.828041666666,0.21828619627610069,0.25701091751943395,0.1962615744858779,0.6223113813336242,0.6515788303323792
2019-04-12,5876.4599609375,15832.87695313,0.8660254037844387,-0.49999999999999983,6165.39013671875,10709.828041666666,10064.02775,0.2024564006408653,0.26488083828819403,0.21828619627610069,0.6515788303323792,0.5820557922397849
2019-04-13,6228.1201171875,16260.60253906,0.8660254037844387,-0.49999999999999983,5876.4599609375,10064.02775,9355.40275,0.2217230223823999,0.27500473642901363,0.2024564006408653,0.5820557922397849,0.5057694177923211
2019-04-14,5420.64013671875,16824.26367188,0.8660254037844387,-0.49999999999999983,6228.1201171875,9355.40275,9569.317791666666,0.17748311896697522,0.2883461124942335,0.2217230223823999,0.5057694177923211,0.5287982454071077
2019-04-15,5686.27001953125,17441.59179688,0.8660254037844387,-0.49999999999999983,5420.64013671875,9569.317791666666,10294.05475,0.1920363470891805,0.30295774028211603,0.17748311896697522,0.5287982454071077,0.6068191379515884
2019-04-16,6679.8798828125,18152.80664063,0.8660254037844387,-0.49999999999999983,5686.27001953125,10294.05475,10157.302125,0.24647386312352013,0.31979158626004234,0.1920363470891805,0.6068191379515884,0.592097159532222
2019-04-17,6716.14013671875,18819.72265625,0.8660254037844387,-0.49999999999999983,6679.8798828125,10157.302125,9595.109916666666,0.2484604760048699,0.33557691693166386,0.24647386312352013,0.592097159532222,0.5315748729682943
2019-04-18,6284.64501953125,19443.24804688,0.8660254037844387,-0.49999999999999983,6716.14013671875,9595.109916666666,9040.702791666668,0.22481988704869438,0.35033522868714984,0.2484604760048699,0.5315748729682943,0.4718906824103946
2019-04-19,5418.64501953125,19830.21484375,0.8660254037844387,-0.49999999999999983,6284.64501953125,9040.702791666668,8369.273083333333,0.1773738112518462,0.3594944012133224,0.22481988704869438,0.4718906824103946,0.3996085329730079
2019-04-20,5208.6650390625,20214.45117188,0.8660254037844387,-0.49999999999999983,5418.64501953125,8369.273083333333,7627.350541666667,0.165869508631591,0.36858894588390295,0.1773738112518462,0.3996085329730079,0.3197375422168289
2019-04-21,5290.89990234375,20362.57421875,0.8660254037844387,-0.49999999999999983,5208.6650390625,7627.350541666667,7713.35925,0.17037496077522338,0.37209489149049835,0.165869508631591,0.3197375422168289,0.32899673082809633
2019-04-22,5647.22509765625,20316.16796875,0.8660254037844387,-0.49999999999999983,5290.89990234375,7713.35925,8617.135124999999,0.18989716888737534,0.3709964953141838,0.17037496077522338,0.32899673082809633,0.4262918937377228
2019-04-23,5807.5,20073.71875,0.8660254037844387,-0.49999999999999983,5647.22509765625,8617.135124999999,8917.540208333334,0.19867824875450465,0.36525793003848395,0.18989716888737534,0.4262918937377228,0.45863172746231384
2019-04-24,5668.8701171875,19670.63867188,0.8660254037844387,-0.49999999999999983,5807.5,8917.540208333334,9687.978583333334,0.1910830479142852,0.3557173699510911,0.19867824875450465,0.45863172746231384,0.5415725641022087
2019-04-25,5492.2900390625,19181.22460938,0.8660254037844387,-0.49999999999999983,5668.8701171875,9687.978583333334,9668.352833333332,0.1814086463312227,0.344133358424959,0.1910830479142852,0.5415725641022087,0.5394597719860508
2019-04-26,6327.39990234375,18708.26171875,0.8660254037844387,-0.49999999999999983,5492.2900390625,9668.352833333332,8898.963875,0.22716232516717846,0.3329387320415158,0.1814086463312227,0.5394597719860508,0.4566319093349155
2019-04-27,6531.89501953125,18215.84570313,0.8660254037844387,-0.49999999999999983,6327.39990234375,8898.963875,8434.743833333332,0.23836612520200928,0.32128366685712684,0.22716232516717846,0.4566319093349155,0.4066567265166398
2019-04-28,5695.72509765625,17597.0625,0.8660254037844387,-0.49999999999999983,6531.89501953125,8434.743833333332,7786.03975,0.19255436828246442,0.30663759861662787,0.23836612520200928,0.4066567265166398,0.3368210833954329
2019-04-29,6166.23486328125,17053.15039063,0.8660254037844387,-0.49999999999999983,5695.72509765625,7786.03975,8449.592666666666,0.21833247683096443,0.2937636650153741,0.19255436828246442,0.3368210833954329,0.40825526405027845
2019-04-30,6416.39013671875,16546.56640625,0.8660254037844387,-0.49999999999999983,6166.23486328125,8449.592666666666,8069.818,0.23203788799089156,0.2817732561496464,0.21833247683096443,0.40825526405027845,0.3673709706271083
2019-05-01,5926.56494140625,16080.84472656,0.49999999999999994,-0.8660254037844387,6416.39013671875,8069.818,7833.127083333334,0.20520153309019545,0.270750023024835,0.23203788799089156,0.3673709706271083,0.34189022707847994
2019-05-02,6305.594970703125,15601.64160156,0.49999999999999994,-0.8660254037844387,5926.56494140625,7833.127083333334,8189.261125,0.22596768493696348,0.25940769564052835,0.20520153309019545,0.34189022707847994,0.3802295106996787
2019-05-03,7147.76513671875,15218.48144531,0.49999999999999994,-0.8660254037844387,6305.594970703125,8189.261125,8681.898,0.2721081809307528,0.2503386230362761,0.22596768493696348,0.3802295106996787,0.4332638816474696
2019-05-04,6430.64501953125,14859.49902344,0.49999999999999994,-0.8660254037844387,7147.76513671875,8681.898,8814.718708333334,0.23281887904215837,0.24184181668915383,0.2721081809307528,0.4332638816474696,0.4475625731843108
2019-05-05,5590.72509765625,14594.58105469,0.49999999999999994,-0.8660254037844387,6430.64501953125,8814.718708333334,8087.28775,0.18680166856113756,0.23557143535232927,0.23281887904215837,0.4475625731843108,0.3692516605406784
2019-05-06,5408.18505859375,14409.21386719,0.49999999999999994,-0.8660254037844387,5590.72509765625,8087.28775,8979.791666666666,0.17680073492451054,0.23118395284805063,0.18680166856113756,0.3692516605406784,0.4653333511141992
2019-05-07,5501.875,14276.38183594,0.49999999999999994,-0.8660254037844387,5408.18505859375,8979.791666666666,9450.139208333332,0.181933783494214,0.22803993247973617,0.17680073492451054,0.4653333511141992,0.5159681843250333
2019-05-08,6150.77490234375,14097.40625,0.49999999999999994,-0.8660254037844387,5501.875,9450.139208333332,9364.082,0.2174854624216608,0.22380373370801576,0.181933783494214,0.5159681843250333,0.5067037744907487
2019-05-09,5984.48486328125,13946.203125,0.49999999999999994,-0.8660254037844387,6150.77490234375,9364.082,8474.112916666667,0.2083748275514296,0.2202248852911148,0.2174854624216608,0.5067037744907487,0.410894969074862
2019-05-10,5970.10009765625,13853.81933594,0.49999999999999994,-0.8660254037844387,5984.48486328125,8474.112916666667,8022.411041666666,0.2075867205304554,0.21803824015911313,0.2083748275514296,0.410894969074862,0.36226741800783574
2019-05-11,6140.76513671875,14014.54199219,0.49999999999999994,-0.8660254037844387,5970.10009765625,8022.411041666666,7289.114708333333,0.21693705122240856,0.2218424077243035,0.2075867205304554,0.36226741800783574,0.28332507379810723
2019-05-12,5447.75,14451.65625,0.49999999999999994,-0.8660254037844387,6140.76513671875,7289.114708333333,6915.537958333333,0.17896840375691098,0.2321885276842458,0.21693705122240856,0.28332507379810723,0.24310801140916172
2019-05-13,5354.43505859375,15006.62207031,0.49999999999999994,-0.8660254037844387,5447.75,6915.537958333333,7853.343791666666,0.17385590054335512,0.24532409315255593,0.17896840375691098,0.24310801140916172,0.3440666382720051
2019-05-14,5664.33984375,15192.66308594,0.49999999999999994,-0.8660254037844387,5354.43505859375,7853.343791666666,8627.693208333332,0.19083484503103337,0.24972752459133118,0.17385590054335512,0.3440666382720051,0.4274285145154461
2019-05-15,5534.125,14847.81347656,0.49999999999999994,-0.8660254037844387,5664.33984375,8627.693208333332,8734.931958333333,0.18370068412290724,0.241565229806759,0.19083484503103337,0.4274285145154461,0.4389732037908428
2019-05-16,5217.81494140625,14095.73632813,0.49999999999999994,-0.8660254037844387,5534.125,8734.931958333333,8160.593208333333,0.16637080997123918,0.22376420808815306,0.18370068412290724,0.4389732037908428,0.37714329242419864
2019-05-17,5169.205078125,13761.29980469,0.49999999999999994,-0.8660254037844387,5217.81494140625,8160.593208333333,8037.840916666667,0.16370759142884123,0.21584838212577895,0.16637080997123918,0.37714329242419864,0.3639285070491871
2019-05-18,5186.9150390625,13368.99316406,0.49999999999999994,-0.8660254037844387,5169.205078125,8037.840916666667,7139.618166666667,0.16467787797503045,0.20656282007302113,0.16370759142884123,0.3639285070491871,0.2672311607182919
2019-05-19,5173.26513671875,13205.74804688,0.49999999999999994,-0.8660254037844387,5186.9150390625,7139.618166666667,6419.825833333333,0.1639300323616111,0.202698948018879,0.16467787797503045,0.2672311607182919,0.18974257724313887
2019-05-20,5214.43505859375,13012.15136719,0.49999999999999994,-0.8660254037844387,5173.26513671875,6419.825833333333,7033.840416666667,0.16618563424825264,0.19811668048554704,0.1639300323616111,0.18974257724313887,0.2558437540579141
2019-05-21,5145.9150390625,12850.61621094,0.49999999999999994,-0.8660254037844387,5214.43505859375,7033.840416666667,8254.429083333334,0.1624315857028933,0.19429328174151209,0.16618563424825264,0.2558437540579141,0.3872451074841464
2019-05-22,5171.75,12739.453125,0.49999999999999994,-0.8660254037844387,5145.9150390625,8254.429083333334,8707.507458333333,0.1638470216322804,0.19166214674258802,0.1624315857028933,0.3872451074841464,0.43602084439619204
2019-05-23,5173.125,12893.98144531,0.49999999999999994,-0.8660254037844387,5171.75,8707.507458333333,9155.262125,0.16392235460482157,0.1953196996834271,0.1638470216322804,0.43602084439619204,0.4842234623703428
2019-05-24,5120.375,13172.31933594,0.49999999999999994,-0.8660254037844387,5173.125,9155.262125,7905.553708333333,0.16103230784005976,0.2019077190728724,0.16392235460482157,0.4842234623703428,0.34968724896553727
2019-05-25,5171.7900390625,13439.31152344,0.49999999999999994,-0.8660254037844387,5120.375,7905.553708333333,7141.208541666667,0.1638492152770774,0.20822719539030496,0.16103230784005976,0.34968724896553727,0.26740237108027726
2019-05-26,4999.080078125,13531.72851563,0.49999999999999994,-0.8660254037844387,5171.7900390625,7141.208541666667,6309.074041666667,0.15438684818988188,0.21041462641194505,0.1638492152770774,0.26740237108027726,0.17781969468916348
2019-05-27,4893.72509765625,13597.84765625,0.49999999999999994,-0.8660254037844387,4999.080078125,6309.074041666667,7356.213208333334,0.14861469993480594,0.21197960981909847,0.15438684818988188,0.17781969468916348,0.29054850127507065
2019-05-28,4967.64013671875,13801.375,0.49999999999999994,-0.8660254037844387,4893.72509765625,7356.213208333334,7911.261291666667,0.15266432874067934,0.21679692766207123,0.14861469993480594,0.29054850127507065,0.35030169361447966
2019-05-29,5136.81005859375,14289.78613281,0.49999999999999994,-0.8660254037844387,4967.64013671875,7911.261291666667,7837.576708333334,0.16193274552570028,0.22835720070175786,0.15266432874067934,0.35030169361447966,0.3423692473768053
2019-05-30,5196.2099609375,14787.41210938,0.49999999999999994,-0.8660254037844387,5136.81005859375,7837.576708333334,8063.868166666667,0.16518712458912632,0.24013558119790385,0.16193274552570028,0.3423692473768053,0.3667304467765997
2019-05-31,5240.4951171875,15254.06835938,0.49999999999999994,-0.8660254037844387,5196.2099609375,8063.868166666667,8168.172958333334,0.16761340274168146,0.2511809348012069,0.16518712458912632,0.3667304467765997,0.3779592834585514
2019-06-01,6059.3349609375,15981.80761719,1.2246467991473532e-16,-1.0,5240.4951171875,8168.172958333334,6541.474458333333,0.21247568598884292,0.2684058995017049,0.16761340274168146,0.3779592834585514,0.20283854839539725
2019-06-02,5430.9150390625,16767.78710938,1.2246467991473532e-16,-1.0,6059.3349609375,6541.474458333333,6302.337166666667,0.17804605637506618,0.28700936064935506,0.21247568598884292,0.20283854839539725,0.17709444258987864
2019-06-03,5317.93994140625,17062.5234375,1.2246467991473532e-16,-1.0,5430.9150390625,6302.337166666667,8129.783083333333,0.17185642006264729,0.29398551700389774,0.17804605637506618,0.17709444258987864,0.37382645667535663
2019-06-04,5606.98486328125,16771.03125,1.2246467991473532e-16,-1.0,5317.93994140625,8129.783083333333,8449.459083333333,0.1876925023628497,0.28708614667822907,0.17185642006264729,0.37382645667535663,0.4082408832590468
2019-06-05,5303.4951171875,16520.86914063,1.2246467991473532e-16,-1.0,5606.98486328125,8449.459083333333,7071.458625,0.1710650225744776,0.2811650238900101,0.1876925023628497,0.4082408832590468,0.25989350777385606
2019-06-06,5158.31494140625,16411.81835938,1.2246467991473532e-16,-1.0,5303.4951171875,7071.458625,7053.889875,0.16311094679582064,0.2785838853332615,0.1710650225744776,0.25989350777385606,0.2580021601060855
2019-06-07,5324.6650390625,16137.5703125,1.2246467991473532e-16,-1.0,5158.31494140625,7053.889875,7243.263,0.17222487213324733,0.27209266904117324,0.16311094679582064,0.2580021601060855,0.2783889501911606
2019-06-08,5173.81494140625,15705.63183594,1.2246467991473532e-16,-1.0,5324.6650390625,7243.263,6772.218250000001,0.16396015484992127,0.2618690553887744,0.17222487213324733,0.2783889501911606,0.22767905965665808
2019-06-09,5061.27001953125,15118.91894531,1.2246467991473532e-16,-1.0,5173.81494140625,6772.218250000001,6822.1781666666675,0.1577940868431873,0.24798206396709216,0.16396015484992127,0.22767905965665808,0.2330574486638162
2019-06-10,5110.125,14542.83300781,1.2246467991473532e-16,-1.0,5061.27001953125,6822.1781666666675,8206.730791666667,0.16047073477202548,0.23434660342075248,0.1577940868431873,0.2330574486638162,0.38211019164207516
2019-06-11,5162.35009765625,13986.83007813,1.2246467991473532e-16,-1.0,5110.125,8206.730791666667,8153.21275,0.1633320233885338,0.22118649046225664,0.16047073477202548,0.38211019164207516,0.3763487559514372
2019-06-12,5289.0849609375,13616.8359375,1.2246467991473532e-16,-1.0,5162.35009765625,8153.21275,8324.635791666666,0.1702755244616809,0.21242904616699956,0.1633320233885338,0.3763487559514372,0.3948031462784881
2019-06-13,5200.85498046875,13251.25,1.2246467991473532e-16,-1.0,5289.0849609375,8324.635791666666,8573.219833333334,0.16544161413734518,0.2037759402628516,0.1702755244616809,0.3948031462784881,0.4215642332910087
2019-06-14,5120.7900390625,12767.22851563,1.2246467991473532e-16,-1.0,5200.85498046875,8573.219833333334,8400.0775,0.16105504684100436,0.19231956644065962,0.16544161413734518,0.4215642332910087,0.4029247541964603
2019-06-15,5233.330078125,12469.67480469,1.2246467991473532e-16,-1.0,5120.7900390625,8400.0775,8572.584083333333,0.16722084733008014,0.18527672504871998,0.16105504684100436,0.4029247541964603,0.4214957922078476
2019-06-16,5140.14990234375,12151.87109375,1.2246467991473532e-16,-1.0,5233.330078125,8572.584083333333,7732.022916666666,0.16211572760388981,0.17775458350711584,0.16722084733008014,0.4214957922078476,0.3310059507453952
2019-06-17,5121.2099609375,11863.16503906,1.2246467991473532e-16,-1.0,5140.14990234375,7732.022916666666,9156.509541666666,0.16107805335960712,0.17092115855788267,0.16211572760388981,0.3310059507453952,0.4843577518675033
2019-06-18,5154.73486328125,11539.81347656,1.2246467991473532e-16,-1.0,5121.2099609375,9156.509541666666,8542.129833333334,0.16291480284884904,0.16326770412328967,0.16107805335960712,0.4843577518675033,0.4182172678557339
2019-06-19,5400.875,11324.03125,1.2246467991473532e-16,-1.0,5154.73486328125,8542.129833333334,8829.321458333334,0.1764002342384615,0.15816032370426975,0.16291480284884904,0.4182172678557339,0.44913461884239897
2019-06-20,5219.6298828125,11115.68554688,1.2246467991473532e-16,-1.0,5400.875,8829.321458333334,8046.014,0.16647024628478163,0.15322895942341164,0.1764002342384615,0.44913461884239897,0.3648083728393539
2019-06-21,5042.8349609375,10849.75390625,1.2246467991473532e-16,-1.0,5219.6298828125,8046.014,7286.960166666667,0.1567840739247596,0.1469345853417083,0.16647024628478163,0.3648083728393539,0.283093128591057
2019-06-22,5080.7900390625,10677.00683594,1.2246467991473532e-16,-1.0,5042.8349609375,7286.960166666667,7049.122166666667,0.1588635421852608,0.14284581019831613,0.1567840739247596,0.283093128591057,0.2574888968382458
2019-06-23,5171.5849609375,10530.80761719,1.2246467991473532e-16,-1.0,5080.7900390625,7049.122166666667,7105.592708333334,0.1638379795354342,0.13938539995497232,0.1588635421852608,0.2574888968382458,0.2635681812084478
2019-06-24,5097.6201171875,10393.45214844,1.2246467991473532e-16,-1.0,5171.5849609375,7105.592708333334,7824.744624999999,0.15978562204944743,0.13613431369674436,0.1638379795354342,0.2635681812084478,0.3409878212147198
2019-06-25,5035.23486328125,10160.96386719,1.2246467991473532e-16,-1.0,5097.6201171875,7824.744624999999,8936.069083333334,0.15636768268981516,0.1306315152770716,0.15978562204944743,0.3409878212147198,0.4606264365063643
2019-06-26,5199.544921875,10070.67871094,1.2246467991473532e-16,-1.0,5035.23486328125,8936.069083333334,8694.388041666667,0.16536983914965767,0.12849454298555998,0.15636768268981516,0.4606264365063643,0.43460848562763943
2019-06-27,5336.52490234375,9968.48046875,1.2246467991473532e-16,-1.0,5199.544921875,8694.388041666667,8537.129541666667,0.17287464577318087,0.12607559815706032,0.16536983914965767,0.43460848562763943,0.4176789660424618
2019-06-28,5540.7548828125,9648.38769531,1.2246467991473532e-16,-1.0,5336.52490234375,8537.129541666667,8763.512166666667,0.18406391959917295,0.11849927646736526,0.17287464577318087,0.4176789660424618,0.44204997990614114
2019-06-29,5240.3798828125,9549.57617188,1.2246467991473532e-16,-1.0,5540.7548828125,8763.512166666667,8439.415125,0.1676070893249486,0.11616049237015148,0.18406391959917295,0.44204997990614114,0.4071596101366599
2019-06-30,5117.66015625,9559.12011719,1.2246467991473532e-16,-1.0,5240.3798828125,8439.415125,8169.681541666666,0.16088356802211623,0.11638638937832296,0.1676070893249486,0.4071596101366599,0.3781216886136783
2019-07-01,5082.4599609375,9757.96777344,-0.4999999999999998,-0.8660254037844388,5117.66015625,8169.681541666666,8654.828875000001,0.15895503322435556,0.12109294302775829,0.16088356802211623,0.3781216886136783,0.43034977982250566
2019-07-02,5102.64501953125,9813.17773438,-0.4999999999999998,-0.8660254037844388,5082.4599609375,8654.828875000001,8701.031916666667,0.16006092447147205,0.12239971549894423,0.15895503322435556,0.43034977982250566,0.4353237258972208
2019-07-03,5827.169921875,9540.91308594,-0.4999999999999998,-0.8660254037844388,5102.64501953125,8701.031916666667,9254.431541666669,0.19975591688868402,0.11595544454854165,0.16006092447147205,0.4353237258972208,0.49489945496666676
2019-07-04,5534.4150390625,9243.37304688,-0.4999999999999998,-0.8660254037844388,5827.169921875,9254.431541666669,8768.314791666666,0.18371657467180266,0.1089129267582875,0.19975591688868402,0.49489945496666676,0.4425670020957064
2019-07-05,5316.22509765625,9290.2890625,-0.4999999999999998,-0.8660254037844388,5534.4150390625,8768.314791666666,8487.814791666666,0.17176246786109733,0.11002338865005683,0.18371657467180266,0.4425670020957064,0.4123700318610779
2019-07-06,5254.58984375,9783.86132813,-0.4999999999999998,-0.8660254037844388,5316.22509765625,8487.814791666666,7601.054499999999,0.16838561921376025,0.12170582128149973,0.17176246786109733,0.4123700318610779,0.3169066659690681
2019-07-07,5242.39501953125,9936.70507813,-0.4999999999999998,-0.8660254037844388,5254.58984375,7601.054499999999,7178.803541666667,0.1677174938624761,0.1253235018864522,0.16838561921376025,0.3169066659690681,0.2714496263243802
2019-07-08,5050.85009765625,10048.22167969,-0.4999999999999998,-0.8660254037844388,5242.39501953125,7178.803541666667,7748.740875,0.15722320416064864,0.1279630042972071,0.1677174938624761,0.2714496263243802,0.33280570721660896
2019-07-09,5276.0,10098.09570313,-0.4999999999999998,-0.8660254037844388,5050.85009765625,7748.740875,7590.870208333334,0.16955863064131205,0.129143479699635,0.15722320416064864,0.33280570721660896,0.31581028539039047
2019-07-10,5247.85009765625,10158.57519531,-0.4999999999999998,-0.8660254037844388,5276.0,7590.870208333334,7855.333750000001,0.16801636459018568,0.13057497746030208,0.16955863064131205,0.31581028539039047,0.3442808654112559
2019-07-11,5276.43505859375,10138.20605469,-0.4999999999999998,-0.8660254037844388,5247.85009765625,7855.333750000001,7917.838625,0.16958246646465516,0.1300928573542426,0.16801636459018568,0.3442808654112559,0.3510097704019659
2019-07-12,5198.4599609375,10135.05566406,-0.4999999999999998,-0.8660254037844388,5276.43505859375,7917.838625,7730.596416666667,0.1653103967260119,0.1300182903073063,0.16958246646465516,0.3510097704019659,0.3308523821962342
2019-07-13,5243.85498046875,10231.14648438,-0.4999999999999998,-0.8660254037844388,5198.4599609375,7730.596416666667,7261.003583333334,0.1677974816422695,0.132292677693023,0.1653103967260119,0.3308523821962342,0.2802987964188314
2019-07-14,5429.64990234375,10359.31445313,-0.4999999999999998,-0.8660254037844388,5243.85498046875,7261.003583333334,7581.442541666666,0.17797674254983387,0.13532630369816243,0.1677974816422695,0.2802987964188314,0.3147953585821361
2019-07-15,5116.919921875,10567.36621094,-0.4999999999999998,-0.8660254037844388,5429.64990234375,7581.442541666666,8403.480125,0.16084301234513737,0.14025071054538713,0.17797674254983387,0.3147953585821361,0.40329106067005965
2019-07-16,5065.14501953125,10684.81933594,-0.4999999999999998,-0.8660254037844388,5116.919921875,8403.480125,8705.937541666666,0.15800638885671245,0.14303072537951386,0.16084301234513737,0.40329106067005965,0.4358518364573179
2019-07-17,4996.81005859375,10587.92285156,-0.4999999999999998,-0.8660254037844388,5065.14501953125,8705.937541666666,9261.809125,0.15426247923059783,0.14073726861579536,0.15800638885671245,0.4358518364573179,0.4956936819339398
2019-07-18,5029.51513671875,10411.57617188,-0.4999999999999998,-0.8660254037844388,4996.81005859375,9261.809125,9021.813,0.15605431250503268,0.13656329380278465,0.15426247923059783,0.4956936819339398,0.46985711921361484
2019-07-19,5081.23486328125,9996.57910156,-0.4999999999999998,-0.8660254037844388,5029.51513671875,9021.813,8510.589291666667,0.15888791304392025,0.12674066872057646,0.15605431250503268,0.46985711921361484,0.41482179977055594
2019-07-20,5140.875,9709.76367188,-0.4999999999999998,-0.8660254037844388,5081.23486328125,8510.589291666667,8290.868166666667,0.16215545397612832,0.11995199324542982,0.15888791304392025,0.41482179977055594,0.39116792357966795
2019-07-21,5137.6298828125,9337.52148438,-0.4999999999999998,-0.8660254037844388,5140.875,8290.868166666667,7775.120041666666,0.16197766174050734,0.11114133960690138,0.16215545397612832,0.39116792357966795,0.33564553221000504
2019-07-22,5061.2900390625,9128.70996094,-0.4999999999999998,-0.8660254037844388,5137.6298828125,7775.120041666666,8770.771875,0.15779518366558581,0.1061989497581868,0.16197766174050734,0.33564553221000504,0.44283151714840047
2019-07-23,5436.35009765625,8909.67675781,-0.4999999999999998,-0.8660254037844388,5061.2900390625,8770.771875,9091.757958333334,0.17834383028037723,0.10101462150921352,0.15779518366558581,0.44283151714840047,0.4773869795517753
2019-07-24,5158.2099609375,8808.26953125,-0.4999999999999998,-0.8660254037844388,5436.35009765625,9091.757958333334,9660.741333333332,0.16310519516616992,0.09861439934292844,0.17834383028037723,0.4773869795517753,0.5386403629345681
2019-07-25,5205.0400390625,8674.69238281,-0.4999999999999998,-0.8660254037844388,5158.2099609375,9660.741333333332,9198.40275,0.16567090352216424,0.09545274268914808,0.16310519516616992,0.5386403629345681,0.48886772678755586
2019-07-26,5155.1650390625,8573.08007813,-0.4999999999999998,-0.8660254037844388,5205.0400390625,9198.40275,9220.0185,0.162938371154534,0.09304766649947491,0.16567090352216424,0.48886772678755586,0.4911947505285512
2019-07-27,5281.72998046875,8538.05859375,-0.4999999999999998,-0.8660254037844388,5155.1650390625,9220.0185,8693.712875,0.16987256261317668,0.09221873797084242,0.162938371154534,0.4911947505285512,0.43453580117937995
2019-07-28,5226.455078125,8435.58886719,-0.4999999999999998,-0.8660254037844388,5281.72998046875,8693.712875,7905.541249999999,0.1668441824673742,0.08979336733991444,0.16987256261317668,0.43453580117937995,0.34968590777508857
2019-07-29,5058.68994140625,8378.12011719,-0.4999999999999998,-0.8660254037844388,5226.455078125,7905.541249999999,8678.394125,0.1576527305126093,0.0884331312670239,0.1668441824673742,0.34968590777508857,0.43288667519798363
2019-07-30,5119.0400390625,8292.65527344,-0.4999999999999998,-0.8660254037844388,5058.68994140625,8678.394125,8899.321875,0.16095916851231556,0.0864102516423113,0.1576527305126093,0.43288667519798363,0.4566704494965697
2019-07-31,5287.625,8294.43652344,-0.4999999999999998,-0.8660254037844388,5119.0400390625,8899.321875,9265.197,0.17019553668188753,0.08645241230362438,0.16095916851231556,0.4566704494965697,0.49605840050981737
2019-08-01,5496.56005859375,8227.17578125,-0.8660254037844384,-0.5000000000000004,5287.625,9265.197,8327.687333333333,0.18164259052329396,0.08486040816544098,0.17019553668188753,0.49605840050981737,0.3951316571978396
2019-08-02,5568.5048828125,8120.85498047,-0.8660254037844384,-0.5000000000000004,5496.56005859375,8327.687333333333,8163.290083333333,0.18558427595409505,0.08234388590735177,0.18164259052329396,0.3951316571978396,0.3774336220288387
2019-08-03,5550.68994140625,8112.77880859,-0.8660254037844384,-0.5000000000000004,5568.5048828125,8163.290083333333,7637.763708333333,0.18460823777825514,0.08215272983867028,0.18558427595409505,0.3774336220288387,0.320858562123715
2019-08-04,5499.294921875,8071.38818359,-0.8660254037844384,-0.5000000000000004,5550.68994140625,7637.763708333333,7403.517333333333,0.181792427163636,0.08117304920868469,0.18460823777825514,0.320858562123715,0.29564098346615847
2019-08-05,5604.76513671875,8001.92285156,-0.8660254037844384,-0.5000000000000004,5499.294921875,7403.517333333333,7929.8535,0.18757088883544482,0.07952886431789578,0.181792427163636,0.29564098346615847,0.35230322075044285
2019-08-06,5598.22998046875,8026.57519531,-0.8660254037844384,-0.5000000000000004,5604.76513671875,7929.8535,8043.205916666667,0.18721284320174764,0.08011236417216525,0.18757088883544482,0.35230322075044285,0.3645060712035856
2019-08-07,6009.25,8016.79589844,-0.8660254037844384,-0.5000000000000004,5598.22998046875,8043.205916666667,8310.741208333333,0.20973165036191127,0.07988089659421933,0.18721284320174764,0.3645060712035856,0.3933073376533929
2019-08-08,5840.31005859375,8052.72021484,-0.8660254037844384,-0.5000000000000004,6009.25,8310.741208333333,8729.442041666667,0.20047583365859023,0.0807311943832127,0.20973165036191127,0.3933073376533929,0.4383821918472639
2019-08-09,5643.43994140625,7953.45214844,-0.8660254037844384,-0.5000000000000004,5840.31005859375,8729.442041666667,8823.815291666668,0.18968978919876053,0.0783816043050681,0.20047583365859023,0.4383821918472639,0.44854185751997394
2019-08-10,5694.6298828125,8037.953125,-0.8660254037844384,-0.5000000000000004,5643.43994140625,8823.815291666668,8019.615416666667,0.19249436407173648,0.08038167001924126,0.18968978919876053,0.44854185751997394,0.3619664575625161
2019-08-11,5416.91015625,8020.77783203,-0.8660254037844384,-0.5000000000000004,5694.6298828125,8019.615416666667,7664.872958333333,0.17727876222789776,0.0799751455505473,0.19249436407173648,0.3619664575625161,0.3237769835687528
2019-08-12,5489.85498046875,7981.61621094,-0.8660254037844384,-0.5000000000000004,5416.91015625,7664.872958333333,8373.839916666666,0.18127523527509243,0.07904822353328593,0.17727876222789776,0.3237769835687528,0.4001001712269585
2019-08-13,6388.580078125,7996.33691406,-0.8660254037844384,-0.5000000000000004,5489.85498046875,8373.839916666666,8043.653708333334,0.23051424116877395,0.07939664996333941,0.18127523527509243,0.4001001712269585,0.36455427780476085
2019-08-14,6569.16015625,7983.29492188,-0.8660254037844384,-0.5000000000000004,6388.580078125,8043.653708333334,7859.932708333334,0.2404077932174108,0.07908795718290497,0.23051424116877395,0.36455427780476085,0.3447759620526176
2019-08-15,5969.7900390625,7931.99902344,-0.8660254037844384,-0.5000000000000004,6569.16015625,7859.932708333334,7790.718875,0.2075697331591615,0.07787382721749912,0.2404077932174108,0.3447759620526176,0.33732481030576833
2019-08-16,6005.5400390625,7840.66894531,-0.8660254037844384,-0.5000000000000004,5969.7900390625,7790.718875,7866.503874999999,0.2095283904452323,0.07571212252038396,0.2075697331591615,0.33732481030576833,0.34548337497325965
2019-08-17,5894.56005859375,7814.35888672,-0.8660254037844384,-0.5000000000000004,6005.5400390625,7866.503874999999,7735.800291666666,0.20344806184794242,0.07508938597619287,0.2095283904452323,0.34548337497325965,0.33141260058653615
2019-08-18,5387.10498046875,7727.14208984,-0.8660254037844384,-0.5000000000000004,5894.56005859375,7735.800291666666,6861.75075,0.17564580769065113,0.07302503912197833,0.20344806184794242,0.33141260058653615,0.23731759882789463
2019-08-19,5830.43994140625,7472.53710938,-0.8660254037844384,-0.5000000000000004,5387.10498046875,6861.75075,7431.751416666667,0.1999350734643617,0.06699875738174071,0.17564580769065113,0.23731759882789463,0.29868049781203615
2019-08-20,6863.35009765625,7396.45703125,-0.8660254037844384,-0.5000000000000004,5830.43994140625,7431.751416666667,7841.304458333333,0.2565257588740289,0.06519800711832353,0.1999350734643617,0.29868049781203615,0.3427705548840856
2019-08-21,6619.0048828125,7315.50683594,-0.8660254037844384,-0.5000000000000004,6863.35009765625,7841.304458333333,8296.070041666668,0.24313866697556039,0.06328198535400474,0.2565257588740289,0.3427705548840856,0.39172792666180445
2019-08-22,6235.7900390625,7260.60693359,-0.8660254037844384,-0.5000000000000004,6619.0048828125,8296.070041666668,8214.504708333334,0.2221432391198562,0.061982551703983854,0.24313866697556039,0.39172792666180445,0.3829470855108446
2019-08-23,5859.68994140625,7190.00195313,-0.8660254037844384,-0.5000000000000004,6235.7900390625,8214.504708333334,7983.1525,0.20153761124387418,0.060311392311315264,0.2221432391198562,0.3829470855108446,0.3580410757113536
2019-08-24,5635.9599609375,7204.81884766,-0.8660254037844384,-0.5000000000000004,5859.68994140625,7983.1525,7742.0095,0.18927997889820714,0.06066209550962599,0.20153761124387418,0.3580410757113536,0.3320810472147796
2019-08-25,5332.9951171875,7129.33398438,-0.8660254037844384,-0.5000000000000004,5635.9599609375,7742.0095,7376.570666666667,0.17268125725808847,0.05887543347172426,0.18927997889820714,0.3320810472147796,0.29274006478075465
2019-08-26,5177.10009765625,7031.89111328,-0.8660254037844384,-0.5000000000000004,5332.9951171875,7376.570666666667,8360.223916666668,0.16414014073033925,0.05656904420249112,0.17268125725808847,0.29274006478075465,0.39863435323510593
2019-08-27,5637.39013671875,6994.80615234,-0.8660254037844384,-0.5000000000000004,5177.10009765625,8360.223916666668,8941.809,0.18935833482028566,0.055691274951683946,0.16414014073033925,0.39863435323510593,0.46124436197065144
2019-08-28,5878.0400390625,6973.65576172,-0.8660254037844384,-0.5000000000000004,5637.39013671875,8941.809,8437.852333333334,0.2025429693550497,0.05519066332750472,0.18935833482028566,0.46124436197065144,0.4069913692331261
2019-08-29,5726.2900390625,6950.37890625,-0.8660254037844384,-0.5000000000000004,5878.0400390625,8437.852333333334,8630.839958333332,0.19422894856732256,0.054639720102295314,0.2025429693550497,0.4069913692331261,0.4277672750006005
2019-08-30,5825.64013671875,6809.76123047,-0.8660254037844384,-0.5000000000000004,5726.2900390625,8630.839958333332,8696.766291666667,0.1996721036063788,0.05131142019874805,0.19422894856732256,0.4277672750006005,0.4348645139501367
2019-08-31,5760.16015625,6910.48486328,-0.8660254037844384,-0.5000000000000004,5825.64013671875,8696.766291666667,7673.054708333333,0.1960846115549972,0.05369546228667833,0.1996721036063788,0.4348645139501367,0.32465778236097087
2019-09-01,5601.9951171875,6886.76708984,-1.0,-1.8369701987210297e-16,5760.16015625,7673.054708333333,7362.791958333334,0.18741912606796393,0.053134082910900486,0.1960846115549972,0.32465778236097087,0.29125673057250767
2019-09-02,6258.610107421875,6866.60302734,-1.0,-1.8369701987210297e-16,5601.9951171875,7362.791958333334,8751.979083333334,0.2233934962712051,0.05265681682822913,0.18741912606796393,0.29125673057250767,0.44080839639765573
2019-09-03,6843.544921875,6909.38623047,-1.0,-1.8369701987210297e-16,6258.610107421875,8751.979083333334,8514.336708333334,0.25544068050071816,0.053669458589381554,0.2233934962712051,0.44080839639765573,0.4152252244747987
2019-09-04,7068.554931640625,7006.84814453,-1.0,-1.8369701987210297e-16,6843.544921875,8514.336708333334,8704.183708333332,0.26776844260047494,0.05597629858916178,0.25544068050071816,0.4152252244747987,0.435663029138376
2019-09-05,7455.800048828125,7126.33203125,-1.0,-1.8369701987210297e-16,7068.554931640625,8704.183708333332,8789.004875,0.28898467953123413,0.05880437981323068,0.26776844260047494,0.435663029138376,0.4447943740406928
2019-09-06,6499.31494140625,7046.09179688,-1.0,-1.8369701987210297e-16,7455.800048828125,8789.004875,8992.722125,0.2365811403796236,0.056905162216062406,0.28898467953123413,0.4447943740406928,0.46672536774668333
2019-09-07,5722.68994140625,7155.03076172,-1.0,-1.8369701987210297e-16,6499.31494140625,8992.722125,7942.659458333333,0.19403170779795248,0.05948365417419131,0.2365811403796236,0.46672536774668333,0.3536818344496141
2019-09-08,5460.43994140625,7253.25683594,-1.0,-1.8369701987210297e-16,5722.68994140625,7942.659458333333,7456.970666666667,0.17966365539873372,0.061808581190221194,0.19403170779795248,0.3536818344496141,0.3013954530405198
2019-09-09,6141.77490234375,7227.01513672,-1.0,-1.8369701987210297e-16,5460.43994140625,7456.970666666667,8551.131958333333,0.2169923738741185,0.06118746265374723,0.17966365539873372,0.3013954530405198,0.4191863833661559
2019-09-10,7349.85009765625,7189.67382813,-1.0,-1.8369701987210297e-16,6141.77490234375,8551.131958333333,9889.920208333331,0.28317993424951,0.06030362587370496,0.2169923738741185,0.4191863833661559,0.5633124045273687
2019-09-11,8846.65478515625,7157.06787109,-1.0,-1.8369701987210297e-16,7349.85009765625,9889.920208333331,10451.50275,0.365186295284386,0.05953187080757028,0.28317993424951,0.5633124045273687,0.6237690579854628
2019-09-12,9029.7099609375,7156.10693359,-1.0,-1.8369701987210297e-16,8846.65478515625,10451.50275,11010.1585,0.3752154520339501,0.05950912624028296,0.365186295284386,0.6237690579854628,0.6839106303710386
2019-09-13,8074.125,6945.04003906,-1.0,-1.8369701987210297e-16,9029.7099609375,11010.1585,10398.590208333331,0.32286122976262355,0.054513353690285135,0.3752154520339501,0.6839106303710386,0.6180728068419801
2019-09-14,7416.68994140625,6951.96484375,-1.0,-1.8369701987210297e-16,8074.125,10398.590208333331,9959.102916666669,0.2868419299686924,0.054677257884078456,0.32286122976262355,0.6180728068419801,0.5707602055408902
2019-09-15,5688.43994140625,6797.54199219,-1.0,-1.8369701987210297e-16,7416.68994140625,9959.102916666669,9723.939916666666,0.19215523193647205,0.05102220129818557,0.2868419299686924,0.5707602055408902,0.5454439484596567
2019-09-16,6154.0048828125,6662.04882813,-1.0,-1.8369701987210297e-16,5688.43994140625,9723.939916666666,10589.148708333332,0.21766242535254146,0.0478151941963348,0.19215523193647205,0.5454439484596567,0.6385872073854933
2019-09-17,7915.324951171875,6465.41894531,-1.0,-1.8369701987210297e-16,6154.0048828125,10589.148708333332,11021.925833333333,0.31416095360414503,0.04316113334378445,0.21766242535254146,0.6385872073854933,0.6851774318484276
2019-09-18,8411.81005859375,6375.36181641,-1.0,-1.8369701987210297e-16,7915.324951171875,11021.925833333333,10568.222291666669,0.34136218921470457,0.04102955826427197,0.31416095360414503,0.6851774318484276,0.6363343931922645
2019-09-19,7981.64501953125,6274.2578125,-1.0,-1.8369701987210297e-16,8411.81005859375,10568.222291666669,10129.441333333334,0.31779447206861505,0.03863651311830922,0.34136218921470457,0.6363343931922645,0.5890978315583485
2019-09-20,7612.675048828125,6201.31689453,-1.0,-1.8369701987210297e-16,7981.64501953125,10129.441333333334,10362.53625,0.29757948685297847,0.036910064086225824,0.31779447206861505,0.5890978315583485,0.6141914510251095
2019-09-21,7661.56494140625,6192.23681641,-1.0,-1.8369701987210297e-16,7612.675048828125,10362.53625,8798.002541666667,0.30025804753307256,0.036695146416997095,0.29757948685297847,0.6141914510251095,0.4457630095933289
2019-09-22,6488.139892578125,6062.34912109,-1.0,-1.8369701987210297e-16,7661.56494140625,8798.002541666667,8047.010041666667,0.23596888609124866,0.033620815957419004,0.30025804753307256,0.4457630095933289,0.36491560079144236
2019-09-23,5684.39990234375,5951.5390625,-1.0,-1.8369701987210297e-16,6488.139892578125,8047.010041666667,8280.544625,0.19193388782610069,0.030998036813393224,0.23596888609124866,0.36491560079144236,0.3900565521699558
2019-09-24,5922.64990234375,5907.03710938,-1.0,-1.8369701987210297e-16,5684.39990234375,8280.544625,8593.080458333332,0.2049870374318733,0.029944713712613986,0.19193388782610069,0.3900565521699558,0.42370231065987163
2019-09-25,5924.64990234375,5856.31689453,-1.0,-1.8369701987210297e-16,5922.64990234375,8593.080458333332,8649.8335,0.20509661266466045,0.02874420968453389,0.2049870374318733,0.42370231065987163,0.4298120073084742
2019-09-26,6322.39990234375,5880.77685547,-1.0,-1.8369701987210297e-16,5924.64990234375,8649.8335,8785.758458333334,0.22688838708521053,0.0293231560025255,0.20509661266466045,0.4298120073084742,0.4444448840319493
2019-09-27,7780.949951171875,5872.39501953,-1.0,-1.8369701987210297e-16,6322.39990234375,8785.758458333334,9022.149833333331,0.30679886765125647,0.029124765127438827,0.22688838708521053,0.4444448840319493,0.4698933806971822
2019-09-28,7547.25,5925.59179688,-1.0,-1.8369701987210297e-16,7780.949951171875,9022.149833333331,8473.590875,0.2939950043752513,0.030383887267958605,0.30679886765125647,0.4698933806971822,0.4108387691580364
2019-09-29,6831.25,5937.55810547,-1.0,-1.8369701987210297e-16,7547.25,8473.590875,8117.323375,0.2547670710374415,0.03066711953947063,0.2939950043752513,0.4108387691580364,0.37248511820236624
2019-09-30,7477.985107421875,6021.40185547,-1.0,-1.8369701987210297e-16,6831.25,8117.323375,8830.996625,0.2902001460111378,0.032651629264084714,0.2547670710374415,0.37248511820236624,0.44931495737349114
2019-10-01,7656.22021484375,6026.52978516,-0.8660254037844386,0.5000000000000001,7477.985107421875,8830.996625,9444.311958333334,0.29996522270443765,0.03277300296620255,0.2902001460111378,0.44931495737349114,0.5153408570708455
2019-10-02,7729.93505859375,6040.61914063,-0.8660254037844386,0.5000000000000001,7656.22021484375,9444.311958333334,10012.235541666669,0.30400388328632605,0.033106485938323445,0.29996522270443765,0.5153408570708455,0.5764801495537697
2019-10-03,7330.5,6055.76904297,-0.8660254037844386,0.5000000000000001,7729.93505859375,10012.235541666669,10500.897041666669,0.28211978852194086,0.033465071146173545,0.30400388328632605,0.5764801495537697,0.6290865551520188
2019-10-04,7137.449951171875,6161.27001953,-0.8660254037844386,0.5000000000000001,7330.5,10500.897041666669,10474.436583333334,0.2715430365019819,0.035962188867406236,0.28211978852194086,0.6290865551520188,0.6262379787788055
2019-10-05,6674.39990234375,6258.08105469,-0.8660254037844386,0.5000000000000001,7137.449951171875,10474.436583333334,10163.178041666666,0.24617362805575388,0.03825362312130084,0.2715430365019819,0.6262379787788055,0.5927297259517744
2019-10-06,5313.35009765625,6231.47900391,-0.8660254037844386,0.5000000000000001,6674.39990234375,10163.178041666666,9323.3215,0.17160495346396576,0.03762397537215331,0.24617362805575388,0.5927297259517744,0.5023157402474383
2019-10-07,5490.5048828125,6218.30615234,-0.8660254037844386,0.5000000000000001,5313.35009765625,9323.3215,9864.637166666666,0.1813108418753951,0.037312185262078766,0.17160495346396576,0.5023157402474383,0.5605905818655179
2019-10-08,5708.25,6114.02001953,-0.8660254037844386,0.5000000000000001,5490.5048828125,9864.637166666666,9398.512291666666,0.19324057782744095,0.03484382185152234,0.1813108418753951,0.5605905818655179,0.5104103359617929
2019-10-09,5428.25,6095.2421875,-0.8660254037844386,0.5000000000000001,5708.25,9398.512291666666,9091.779583333331,0.177900045237236,0.03439936665634434,0.19324057782744095,0.5104103359617929,0.47738930757131626
2019-10-10,5640.35009765625,6038.43408203,-0.8660254037844386,0.5000000000000001,5428.25,9091.779583333331,7598.477625,0.1895205040246694,0.03305476747343427,0.177900045237236,0.47738930757131626,0.31662925485436816
2019-10-11,6459.0,5984.625,-0.8660254037844386,0.5000000000000001,5640.35009765625,7598.477625,7267.477333333333,0.23437238083492795,0.031781152605765625,0.1895205040246694,0.31662925485436816,0.2809957220375708
2019-10-12,6635.925048828125,5946.34912109,-0.8660254037844386,0.5000000000000001,6459.0,7267.477333333333,7754.81175,0.24406568254054029,0.03087519534699505,0.23437238083492795,0.2809957220375708,0.33345926169672707
2019-10-13,5608.014892578125,5986.02001953,-0.8660254037844386,0.5000000000000001,6635.925048828125,7754.81175,8207.34675,0.18774893521284106,0.03181417152277867,0.24406568254054029,0.33345926169672707,0.3821765020715135
2019-10-14,6260.074951171875,5995.63720703,-0.8660254037844386,0.5000000000000001,5608.014892578125,8207.34675,8566.375333333333,0.22347375156865668,0.03204180211083308,0.18774893521284106,0.3821765020715135,0.42082739492105886
2019-10-15,7484.030029296875,5976.01416016,-0.8660254037844386,0.5000000000000001,6260.074951171875,8566.375333333333,8438.182208333334,0.29053133287195454,0.031577341404578005,0.22347375156865668,0.42082739492105886,0.40702688162370054
2019-10-16,7012.02001953125,5982.6328125,-0.8660254037844386,0.5000000000000001,7484.030029296875,8438.182208333334,9303.9285,0.2646710295229812,0.0317339992345602,0.29053133287195454,0.40702688162370054,0.5002280046190598
2019-10-17,6702.580078125,6019.21386719,-0.8660254037844386,0.5000000000000001,7012.02001953125,9303.9285,9813.646625,0.24771755271636092,0.032599841456180126,0.2646710295229812,0.5002280046190598,0.5551012418692403
2019-10-18,6872.625,6077.07177734,-0.8660254037844386,0.5000000000000001,6702.580078125,9813.646625,9414.98,0.25703390866572623,0.03396928861638613,0.24771755271636092,0.5551012418692403,0.5121831519987776
2019-10-19,6147.97998046875,6073.80908203,-0.8660254037844386,0.5000000000000001,6872.625,9414.98,9149.727791666666,0.21733233531412324,0.033892063413897604,0.25703390866572623,0.5121831519987776,0.48362766879125124
2019-10-20,5177.760009765625,6087.77978516,-0.8660254037844386,0.5000000000000001,6147.97998046875,9149.727791666666,9046.544333333331,0.16417629574184117,0.03422273798679279,0.21733233531412324,0.48362766879125124,0.47251954822084935
2019-10-21,6259.614990234375,6129.56396484,-0.8660254037844386,0.5000000000000001,5177.760009765625,9046.544333333331,8843.645041666667,0.22344855140525688,0.03521173371885371,0.16417629574184117,0.47251954822084935,0.4506766110690295
2019-10-22,7314.969970703125,6116.40185547,-0.8660254037844386,0.5000000000000001,6259.614990234375,8843.645041666667,8546.859,0.28126893523424246,0.03490019786744916,0.22344855140525688,0.4506766110690295,0.4187263819557977
2019-10-23,7409.89501953125,6130.78515625,-0.8660254037844386,0.5000000000000001,7314.969970703125,8546.859,9388.392166666668,0.2864696523955805,0.03524063827320344,0.28126893523424246,0.4187263819557977,0.5093208631867638
2019-10-24,6850.465087890625,6118.0859375,-0.8660254037844386,0.5000000000000001,7409.89501953125,9388.392166666668,9908.392708333333,0.25581981990176217,0.03494005864616652,0.2864696523955805,0.5093208631867638,0.5653010445724997
2019-10-25,6143.419921875,6118.41601563,-0.8660254037844386,0.5000000000000001,6850.465087890625,9908.392708333333,10148.168666666666,0.2170825005731566,0.034947871312690476,0.25581981990176217,0.5653010445724997,0.5911139054522544
2019-10-26,5799.6201171875,6117.68310547,-0.8660254037844386,0.5000000000000001,6143.419921875,10148.168666666666,9113.978458333331,0.19824652875774698,0.03493052395716559,0.2170825005731566,0.5911139054522544,0.47977910709936344
2019-10-27,5330.75,6044.68896484,-0.8660254037844386,0.5000000000000001,5799.6201171875,9113.978458333331,8488.450083333333,0.17255825263886107,0.033202815190321526,0.19824652875774698,0.47977910709936344,0.4124384236027844
2019-10-28,5631.06005859375,6049.82910156,-0.8660254037844386,0.5000000000000001,5330.75,8488.450083333333,9439.202541666667,0.1890115249282317,0.03332447782238039,0.17255825263886107,0.4124384236027844,0.5147908075057844
2019-10-29,5818.9951171875,6000.38623047,-0.8660254037844386,0.5000000000000001,5631.06005859375,9439.202541666667,8203.398958333333,0.19930803882537276,0.032154207426662806,0.1890115249282317,0.5147908075057844,0.3817515061804231
2019-10-30,6578.89013671875,6046.35400391,-0.8660254037844386,0.5000000000000001,5818.9951171875,8203.398958333333,7660.678916666667,0.24094087565484978,0.0332422252384918,0.19930803882537276,0.3817515061804231,0.32332547785976484
2019-10-31,7235.794921875,6067.12207031,-0.8660254037844386,0.5000000000000001,6578.89013671875,7660.678916666667,7908.8795,0.27693112303110345,0.03373378757596157,0.24094087565484978,0.32332547785976484,0.3500452840171056
2019-11-01,6797.60986328125,6106.09179688,-0.5000000000000004,0.8660254037844384,7235.794921875,7908.8795,8730.726833333332,0.25292400813146676,0.03465616761435105,0.27693112303110345,0.3500452840171056,0.43852050491577005
2019-11-02,5801.35498046875,6160.22607422,-0.5000000000000004,0.8660254037844384,6797.60986328125,8730.726833333332,8527.428291666667,0.19834157778169542,0.03593747957637785,0.25292400813146676,0.43852050491577005,0.41663458687137916
2019-11-03,5703.48486328125,6136.52099609,-0.5000000000000004,0.8660254037844384,5801.35498046875,8527.428291666667,8070.239541666667,0.19297950734483107,0.03537640068771029,0.19834157778169542,0.41663458687137916,0.3674163513086091
2019-11-04,5867.4599609375,6163.18798828,-0.5000000000000004,0.8660254037844384,5703.48486328125,8070.239541666667,9258.978875,0.201963312093323,0.036007585544390285,0.19297950734483107,0.3674163513086091,0.4953889939660021
2019-11-05,6796.08984375,6064.4921875,-0.5000000000000004,0.8660254037844384,5867.4599609375,9258.978875,10216.187666666669,0.25284072988447787,0.03367154050315006,0.201963312093323,0.4953889939660021,0.5984364285124656
2019-11-06,6849.31494140625,6119.02099609,-0.5000000000000004,0.8660254037844384,6796.08984375,10216.187666666669,10067.933333333332,0.2557568061173798,0.03496219068182736,0.25284072988447787,0.5984364285124656,0.5824762442314623
2019-11-07,6436.14501953125,6165.29492188,-0.5000000000000004,0.8660254037844384,6849.31494140625,10067.933333333332,9719.525375,0.2331202109323231,0.03605745485746748,0.2557568061173798,0.5824762442314623,0.5449687050254041
2019-11-08,6144.60009765625,6346.26904297,-0.5000000000000004,0.8660254037844384,6436.14501953125,9719.525375,9403.548166666666,0.2171471595911367,0.040340957243830085,0.2331202109323231,0.5449687050254041,0.5109524684661789
2019-11-09,5855.81005859375,6540.38818359,-0.5000000000000004,0.8660254037844384,6144.60009765625,9403.548166666666,8688.998458333333,0.20132504171269086,0.04493559097972715,0.2171471595911367,0.5109524684661789,0.4340282749770379
2019-11-10,5441.43505859375,6805.49316406,-0.5000000000000004,0.8660254037844384,5855.81005859375,8688.998458333333,7558.470958333332,0.17862242316959737,0.05121039872373121,0.20132504171269086,0.4340282749770379,0.3123223738471665
2019-11-11,5206.89013671875,6970.78222656,-0.5000000000000004,0.8660254037844384,5441.43505859375,7558.470958333332,8894.644041666666,0.16577226596284556,0.05512264921233167,0.17862242316959737,0.3123223738471665,0.45616686163942455
2019-11-12,5009.5048828125,7151.70996094,-0.5000000000000004,0.8660254037844384,5206.89013671875,8894.644041666666,9682.698708333332,0.15495799839007873,0.059405053665013044,0.16577226596284556,0.45616686163942455,0.5410041640016111
2019-11-13,5046.8349609375,7359.875,-0.5000000000000004,0.8660254037844384,5009.5048828125,9682.698708333332,9504.345625,0.15700322439033396,0.06433214178236514,0.15495799839007873,0.5410041640016111,0.5218037263949414
2019-11-14,5075.47509765625,7578.8671875,-0.5000000000000004,0.8660254037844384,5046.8349609375,9504.345625,9101.447125,0.15857234921434077,0.06951549922651883,0.15700322439033396,0.5218037263949414,0.4784300579026904
2019-11-15,5024.449951171875,7882.01416016,-0.5000000000000004,0.8660254037844384,5075.47509765625,9101.447125,8517.191958333333,0.15577680306232813,0.07669072833102678,0.15857234921434077,0.4784300579026904,0.4155326037948072
2019-11-16,4915.18505859375,8142.67919922,-0.5000000000000004,0.8660254037844384,5024.449951171875,8517.191958333333,8717.491375,0.1497904400424711,0.08286044646602764,0.15577680306232813,0.4155326037948072,0.43709565378802206
2019-11-17,5088.31005859375,8427.72265625,-0.5000000000000004,0.8660254037844384,4915.18505859375,8717.491375,8260.552583333332,0.1592755461306112,0.08960718086678682,0.1497904400424711,0.43709565378802206,0.38790432726037344
2019-11-18,5233.330078125,8563.40039063,-0.5000000000000004,0.8660254037844384,5088.31005859375,8260.552583333332,9066.857583333333,0.16722084733008014,0.09281855658997092,0.1592755461306112,0.38790432726037344,0.4747063525189549
2019-11-19,5208.06494140625,8628.13867188,-0.5000000000000004,0.8660254037844384,5233.330078125,9066.857583333333,8820.048875,0.16583663071140167,0.09435085623896594,0.16722084733008014,0.4747063525189549,0.4481363873881573
2019-11-20,5098.68505859375,8759.73828125,-0.5000000000000004,0.8660254037844384,5208.06494140625,8820.048875,8438.488875000001,0.1598439676506947,0.09746570623732811,0.16583663071140167,0.4481363873881573,0.40705989554243605
2019-11-21,5009.93994140625,8628.66503906,-0.5000000000000004,0.8660254037844384,5098.68505859375,8438.488875000001,8580.788875,0.15498183421342185,0.09436331489912163,0.1598439676506947,0.40705989554243605,0.42237907152955767
2019-11-22,5587.1298828125,8325.66699219,-0.5000000000000004,0.8660254037844384,5009.93994140625,8580.788875,8446.330958333334,0.18660469530942564,0.08719161074046232,0.15498183421342185,0.42237907152955767,0.4079041278311852
2019-11-23,5545.455078125,8201.66699219,-0.5000000000000004,0.8660254037844384,5587.1298828125,8446.330958333334,8255.652625,0.18432143209692914,0.08425663698449189,0.18660469530942564,0.4079041278311852,0.3873768267400792
2019-11-24,5053.22509765625,8118.03613281,-0.5000000000000004,0.8660254037844384,5545.455078125,8255.652625,8030.951166666667,0.1573533247495834,0.0822771661984471,0.18432143209692914,0.3873768267400792,0.3631867973319891
2019-11-25,5213.43505859375,8259.08496094,-0.5000000000000004,0.8660254037844384,5053.22509765625,8030.951166666667,8446.155499999999,0.16613084663185906,0.08561567110870463,0.1573533247495834,0.3631867973319891,0.4078852390252346
2019-11-26,5625.2099609375,8330.82617188,-0.5000000000000004,0.8660254037844384,5213.43505859375,8446.155499999999,8456.808666666666,0.18869101202197605,0.08731372410330497,0.16613084663185906,0.4078852390252346,0.4090320959120007
2019-11-27,5129.294921875,8586.99902344,-0.5000000000000004,0.8660254037844384,5625.2099609375,8456.808666666666,8099.200208333333,0.16152100909800804,0.09337711600911712,0.18869101202197605,0.4090320959120007,0.3705340853168384
2019-11-28,5484.27490234375,8769.64355469,-0.5000000000000004,0.8660254037844384,5129.294921875,8099.200208333333,8226.137375,0.18096951609533365,0.09770015557274835,0.16152100909800804,0.3705340853168384,0.38419938957174543
2019-11-29,5257.544921875,9125.49707031,-0.5000000000000004,0.8660254037844384,5484.27490234375,8226.137375,8302.518666666667,0.16854752090048583,0.10612290338980092,0.18096951609533365,0.38419938957174543,0.39242214747171267
2019-11-30,5610.91015625,9333.46289063,-0.5000000000000004,0.8660254037844384,5257.544921875,8302.518666666667,7875.310791666667,0.18790755980825405,0.11104527617026916,0.16854752090048583,0.39242214747171267,0.34643147550959547
2019-12-01,5836.73486328125,9587.16503906,-2.4492935982947064e-16,1.0,5610.91015625,7875.310791666667,7574.393208333334,0.2002799572292768,0.11705018864990922,0.18790755980825405,0.34643147550959547,0.3140364690675528
2019-12-02,5657.02490234375,9961.90429688,-2.4492935982947064e-16,1.0,5836.73486328125,7574.393208333334,7939.491041666667,0.1904340768273262,0.1259199458034055,0.2002799572292768,0.3140364690675528,0.35334074145933175
2019-12-03,5656.27001953125,10549.92871094,-2.4492935982947064e-16,1.0,5657.02490234375,7939.491041666667,8028.588625,0.1903927185973728,0.13983797986095378,0.1904340768273262,0.35334074145933175,0.3629324600757096
2019-12-04,5646.31494140625,11200.04296875,-2.4492935982947064e-16,1.0,5656.27001953125,8028.588625,8034.56975,0.1898473035958921,0.15522562732107112,0.1903927185973728,0.3629324600757096,0.36357635260189347
2019-12-05,7334.489990234375,12079.44921875,-2.4492935982947064e-16,1.0,5646.31494140625,8034.56975,8301.458333333334,0.282338390576316,0.17604041977741283,0.1898473035958921,0.36357635260189347,0.39230799825921553
2019-12-06,8017.68994140625,12918.50976563,-2.4492935982947064e-16,1.0,7334.489990234375,8301.458333333334,8270.110041666667,0.31976928742123945,0.19590026400937252,0.282338390576316,0.39230799825921553,0.38893322667146224
2019-12-07,7824.25,13593.5859375,-2.4492935982947064e-16,1.0,8017.68994140625,8270.110041666667,8963.989958333334,0.3091711741162755,0.2118787385877551,0.31976928742123945,0.38893322667146224,0.4636322326963813
2019-12-08,7477.199951171875,14044.49804688,-2.4492935982947064e-16,1.0,7824.25,8963.989958333334,8130.997958333333,0.2901571291717038,0.22255144187226772,0.3091711741162755,0.4636322326963813,0.3739572429292383
2019-12-09,6563.77490234375,14284.61035156,-2.4492935982947064e-16,1.0,7477.199951171875,8130.997958333333,7934.455625,0.2401127479922131,0.22823469439421437,0.2901571291717038,0.3739572429292383,0.35279865829640017
2019-12-10,6502.4599609375,14329.00878906,-2.4492935982947064e-16,1.0,6563.77490234375,7934.455625,9330.008208333333,0.23675344850325208,0.22928556736896108,0.2401127479922131,0.35279865829640017,0.5030355917002343
2019-12-11,6465.31005859375,14486.25683594,-2.4492935982947064e-16,1.0,6502.4599609375,9330.008208333333,9969.843,0.2347180939045834,0.23300749390743208,0.23675344850325208,0.5030355917002343,0.571916419361689
2019-12-12,6145.2451171875,14590.14453125,-2.4492935982947064e-16,1.0,6465.31005859375,9969.843,9993.094458333331,0.2171824986737812,0.23546642664374745,0.2347180939045834,0.571916419361689,0.5744195337830912
2019-12-13,6017.58984375,14757.59277344,-2.4492935982947064e-16,1.0,6145.2451171875,9993.094458333331,9509.96,0.21018857052206874,0.23942978306561058,0.2171824986737812,0.5744195337830912,0.5224081367862463
2019-12-14,6151.22509765625,14939.953125,-2.4492935982947064e-16,1.0,6017.58984375,9509.96,8489.226791666666,0.21751012754974425,0.2437460963394666,0.21018857052206874,0.5224081367862463,0.412522039426038
2019-12-15,5715.26513671875,15403.05175781,-2.4492935982947064e-16,1.0,6151.22509765625,8489.226791666666,7808.021375,0.1936249204469364,0.2547072441920726,0.21751012754974425,0.412522039426038,0.33918749507398466
2019-12-16,5897.955078125,16170.78417969,-2.4492935982947064e-16,1.0,5715.26513671875,7808.021375,9298.41075,0.2036340668756693,0.2728788128196969,0.1936249204469364,0.33918749507398466,0.4996339963035085
2019-12-17,7023.77490234375,17450.13671875,-2.4492935982947064e-16,1.0,5897.955078125,9298.41075,10447.7575,0.26531505153326407,0.3031599912614327,0.2036340668756693,0.4996339963035085,0.6233658665317329
2019-12-18,8318.659912109375,18868.453125,-2.4492935982947064e-16,1.0,7023.77490234375,10447.7575,11072.7495,0.336258714722112,0.33673032537438474,0.26531505153326407,0.6233658665317329,0.6906488070696327
2019-12-19,7631.02001953125,20044.05273438,-2.4492935982947064e-16,1.0,8318.659912109375,11072.7495,10733.602666666668,0.2985845640706129,0.3645557608667992,0.336258714722112,0.6906488070696327,0.6541382657814504
2019-12-20,7745.2099609375,20641.25976563,-2.4492935982947064e-16,1.0,7631.02001953125,10733.602666666668,10752.577541666667,0.30484075877638495,0.37869113960550693,0.2985845640706129,0.6541382657814504,0.6561809885464444
2019-12-21,7248.75,21089.13867188,-2.4492935982947064e-16,1.0,7745.2099609375,10752.577541666667,9484.651166666668,0.27764090088176496,0.38929204957080127,0.30484075877638495,0.6561809885464444,0.5196835375461759
2019-12-22,6593.60498046875,21203.68554688,-2.4492935982947064e-16,1.0,7248.75,9484.651166666668,9339.138125,0.24174706686951639,0.39200327595752243,0.27764090088176496,0.5196835375461759,0.5040184645053252
2019-12-23,6145.58984375,21073.01367188,-2.4492935982947064e-16,1.0,6593.60498046875,9339.138125,9298.248041666668,0.21720138542044815,0.3889103846368091,0.24174706686951639,0.5040184645053252,0.4996164800871144
2019-12-24,7235.56494140625,20608.91992188,-2.4492935982947064e-16,1.0,6145.58984375,9298.248041666668,8551.066083333333,0.27691852294940356,0.37792568321293896,0.21720138542044815,0.4996164800871144,0.41917929165344925
2019-12-25,6656.64013671875,19919.6796875,-2.4492935982947064e-16,1.0,7235.56494140625,8551.066083333333,8396.730875,0.24520061282945135,0.3616119574108082,0.27691852294940356,0.41917929165344925,0.40256447635149967
2019-12-26,6541.68994140625,18952.60546875,-2.4492935982947064e-16,1.0,6656.64013671875,8396.730875,9799.7085,0.23890276562430193,0.33872213924865613,0.24520061282945135,0.40256447635149967,0.553600745805955
2019-12-27,7756.33984375,17958.89453125,-2.4492935982947064e-16,1.0,6541.68994140625,9799.7085,10236.30375,0.3054505385264218,0.3152018527762103,0.23890276562430193,0.553600745805955,0.6006020070139055
2019-12-28,7599.16015625,17153.44140625,-2.4492935982947064e-16,1.0,7756.33984375,10236.30375,10133.593458333336,0.2968390381028076,0.29613746742508634,0.3054505385264218,0.6006020070139055,0.5895448247670313
2019-12-29,7138.360107421875,16470.76757813,-2.4492935982947064e-16,1.0,7599.16015625,10133.593458333336,10007.234791666668,0.2715929017934651,0.279979162832989,0.2968390381028076,0.5895448247670313,0.5759417983990429
2019-12-30,7006.905029296875,15780.67871094,-2.4492935982947064e-16,1.0,7138.360107421875,10007.234791666668,10378.561583333334,0.26439079140016336,0.26364535061935984,0.2715929017934651,0.5759417983990429,0.6159166435872012
2019-12-31,8286.5048828125,15146.90039063,-2.4492935982947064e-16,1.0,7006.905029296875,10378.561583333334,10274.942458333331,0.3344970173118702,0.24864436080312696,0.26439079140016336,0.6159166435872012,0.6047616217213783
2020-01-01,7222.89501953125,14519.08886719,0.49999999999999994,0.8660254037844387,8286.5048828125,10274.942458333331,9773.622583333334,0.27622436812997936,0.23378459995641557,0.3344970173118702,0.6047616217213783,0.5507924903723496
2020-01-02,6442.58984375,13909.04980469,0.49999999999999994,0.8660254037844387,7222.89501953125,9773.622583333334,10674.430833333334,0.2334733074893441,0.2193454980325905,0.27622436812997936,0.5507924903723496,0.6477681763344092
2020-01-03,6853.16015625,13556.30566406,0.49999999999999994,0.8660254037844387,6442.58984375,10674.430833333334,10489.16025,0.2559674762731901,0.210996346457418,0.2334733074893441,0.6477681763344092,0.6278230416097429
2020-01-04,6554.31005859375,13336.63085938,0.49999999999999994,0.8660254037844387,6853.16015625,10489.16025,9744.306541666669,0.23959419176361282,0.20579683204948462,0.2559674762731901,0.6278230416097429,0.5476364987944337
2020-01-05,5988.9951171875,13112.10742188,0.49999999999999994,0.8660254037844387,6554.31005859375,9744.306541666669,9196.620666666668,0.2086219336122829,0.20048255465704296,0.23959419176361282,0.5476364987944337,0.48867587824077424
2020-01-06,7302.27001953125,13030.0703125,0.49999999999999994,0.8660254037844387,5988.9951171875,9196.620666666668,10284.931,0.28057313518122046,0.19854080656796255,0.2086219336122829,0.48867587824077424,0.6058369290133419
2020-01-07,7893.77001953125,13319.32519531,0.49999999999999994,0.8660254037844387,7302.27001953125,10284.931,11352.52025,0.3129800102780284,0.20538722180855654,0.28057313518122046,0.6058369290133419,0.7207672705643552
2020-01-08,7778.31005859375,13641.94433594,0.49999999999999994,0.8660254037844387,7893.77001953125,11352.52025,12249.042666666666,0.3066542342293659,0.21302334044503057,0.3129800102780284,0.7207672705643552,0.8172815690697403
2020-01-09,7443.3349609375,14124.06152344,0.49999999999999994,0.8660254037844387,7778.31005859375,12249.042666666666,12437.077958333331,0.2883017470775702,0.22443464119192394,0.3066542342293659,0.8172815690697403,0.8375243359343318
2020-01-10,7311.33984375,14522.85742188,0.49999999999999994,0.8660254037844387,7443.3349609375,12437.077958333331,10846.736875,0.28107004923127465,0.23387379841700498,0.2883017470775702,0.8375243359343318,0.6663176252166016
2020-01-11,8183.405029296875,15180.32714844,0.49999999999999994,0.8660254037844387,7311.33984375,10846.736875,9816.887041666669,0.3288484220872209,0.24943554352021996,0.28107004923127465,0.6663176252166016,0.5554500859534869
2020-01-12,7542.47998046875,16072.57617188,0.49999999999999994,0.8660254037844387,8183.405029296875,9816.887041666669,10250.916875,0.29373366637498327,0.27055431342011227,0.3288484220872209,0.5554500859534869,0.6021751695831032
2020-01-13,7201.7099609375,16989.05273438,0.49999999999999994,0.8660254037844387,7542.47998046875,10250.916875,11291.425541666666,0.27506368926646924,0.29224652841123727,0.29373366637498327,0.6021751695831032,0.7141901757727867
2020-01-14,7257.7099609375,17717.1171875,0.49999999999999994,0.8660254037844387,7201.7099609375,11291.425541666666,11909.117833333332,0.27813179578451025,0.3094791902060935,0.27506368926646924,0.7141901757727867,0.7806872729051137
2020-01-15,7744.27490234375,18022.171875,0.49999999999999994,0.8660254037844387,7257.7099609375,11909.117833333332,12188.289833333334,0.30478952914484503,0.3166995732863214,0.27813179578451025,0.7806872729051137,0.8107412785177404
2020-01-16,8850.05517578125,17923.2421875,0.49999999999999994,0.8660254037844387,7744.27490234375,12188.289833333334,12584.068791666668,0.3653725945815368,0.3143579923468145,0.30478952914484503,0.8107412785177404,0.8533484992816759
2020-01-17,8360.4599609375,17804.84375,0.49999999999999994,0.8660254037844387,8850.05517578125,12584.068791666668,10993.77975,0.33854883976254063,0.31155560277576283,0.3653725945815368,0.8533484992816759,0.6821473910618393
2020-01-18,7695.81494140625,17863.02929688,0.49999999999999994,0.8660254037844387,8360.4599609375,10993.77975,10324.364083333334,0.302134523394553,0.3129328048166466,0.33854883976254063,0.6821473910618393,0.6100820614328651
2020-01-19,6305.6201171875,17716.20703125,0.49999999999999994,0.8660254037844387,7695.81494140625,10324.364083333334,9584.959083333331,0.22596906265290306,0.30945764758748395,0.302134523394553,0.6100820614328651,0.5304820943158045
2020-01-20,6037.14013671875,17376.87695313,0.49999999999999994,0.8660254037844387,6305.6201171875,9584.959083333331,11507.736416666668,0.2112596844736229,0.3014259953786646,0.22596906265290306,0.5304820943158045,0.737476924627694
2020-01-21,6950.2900390625,16885.00585938,0.49999999999999994,0.8660254037844387,6037.14013671875,11507.736416666668,11299.346083333332,0.2612889910330756,0.28978382802804586,0.2112596844736229,0.737476924627694,0.7150428544214513
2020-01-22,6413.4599609375,16519.42773438,0.49999999999999994,0.8660254037844387,6950.2900390625,11299.346083333332,11775.8465,0.23187735064422266,0.28113090703907906,0.2612889910330756,0.7150428544214513,0.7663400697471962
2020-01-23,6572.76513671875,16240.90625,0.49999999999999994,0.8660254037844387,6413.4599609375,11775.8465,11970.447208333331,0.24060530150443907,0.27453854214287565,0.23187735064422266,0.7663400697471962,0.7872896305214536
2020-01-24,6479.77490234375,16145.37792969,0.49999999999999994,0.8660254037844387,6572.76513671875,11970.447208333331,11298.427166666666,0.2355105882151516,0.27227746865044183,0.24060530150443907,0.7872896305214536,0.7149439292905017
2020-01-25,6583.25,16099.44921875,0.49999999999999994,0.8660254037844387,6479.77490234375,11298.427166666666,10282.071333333331,0.2411797421718314,0.2711903754145189,0.2355105882151516,0.7149439292905017,0.6055290742211338
2020-01-26,5678.6201171875,16318.18164063,0.49999999999999994,0.8660254037844387,6583.25,10282.071333333331,9697.089708333331,0.1916172271741227,0.27636758442901604,0.2411797421718314,0.6055290742211338,0.5425534139076593
2020-01-27,6260.22509765625,16588.515625,0.49999999999999994,0.8660254037844387,5678.6201171875,9697.089708333331,10775.010708333331,0.22348197773664547,0.2827661582150876,0.1916172271741227,0.5425534139076593,0.6585960105289816
2020-01-28,6917.0400390625,17016.16796875,0.49999999999999994,0.8660254037844387,6260.22509765625,10775.010708333331,11224.813333333334,0.2594673027879888,0.292888322776261,0.22348197773664547,0.6585960105289816,0.7070190995791877
2020-01-29,6942.054931640625,17576.00195313,0.49999999999999994,0.8660254037844387,6917.0400390625,11224.813333333334,11064.669125,0.2608378091266859,0.30613911351703244,0.2594673027879888,0.7070190995791877,0.6897789217100618
2020-01-30,6665.98486328125,18230.15820313,0.49999999999999994,0.8660254037844387,6942.054931640625,11064.669125,10749.617791666666,0.24571258812366056,0.3216224314690811,0.2608378091266859,0.6897789217100618,0.6558623593747795
2020-01-31,7013.719970703125,18934.046875,0.49999999999999994,0.8660254037844387,6665.98486328125,10749.617791666666,10664.403208333331,0.26476416579567374,0.3382828732357209,0.24571258812366056,0.6558623593747795,0.6466886615620416
2020-02-01,8296.83984375,19476.38671875,0.8660254037844386,0.5000000000000001,7013.719970703125,10664.403208333331,10659.818791666668,0.3350632451871567,0.35111959265687703,0.26476416579567374,0.6466886615620416,0.6461951303904682
2020-02-02,7332.280029296875,19744.30664063,0.8660254037844386,0.5000000000000001,8296.83984375,10659.818791666668,10181.483916666666,0.2822173120842274,0.3574610276521951,0.3350632451871567,0.6461951303904682,0.5947004281353532
2020-02-03,6680.760009765625,20102.10742188,0.8660254037844386,0.5000000000000001,7332.280029296875,10181.483916666666,11132.057208333334,0.2465220831814056,0.36592986557827956,0.2822173120842274,0.5947004281353532,0.6970335240151789
2020-02-04,7485.280029296875,20404.07617188,0.8660254037844386,0.5000000000000001,6680.760009765625,11132.057208333334,11448.54825,0.29059981739244656,0.3730772071619343,0.2465220831814056,0.6970335240151789,0.731105076830633
2020-02-05,7100.4599609375,20705.96289063,0.8660254037844386,0.5000000000000001,7485.280029296875,11448.54825,11642.154166666667,0.2695164431066184,0.3802226071361866,0.29059981739244656,0.731105076830633,0.7519475442204059
2020-02-06,7279.635009765625,20978.12695313,0.8660254037844386,0.5000000000000001,7100.4599609375,11642.154166666667,11553.940875,0.2793330169491163,0.38666449730357205,0.2695164431066184,0.7519475442204059,0.7424510232123598
2020-02-07,7143.530029296875,21233.44140625,0.8660254037844386,0.5000000000000001,7279.635009765625,11553.940875,11162.898083333332,0.27187614948993744,0.392707571653791,0.2793330169491163,0.7424510232123598,0.7003536701270678
2020-02-08,7074.93994140625,21400.86328125,0.8660254037844386,0.5000000000000001,7143.530029296875,11162.898083333332,10392.198041666668,0.26811826206618333,0.39667030398685843,0.27187614948993744,0.7003536701270678,0.6173846640021654
2020-02-09,7178.945068359375,21614.50976563,0.8660254037844386,0.5000000000000001,7074.93994140625,10392.198041666668,9770.274416666667,0.2738164550646577,0.40172713321839587,0.26811826206618333,0.6173846640021654,0.5504320465606779
2020-02-10,6712.6201171875,21257.44140625,0.8660254037844386,0.5000000000000001,7178.945068359375,9770.274416666667,10037.042666666666,0.24826762252509382,0.3932756310904304,0.2738164550646577,0.5504320465606779,0.5791507378433656
2020-02-11,6713.68994140625,22127.44726563,0.8660254037844386,0.5000000000000001,6712.6201171875,10037.042666666666,10501.700541666669,0.24832623564399928,0.41386792435511427,0.24826762252509382,0.5791507378433656,0.629173055207575
2020-02-12,6508.06005859375,22733.21679688,0.8660254037844386,0.5000000000000001,6713.68994140625,10501.700541666669,10985.772541666667,0.23706026450540935,0.4282059701324148,0.24832623564399928,0.629173055207575,0.6812853823926625
2020-02-13,6342.5400390625,23320.02539063,0.8660254037844386,0.5000000000000001,6508.06005859375,10985.772541666667,10825.432791666666,0.22799181716987185,0.4420952267649484,0.23706026450540935,0.6812853823926625,0.6640241536647559
2020-02-14,6577.97509765625,24036.15429688,0.8660254037844386,0.5000000000000001,6342.5400390625,10825.432791666666,10903.270791666668,0.24089074284570838,0.45904538439184805,0.22799181716987185,0.6640241536647559,0.6724037321643033
2020-02-15,6291.7099609375,24953.8203125,0.8660254037844386,0.5000000000000001,6577.97509765625,10903.270791666668,10335.378125,0.22520695834830318,0.4807657527191921,0.24089074284570838,0.6724037321643033,0.6112677679867733
2020-02-16,6063.10009765625,25851.22460938,0.8660254037844386,0.5000000000000001,6291.7099609375,10335.378125,9808.246208333332,0.2126819688550592,0.5020065435243364,0.22520695834830318,0.6112677679867733,0.5545198649660746
2020-02-17,6807.284912109375,26510.3125,0.8660254037844386,0.5000000000000001,6063.10009765625,9808.246208333332,11158.736583333332,0.2534540809952513,0.5176065891843978,0.2126819688550592,0.5545198649660746,0.6999056676613586
2020-02-18,7768.929931640625,26963.62890625,0.8660254037844386,0.5000000000000001,6807.284912109375,11158.736583333332,11440.384958333334,0.30614031943213493,0.5283362001158057,0.2534540809952513,0.6999056676613586,0.7302262651533606
2020-02-19,8003.610107421875,27319.84375,0.8660254037844386,0.5000000000000001,7768.929931640625,11440.384958333334,10685.51025,0.3189978868780181,0.536767500260107,0.30614031943213493,0.7302262651533606,0.6489609207739826
2020-02-20,8795.97509765625,27651.4296875,0.8660254037844386,0.5000000000000001,8003.610107421875,10685.51025,10837.248666666666,0.362409676006689,0.5446158552956825,0.3189978868780181,0.6489609207739826,0.665296180850749
2020-02-21,9030.009765625,27761.31445313,0.8660254037844386,0.5000000000000001,8795.97509765625,10837.248666666666,10255.214208333333,0.3752318776181619,0.5472167335481422,0.362409676006689,0.665296180850749,0.6026377950617303
2020-02-22,7927.9599609375,27660.51953125,0.8660254037844386,0.5000000000000001,9030.009765625,10255.214208333333,8939.709416666667,0.31485319567231335,0.544831004109006,0.3752318776181619,0.6026377950617303,0.46101833325257024
2020-02-23,6552.93505859375,27438.14648438,0.8660254037844386,0.5000000000000001,7927.9599609375,8939.709416666667,9075.926583333334,0.23951885879107165,0.5395676246203074,0.31485319567231335,0.46101833325257024,0.4756826673961666
2020-02-24,6296.81005859375,27148.38085938,0.8660254037844386,0.5000000000000001,6552.93505859375,9075.926583333334,9526.766416666667,0.22548638054226364,0.5327091205496833,0.23951885879107165,0.4756826673961666,0.524217416158204
2020-02-25,6718.110107421875,26975.3203125,0.8660254037844386,0.5000000000000001,6296.81005859375,9526.766416666667,9972.279875,0.2485684060040593,0.5286129256844682,0.22548638054226364,0.524217416158204,0.5721787589047924
2020-02-26,7316.300048828125,26759.83789063,0.8660254037844386,0.5000000000000001,6718.110107421875,9972.279875,10092.083458333333,0.2813418070443285,0.5235126413855858,0.2485684060040593,0.5721787589047924,0.5850761037886372
2020-02-27,7856.455078125,26821.02734375,0.8660254037844386,0.5000000000000001,7316.300048828125,10092.083458333333,9890.46425,0.31093561358251354,0.5249609433134035,0.2813418070443285,0.5850761037886372,0.563370972834017
2020-02-28,7544.64990234375,26746.42578125,0.8660254037844386,0.5000000000000001,7856.455078125,9890.46425,9424.931166666667,0.2938525512222748,0.5231951882481464,0.31093561358251354,0.563370972834017,0.513254435719395
2020-02-29,6994.91015625,26721.65039063,0.8660254037844386,0.5000000000000001,7544.64990234375,9424.931166666667,9164.991458333334,0.2637336208969814,0.5226087759798913,0.2938525512222748,0.513254435719395,0.4852708648269185
2020-03-01,6491.89501953125,26779.94726563,1.0,6.123233995736766e-17,6994.91015625,9164.991458333334,8830.065625000001,0.2361746205462657,0.5239886130619889,0.2637336208969814,0.4852708648269185,0.44921473142237384
2020-03-02,6201.25,26938.39453125,1.0,6.123233995736766e-17,6491.89501953125,8830.065625000001,9574.782041666667,0.22025087270948038,0.5277389240805371,0.2361746205462657,0.44921473142237384,0.5293864942292276
2020-03-03,7296.010009765625,27247.58203125,1.0,6.123233995736766e-17,6201.25,9574.782041666667,10355.029875,0.2802301641675613,0.5350571272916186,0.22025087270948038,0.5293864942292276,0.6133833591090849
2020-03-04,7331.16015625,27600.95507813,1.0,6.123233995736766e-17,7296.010009765625,10355.029875,10272.559625,0.2821559569093257,0.5434211645388776,0.2802301641675613,0.6133833591090849,0.6045050999843349
2020-03-05,7407.050048828125,28013.74023438,1.0,6.123233995736766e-17,7331.16015625,10272.559625,10558.294166666668,0.2863137832320467,0.5531914355102315,0.2821559569093257,0.6045050999843349,0.6352655900011391
2020-03-06,8052.199951171875,28376.23632813,1.0,6.123233995736766e-17,7407.050048828125,10558.294166666668,10046.291791666668,0.3216600085980175,0.5617714074602158,0.2863137832320467,0.6352655900011391,0.5801464439122476
2020-03-07,6587.885009765625,28666.921875,1.0,6.123233995736766e-17,8052.199951171875,10046.291791666668,9181.034541666666,0.241433683308851,0.5686516852933076,0.3216600085980175,0.5801464439122476,0.4869979682489801
2020-03-08,5809.7900390625,28686.18164063,1.0,6.123233995736766e-17,6587.885009765625,9181.034541666666,8654.815583333333,0.19880371453618725,0.5691075474438736,0.241433683308851,0.4869979682489801,0.4303483489203212
2020-03-09,5857.68994140625,28643.55859375,1.0,6.123233995736766e-17,5809.7900390625,8654.815583333333,9631.227875,0.201428036011087,0.5680986964439357,0.19880371453618725,0.4303483489203212,0.5354631186464662
2020-03-10,6955.4150390625,28284.76367188,1.0,6.123233995736766e-17,5857.68994140625,9631.227875,10134.333875,0.26156977756709276,0.5596063280611622,0.201428036011087,0.5354631186464662,0.5896245336441952
2020-03-11,7860.85498046875,27743.5390625,1.0,6.123233995736766e-17,6955.4150390625,10134.333875,10579.000458333334,0.3111766737442922,0.5467960052820038,0.26156977756709276,0.5896245336441952,0.6374947068393845
2020-03-12,7596.949951171875,27003.92578125,1.0,6.123233995736766e-17,7860.85498046875,10579.000458333334,10336.503833333334,0.2967179462348361,0.5292899926204236,0.3111766737442922,0.6374947068393845,0.6113889550849358
2020-03-13,6975.18994140625,26122.80078125,1.0,6.123233995736766e-17,7596.949951171875,10336.503833333334,10319.303458333334,0.2626531973309228,0.5084345188242184,0.2967179462348361,0.6113889550849358,0.6095372644899288
2020-03-14,6367.080078125,25070.77929688,1.0,6.123233995736766e-17,6975.18994140625,10319.303458333334,9671.474666666669,0.22933630741631178,0.4835340716682264,0.2626531973309228,0.6095372644899288,0.5397958500903083
2020-03-15,5593.89501953125,23861.85742188,1.0,6.123233995736766e-17,6367.080078125,9671.474666666669,9442.976125,0.1869753410248227,0.4549199266993266,0.22933630741631178,0.5397958500903083,0.5151970491585277
2020-03-16,6613.60498046875,22638.34179688,1.0,6.123233995736766e-17,5593.89501953125,9442.976125,9968.944708333334,0.24284281919738818,0.4259603601719495,0.1869753410248227,0.5151970491585277,0.5718197145961976
2020-03-17,7335.364990234375,21395.31640625,1.0,6.123233995736766e-17,6613.60498046875,9968.944708333334,9781.671916666666,0.28238632974066036,0.39653901420820803,0.24284281919738818,0.5718197145961976,0.5516590339697658
2020-03-18,7506.3798828125,20231.09375,1.0,6.123233995736766e-17,7335.364990234375,9781.671916666666,9408.031041666669,0.2917558280728215,0.3689828614485311,0.28238632974066036,0.5516590339697658,0.5114350682627589
2020-03-19,7235.1201171875,19262.578125,1.0,6.123233995736766e-17,7506.3798828125,9408.031041666669,9658.729083333334,0.27689415209074414,0.346058926435448,0.2917558280728215,0.5114350682627589,0.5384237360063877
2020-03-20,7474.47509765625,18510.4375,1.0,6.123233995736766e-17,7235.1201171875,9658.729083333334,9357.080916666668,0.290007840942561,0.32825640228081737,0.27689415209074414,0.5384237360063877,0.505950079285662
2020-03-21,6476.52490234375,17879.63085938,1.0,6.123233995736766e-17,7474.47509765625,9357.080916666668,8118.383041666667,0.23533252846187244,0.31332574957669174,0.290007840942561,0.505950079285662,0.37259919564547483
2020-03-22,5645.64013671875,17362.91796875,1.0,6.123233995736766e-17,6476.52490234375,8118.383041666667,7523.055541666666,0.18981033265553277,0.3010955981785412,0.23533252846187244,0.37259919564547483,0.3085097596477715
2020-03-23,5536.22998046875,17069.61914063,1.0,6.123233995736766e-17,5645.64013671875,7523.055541666666,8002.510625,0.1838160109853451,0.2941534662173389,0.18981033265553277,0.3085097596477715,0.3601250569035932
2020-03-24,5985.3349609375,16896.1953125,1.0,6.123233995736766e-17,5536.22998046875,8002.510625,8140.773541666667,0.20842140237571732,0.290048672796198,0.1838160109853451,0.3601250569035932,0.37500962438714497
2020-03-25,6100.89990234375,16787.87890625,1.0,6.123233995736766e-17,5985.3349609375,8140.773541666667,7888.276375,0.21475293005403054,0.287484916266482,0.20842140237571732,0.37500962438714497,0.34782727349173903
2020-03-26,6006.68994140625,16787.28125,1.0,6.123233995736766e-17,6100.89990234375,7888.276375,7569.964208333334,0.20959139085373177,0.28747077025512036,0.21475293005403054,0.34782727349173903,0.31355966913468586
2020-03-27,5431.85009765625,16960.11132813,1.0,6.123233995736766e-17,6006.68994140625,7569.964208333334,7585.785041666667,0.17809728600660607,0.29156151012249026,0.20959139085373177,0.31355966913468586,0.315262846436838
2020-03-28,5403.35986328125,17142.06445313,1.0,6.123233995736766e-17,5431.85009765625,7585.785041666667,7283.342958333334,0.17653637397470515,0.29586818469258547,0.17809728600660607,0.315262846436838,0.2827037213455165
2020-03-29,5468.93994140625,17258.66601563,1.0,6.123233995736766e-17,5403.35986328125,7283.342958333334,7401.179,0.18012935013807924,0.29862804377196167,0.17653637397470515,0.2827037213455165,0.2953892523358009
2020-03-30,5815.5,17267.32226563,1.0,6.123233995736766e-17,5468.93994140625,7401.179,8038.164208333333,0.19911654968565337,0.29883292979272874,0.18012935013807924,0.2953892523358009,0.3639633107170495
2020-03-31,5950.330078125,17253.61328125,1.0,6.123233995736766e-17,5815.5,8038.164208333333,7813.600583333333,0.2065035682842835,0.2985084498784037,0.19911654968565337,0.3639633107170495,0.33978811963004324
2020-04-01,5595.16015625,17093.72460938,0.8660254037844387,-0.49999999999999983,5950.330078125,7813.600583333333,8091.487291666667,0.187044654850055,0.2947240220089245,0.2065035682842835,0.33978811963004324,0.36970375834712194
2020-04-02,5553.6298828125,16921.91015625,0.8660254037844387,-0.49999999999999983,5595.16015625,8091.487291666667,7709.042125,0.1847693101602404,0.29065732111511033,0.187044654850055,0.36970375834712194,0.3285319746957463
2020-04-03,5463.66015625,16745.0390625,0.8660254037844387,-0.49999999999999983,5553.6298828125,7709.042125,7393.453791666667,0.17984008329429804,0.28647093387038425,0.1847693101602404,0.3285319746957463,0.2945576021179828
2020-04-04,5301.43994140625,16564.78320313,0.8660254037844387,-0.49999999999999983,5463.66015625,7393.453791666667,6853.056791666667,0.17095242439215305,0.28220443212352253,0.17984008329429804,0.2945576021179828,0.2363816587173322
2020-04-05,5484.31005859375,16329.07714844,0.8660254037844387,-0.49999999999999983,5301.43994140625,6853.056791666667,6264.823208333334,0.1809714422224725,0.2766254717635348,0.17095242439215305,0.2363816587173322,0.17305591181207203
2020-04-06,5789.5048828125,16120.98632813,0.8660254037844387,-0.49999999999999983,5484.31005859375,6264.823208333334,7028.3980833333335,0.19769233917707824,0.271700140340404,0.1809714422224725,0.17305591181207203,0.25525786465444317
2020-04-07,5910.14501953125,15912.81445313,0.8660254037844387,-0.49999999999999983,5789.5048828125,7028.3980833333335,6354.623666666666,0.20430192470929526,0.2667728904222092,0.19769233917707824,0.25525786465444317,0.18272329779192098
2020-04-08,6034.06494140625,15763.66699219,0.8660254037844387,-0.49999999999999983,5910.14501953125,6354.623666666666,5863.511208333333,0.21109120185250627,0.26324269781230175,0.20430192470929526,0.18272329779192098,0.1298530365222352
2020-04-09,6933.905029296875,15495.9453125,0.8660254037844387,-0.49999999999999983,6034.06494140625,5863.511208333333,5528.536875000001,0.26039129540343137,0.2569059550397657,0.21109120185250627,0.1298530365222352,0.09379168189467318
2020-04-10,6757.715087890625,15162.05566406,0.8660254037844387,-0.49999999999999983,6933.905029296875,5528.536875000001,5216.823583333334,0.2507382684812568,0.24900307314007547,0.26039129540343137,0.09379168189467318,0.060234473373473915
2020-04-11,5678.18505859375,14803.01757813,0.8660254037844387,-0.49999999999999983,6757.715087890625,5216.823583333334,5730.443166666667,0.19159339135077957,0.2405049492723463,0.2507382684812568,0.060234473373473915,0.11552771854224012
2020-04-12,5444.16015625,14448.13378906,0.8660254037844387,-0.49999999999999983,5678.18505859375,5730.443166666667,5701.809583333333,0.17877172477462305,0.23210515405186413,0.19159339135077957,0.11552771854224012,0.11244519639027062
2020-04-13,5834.89501953125,14204.87792969,0.8660254037844387,-0.49999999999999983,5444.16015625,5701.809583333333,6293.9375,0.20017915657567767,0.2263474962838239,0.17877172477462305,0.11244519639027062,0.1761901841787765
2020-04-14,6188.81494140625,13972.2890625,0.8660254037844387,-0.49999999999999983,5834.89501953125,6293.9375,6908.571583333333,0.2195695854894142,0.22084231708113405,0.20017915657567767,0.1761901841787765,0.2423580526978667
2020-04-15,5609.27001953125,13728.87011719,0.8660254037844387,-0.49999999999999983,6188.81494140625,6908.571583333333,6740.233333333334,0.18781770062687414,0.21508079920862716,0.2195695854894142,0.2423580526978667,0.22423575278842128
2020-04-16,6007.35498046875,13558.63769531,0.8660254037844387,-0.49999999999999983,5609.27001953125,6740.233333333334,6736.923833333333,0.20962782675877478,0.21105154363900552,0.18781770062687414,0.22423575278842128,0.22387947160128577
2020-04-17,5922.64013671875,13293.58007813,0.8660254037844387,-0.49999999999999983,6007.35498046875,6736.923833333333,6690.649916666666,0.20498650239655694,0.2047778569434945,0.20962782675877478,0.22387947160128577,0.2188978955434497
2020-04-18,5619.52490234375,13115.45019531,0.8660254037844387,-0.49999999999999983,5922.64013671875,6690.649916666666,7131.722833333333,0.1883795412125666,0.20056167524002047,0.20498650239655694,0.2188978955434497,0.2663811958496318
2020-04-19,5491.919921875,12984.00292969,0.8660254037844387,-0.49999999999999983,5619.52490234375,7131.722833333333,7045.192208333334,0.1813883684927333,0.1974504310876916,0.1883795412125666,0.2663811958496318,0.2570658207782993
2020-04-20,5438.7451171875,12861.34960938,0.8660254037844387,-0.49999999999999983,5491.919921875,7045.192208333334,7288.427500000001,0.17847504769171052,0.19454733208613928,0.1813883684927333,0.2570658207782993,0.28325109301526724
2020-04-21,5631.7900390625,12854.46582031,0.8660254037844387,-0.49999999999999983,5438.7451171875,7288.427500000001,7364.763708333333,0.1890515188181284,0.19438439869692897,0.17847504769171052,0.28325109301526724,0.2914689975103333
2020-04-22,5672.8701171875,12802.70214844,0.8660254037844387,-0.49999999999999983,5631.7900390625,7364.763708333333,7636.81025,0.19130219837985957,0.19315919693522637,0.1890515188181284,0.2914689975103333,0.3207559184413207
2020-04-23,6025.330078125,12695.86035156,0.8660254037844387,-0.49999999999999983,5672.8701171875,7636.81025,7627.340083333333,0.2106126395138027,0.19063034314584315,0.19130219837985957,0.3207559184413207,0.31973641633454586
2020-04-24,6040.60986328125,12592.16601563,0.8660254037844387,-0.49999999999999983,6025.330078125,7627.340083333333,7787.845083333334,0.2114497825215198,0.1881759870603808,0.2106126395138027,0.31973641633454586,0.3370154348996406
2020-04-25,6963.5,12472.5390625,0.8660254037844387,-0.49999999999999983,6040.60986328125,7787.845083333334,7364.689375000001,0.2620127333054937,0.18534451957696743,0.2114497825215198,0.3370154348996406,0.2914609952235095
2020-04-26,7226.75,12511.09472656,0.8660254037844387,-0.49999999999999983,6963.5,7364.689375000001,7427.986833333333,0.276435573321106,0.18625709911051674,0.2620127333054937,0.2914609952235095,0.2982752250460381
2020-04-27,7108.64990234375,12557.6953125,0.8660254037844387,-0.49999999999999983,7226.75,7427.986833333333,7668.014999999999,0.26996515047466996,0.18736009505202272,0.276435573321106,0.2982752250460381,0.3241152371826005
2020-04-28,7242.7900390625,12576.42285156,0.8660254037844387,-0.49999999999999983,7108.64990234375,7668.014999999999,7482.424666666667,0.27731436882820043,0.1878033598556922,0.26996515047466996,0.3241152371826005,0.3041356800649484
2020-04-29,6680.6650390625,12511.38867188,0.8660254037844387,-0.49999999999999983,7242.7900390625,7482.424666666667,7714.179791666667,0.24651687996295416,0.18626405654438682,0.27731436882820043,0.3041356800649484,0.3290850654886475
2020-04-30,6135.1298828125,12302.89648438,0.8660254037844387,-0.49999999999999983,6680.6650390625,7714.179791666667,7638.553916666667,0.21662830909311245,0.1813292251037629,0.24651687996295416,0.3290850654886475,0.3209436312770869
2020-05-01,5459.97509765625,12111.875,0.49999999999999994,-0.8660254037844387,6135.1298828125,7638.553916666667,7041.228625,0.17963818771767578,0.17680791023697404,0.21662830909311245,0.3209436312770869,0.25663912484981743
2020-05-02,5330.9150390625,11923.85546875,0.49999999999999994,-0.8660254037844387,5459.97509765625,7041.228625,7280.707166666667,0.17256729473570726,0.17235764902867878,0.17963818771767578,0.25663912484981743,0.28241996761110294
2020-05-03,5392.76513671875,11776.17871094,0.49999999999999994,-0.8660254037844387,5330.9150390625,7280.707166666667,6963.442875,0.17595591416000392,0.1688622667017501,0.17256729473570726,0.28241996761110294,0.2482651712760982
2020-05-04,5350.4951171875,11476.29296875,0.49999999999999994,-0.8660254037844387,5392.76513671875,6963.442875,7755.532458333334,0.17364004054497628,0.161764228128223,0.17595591416000392,0.2482651712760982,0.33353684889134216
2020-05-05,5299.77001953125,11253.11621094,0.49999999999999994,-0.8660254037844387,5350.4951171875,7755.532458333334,7926.908416666666,0.1708609333530583,0.15648182549019943,0.17364004054497628,0.33353684889134216,0.3519861705053263
2020-05-06,5275.169921875,11022.14746094,0.49999999999999994,-0.8660254037844387,5299.77001953125,7926.908416666666,7440.513958333333,0.16951315263942285,0.15101499307326963,0.1708609333530583,0.3519861705053263,0.29962382119844616
2020-05-07,5475.64990234375,10794.98828125,0.49999999999999994,-0.8660254037844387,5275.169921875,7440.513958333333,7265.179541666667,0.18049697290393896,0.1456383299215122,0.16951315263942285,0.29962382119844616,0.28074835538315474
2020-05-08,5606.5048828125,10645.34667969,0.49999999999999994,-0.8660254037844387,5475.64990234375,7265.179541666667,6694.360791666666,0.18766620537705142,0.14209644142651232,0.18049697290393896,0.28074835538315474,0.21929738638808222
2020-05-09,5184.31005859375,10481.53808594,0.49999999999999994,-0.8660254037844387,5606.5048828125,6694.360791666666,6432.253375,0.16453515730439577,0.1382192323647488,0.18766620537705142,0.21929738638808222,0.19108045284313155
2020-05-10,5095.10986328125,10335.89453125,0.49999999999999994,-0.8660254037844387,5184.31005859375,6432.253375,6689.89575,0.1596480912213813,0.13477197421360856,0.16453515730439577,0.19108045284313155,0.21881670642264656
2020-05-11,5159.1201171875,10200.77148438,0.49999999999999994,-0.8660254037844387,5095.10986328125,6689.89575,6946.218833333333,0.16315506045765316,0.1315737274685262,0.1596480912213813,0.21881670642264656,0.24641093286779758
2020-05-12,5375.23486328125,10206.13867188,0.49999999999999994,-0.8660254037844387,5159.1201171875,6946.218833333333,7004.765333333333,0.17499547226363543,0.13170076419800905,0.16315506045765316,0.24641093286779758,0.2527137026283739
2020-05-13,5252.60498046875,10334.40429688,0.49999999999999994,-0.8660254037844387,5375.23486328125,7004.765333333333,7263.536666666667,0.16827687328571342,0.13473670164291343,0.17499547226363543,0.2527137026283739,0.2805714931818206
2020-05-14,5187.58984375,10430.109375,0.49999999999999994,-0.8660254037844387,5252.60498046875,7263.536666666667,7344.253250000001,0.1647148489153898,0.13700195884126262,0.16827687328571342,0.2805714931818206,0.289260962929976
2020-05-15,5169.68994140625,10404.90332031,0.49999999999999994,-0.8660254037844387,5187.58984375,7344.253250000001,7396.416541666667,0.1637341559322977,0.13640535312346663,0.1647148489153898,0.289260962929976,0.2948765542518961
2020-05-16,5153.43994140625,10355.04980469,0.49999999999999994,-0.8660254037844387,5169.68994140625,7396.416541666667,7474.737958333334,0.16284385716590188,0.1352253631235669,0.1637341559322977,0.2948765542518961,0.30330817452931946
2020-05-17,5085.48486328125,10290.74707031,0.49999999999999994,-0.8660254037844387,5153.43994140625,7474.737958333334,7651.883958333333,0.159120760413593,0.13370337249580536,0.16284385716590188,0.30330817452931946,0.32237866468683624
2020-05-18,5039.64990234375,10224.66015625,0.49999999999999994,-0.8660254037844387,5085.48486328125,7651.883958333333,8686.482041666666,0.15660957215633411,0.13213915186371522,0.159120760413593,0.32237866468683624,0.4337573724487624
2020-05-19,5087.5849609375,10142.27539063,0.49999999999999994,-0.8660254037844387,5039.64990234375,8686.482041666666,8799.313583333334,0.1592358197583727,0.13018917504930816,0.15660957215633411,0.4337573724487624,0.44590414858150973
2020-05-20,4938.85009765625,10111.85546875,0.49999999999999994,-0.8660254037844387,5087.5849609375,8799.313583333334,8855.800208333332,0.15108699112456667,0.12946916156240112,0.1592358197583727,0.44590414858150973,0.4519851643882104
2020-05-21,5069.27490234375,10180.07421875,0.49999999999999994,-0.8660254037844387,4938.85009765625,8855.800208333332,8841.858208333333,0.15823265529199418,0.13108384092461975,0.15108699112456667,0.4519851643882104,0.45048425116535423
2020-05-22,5411.66015625,10347.9609375,0.49999999999999994,-0.8660254037844387,5069.27490234375,8841.858208333333,8789.123166666666,0.17699112724183141,0.13505757571096846,0.15823265529199418,0.45048425116535423,0.44480710862157447
2020-05-23,5271.39501953125,10646.67089844,0.49999999999999994,-0.8660254037844387,5411.66015625,8789.123166666666,7639.967791666667,0.16930633473789022,0.14212778454972533,0.17699112724183141,0.44480710862157447,0.3210958406934523
2020-05-24,5273.06005859375,10916.21191406,0.49999999999999994,-0.8660254037844387,5271.39501953125,7639.967791666667,7663.932875,0.1693975582593268,0.14850758944490533,0.16930633473789022,0.3210958406934523,0.32367577975971634
2020-05-25,5208.02490234375,10990.53222656,0.49999999999999994,-0.8660254037844387,5273.06005859375,7663.932875,8615.878458333334,0.16583443706660467,0.15026668756363937,0.1693975582593268,0.32367577975971634,0.42615660844029635
2020-05-26,5312.4951171875,11015.72363281,0.49999999999999994,-0.8660254037844387,5208.02490234375,8615.878458333334,8826.279458333333,0.17155811112201988,0.15086294656541147,0.16583443706660467,0.42615660844029635,0.44880713512242115
2020-05-27,5403.83984375,11035.6015625,0.49999999999999994,-0.8660254037844387,5312.4951171875,8826.279458333333,8916.506291666667,0.17656267096050343,0.1513334401296306,0.17155811112201988,0.44880713512242115,0.45852042211183813
2020-05-28,5387.1298828125,11079.59863281,0.49999999999999994,-0.8660254037844387,5403.83984375,8916.506291666667,8665.024333333333,0.17564717203070782,0.15237481308688414,0.17656267096050343,0.45852042211183813,0.4314473625384415
2020-05-29,5280.3349609375,11033.75585938,0.49999999999999994,-0.8660254037844387,5387.1298828125,8665.024333333333,8581.494708333334,0.169796132818237,0.151289753918191,0.17564717203070782,0.4314473625384415,0.4224550573696905
2020-05-30,5339.330078125,10984.96875,0.49999999999999994,-0.8660254037844387,5280.3349609375,8581.494708333334,7656.319875,0.1730283346678006,0.1501350048402881,0.169796132818237,0.4224550573696905,0.32285620922710945
2020-05-31,5309.22998046875,10857.0078125,0.49999999999999994,-0.8660254037844387,5339.330078125,7656.319875,7311.6005,0.17137922206400039,0.14710627908745041,0.1730283346678006,0.32285620922710945,0.2857457610767539
2020-06-01,5254.625,10729.54296875,1.2246467991473532e-16,-1.0,5309.22998046875,7311.6005,8147.702083333334,0.1683875453408991,0.1440892954486188,0.17137922206400039,0.2857457610767539,0.3757555101856394
2020-06-02,5284.27490234375,10625.50585938,1.2246467991473532e-16,-1.0,5254.625,8147.702083333334,8286.068166666666,0.17001199281661583,0.14162682620952222,0.1683875453408991,0.3757555101856394,0.39065118398206994
2020-06-03,5382.7099609375,10545.72851563,1.2246467991473532e-16,-1.0,5284.27490234375,8286.068166666666,8257.887708333334,0.1754050150465307,0.13973856483672156,0.17001199281661583,0.39065118398206994,0.3876174425863843
2020-06-04,5547.31494140625,10460.06542969,1.2246467991473532e-16,-1.0,5382.7099609375,8257.887708333334,7726.804416666667,0.1844233295729268,0.13771099298922684,0.1754050150465307,0.3876174425863843,0.3304441579141318
2020-06-05,5586.18994140625,10329.40136719,1.2246467991473532e-16,-1.0,5547.31494140625,7726.804416666667,7795.886333333333,0.18655319816022756,0.13461828658369474,0.1844233295729268,0.3304441579141318,0.33788110829322054
2020-06-06,5463.0048828125,10258.73046875,1.2246467991473532e-16,-1.0,5586.18994140625,7795.886333333333,7228.669375,0.17980418242457138,0.13294556696891854,0.18655319816022756,0.33788110829322054,0.27681788687657843
2020-06-07,5407.31005859375,10151.87695313,1.2246467991473532e-16,-1.0,5463.0048828125,7228.669375,7101.780958333333,0.17675279576016614,0.13041643580700019,0.17980418242457138,0.27681788687657843,0.2631578307582095
2020-06-08,5822.56005859375,10154.71484375,1.2246467991473532e-16,-1.0,5407.31005859375,7101.780958333333,7407.270666666667,0.199503353467604,0.13048360624645192,0.17675279576016614,0.2631578307582095,0.2960450451237247
2020-06-09,6421.75,10116.26855469,1.2246467991473532e-16,-1.0,5822.56005859375,7407.270666666667,7817.807958333334,0.23233154212426677,0.12957361552543936,0.199503353467604,0.2960450451237247,0.3402410607268024
2020-06-10,5689.89501953125,10108.04101563,1.2246467991473532e-16,-1.0,6421.75,7817.807958333334,7876.093541666666,0.19223495219860726,0.1293788767252997,0.23233154212426677,0.3402410607268024,0.34651574174293287
2020-06-11,5450.98486328125,10152.5703125,1.2246467991473532e-16,-1.0,5689.89501953125,7876.093541666666,7640.546083333334,0.17914563420544982,0.13043284702921312,0.19223495219860726,0.34651574174293287,0.32115809615243723
2020-06-12,5071.0048828125,10456.19824219,1.2246467991473532e-16,-1.0,5450.98486328125,7640.546083333334,7596.4179583333325,0.15832743679828445,0.13761945997453398,0.17914563420544982,0.32115809615243723,0.31640752332842653
2020-06-13,4883.89501953125,10420.84765625,1.2246467991473532e-16,-1.0,5071.0048828125,7596.4179583333325,6744.879416666667,0.14807613338537443,0.1367827418939527,0.15832743679828445,0.31640752332842653,0.22473592262843647
2020-06-14,4993.5400390625,10415.86914063,1.2246467991473532e-16,-1.0,4883.89501953125,6744.879416666667,6009.909583333333,0.15408332265492014,0.13666490469485282,0.14807613338537443,0.22473592262843647,0.14561341931108712
2020-06-15,4920.68994140625,10289.79199219,1.2246467991473532e-16,-1.0,4993.5400390625,6009.909583333333,7114.176791666666,0.150092039450294,0.13368076661502223,0.15408332265492014,0.14561341931108712,0.2644922928266589
2020-06-16,4953.58984375,10146.51953125,1.2246467991473532e-16,-1.0,4920.68994140625,7114.176791666666,7760.613083333334,0.15189454667928992,0.1302896302213755,0.150092039450294,0.2644922928266589,0.33408379891593504
2020-06-17,4957.3349609375,9989.49902344,1.2246467991473532e-16,-1.0,4953.58984375,7760.613083333334,7585.740333333334,0.15209973272310773,0.12657308933773434,0.15189454667928992,0.33408379891593504,0.3152580334022181
2020-06-18,4911.10009765625,9841.45214844,1.2246467991473532e-16,-1.0,4957.3349609375,7585.740333333334,7503.482,0.14956663476964455,0.12306894665403727,0.15209973272310773,0.3152580334022181,0.30640258797185504
2020-06-19,4913.60009765625,9665.65625,1.2246467991473532e-16,-1.0,4911.10009765625,7503.482,7841.965916666667,0.14970360381062853,0.11890800836106435,0.14956663476964455,0.30640258797185504,0.3428417635742928
2020-06-20,4998.77490234375,9560.484375,1.2246467991473532e-16,-1.0,4913.60009765625,7841.965916666667,7705.141166666667,0.15437012833624617,0.11641868019178046,0.14970360381062853,0.3428417635742928,0.328112020604202
2020-06-21,5011.3798828125,9393.08007813,1.2246467991473532e-16,-1.0,4998.77490234375,7705.141166666667,7620.746791666667,0.1550607251708167,0.11245636391798908,0.15437012833624617,0.328112020604202,0.3190266215673212
2020-06-22,4970.294921875,9234.39746094,1.2246467991473532e-16,-1.0,5011.3798828125,7620.746791666667,8262.753041666667,0.15280977809142737,0.10870048232942975,0.1550607251708167,0.3190266215673212,0.3881412155840606
2020-06-23,4964.669921875,9010.15820313,1.2246467991473532e-16,-1.0,4970.294921875,8262.753041666667,7878.2735,0.15250159774921343,0.10339293122676334,0.15280977809142737,0.3881412155840606,0.34675042315792187
2020-06-24,5061.25,11272.07128906,1.2246467991473532e-16,-1.0,4964.669921875,7878.2735,7719.695,0.1577929900207888,0.15693047594846213,0.15250159774921343,0.34675042315792187,0.3296788001834048
2020-06-25,5415.93994140625,8798.16699219,1.2246467991473532e-16,-1.0,5061.25,7719.695,7845.686833333333,0.177225606469219,0.09837528089930128,0.1577929900207888,0.3296788001834048,0.3432423354453404
2020-06-26,5054.39990234375,8856.41015625,1.2246467991473532e-16,-1.0,5415.93994140625,7845.686833333333,7769.075541666666,0.15741768949813956,0.09975384668946888,0.177225606469219,0.3432423354453404,0.33499481710632156
2020-06-27,3034.5,8819.36035156,1.2246467991473532e-16,-1.0,5054.39990234375,7769.075541666666,7327.082833333333,0.046752188495082087,0.09887690955697712,0.15741768949813956,0.33499481710632156,0.28741249747186715
2020-06-28,5163.06005859375,9387.73144531,1.2246467991473532e-16,-1.0,3034.5,7327.082833333333,7074.140041666667,0.163370920456032,0.11232976636188406,0.046752188495082087,0.28741249747186715,0.2601821732257989
2020-06-29,5156.0,9635.65917969,1.2246467991473532e-16,-1.0,5163.06005859375,7074.140041666667,7759.920375000001,0.16298411667408136,0.11819800340851716,0.163370920456032,0.2601821732257989,0.3340092260356394
2020-06-30,5807.81005859375,9505.62792969,1.2246467991473532e-16,-1.0,5156.0,7759.920375000001,7686.608375,0.19869523612579856,0.11512027513266208,0.16298411667408136,0.3340092260356394,0.3261168899149937
2020-07-01,6400.0849609375,10042.26855469,-0.4999999999999998,-0.8660254037844388,5807.81005859375,7686.608375,8400.446166666667,0.23114456627495839,0.12782209892913443,0.19869523612579856,0.3261168899149937,0.4029644426683314
2020-07-02,5869.02490234375,10511.2578125,-0.4999999999999998,-0.8660254037844388,6400.0849609375,8400.446166666667,8249.430875,0.20204905150276706,0.13892267282836349,0.23114456627495839,0.4029644426683314,0.38670702995021355
2020-07-03,5548.75,10816.97167969,-0.4999999999999998,-0.8660254037844388,5869.02490234375,8249.430875,7868.638833333333,0.18450195301266348,0.14615865812706413,0.20204905150276706,0.38670702995021355,0.34571321195452115
2020-07-04,5183.85498046875,10819.26074219,-0.4999999999999998,-0.8660254037844388,5548.75,7868.638833333333,7184.797041666666,0.16451022465865417,0.14621283827515505,0.18450195301266348,0.34571321195452115,0.272094851069839
2020-07-05,5072.56494140625,10734.12207031,-0.4999999999999998,-0.8660254037844388,5183.85498046875,7184.797041666666,7049.484416666666,0.15841290869007035,0.14419767885913914,0.16451022465865417,0.272094851069839,0.25752789452975194
2020-07-06,5222.169921875,10524.73242188,-0.4999999999999998,-0.8660254037844388,5072.56494140625,7049.484416666666,7967.586083333333,0.16660940897056262,0.13924160528725263,0.15841290869007035,0.25752789452975194,0.3563652874021087
2020-07-07,5016.93994140625,10413.77636719,-0.4999999999999998,-0.8660254037844388,5222.169921875,7967.586083333333,8591.573916666666,0.15536534752817696,0.13661537054063028,0.16660940897056262,0.3563652874021087,0.4235401252984972
2020-07-08,5056.85009765625,10242.24121094,-0.4999999999999998,-0.8660254037844388,5016.93994140625,8591.573916666666,8731.33325,0.15755192985901018,0.13255528036466221,0.15536534752817696,0.4235401252984972,0.43858578814583477
2020-07-09,5055.3349609375,9986.40917969,-0.4999999999999998,-0.8660254037844388,5056.85009765625,8731.33325,9209.864583333334,0.15746891912967945,0.12649995538357062,0.15755192985901018,0.43858578814583477,0.49010163994263956
2020-07-10,4962.39990234375,9638.70214844,-0.4999999999999998,-0.8660254037844388,5055.3349609375,9209.864583333334,8600.180958333332,0.15237722878992935,0.11827002787159369,0.15746891912967945,0.49010163994263956,0.4244667084750267
2020-07-11,4965.43994140625,9312.50878906,-0.4999999999999998,-0.8660254037844388,4962.39990234375,8600.180958333332,8133.894958333333,0.15254378528390714,0.11054931053972168,0.15237722878992935,0.4244667084750267,0.3742691168072052
2020-07-12,4932.14990234375,9021.17089844,-0.4999999999999998,-0.8660254037844388,4965.43994140625,8133.894958333333,7423.301125000001,0.15071990339402327,0.103653592289,0.15254378528390714,0.3742691168072052,0.29777078941299073
2020-07-13,4860.33984375,8748.17089844,-0.4999999999999998,-0.8660254037844388,4932.14990234375,7423.301125000001,7990.167791666667,0.14678560145058775,0.09719191619722638,0.15071990339402327,0.29777078941299073,0.3587963005015339
2020-07-14,5020.455078125,8513.15625,-0.4999999999999998,-0.8660254037844388,4860.33984375,7990.167791666667,8207.535583333332,0.15555793349029487,0.09162932083077463,0.14678560145058775,0.3587963005015339,0.3821968307508216
2020-07-15,5005.89013671875,8293.39746094,-0.4999999999999998,-0.8660254037844388,5020.455078125,8207.535583333332,8049.841958333333,0.15475995506773413,0.08642781858452508,0.15555793349029487,0.3821968307508216,0.3652204681828515
2020-07-16,5082.31005859375,8087.17578125,-0.4999999999999998,-0.8660254037844388,5005.89013671875,8049.841958333333,7742.399375,0.15894682043224967,0.08154672811837758,0.15475995506773413,0.3652204681828515,0.332123018850324
2020-07-17,5050.89990234375,7992.54394531,-0.4999999999999998,-0.8660254037844388,5082.31005859375,7742.399375,7670.306333333334,0.15722593284076197,0.07930687364286791,0.15894682043224967,0.332123018850324,0.32436190857106506
2020-07-18,5126.10498046875,7879.06787109,-0.4999999999999998,-0.8660254037844388,5050.89990234375,7670.306333333334,7132.271791666667,0.1613462398119244,0.07662099219314007,0.15722593284076197,0.32436190857106506,0.26644029345552034
2020-07-19,4909.39990234375,7840.30419922,-0.4999999999999998,-0.8660254037844388,5126.10498046875,7132.271791666667,6941.469416666667,0.14947348512106912,0.07570348929295055,0.1613462398119244,0.26644029345552034,0.2458996387725563
2020-07-20,4838.47998046875,7763.56787109,-0.4999999999999998,-0.8660254037844388,4909.39990234375,6941.469416666667,7517.541249999999,0.1455879516467183,0.07388720615431277,0.14947348512106912,0.2458996387725563,0.3079161236359234
2020-07-21,5082.60009765625,7619.23876953,-0.4999999999999998,-0.8660254037844388,4838.47998046875,7517.541249999999,7560.532333333334,0.1589627109811451,0.07047105998252735,0.1455879516467183,0.3079161236359234,0.31254428928216627
2020-07-22,5135.06005859375,7562.70507813,-0.4999999999999998,-0.8660254037844388,5082.60009765625,7560.532333333334,7593.917541666667,0.1618368671970115,0.06913295594553437,0.1589627109811451,0.31254428928216627,0.3161383432654766
2020-07-23,5204.06005859375,7401.43896484,-0.4999999999999998,-0.8660254037844388,5135.06005859375,7593.917541666667,7560.777208333333,0.16561721272816915,0.06531592521784481,0.1618368671970115,0.3161383432654766,0.3125706510756999
2020-07-24,5107.06494140625,7297.19482422,-0.4999999999999998,-0.8660254037844388,5204.06005859375,7560.777208333333,6899.957291666667,0.16030308145564917,0.06284855572644647,0.16561721272816915,0.3125706510756999,0.2414306890292366
2020-07-25,5171.41015625,7261.45800781,-0.4999999999999998,-0.8660254037844388,5107.06494140625,6899.957291666667,6845.620749999999,0.16382840240327162,0.06200269590156516,0.16030308145564917,0.2414306890292366,0.23558113847179984
2020-07-26,5056.10986328125,7214.93603516,-0.4999999999999998,-0.8660254037844388,5171.41015625,6845.620749999999,6622.520583333334,0.15751137418203132,0.06090156066927706,0.16382840240327162,0.23558113847179984,0.2115634946494329
2020-07-27,5116.794921875,7115.82177734,-0.4999999999999998,-0.8660254037844388,5056.10986328125,6622.520583333334,7397.399666666667,0.16083616389308816,0.05855561110843685,0.15751137418203132,0.2115634946494329,0.2949823916720811
2020-07-28,5226.89990234375,6986.0859375,-0.4999999999999998,-0.8660254037844388,5116.794921875,7397.399666666667,7565.398291666667,0.16686855332603368,0.055484874937959554,0.16083616389308816,0.2949823916720811,0.31306812956364444
2020-07-29,5371.91015625,6919.26513672,-0.4999999999999998,-0.8660254037844388,5226.89990234375,7565.398291666667,7434.799708333333,0.17481331949018625,0.053903283836006094,0.16686855332603368,0.31306812956364444,0.2990086588556183
2020-07-30,5469.7099609375,6838.49804688,-0.4999999999999998,-0.8660254037844388,5371.91015625,7434.799708333333,7337.56525,0.18017153767277294,0.05199159602127622,0.17481331949018625,0.2990086588556183,0.28854097242398946
2020-07-31,5282.2900390625,6841.78320313,-0.4999999999999998,-0.8660254037844388,5469.7099609375,7337.56525,6971.512833333333,0.169903246888569,0.052069352854969865,0.18017153767277294,0.28854097242398946,0.24913393523897293
2020-08-01,5334.18994140625,6824.41503906,-0.8660254037844384,-0.5000000000000004,5282.2900390625,6971.512833333333,7077.865958333333,0.1727467188290431,0.05165826329259212,0.169903246888569,0.24913393523897293,0.26058328336726067
2020-08-02,5675.3701171875,6836.94921875,-0.8660254037844384,-0.5000000000000004,5334.18994140625,7077.865958333333,6948.109083333333,0.19143916742084352,0.051954936586485416,0.1727467188290431,0.26058328336726067,0.24661442599787242
2020-08-03,5099.875,6775.38476563,-0.8660254037844384,-0.5000000000000004,5675.3701171875,6948.109083333333,8170.762833333333,0.15990916170399117,0.050497758729970324,0.19143916742084352,0.24661442599787242,0.3782380940763282
2020-08-04,5006.60498046875,6785.86181641,-0.8660254037844384,-0.5000000000000004,5099.875,8170.762833333333,8228.0005,0.15479911965289048,0.05074574154512571,0.15990916170399117,0.3782380940763282,0.38439996258482345
2020-08-05,5415.81494140625,6788.31591797,-0.8660254037844384,-0.5000000000000004,5006.60498046875,8228.0005,8264.666708333332,0.17721875801716983,0.05080382802636027,0.15479911965289048,0.38439996258482345,0.3883472296139084
2020-08-06,5166.72509765625,6767.34619141,-0.8660254037844384,-0.5000000000000004,5415.81494140625,8264.666708333332,8266.901791666667,0.16357171921025576,0.05030749256568708,0.17721875801716983,0.3883472296139084,0.38858784546021363
2020-08-07,5772.39990234375,6758.3828125,-0.8660254037844384,-0.5000000000000004,5166.72509765625,8266.901791666667,8248.879708333334,0.1967551980687365,0.0500953370667704,0.16357171921025576,0.38858784546021363,0.38664769460822557
2020-08-08,5963.080078125,6747.87988281,-0.8660254037844384,-0.5000000000000004,5772.39990234375,8248.879708333334,7890.93825,0.20720211039330177,0.04984674171998852,0.1967551980687365,0.38664769460822557,0.3481138352034798
2020-08-09,5194.7548828125,6798.90917969,-0.8660254037844384,-0.5000000000000004,5963.080078125,7890.93825,7844.598333333332,0.16510740432699111,0.051054561454895175,0.20720211039330177,0.3481138352034798,0.3431251539761767
2020-08-10,5496.4599609375,6756.37109375,-0.8660254037844384,-0.5000000000000004,5194.7548828125,7844.598333333332,8328.054958333332,0.18163710641130146,0.05004772140761198,0.16510740432699111,0.3431251539761767,0.39517123353004097
2020-08-11,5554.125,6759.27685547,-0.8660254037844384,-0.5000000000000004,5496.4599609375,8328.054958333332,8267.364916666667,0.18479643645077903,0.0501164982978483,0.18163710641130146,0.39517123353004097,0.3886377027573256
2020-08-12,5859.044921875,6625.60107422,-0.8660254037844384,-0.5000000000000004,5554.125,8267.364916666667,8169.2225,0.20150227216122968,0.04695250708996447,0.18479643645077903,0.3886377027573256,0.37807227090407125
2020-08-13,5949.25,6551.84277344,-0.8660254037844384,-0.5000000000000004,5859.044921875,8169.2225,8182.709916666667,0.20644439337829593,0.04520671130710743,0.20150227216122968,0.37807227090407125,0.37952424637510646
2020-08-14,6273.4150390625,6516.28417969,-0.8660254037844384,-0.5000000000000004,5949.25,8182.709916666667,8179.435041666667,0.22420462318666498,0.04436506985988595,0.20644439337829593,0.37952424637510646,0.37917169271058904
2020-08-15,6247.14013671875,6526.51806641,-0.8660254037844384,-0.5000000000000004,6273.4150390625,8179.435041666667,7763.734916666667,0.2227650839162766,0.044607297190085736,0.22420462318666498,0.37917169271058904,0.3344198770201922
2020-08-16,5469.81005859375,6558.33984375,-0.8660254037844384,-0.5000000000000004,6247.14013671875,7763.734916666667,7653.403875,0.18017702178476547,0.045360491394611825,0.2227650839162766,0.3344198770201922,0.3225422899215687
2020-08-17,5354.22509765625,6780.01318359,-0.8660254037844384,-0.5000000000000004,5469.81005859375,7653.403875,8293.759791666665,0.17384439728405374,0.05060730941742405,0.18017702178476547,0.3225422899215687,0.3914792188169395
2020-08-18,5728.9951171875,7310.84814453,-0.8660254037844384,-0.5000000000000004,5354.22509765625,8293.759791666665,8421.356791666667,0.19437715334994976,0.06317171811992801,0.17384439728405374,0.3914792188169395,0.4052155568241692
2020-08-19,6024.06005859375,8281.09082031,-0.8660254037844384,-0.5000000000000004,5728.9951171875,8421.356791666667,8240.234,0.2105430581709122,0.08613653094522504,0.19437715334994976,0.4052155568241692,0.3857169488071598
2020-08-20,6746.31494140625,9613.59472656,-0.8660254037844384,-0.5000000000000004,6024.06005859375,8240.234,9124.229208333332,0.2501136816288401,0.11767575670790115,0.2105430581709122,0.3857169488071598,0.4808826421889629
2020-08-21,6663.080078125,11044.56933594,-0.8660254037844384,-0.5000000000000004,6746.31494140625,9124.229208333332,9510.393875,0.24555344186881414,0.1515456996433071,0.2501136816288401,0.4808826421889629,0.5224548452014356
2020-08-22,6092.64013671875,12140.05078125,-0.8660254037844384,-0.5000000000000004,6663.080078125,9510.393875,8855.352499999999,0.21430039718346708,0.17747480683796366,0.24555344186881414,0.5224548452014356,0.4519369667582088
2020-08-23,5175.73486328125,12454.52539063,-0.8660254037844384,-0.5000000000000004,6092.64013671875,8855.352499999999,8946.551,0.1640653427931144,0.1849181513980391,0.21430039718346708,0.4519369667582088,0.4617548576314451
2020-08-24,5094.10986328125,11978.12792969,-0.8660254037844384,-0.5000000000000004,5175.73486328125,8946.551,10218.399833333331,0.15959330360498772,0.17364223167812093,0.1640653427931144,0.4617548576314451,0.5986745772860387
2020-08-25,5128.68994140625,11226.85839844,-0.8660254037844384,-0.5000000000000004,5094.10986328125,10218.399833333331,10408.298791666666,0.16148786366016055,0.15586032556619384,0.15959330360498772,0.5986745772860387,0.619117975476337
2020-08-26,5277.81005859375,10515.62988281,-0.8660254037844384,-0.5000000000000004,5128.68994140625,10408.298791666666,10470.234708333332,0.16965779943719636,0.1390261559865821,0.16148786366016055,0.619117975476337,0.6257856297795018
2020-08-27,5240.4599609375,10022.71386719,-0.8660254037844384,-0.5000000000000004,5277.81005859375,10470.234708333332,10964.192041666667,0.16761147661454265,0.1273592562305965,0.16965779943719636,0.6257856297795018,0.6789621534580871
2020-08-28,5390.68505859375,9648.88476563,-0.8660254037844384,-0.5000000000000004,5240.4599609375,10964.192041666667,10469.625208333331,0.17584195163762273,0.11851104169594648,0.16761147661454265,0.6789621534580871,0.625720014616015
2020-08-29,5177.93994140625,9326.91699219,-0.8660254037844384,-0.5000000000000004,5390.68505859375,10469.625208333331,9540.413833333334,0.1641861537675448,0.1108903403627639,0.17584195163762273,0.625720014616015,0.5256866162824925
2020-08-30,5109.419921875,9003.30761719,-0.8660254037844384,-0.5000000000000004,5177.93994140625,9540.413833333334,8499.763083333333,0.16043210522218546,0.10323078372719137,0.1641861537675448,0.5256866162824925,0.413656314241873
2020-08-31,5000.93994140625,8623.31054688,-0.8660254037844384,-0.5000000000000004,5109.419921875,8499.763083333333,9547.124,0.15448874566587953,0.09423657865698574,0.16043210522218546,0.413656314241873,0.5264089931206484
2020-09-01,5287.98486328125,8340.73046875,-1.0,-1.8369701987210297e-16,5000.93994140625,9547.124,8996.289958333333,0.1702152527332948,0.08754815032415005,0.15448874566587953,0.5264089931206484,0.4671094595718839
2020-09-02,5285.91015625,8056.12792969,-1.0,-1.8369701987210297e-16,5287.98486328125,8996.289958333333,8826.546958333334,0.17010158448033758,0.08081185207395933,0.1702152527332948,0.4671094595718839,0.4488359325895791
2020-09-03,5458.8701171875,7737.95117188,-1.0,-1.8369701987210297e-16,5285.91015625,8826.546958333334,8936.041875,0.1795776484716315,0.07328088083257134,0.17010158448033758,0.4488359325895791,0.4606235074181939
2020-09-04,5721.97509765625,7453.08203125,-1.0,-1.8369701987210297e-16,5458.8701171875,8936.041875,9046.156916666669,0.19399254321279613,0.06653827235164471,0.1795776484716315,0.4606235074181939,0.4724778412349256
2020-09-05,5468.06005859375,7191.42675781,-1.0,-1.8369701987210297e-16,5721.97509765625,9046.156916666669,8491.710833333333,0.18008114345607668,0.06034511621730867,0.19399254321279613,0.4724778412349256,0.4127894566533817
2020-09-06,5054.5048828125,6979.54296875,-1.0,-1.8369701987210297e-16,5468.06005859375,8491.710833333333,7720.647958333334,0.15742344112779025,0.055330008473706456,0.18008114345607668,0.4127894566533817,0.32978139003875784
2020-09-07,4946.7099609375,6744.04101563,-1.0,-1.8369701987210297e-16,5054.5048828125,7720.647958333334,7558.253874999999,0.15151761429892582,0.04975587902300502,0.15742344112779025,0.32978139003875784,0.3122990039400182
2020-09-08,5249.31494140625,6543.28515625,-1.0,-1.8369701987210297e-16,4946.7099609375,7558.253874999999,8081.817666666667,0.16809661988763724,0.04500415984044379,0.15151761429892582,0.3122990039400182,0.3686627837364088
2020-09-09,5393.25,6368.54589844,-1.0,-1.8369701987210297e-16,5249.31494140625,8081.817666666667,8704.871916666667,0.17598247866346037,0.0408682313258462,0.16809661988763724,0.3686627837364088,0.43573711757529915
2020-09-10,5696.389892578125,6192.85888672,-1.0,-1.8369701987210297e-16,5393.25,8704.871916666667,8901.108875,0.1925907908116245,0.036709870288240784,0.17598247866346037,0.43573711757529915,0.45686282734259215
2020-09-11,6008.85498046875,6040.66308594,-1.0,-1.8369701987210297e-16,5696.389892578125,8901.108875,9154.735375,0.20971000818336516,0.0331075260861585,0.1925907908116245,0.45686282734259215,0.4841667555822107
2020-09-12,5559.97509765625,5978.28222656,-1.0,-1.8369701987210297e-16,6008.85498046875,9154.735375,8767.012541666667,0.18511694935703468,0.03163102459297154,0.20971000818336516,0.4841667555822107,0.44242680956633734
2020-09-13,5084.22509765625,5796.86376953,-1.0,-1.8369701987210297e-16,5559.97509765625,8767.012541666667,8651.997708333334,0.15905174085778467,0.027337005155619133,0.18511694935703468,0.44242680956633734,0.43004499317165856
2020-09-14,5995.10498046875,5652.60205078,-1.0,-1.8369701987210297e-16,5084.22509765625,8651.997708333334,9385.035833333332,0.20895667845795332,0.023922453877212375,0.15905174085778467,0.43004499317165856,0.5089595402000819
2020-09-15,6674.91015625,5537.33691406,-1.0,-1.8369701987210297e-16,5995.10498046875,9385.035833333332,9060.981666666668,0.24620158365103284,0.021194226850990233,0.20895667845795332,0.5089595402000819,0.4740737860994026
2020-09-16,6765.48486328125,5390.36523438,-1.0,-1.8369701987210297e-16,6674.91015625,9060.981666666668,9124.595666666666,0.2511639559548227,0.017715533119283047,0.24620158365103284,0.4740737860994026,0.4809220929247345
2020-09-17,7017.35009765625,5257.63085938,-1.0,-1.8369701987210297e-16,6765.48486328125,9124.595666666666,9252.176583333334,0.2649630517986416,0.014573824190733544,0.2511639559548227,0.4809220929247345,0.4946566994954652
2020-09-18,7297.050048828125,5182.37402344,-1.0,-1.8369701987210297e-16,7017.35009765625,9252.176583333334,9473.93025,0.2802871454287519,0.012792559364594246,0.2649630517986416,0.4946566994954652,0.5185293870952977
2020-09-19,7979.4599609375,5204.22900391,-1.0,-1.8369701987210297e-16,7297.050048828125,9473.93025,9008.971791666669,0.3176747579165832,0.013309848026825659,0.2802871454287519,0.5185293870952977,0.4684747107080239
2020-09-20,7373.919921875,5142.53515625,-1.0,-1.8369701987210297e-16,7979.4599609375,9008.971791666669,8276.387125,0.28449866254546796,0.011849607512414873,0.3176747579165832,0.4684747107080239,0.38960898032057784
2020-09-21,6507.85498046875,5043.77490234,-1.0,-1.8369701987210297e-16,7373.919921875,8276.387125,9094.208291666668,0.23704902876376613,0.009512036920811437,0.28449866254546796,0.38960898032057784,0.47765076793941025
2020-09-22,7654.89501953125,4849.03613281,-1.0,-1.8369701987210297e-16,6507.85498046875,9094.208291666668,9550.665625,0.2998926184120098,0.004902737099516874,0.23704902876376613,0.47765076793941025,0.5267902635117614
2020-09-23,6978.419921875,4906.64208984,-1.0,-1.8369701987210297e-16,7654.89501953125,9550.665625,9277.501708333331,0.2628301602618035,0.006266220745247612,0.2998926184120098,0.5267902635117614,0.4973830525999685
2020-09-24,6243.27490234375,4850.66308594,-1.0,-1.8369701987210297e-16,6978.419921875,9277.501708333331,10411.26575,0.2225533169380678,0.004941245686119657,0.2628301602618035,0.4973830525999685,0.6194373806545155
2020-09-25,6871.31494140625,4925.23388672,-1.0,-1.8369701987210297e-16,6243.27490234375,10411.26575,9352.378916666668,0.2569621336780388,0.006706272647821253,0.2225533169380678,0.6194373806545155,0.5054438897881819
2020-09-26,6879.3701171875,4992.09521484,-1.0,-1.8369701987210297e-16,6871.31494140625,9352.378916666668,9019.827375,0.2574034575587248,0.008288822997188427,0.2569621336780388,0.5054438897881819,0.46964335857538986
2020-09-27,6126.23486328125,5109.43310547,-1.0,-1.8369701987210297e-16,6879.3701171875,9019.827375,8836.933791666666,0.21614097217522085,0.011066110332510827,0.2574034575587248,0.46964335857538986,0.44995411760561715
2020-09-28,7123.639892578125,5183.34423828,-1.0,-1.8369701987210297e-16,6126.23486328125,8836.933791666666,9231.681416666666,0.27078641630937456,0.012815523518570484,0.21614097217522085,0.44995411760561715,0.4924503111254577
2020-09-29,8081.804931640625,5188.12695313,-1.0,-1.8369701987210297e-16,7123.639892578125,9231.681416666666,9247.411125,0.3232819949112791,0.012928726281207904,0.27078641630937456,0.4924503111254577,0.49414367844931184
2020-09-30,7469.81005859375,5193.89111328,-1.0,-1.8369701987210297e-16,8081.804931640625,9247.411125,10144.248583333332,0.28975225457194365,0.013065159013187425,0.3232819949112791,0.49414367844931184,0.5906918924763758
2020-10-01,8200.4150390625,5172.35009766,-0.8660254037844386,0.5000000000000001,7469.81005859375,10144.248583333332,9720.438291666667,0.3297803599771112,0.012555301629948307,0.28975225457194365,0.5906918924763758,0.5450669842318572
2020-10-02,8558.070068359375,5234.77587891,-0.8660254037844386,0.5000000000000001,8200.4150390625,9720.438291666667,9662.655958333333,0.34937542652346626,0.0140328663853088,0.3297803599771112,0.5450669842318572,0.5388464801329121
2020-10-03,8724.7451171875,5271.07080078,-0.8660254037844386,0.5000000000000001,8558.070068359375,9662.655958333333,9022.226375,0.3585071551610443,0.014891936088239839,0.34937542652346626,0.5388464801329121,0.46990162072010594
2020-10-04,6540.31005859375,5304.64111328,-0.8660254037844386,0.5000000000000001,8724.7451171875,9022.226375,8530.417708333332,0.2388271651341026,0.015686516621846502,0.3585071551610443,0.46990162072010594,0.41695640978083437
2020-10-05,6592.06005859375,5241.05175781,-0.8660254037844386,0.5000000000000001,6540.31005859375,8530.417708333332,9629.963958333334,0.24166242428247084,0.014181411061656771,0.2388271651341026,0.41695640978083437,0.535327052856939
2020-10-06,8035.885009765625,5152.06591797,-0.8660254037844386,0.5000000000000001,6592.06005859375,9629.963958333334,10199.748208333333,0.32076615184676804,0.012075192476306862,0.24166242428247084,0.535327052856939,0.5966666537033207
2020-10-07,8787.7001953125,5030.51123047,-0.8660254037844386,0.5000000000000001,8035.885009765625,10199.748208333333,10789.957625,0.3619563138313852,0.009198097172051318,0.32076615184676804,0.5966666537033207,0.6602051071339116
2020-10-08,9041.14013671875,4879.30419922,-0.8660254037844386,0.5000000000000001,8787.7001953125,10789.957625,10096.796666666669,0.37584168411996455,0.005619156297559776,0.3619563138313852,0.6602051071339116,0.585583499908963
2020-10-09,9112.7001953125,4790.41601563,-0.8660254037844386,0.5000000000000001,9041.14013671875,10096.796666666669,9820.817083333332,0.37976228915930166,0.003515249151974859,0.37584168411996455,0.585583499908963,0.5558731709846066
2020-10-10,7238.800048828125,4730.95019531,-0.8660254037844386,0.5000000000000001,9112.7001953125,9820.817083333332,9787.016375,0.2770957667738253,0.0021077441357131243,0.37976228915930166,0.5558731709846066,0.5522343867298793
2020-10-11,5574.4599609375,4729.16015625,-0.8660254037844386,0.5000000000000001,7238.800048828125,9787.016375,9228.051541666666,0.18591054049000139,0.002065375444880371,0.2770957667738253,0.5522343867298793,0.4920595402615346
2020-10-12,5237.125,4663.58007813,-0.8660254037844386,0.5000000000000001,5574.4599609375,9228.051541666666,9172.031083333331,0.16742876205401128,0.0005131511852296476,0.18591054049000139,0.4920595402615346,0.48602870919978075
2020-10-13,6066.14013671875,4665.97216797,-0.8660254037844386,0.5000000000000001,5237.125,9172.031083333331,8657.824583333333,0.21284852534903698,0.0005697699021838516,0.16742876205401128,0.48602870919978075,0.4306722800555654
2020-10-14,8215.43994140625,4641.89990234,-0.8660254037844386,0.5000000000000001,6066.14013671875,8657.824583333333,8004.090041666666,0.3306035385630717,0.0,0.21284852534903698,0.4306722800555654,0.36029508755625417
2020-10-15,8052.56494140625,4805.6640625,-0.8660254037844386,0.5000000000000001,8215.43994140625,8004.090041666666,7674.0555,0.3216800055429659,0.0038761573567591815,0.3306035385630717,0.36029508755625417,0.32476552166995276
2020-10-16,7474.695068359375,4982.73486328,-0.8660254037844386,0.5000000000000001,8052.56494140625,7674.0555,8030.222791666667,0.29001989261306166,0.00806727149577507,0.3216800055429659,0.32476552166995276,0.3631083847894057
2020-10-17,7104.72509765625,5178.55078125,-0.8660254037844386,0.5000000000000001,7474.695068359375,8030.222791666667,8363.4125,0.26975011978103147,0.012702066497736426,0.29001989261306166,0.3631083847894057,0.3989776172493921
2020-10-18,5822.794921875,5241.35302734,-0.8660254037844386,0.5000000000000001,7104.72509765625,8363.4125,7805.845583333333,0.19951622106696207,0.014188541853302131,0.26975011978103147,0.3989776172493921,0.3389532622176741
2020-10-19,5760.97998046875,5249.96777344,-0.8660254037844386,0.5000000000000001,5822.794921875,7805.845583333333,9256.417666666666,0.19612952776980427,0.01439244551231704,0.19951622106696207,0.3389532622176741,0.495113269431933
2020-10-20,5923.18994140625,5210.27685547,-0.8660254037844386,0.5000000000000001,5760.97998046875,9256.417666666666,10236.616041666666,0.20501662488486708,0.013452995491411178,0.19612952776980427,0.495113269431933,0.600635626486857
2020-10-21,6066.41015625,5203.51611328,-0.8660254037844386,0.5000000000000001,5923.18994140625,10236.616041666666,9632.3215,0.21286331907553388,0.013292974516423032,0.20501662488486708,0.600635626486857,0.5355808518428044
2020-10-22,6397.76513671875,5253.54589844,-0.8660254037844386,0.5000000000000001,6066.41015625,9632.3215,9080.156416666669,0.23101746863556097,0.014477136665305602,0.21286331907553388,0.5355808518428044,0.47613802622420276
2020-10-23,6353.330078125,5361.15576172,-0.8660254037844386,0.5000000000000001,6397.76513671875,9080.156416666669,8359.258458333334,0.22858297769089994,0.017024169928292417,0.23101746863556097,0.47613802622420276,0.3985304177037175
2020-10-24,6829.760009765625,5458.00097656,-0.8660254037844386,0.5000000000000001,6353.330078125,8359.258458333334,8161.783666666666,0.25468543802405036,0.019316413185927247,0.22858297769089994,0.3985304177037175,0.3772714501242244
2020-10-25,6456.64013671875,5610.95019531,-0.8660254037844386,0.5000000000000001,6829.760009765625,8161.783666666666,7791.565875,0.23424308955073353,0.022936590145825882,0.25468543802405036,0.3772714501242244,0.33741599331392785
2020-10-26,6130.41015625,5793.52880859,-0.8660254037844386,0.5000000000000001,6456.64013671875,7791.565875,8063.059916666666,0.21636972652472358,0.027258069487586172,0.23424308955073353,0.33741599331392785,0.3666434353641499
2020-10-27,6740.26513671875,6019.19384766,-0.8660254037844386,0.5000000000000001,6130.41015625,8063.059916666666,8163.110083333333,0.24978222725036522,0.03259936761105788,0.21636972652472358,0.3666434353641499,0.3774142442939287
2020-10-28,7590.1650390625,6240.23291016,-0.8660254037844386,0.5000000000000001,6740.26513671875,8163.110083333333,8994.425833333333,0.29634621707292347,0.03783117283268537,0.24978222725036522,0.3774142442939287,0.466908778904723
2020-10-29,8667.330078125,6481.76611328,-0.8660254037844386,0.5000000000000001,7590.1650390625,8994.425833333333,9012.80925,0.3553615220256651,0.04354805680327148,0.29634621707292347,0.466908778904723,0.46888782876530816
2020-10-30,7968.544921875,6621.07617188,-0.8660254037844386,0.5000000000000001,8667.330078125,9012.80925,8292.467708333334,0.3170767489435059,0.046845406528543285,0.3553615220256651,0.46888782876530816,0.391340120770746
2020-10-31,6574.08984375,6908.39892578,-0.8660254037844386,0.5000000000000001,7968.544921875,8292.467708333334,8381.918458333334,0.24067787904510107,0.05364608993329854,0.3170767489435059,0.391340120770746,0.400969859220711
2020-11-01,5945.06005859375,7063.48291016,-0.5000000000000004,0.8660254037844384,6574.08984375,8381.918458333334,7911.509708333334,0.20621483647581867,0.05731679496657779,0.24067787904510107,0.400969859220711,0.3503284366828901
2020-11-02,5297.02490234375,7104.08691406,-0.5000000000000004,0.8660254037844384,5945.06005859375,7911.509708333334,8291.565291666668,0.1707105349256341,0.0582778569491086,0.20621483647581867,0.3503284366828901,0.39124297193216295
2020-11-03,5599.739990234375,7140.51708984,-0.5000000000000004,0.8660254037844384,5297.02490234375,8291.565291666668,8883.517375000001,0.18729557303753727,0.059140127996202885,0.1707105349256341,0.39124297193216295,0.4549690305444373
2020-11-04,6390.35498046875,7172.01416016,-0.5000000000000004,0.8660254037844384,5599.739990234375,8883.517375000001,8891.436875,0.2306114838375194,0.05988563666377671,0.18729557303753727,0.4549690305444373,0.4558215970534323
2020-11-05,6193.864990234375,7166.37792969,-0.5000000000000004,0.8660254037844384,6390.35498046875,8891.436875,8847.845833333333,0.2198462656273784,0.05975223191771179,0.2306114838375194,0.4558215970534323,0.4511288434430765
2020-11-06,6154.89990234375,7098.26904297,-0.5000000000000004,0.8660254037844384,6193.864990234375,8847.845833333333,8674.892375,0.21771146133928435,0.058140152925199175,0.2198462656273784,0.4511288434430765,0.4325096975134234
2020-11-07,6196.300048828125,6961.60986328,-0.5000000000000004,0.8660254037844384,6154.89990234375,8674.892375,8334.903124999999,0.21997967668350868,0.054905547232436305,0.21771146133928435,0.4325096975134234,0.39590846663162776
2020-11-08,5611.02001953125,6775.40087891,-0.5000000000000004,0.8660254037844384,6196.300048828125,8334.903124999999,7612.45625,0.1879135789555629,0.05049814011750195,0.21997967668350868,0.39590846663162776,0.3181341109080082
2020-11-09,6222.7099609375,6609.45703125,-0.5000000000000004,0.8660254037844384,5611.02001953125,7612.45625,8018.668125,0.22142661281714554,0.046570391425188595,0.1879135789555629,0.3181341109080082,0.3618644777469658
2020-11-10,6614.949951171875,6482.82177734,-0.5000000000000004,0.8660254037844384,6222.7099609375,8018.668125,8160.112666666667,0.2429165069363316,0.043573043467071644,0.22142661281714554,0.3618644777469658,0.3770915601518107
2020-11-11,7290.56494140625,6396.12597656,-0.5000000000000004,0.8660254037844384,6614.949951171875,8160.112666666667,8676.724166666667,0.27993184185105097,0.041521028144151144,0.2429165069363316,0.3770915601518107,0.4327068973652394
2020-11-12,7497.179931640625,6289.21777344,-0.5000000000000004,0.8660254037844384,7290.56494140625,8676.724166666667,9327.251333333334,0.2912517846771771,0.03899060257596441,0.27993184185105097,0.4327068973652394,0.5027388028506244
2020-11-13,7385.695068359375,6140.12792969,-0.5000000000000004,0.8660254037844384,7497.179931640625,9327.251333333334,9374.836958333331,0.28514379475403223,0.03546177371557745,0.2912517846771771,0.5027388028506244,0.5078615896660296
2020-11-14,6647.7099609375,6083.55078125,-0.5000000000000004,0.8660254037844384,7385.695068359375,9374.836958333331,8463.338666666667,0.24471134978442088,0.03412264108768193,0.28514379475403223,0.5078615896660296,0.4097350770728996
2020-11-15,6454.5400390625,6022.89599609,-0.5000000000000004,0.8660254037844384,6647.7099609375,8463.338666666667,7979.778583333333,0.23412803020595382,0.032686994292370444,0.24471134978442088,0.4097350770728996,0.35767785980704886
2020-11-16,6330.925048828125,6133.17822266,-0.5000000000000004,0.8660254037844384,6454.5400390625,7979.778583333333,9105.77425,0.22735545954049563,0.03529728010473282,0.23412803020595382,0.35767785980704886,0.4788958905758687
2020-11-17,7200.114990234375,6167.17382813,-0.5000000000000004,0.8660254037844384,6330.925048828125,9105.77425,9466.46,0.2749763046234274,0.036101926958545534,0.22735545954049563,0.4788958905758687,0.5177251841830152
2020-11-18,6578.77490234375,6329.40820313,-0.5000000000000004,0.8660254037844384,7200.114990234375,9466.46,8803.456083333333,0.24093456223811693,0.03994187561129768,0.2749763046234274,0.5177251841830152,0.4463501056196448
2020-11-19,6065.41015625,6608.85400391,-0.5000000000000004,0.8660254037844384,6578.77490234375,8803.456083333333,8634.975041666667,0.21280853145914028,0.04655611828472865,0.24093456223811693,0.4463501056196448,0.4282124336042883
2020-11-20,5798.2099609375,6983.15917969,-0.5000000000000004,0.8660254037844384,6065.41015625,8634.975041666667,8394.103083333333,0.19816926965806694,0.05541560108826253,0.21280853145914028,0.4282124336042883,0.40228158384974877
2020-11-21,5465.5400390625,7257.58789063,-0.5000000000000004,0.8660254037844384,5798.2099609375,8394.103083333333,8438.307291666666,0.1799430775926942,0.06191109354385686,0.19816926965806694,0.40228158384974877,0.40704034735522815
2020-11-22,5343.6650390625,7581.50976563,-0.5000000000000004,0.8660254037844384,5465.5400390625,8438.307291666666,8159.028166666667,0.17326583684472552,0.06957804678667731,0.1799430775926942,0.40704034735522815,0.3769748092989784
2020-11-23,5672.58984375,7904.47705078,-0.5000000000000004,0.8660254037844384,5343.6650390625,8159.028166666667,8920.869791666666,0.1912868428662805,0.07722240570564723,0.17326583684472552,0.3769748092989784,0.45899017070227943
2020-11-24,6824.8701171875,8099.02978516,-0.5000000000000004,0.8660254037844384,5672.58984375,8920.869791666666,8687.381,0.2544175324652742,0.08182730223433743,0.1912868428662805,0.45899017070227943,0.4338541489836424
2020-11-25,6661.68994140625,7907.35791016,-0.5000000000000004,0.8660254037844384,6824.8701171875,8687.381,9302.430375,0.24547727959153265,0.07729059317883223,0.2544175324652742,0.4338541489836424,0.5000667253462158
2020-11-26,6713.919921875,7812.52197266,-0.5000000000000004,0.8660254037844384,6661.68994140625,9302.430375,8734.294833333333,0.24833883572569918,0.07504590779427293,0.24547727959153265,0.5000667253462158,0.438904614683318
2020-11-27,6370.614990234375,7984.83007813,-0.5000000000000004,0.8660254037844384,6713.919921875,8734.294833333333,8626.561333333333,0.22952997682494528,0.07912429301601033,0.24833883572569918,0.438904614683318,0.4273066635504397
2020-11-28,5681.7548828125,8426.25292969,-0.5000000000000004,0.8660254037844384,6370.614990234375,8626.561333333333,8417.166916666667,0.191788973510669,0.08957239369838314,0.22952997682494528,0.4273066635504397,0.4047644996738597
2020-11-29,5610.58984375,8397.42773438,-0.5000000000000004,0.8660254037844384,5681.7548828125,8417.166916666667,8304.707666666667,0.18789001064987798,0.08889012602301566,0.191788973510669,0.4047644996738597,0.3926578022590339
2020-11-30,5734.405029296875,8267.95800781,-0.5000000000000004,0.8660254037844384,5610.58984375,8304.707666666667,8633.729208333332,0.19467354953932123,0.08582568852563165,0.18789001064987798,0.3926578022590339,0.4280783145594255
2020-12-01,6262.52490234375,7457.51220703,-2.4492935982947064e-16,1.0,5734.405029296875,8633.729208333332,9012.008166666668,0.2236079785536444,0.06664313081655307,0.19467354953932123,0.4280783145594255,0.4688015888737856
2020-12-02,6500.614990234375,6945.86914063,-2.4492935982947064e-16,1.0,6262.52490234375,9012.008166666668,8835.666208333334,0.23665236695611186,0.054532977814067275,0.2236079785536444,0.4688015888737856,0.44981765708445304
2020-12-03,6044.89013671875,6580.06103516,-2.4492935982947064e-16,1.0,6500.614990234375,8835.666208333334,8929.459416666667,0.2116842885006732,0.045874613384424404,0.23665236695611186,0.44981765708445304,0.45991487890353305
2020-12-04,7222.91015625,6796.79394531,-2.4492935982947064e-16,1.0,6044.89013671875,8929.459416666667,9064.760416666666,0.2762251974347197,0.051004495669467534,0.2116842885006732,0.45991487890353305,0.47448058396490717
2020-12-05,6592.56005859375,6574.57910156,-2.4492935982947064e-16,1.0,7222.91015625,9064.760416666666,8596.337708333334,0.2416898180906676,0.04574486071306979,0.2762251974347197,0.47448058396490717,0.42405296692117933
2020-12-06,5570.56005859375,7094.12402344,-2.4492935982947064e-16,1.0,6592.56005859375,8596.337708333334,8073.672916666666,0.18569687413641955,0.05804204386440455,0.2416898180906676,0.42405296692117933,0.3677859681452555
2020-12-07,5618.0048828125,7591.6328125,-2.4492935982947064e-16,1.0,5570.56005859375,8073.672916666666,8748.422,0.1882962629655777,0.06981765063259592,0.18569687413641955,0.3677859681452555,0.44042546185384557
2020-12-08,5798.06005859375,8053.68310547,-2.4492935982947064e-16,1.0,5618.0048828125,8748.422,8563.831208333333,0.19816105686596108,0.08075398517941365,0.1882962629655777,0.44042546185384557,0.42055350947757153
2020-12-09,6303.75,7974.73583984,-2.4492935982947064e-16,1.0,5798.06005859375,8563.831208333333,8843.392916666666,0.22586660338982326,0.07888537104449692,0.19816105686596108,0.42055350947757153,0.4506494687833952
2020-12-10,5800.18505859375,7751.40820313,-2.4492935982947064e-16,1.0,6303.75,8843.392916666666,8868.893208333333,0.19827748055079747,0.07359939723218444,0.22586660338982326,0.4506494687833952,0.45339467929474164
2020-12-11,5455.4150390625,8436.41308594,-2.4492935982947064e-16,1.0,5800.18505859375,8868.893208333333,8540.73525,0.1793883529767091,0.0898128758915308,0.19827748055079747,0.45339467929474164,0.41806713526604966
2020-12-12,5492.81005859375,9090.52734375,-2.4492935982947064e-16,1.0,5455.4150390625,8540.73525,8405.03225,0.181437136961818,0.10529519992442136,0.1793883529767091,0.41806713526604966,0.4034581532633767
2020-12-13,5506.7900390625,9857.78710938,-2.4492935982947064e-16,1.0,5492.81005859375,8405.03225,7585.753208333333,0.18220306676892975,0.12345558118358328,0.181437136961818,0.4034581532633767,0.3152594194485344
2020-12-14,5590.08984375,10596.71582031,-2.4492935982947064e-16,1.0,5506.7900390625,7585.753208333333,7637.76725,0.1867668645138094,0.1409453906522334,0.18220306676892975,0.3152594194485344,0.3208589433985917
2020-12-15,5763.83984375,11059.11425781,-2.4492935982947064e-16,1.0,5590.08984375,7637.76725,8005.483291666666,0.1962862128621955,0.15188996548178368,0.1867668645138094,0.3208589433985917,0.36044507660716113
2020-12-16,6137.0400390625,11903.92285156,-2.4492935982947064e-16,1.0,5763.83984375,8005.483291666666,7959.728041666666,0.2167329620009893,0.17188586105819126,0.1962862128621955,0.36044507660716113,0.35551933713362105
2020-12-17,6372.41015625,12067.74707031,-2.4492935982947064e-16,1.0,6137.0400390625,7959.728041666666,8461.927916666666,0.22962832969197214,0.17576343995031712,0.2167329620009893,0.35551933713362105,0.409583204075543
2020-12-18,5861.830078125,12890.69921875,-2.4492935982947064e-16,1.0,6372.41015625,8461.927916666666,8290.197791666667,0.2016548642334509,0.19524201219298556,0.22962832969197214,0.409583204075543,0.39109575497388893
2020-12-19,5776.06494140625,13088.86816406,-2.4492935982947064e-16,1.0,5861.830078125,8290.197791666667,7979.250833333333,0.1969559968229603,0.1999325013359952,0.2016548642334509,0.39109575497388893,0.3576210453648338
2020-12-20,5362.14013671875,13622.31347656,-2.4492935982947064e-16,1.0,5776.06494140625,7979.250833333333,7121.2702500000005,0.17427804340795025,0.21255869482335765,0.1969559968229603,0.3576210453648338,0.26525593257764746
2020-12-21,5239.98486328125,13614.71289063,-2.4492935982947064e-16,1.0,5362.14013671875,7121.2702500000005,7988.895083333333,0.16758544714640253,0.21237879546662738,0.17427804340795025,0.26525593257764746,0.35865928825319504
2020-12-22,5373.7099609375,13435.93652344,-2.4492935982947064e-16,1.0,5239.98486328125,7988.895083333333,8267.504708333334,0.17491192649898837,0.20814731203202752,0.16758544714640253,0.35865928825319504,0.3886527519009883
2020-12-23,5257.26513671875,12911.17089844,-2.4492935982947064e-16,1.0,5373.7099609375,8267.504708333334,7880.535333333333,0.1685321921386726,0.19572655931097574,0.17491192649898837,0.3886527519009883,0.3469939187509427
2020-12-24,5143.73486328125,12714.7890625,-2.4492935982947064e-16,1.0,5257.26513671875,7880.535333333333,7690.383999999999,0.16231213906851957,0.19107836951554677,0.1685321921386726,0.3469939187509427,0.32652335136148963
2020-12-25,5308.91015625,12574.15917969,-2.4492935982947064e-16,1.0,5143.73486328125,7690.383999999999,6911.849458333333,0.17136169965739015,0.18774978068205847,0.16231213906851957,0.32652335136148963,0.24271092932463256
2020-12-26,5239.23486328125,12533.50585938,-2.4492935982947064e-16,1.0,5308.91015625,6911.849458333333,7440.873875,0.1675443564341073,0.1867875514223576,0.17136169965739015,0.24271092932463256,0.2996625676970925
2020-12-27,5254.330078125,12492.84863281,-2.4492935982947064e-16,1.0,5239.23486328125,7440.873875,7281.982916666667,0.1683713872743455,0.18582522970482943,0.1675443564341073,0.2996625676970925,0.28255730730727696
2020-12-28,5113.10009765625,12480.86816406,-2.4492935982947064e-16,1.0,5254.330078125,7281.982916666667,8186.185750000001,0.16063373328114955,0.1855416622744627,0.1683713872743455,0.28255730730727696,0.37989843402468654
2020-12-29,5322.64990234375,12461.62109375,-2.4492935982947064e-16,1.0,5113.10009765625,8186.185750000001,8010.338833333334,0.17211446759571983,0.1850861006112436,0.16063373328114955,0.37989843402468654,0.36096779549194313
2020-12-30,5139.97509765625,12824.44335938,-2.4492935982947064e-16,1.0,5322.64990234375,8010.338833333334,7038.220249999999,0.16210615047172727,0.19367379277016122,0.17211446759571983,0.36096779549194313,0.256315260998375
2020-12-31,5200.98486328125,13216.64453125,-2.4492935982947064e-16,1.0,5139.97509765625,7038.220249999999,6491.8658749999995,0.16544873010705255,0.20295685846773623,0.16210615047172727,0.256315260998375,0.19749798185600773
2021-01-01,5314.25,13779.828125,0.49999999999999994,0.8660254037844387,5200.98486328125,6491.8658749999995,5881.579000000001,0.17165425696836684,0.21628693159232787,0.16544873010705255,0.19749798185600773,0.1317981080629262
2021-01-02,5232.27490234375,14347.54199219,0.49999999999999994,0.8660254037844387,5314.25,5881.579000000001,6649.750583333333,0.1671630367641492,0.22972423240767573,0.17165425696836684,0.1317981080629262,0.2144949153249727
2021-01-03,5082.169921875,14822.08398438,0.49999999999999994,0.8660254037844387,5232.27490234375,6649.750583333333,7007.592708333334,0.15893914267546014,0.24095623477205938,0.1671630367641492,0.2144949153249727,0.25301808109082363
2021-01-04,5095.48486328125,15173.58007813,0.49999999999999994,0.8660254037844387,5082.169921875,7007.592708333334,7456.420875,0.1596686365775289,0.24927584614691722,0.15893914267546014,0.25301808109082363,0.30133626572289557
2021-01-05,5177.22509765625,15513.07226563,0.49999999999999994,0.8660254037844387,5095.48486328125,7456.420875,7047.177375,0.16414698918238846,0.25731133534586476,0.1596686365775289,0.30133626572289557,0.2572795320750697
2021-01-06,5480.6298828125,15855.02148438,0.49999999999999994,0.8660254037844387,5177.22509765625,7047.177375,7396.452291666667,0.1807698141635084,0.265404980369299,0.16414698918238846,0.2572795320750697,0.29488040288535733
2021-01-07,5295.14013671875,16046.86132813,0.49999999999999994,0.8660254037844387,5480.6298828125,7396.452291666667,7865.408041666667,0.1706072731095798,0.26994566510119994,0.1807698141635084,0.29488040288535733,0.34536540404082194
2021-01-08,5202.7099609375,16236.85546875,0.49999999999999994,0.8660254037844387,5295.14013671875,7865.408041666667,7612.943083333333,0.16554324409568463,0.2744426636214246,0.1706072731095798,0.34536540404082194,0.3181865205040006
2021-01-09,4986.5,16083.2890625,0.49999999999999994,0.8660254037844387,5202.7099609375,7612.943083333333,8065.275375,0.15369761569536802,0.2708078783622114,0.16554324409568463,0.3181865205040006,0.36688193849907946
2021-01-10,4935.0,15696.51953125,0.49999999999999994,0.8660254037844387,4986.5,8065.275375,7519.096666666667,0.15087605345109817,0.26165337494424573,0.15369761569536802,0.36688193849907946,0.30808357059059654
2021-01-11,5092.2548828125,15352.55078125,0.49999999999999994,0.8660254037844387,4935.0,7519.096666666667,8310.39725,0.15949167364664824,0.25351192934647193,0.15087605345109817,0.30808357059059654,0.3932703091344852
2021-01-12,5155.06005859375,14937.63964844,0.49999999999999994,0.8660254037844387,5092.2548828125,8310.39725,8407.980708333334,0.16293261952488328,0.24369133833149356,0.15949167364664824,0.3932703091344852,0.40377556684102284
2021-01-13,5217.68505859375,14659.20703125,0.49999999999999994,0.8660254037844387,5155.06005859375,8407.980708333334,8669.183125,0.1663636940015318,0.2371010768455354,0.16293261952488328,0.40377556684102284,0.43189507344100964
2021-01-14,5172.85009765625,14671.359375,0.49999999999999994,0.8660254037844387,5217.68505859375,8669.183125,8491.235875,0.1639072933606665,0.23738871240988849,0.1663636940015318,0.43189507344100964,0.41273832544962297
2021-01-15,5093.93994140625,14484.22265625,0.49999999999999994,0.8660254037844387,5172.85009765625,8491.235875,8119.424333333333,0.1595839939904833,0.23295934661706857,0.1639072933606665,0.41273832544962297,0.37271129494481137
2021-01-16,5151.364990234375,14366.04394531,0.49999999999999994,0.8660254037844387,5093.93994140625,8119.424333333333,7842.116916666667,0.16273017553706176,0.23016215778542895,0.1595839939904833,0.37271129494481137,0.34285801934080057
2021-01-17,5141.449951171875,14608.88867188,0.49999999999999994,0.8660254037844387,5151.364990234375,7842.116916666667,7303.71675,0.16218695418037807,0.23591008439235442,0.16273017553706176,0.34285801934080057,0.28489704320122
2021-01-18,5130.1650390625,15502.62304688,0.49999999999999994,0.8660254037844387,5141.449951171875,7303.71675,7946.190041666666,0.16156868074469424,0.2570640112910128,0.16218695418037807,0.28489704320122,0.3540619161602292
2021-01-19,5124.5400390625,16888.25585938,0.49999999999999994,0.8660254037844387,5130.1650390625,7946.190041666666,7951.588500000001,0.16126050040248033,0.2898607527434241,0.16156868074469424,0.3540619161602292,0.354643082240816
2021-01-20,5310.5849609375,19184.41210938,0.49999999999999994,0.8660254037844387,5124.5400390625,7951.588500000001,8477.014958333333,0.17145345821414307,0.3442088038188877,0.16126050040248033,0.354643082240816,0.4112073857088298
2021-01-21,5920.669921875,21894.49414063,0.49999999999999994,0.8660254037844387,5310.5849609375,8477.014958333333,9692.341083333333,0.2048785590214846,0.40835412348216027,0.17145345821414307,0.4112073857088298,0.542042205038567
2021-01-22,5997.89990234375,23563.72070313,0.49999999999999994,0.8660254037844387,5920.669921875,9692.341083333333,10029.571666666669,0.20910980556549086,0.4478632860120493,0.2048785590214846,0.542042205038567,0.5783464541905212
2021-01-23,5376.56005859375,23726.81640625,0.49999999999999994,0.8660254037844387,5997.89990234375,10029.571666666669,9769.344791666666,0.17506807655606327,0.45172362156341017,0.20910980556549086,0.5783464541905212,0.5503319686339243
2021-01-24,5636.330078125,23867.2265625,0.49999999999999994,0.8660254037844387,5376.56005859375,9769.344791666666,9331.366916666666,0.18930025673669654,0.45504700965748646,0.17506807655606327,0.5503319686339243,0.5031818621996967
2021-01-25,5750.875,23681.31835938,0.49999999999999994,0.8660254037844387,5636.330078125,9331.366916666666,10097.457333333334,0.1955758999762177,0.4506467217770282,0.18930025673669654,0.5031818621996967,0.585654623373021
2021-01-26,5844.489990234375,23332.91992188,0.49999999999999994,0.8660254037844387,5750.875,10097.457333333334,10890.504833333334,0.2007048421498682,0.44240042927151524,0.1955758999762177,0.585654623373021,0.6710294246284453
2021-01-27,5838.0,22960.96875,0.49999999999999994,0.8660254037844387,5844.489990234375,10890.504833333334,11442.806583333331,0.20034927105450914,0.43359666372336814,0.2007048421498682,0.6710294246284453,0.7304869629717006
2021-01-28,6037.375,21872.0859375,0.49999999999999994,0.8660254037844387,5838.0,11442.806583333331,12045.331083333333,0.21127255207298096,0.40782374051357156,0.20034927105450914,0.7304869629717006,0.7953511854035523
2021-01-29,5813.68994140625,20370.35351563,0.49999999999999994,0.8660254037844387,6037.375,12045.331083333333,12706.011625,0.19901738088976909,0.3722790207822943,0.21127255207298096,0.7953511854035523,0.8664761431622209
2021-01-30,5941.22998046875,19484.93164063,0.49999999999999994,0.8660254037844387,5813.68994140625,12706.011625,11955.45625,0.2060049956247487,0.3513218436364303,0.19901738088976909,0.8664761431622209,0.7856757926512926
2021-01-31,6013.14501953125,19907.6796875,0.49999999999999994,0.8660254037844387,5941.22998046875,11955.45625,11625.703875,0.20994504919783494,0.3613279276924885,0.2060049956247487,0.7856757926512926,0.750176603158697
2021-02-01,5662.18505859375,21080.06640625,0.8660254037844386,0.5000000000000001,6013.14501953125,11625.703875,12720.257833333337,0.19071678948848217,0.3890773168165171,0.20994504919783494,0.750176603158697,0.8680098056541927
2021-02-02,6598.76513671875,21258.13476563,0.8660254037844386,0.5000000000000001,5662.18505859375,12720.257833333337,12959.174916666663,0.24202977953067237,0.39329204231288,0.19071678948848217,0.8680098056541927,0.8937302051335535
2021-02-03,7736.22509765625,20400.41601563,0.8660254037844386,0.5000000000000001,6598.76513671875,12959.174916666663,13285.958,0.30434849953358295,0.3729905743995432,0.24202977953067237,0.8937302051335535,0.928909738255111
2021-02-04,7922.16015625,19298.72265625,0.8660254037844386,0.5000000000000001,7736.22509765625,13285.958,13301.363875,0.31453543819793683,0.34691443652125936,0.30434849953358295,0.928909738255111,0.9305682435984741
2021-02-05,7052.9599609375,18061.24414063,0.8660254037844386,0.5000000000000001,7922.16015625,13301.363875,12461.911458333334,0.26691403132792285,0.3176243803364049,0.31453543819793683,0.9305682435984741,0.840197763600363
2021-02-06,5797.4951171875,17039.66796875,0.8660254037844386,0.5000000000000001,7052.9599609375,12461.911458333334,12242.401791666663,0.1981301050729106,0.2934445476413038,0.26691403132792285,0.840197763600363,0.816566651762407
2021-02-07,5254.26513671875,16065.88085938,0.8660254037844386,0.5000000000000001,5797.4951171875,12242.401791666663,11117.545,0.16836782928949182,0.27039584110982584,0.1981301050729106,0.816566651762407,0.6954712255371739
2021-02-08,5199.02490234375,15261.49414063,0.8660254037844386,0.5000000000000001,5254.26513671875,11117.545,12149.240208333336,0.16534134851906238,0.25135669668093535,0.16836782928949182,0.6954712255371739,0.8065374269533968
2021-02-09,5214.794921875,14718.83984375,0.8660254037844386,0.5000000000000001,5199.02490234375,12149.240208333336,12397.082166666669,0.1662053502996599,0.23851253442361772,0.16534134851906238,0.8065374269533968,0.8332186256652816
2021-02-10,5199.2900390625,14429.546875,0.8660254037844386,0.5000000000000001,5214.794921875,12397.082166666669,11788.09325,0.16535587472790111,0.23166521772145623,0.1662053502996599,0.8332186256652816,0.76765848238613
2021-02-11,5146.39013671875,14246.90332031,0.8660254037844386,0.5000000000000001,5199.2900390625,11788.09325,10256.249333333331,0.1624576151710334,0.2273422012721635,0.16535587472790111,0.76765848238613,0.6027492304942226
2021-02-12,5409.08984375,14203.39453125,0.8660254037844386,0.5000000000000001,5146.39013671875,10256.249333333331,9907.767916666666,0.17685030594656978,0.2263123855137348,0.1624576151710334,0.6027492304942226,0.565233783198663
2021-02-13,5319.85498046875,14275.03613281,0.8660254037844386,0.5000000000000001,5409.08984375,9907.767916666666,9694.194333333333,0.17196134048818226,0.22800808083965654,0.17685030594656978,0.565233783198663,0.5422417149675771
2021-02-14,5140.1650390625,14515.26855469,0.8660254037844386,0.5000000000000001,5319.85498046875,9694.194333333333,9160.088291666669,0.16211655690863014,0.23369417643280987,0.17196134048818226,0.5422417149675771,0.4847430189164418
2021-02-15,5078.1298828125,14872.41992188,0.8660254037844386,0.5000000000000001,5140.1650390625,9160.088291666669,10583.973041666666,0.15871779856508877,0.24214764328451638,0.16211655690863014,0.4847430189164418,0.6380300257374445
2021-02-16,5087.39990234375,15237.22460938,0.8660254037844386,0.5000000000000001,5078.1298828125,10583.973041666666,11338.07325,0.159225680839128,0.2507822576705446,0.15871779856508877,0.6380300257374445,0.7192119920296683
2021-02-17,5316.75,15547.20703125,0.8660254037844386,0.5000000000000001,5087.39990234375,11338.07325,11576.163625,0.17179122600935082,0.25811927600119466,0.159225680839128,0.7192119920296683,0.7448433929816345
2021-02-18,5312.5849609375,15959.75488281,0.8660254037844386,0.5000000000000001,5316.75,11576.163625,11652.123458333332,0.17156303344693025,0.2678839301738607,0.17179122600935082,0.7448433929816345,0.7530207791712743
2021-02-19,5150.06494140625,16218.48535156,0.8660254037844386,0.5000000000000001,5312.5849609375,11652.123458333332,10360.545458333332,0.1626589489605735,0.27400785868717664,0.17156303344693025,0.7530207791712743,0.6139771341741231
2021-02-20,5131.169921875,16393.74804688,0.8660254037844386,0.5000000000000001,5150.06494140625,10360.545458333332,9218.59725,0.161623735878746,0.27815617651915114,0.1626589489605735,0.6139771341741231,0.491041747163325
2021-02-21,5095.16015625,16473.6328125,0.8660254037844386,0.5000000000000001,5131.169921875,9218.59725,8755.527958333334,0.15965084665326046,0.28004698047557497,0.161623735878746,0.491041747163325,0.44119044728086937
2021-02-22,5087.3701171875,16498.32617188,0.8660254037844386,0.5000000000000001,5095.16015625,8755.527958333334,9498.642666666668,0.15922404898141315,0.280631451134664,0.15965084665326046,0.44119044728086937,0.5211897796461324
2021-02-23,5255.56494140625,16463.68945313,0.8660254037844386,0.5000000000000001,5087.3701171875,9498.642666666668,10000.099958333334,0.16843904249009717,0.27981162967882384,0.15922404898141315,0.5211897796461324,0.5751737044603773
2021-02-24,5113.35009765625,16401.48632813,0.8660254037844386,0.5000000000000001,5255.56494140625,10000.099958333334,11135.029208333332,0.16064743018524796,0.2783393350061275,0.16843904249009717,0.5751737044603773,0.697353471949358
2021-02-25,5016.83984375,16241.73632813,0.8660254037844386,0.5000000000000001,5113.35009765625,11135.029208333332,9945.401041666666,0.15535986341618443,0.27455818938099624,0.16064743018524796,0.697353471949358,0.5692851427546739
2021-02-26,4977.14501953125,15960.44042969,0.8660254037844386,0.5000000000000001,5016.83984375,9945.401041666666,9240.634208333331,0.15318507861407663,0.2679001564811291,0.15535986341618443,0.5692851427546739,0.49341411570112653
2021-02-27,4954.56494140625,15623.19238281,0.8660254037844386,0.5000000000000001,4977.14501953125,9240.634208333331,8775.805541666667,0.15194796995562684,0.2599177841678623,0.15318507861407663,0.49341411570112653,0.443373411916687
2021-02-28,4878.83984375,15373.7734375,0.8660254037844386,0.5000000000000001,4954.56494140625,8775.805541666667,7899.96375,0.14779917235386913,0.25401425143619555,0.15194796995562684,0.443373411916687,0.34908546712808813
2021-03-01,4869.0849609375,15215.87792969,1.0,6.123233995736766e-17,4878.83984375,7899.96375,8102.541875,0.1472647255763735,0.2502770000522603,0.14779917235386913,0.34908546712808813,0.3708938293769717
2021-03-02,4832.52001953125,15129.70214844,1.0,6.123233995736766e-17,4869.0849609375,8102.541875,8752.821875,0.1452614195931538,0.24823729314605866,0.1472647255763735,0.3708938293769717,0.4408991263615499
2021-03-03,4721.0400390625,15283.28222656,1.0,6.123233995736766e-17,4832.52001953125,8752.821875,8573.362,0.13915369718766712,0.2518724020067207,0.1452614195931538,0.4408991263615499,0.42157953811311794
2021-03-04,4857.125,16013.84082031,1.0,6.123233995736766e-17,4721.0400390625,8573.362,8031.263791666667,0.14660946782444742,0.2691640979732926,0.13915369718766712,0.42157953811311794,0.36322045268963477
2021-03-05,5365.85498046875,17069.08789063,1.0,6.123233995736766e-17,4857.125,8031.263791666667,8026.368333333333,0.17448157084228738,0.29414089198501747,0.14660946782444742,0.36322045268963477,0.36269343661271297
2021-03-06,5144.7548828125,17835.17578125,1.0,6.123233995736766e-17,5365.85498046875,8026.368333333333,8274.478083333333,0.16236802350731167,0.31227353596676305,0.17448157084228738,0.36269343661271297,0.38940346419086314
2021-03-07,4922.01513671875,18106.15625,1.0,6.123233995736766e-17,5144.7548828125,8274.478083333333,7729.419375,0.15016464374272184,0.31868741148419705,0.16236802350731167,0.38940346419086314,0.33072566885515303
2021-03-08,5206.175048828125,18214.56054688,1.0,6.123233995736766e-17,4922.01513671875,7729.419375,8660.090916666666,0.16573308800180628,0.3212532483098198,0.15016464374272184,0.33072566885515303,0.430916260091959
2021-03-09,5517.7900390625,18261.265625,1.0,6.123233995736766e-17,5206.175048828125,8660.090916666666,8642.539666666666,0.18280573054925922,0.32235871749169687,0.16573308800180628,0.430916260091959,0.429026796370638
2021-03-10,5388.06494140625,18194.0078125,1.0,6.123233995736766e-17,5517.7900390625,8642.539666666666,8763.568083333334,0.17569840166224773,0.32076678269676556,0.18280573054925922,0.429026796370638,0.4420559995636062
2021-03-11,5866.544921875,17866.859375,1.0,6.123233995736766e-17,5388.06494140625,8763.568083333334,9184.196875,0.2019131792841816,0.3130234594841104,0.17569840166224773,0.4420559995636062,0.48733840634359205
2021-03-12,5763.179931640625,17433.703125,1.0,6.123233995736766e-17,5866.544921875,9184.196875,9076.072875,0.19625005785069358,0.3027710221777833,0.2019131792841816,0.48733840634359205,0.4756984162913676
2021-03-13,5544.22509765625,17013.6015625,1.0,6.123233995736766e-17,5763.179931640625,9076.072875,8363.173916666667,0.18425404439883566,0.29282757813923754,0.19625005785069358,0.4756984162913676,0.3989519327794629
2021-03-14,5135.070068359375,16637.9140625,1.0,6.123233995736766e-17,5544.22509765625,8363.173916666667,8372.833416666666,0.16183741560821077,0.2839353769058009,0.18425404439883566,0.3989519327794629,0.39999181739258727
2021-03-15,5128.98486328125,16369.13378906,1.0,6.123233995736766e-17,5135.070068359375,8372.833416666666,9490.756458333331,0.16150402172671413,0.27757357812621253,0.16183741560821077,0.39999181739258727,0.5203407971209779
2021-03-16,5046.419921875,16105.34667969,1.0,6.123233995736766e-17,5128.98486328125,9490.756458333331,9785.318458333331,0.15698048538938933,0.27132996326198466,0.16150402172671413,0.5203407971209779,0.5520515990684025
2021-03-17,4973.43505859375,15972.75,1.0,6.123233995736766e-17,5046.419921875,9785.318458333331,9146.430958333332,0.15298181869739766,0.2681915134634446,0.15698048538938933,0.5520515990684025,0.4832727512224983
2021-03-18,4930.10498046875,16143.82128906,1.0,6.123233995736766e-17,4973.43505859375,9146.430958333332,9351.415,0.15060786699878093,0.2722406243004699,0.15298181869739766,0.4832727512224983,0.5053401202235044
2021-03-19,4626.3349609375,16014.77246094,1.0,6.123233995736766e-17,4930.10498046875,9351.415,8505.463083333334,0.13396503169682972,0.26918614910876876,0.15060786699878093,0.5053401202235044,0.4142699425140206
2021-03-20,4566.419921875,15510.45410156,1.0,6.123233995736766e-17,4626.3349609375,8505.463083333334,7856.314208333333,0.13068242952046658,0.2572493656455884,0.13396503169682972,0.4142699425140206,0.3443864157538867
2021-03-21,4566.22509765625,15227.67871094,1.0,6.123233995736766e-17,4566.419921875,7856.314208333333,7384.626541666667,0.13067175556590552,0.25055631443345944,0.13068242952046658,0.3443864157538867,0.29360731261529616
2021-03-22,4586.85498046875,15053.41308594,1.0,6.123233995736766e-17,4566.22509765625,7384.626541666667,8196.172291666668,0.13180201767168145,0.2464315964016628,0.13067175556590552,0.29360731261529616,0.3809735260084841
2021-03-23,4774.4599609375,14908.33984375,1.0,6.123233995736766e-17,4586.85498046875,8196.172291666668,8572.782666666666,0.14208044737513012,0.24299783705874994,0.13180201767168145,0.3809735260084841,0.4215171705144634
2021-03-24,4579.375,14707.87402344,1.0,6.123233995736766e-17,4774.4599609375,8572.782666666666,8470.808666666666,0.13139220737112806,0.2382529828524682,0.14208044737513012,0.4215171705144634,0.4105392530716613
2021-03-25,4564.9951171875,14355.46582031,1.0,6.123233995736766e-17,4579.375,8470.808666666666,8782.433791666666,0.13060436786781204,0.2299117826300872,0.13139220737112806,0.4105392530716613,0.4440869700912241
2021-03-26,4644.215087890625,13921.65722656,1.0,6.123233995736766e-17,4564.9951171875,8782.433791666666,8860.785333333333,0.13494464123340622,0.21964390490613003,0.13060436786781204,0.4440869700912241,0.4525218334478929
2021-03-27,4596.93505859375,13453.7578125,1.0,6.123233995736766e-17,4644.215087890625,8860.785333333333,7692.013041666666,0.13235428112521136,0.20856912667467806,0.13494464123340622,0.4525218334478929,0.3266987243480112
2021-03-28,4676.31005859375,12971.42871094,1.0,6.123233995736766e-17,4596.93505859375,7692.013041666666,7801.447958333333,0.1367030481764525,0.19715281010355384,0.13235428112521136,0.3266987243480112,0.3384798399316561
2021-03-29,4558.280029296875,12512.31738281,1.0,6.123233995736766e-17,4676.31005859375,7801.447958333333,8380.216541666667,0.13023646420841123,0.1862860383363742,0.1367030481764525,0.3384798399316561,0.40078664094290295
2021-03-30,4536.090087890625,12043.29296875,1.0,6.123233995736766e-17,4558.280029296875,8380.216541666667,7443.148041666667,0.1290207302108494,0.17518463231882972,0.13023646420841123,0.40078664094290295,0.2999073910238017
2021-03-31,4526.39990234375,11617.47363281,1.0,6.123233995736766e-17,4536.090087890625,7443.148041666667,7424.804208333334,0.1284898280423245,0.16510585348198573,0.1290207302108494,0.2999073910238017,0.2979326024706621
2021-04-01,4564.35986328125,11198.16992188,0.8660254037844387,-0.49999999999999983,4526.39990234375,7424.804208333334,6491.637333333333,0.13056956382048387,0.15518129390649732,0.1284898280423245,0.2979326024706621,0.19747337841249366
2021-04-02,4572.77490234375,10837.94628906,0.8660254037844387,-0.49999999999999983,4564.35986328125,6491.637333333333,5855.49825,0.1310306037525772,0.14665510915966642,0.13056956382048387,0.19747337841249366,0.12899040884208193
2021-04-03,4586.080078125,10480.22460938,0.8660254037844387,-0.49999999999999983,4572.77490234375,5855.49825,6113.922291666667,0.13175956261932958,0.13818814349996913,0.1310306037525772,0.12899040884208193,0.1568108120296781
2021-04-04,4562.860107421875,10169.35351563,0.8660254037844387,-0.49999999999999983,4586.080078125,6113.922291666667,6155.88325,0.1304873957717764,0.1308300910673395,0.13175956261932958,0.1568108120296781,0.1613280805138426
2021-04-05,4545.39013671875,9929.36328125,0.8660254037844387,-0.49999999999999983,4562.860107421875,6155.88325,6916.271874999999,0.12953025771848636,0.12514972784480327,0.1304873957717764,0.1613280805138426,0.24318702053478744
2021-04-06,4538.64501953125,9703.3828125,0.8660254037844387,-0.49999999999999983,4545.39013671875,6916.271874999999,6873.5119583333335,0.1291607088254878,0.11980096377106822,0.12953025771848636,0.24318702053478744,0.2385837409240263
2021-04-07,4486.2900390625,9554.09082031,0.8660254037844387,-0.49999999999999983,4538.64501953125,6873.5119583333335,6979.68175,0.12629230423927207,0.11626735023030861,0.1291607088254878,0.2385837409240263,0.2500133524704613
2021-04-08,4430.64013671875,9456.01855469,0.8660254037844387,-0.49999999999999983,4486.2900390625,6979.68175,7260.641708333334,0.12324337873732201,0.11394606373205647,0.12629230423927207,0.2500133524704613,0.28025983909760616
2021-04-09,4435.08984375,9458.77832031,0.8660254037844387,-0.49999999999999983,4430.64013671875,7260.641708333334,7415.861458333333,0.12348716757921399,0.11401138501969625,0.12324337873732201,0.28025983909760616,0.2969698789214081
2021-04-10,4478.81005859375,9451.32226563,0.8660254037844387,-0.49999999999999983,4435.08984375,7415.861458333333,6963.39375,0.12588249393871867,0.11383490659381817,0.12348716757921399,0.2969698789214081,0.24825988276927907
2021-04-11,4435.625,9446.22167969,0.8660254037844387,-0.49999999999999983,4478.81005859375,6963.39375,7004.7752083333335,0.12351648751454962,0.11371418009483451,0.12588249393871867,0.24825988276927907,0.25271476571244195
2021-04-12,4439.7900390625,9393.37792969,0.8660254037844387,-0.49999999999999983,4435.625,7004.7752083333335,6889.421791666667,0.12374468007697018,0.11246341380921304,0.12351648751454962,0.25271476571244195,0.24029649943955056
2021-04-13,4484.6201171875,9319.23925781,0.8660254037844387,-0.49999999999999983,4439.7900390625,6889.421791666667,7398.096083333334,0.12620081320017731,0.11070861496832353,0.12374468007697018,0.24029649943955056,0.2950573637696007
2021-04-14,4490.2099609375,9266.63769531,0.8660254037844387,-0.49999999999999983,4484.6201171875,7398.096083333334,7038.971541666667,0.12650706741525242,0.10946358105331919,0.12620081320017731,0.2950573637696007,0.25639614061369004
2021-04-15,4502.35986328125,9213.08105469,0.8660254037844387,-0.49999999999999983,4490.2099609375,7038.971541666667,7104.001749999999,0.12717273160408135,0.10819594125753174,0.12650706741525242,0.25639614061369004,0.2633969080482474
2021-04-16,4538.1298828125,9117.29199219,0.8660254037844387,-0.49999999999999983,4502.35986328125,7104.001749999999,6968.0254583333335,0.12913248571255068,0.10592869622086631,0.12717273160408135,0.2633969080482474,0.24875850508185357
2021-04-17,4540.294921875,9070.19238281,0.8660254037844387,-0.49999999999999983,4538.1298828125,6968.0254583333335,6771.329958333333,0.12925110304218407,0.10481388882210216,0.12913248571255068,0.24875850508185357,0.22758343143199483
2021-04-18,4553.625,8873.92871094,0.8660254037844387,-0.49999999999999983,4540.294921875,6771.329958333333,6578.099333333333,0.12998142624899314,0.1001684958689663,0.12925110304218407,0.22758343143199483,0.20678136572239178
2021-04-19,4580.93505859375,8689.64746094,0.8660254037844387,-0.49999999999999983,4553.625,6578.099333333333,7319.626166666666,0.13147767926291395,0.09580671657487415,0.12998142624899314,0.20678136572239178,0.2866097568608765
2021-04-20,4721.56005859375,8466.7890625,0.8660254037844387,-0.49999999999999983,4580.93505859375,7319.626166666666,7170.722541666667,0.13918218781826242,0.09053184923036608,0.13147767926291395,0.2866097568608765,0.2705796736810075
2021-04-21,4561.31005859375,8254.41601563,0.8660254037844387,-0.49999999999999983,4721.56005859375,7170.722541666667,6828.190333333333,0.13040247229118976,0.08550516117360053,0.13918218781826242,0.2705796736810075,0.2337046829521546
2021-04-22,4496.7900390625,8160.05908203,0.8660254037844387,-0.49999999999999983,4561.31005859375,6828.190333333333,6978.601291666667,0.12686757421140477,0.0832718134009405,0.13040247229118976,0.2337046829521546,0.2498970367195472
2021-04-23,4510.43505859375,8072.56494141,0.8660254037844387,-0.49999999999999983,4496.7900390625,6978.601291666667,7106.8952500000005,0.1276151523071659,0.08120090205803011,0.12686757421140477,0.2498970367195472,0.2637084051369245
2021-04-24,4545.10986328125,8044.35693359,0.8660254037844387,-0.49999999999999983,4510.43505859375,7106.8952500000005,6479.502125,0.1295149022049073,0.08053324268174053,0.1276151523071659,0.2637084051369245,0.19616697368938252
2021-04-25,4591.9951171875,8087.97412109,0.8660254037844387,-0.49999999999999983,4545.10986328125,6479.502125,6321.791291666667,0.13208363351043895,0.08156562413836747,0.1295149022049073,0.19616697368938252,0.17918875857407024
2021-04-26,4615.3349609375,8181.60205078,0.8660254037844387,-0.49999999999999983,4591.9951171875,6321.791291666667,6465.867958333333,0.13336236791650025,0.08378171701309325,0.13208363351043895,0.17918875857407024,0.1946991999816916
2021-04-27,4634.280029296875,8090.71191406,0.8660254037844387,-0.49999999999999983,4615.3349609375,6465.867958333333,6633.516333333333,0.134400323054324,0.08163042535220803,0.13336236791650025,0.1946991999816916,0.21274723203074264
2021-04-28,4634.0,7965.6328125,0.8660254037844387,-0.49999999999999983,4634.280029296875,6633.516333333333,6562.942208333334,0.13438498091662784,0.07866991018689384,0.134400323054324,0.21274723203074264,0.20514963933213332
2021-04-29,4580.16015625,7809.94384766,0.8660254037844387,-0.49999999999999983,4634.0,6562.942208333334,6496.189916666666,0.13143522421056208,0.07498488578447768,0.13438498091662784,0.20514963933213332,0.19796348259576396
2021-04-30,4541.77490234375,7683.19384766,0.8660254037844387,-0.49999999999999983,4580.16015625,6496.189916666666,6570.527791666666,0.12933218764437593,0.07198482188472564,0.13143522421056208,0.19796348259576396,0.20596625834863574
2021-05-01,4519.830078125,7601.70800781,0.49999999999999994,-0.8660254037844387,4541.77490234375,6570.527791666666,6016.173,0.12812988303325432,0.07005612187308886,0.12933218764437593,0.20596625834863574,0.14628770168773744
2021-05-02,4528.52001953125,7493.62304688,0.49999999999999994,-0.8660254037844387,4519.830078125,6016.173,6353.218875,0.1286059842095027,0.0674978434557934,0.12812988303325432,0.14628770168773744,0.18257206623347466
2021-05-03,4537.8798828125,7404.36181641,0.49999999999999994,-0.8660254037844387,4528.52001953125,6353.218875,6933.248916666666,0.12911878880845226,0.06538510661018791,0.1286059842095027,0.18257206623347466,0.2450146683846284
2021-05-04,4542.81005859375,7309.11621094,0.49999999999999994,-0.8660254037844387,4537.8798828125,6933.248916666666,6937.39,0.12938890138790837,0.06313072473578499,0.12911878880845226,0.2450146683846284,0.2454604729128131
2021-05-05,4556.18994140625,7234.27099609,0.49999999999999994,-0.8660254037844387,4542.81005859375,6937.39,6741.395458333333,0.13012195327483078,0.06135920262816629,0.12938890138790837,0.2454604729128131,0.22436086028943344
2021-05-06,4527.3701171875,7147.63476563,0.49999999999999994,-0.8660254037844387,4556.18994140625,6741.395458333333,6355.321958333334,0.12854298380100324,0.05930859728367995,0.13012195327483078,0.22436086028943344,0.1827984717408459
2021-05-07,4739.669921875,7103.43310547,0.49999999999999994,-0.8660254037844387,4527.3701171875,6355.321958333334,6454.979708333333,0.14017438406065588,0.058262381859970874,0.12854298380100324,0.1827984717408459,0.19352703541428629
2021-05-08,4784.8798828125,7025.35693359,0.49999999999999994,-0.8660254037844387,4739.669921875,6454.979708333333,6313.520083333333,0.14265133005766878,0.05641438576775769,0.14017438406065588,0.19352703541428629,0.17829832922702527
2021-05-09,2394.02001953125,7003.25292969,0.49999999999999994,-0.8660254037844387,4784.8798828125,6313.520083333333,5870.372916666667,0.011661817017386776,0.05589120293430311,0.14265133005766878,0.17829832922702527,0.13059172743952713
2021-05-10,19404.1904296875,6989.19384766,0.49999999999999994,-0.8660254037844387,2394.02001953125,5870.372916666667,6598.34125,0.9436085082386075,0.05555843650856854,0.011661817017386776,0.13059172743952713,0.2089604906959219
2021-05-11,11461.20458984375,6917.76318359,0.49999999999999994,-0.8660254037844387,19404.1904296875,6598.34125,6569.342125,0.508431247025538,0.05386773389230249,0.9436085082386075,0.2089604906959219,0.20583861649109025
2021-05-12,6531.5,6838.79003906,0.49999999999999994,-0.8660254037844387,11461.20458984375,6569.342125,6498.028416666667,0.23834448302346317,0.05199850722599595,0.508431247025538,0.20583861649109025,0.19816140462705234
2021-05-13,4650.675048828125,6789.01611328,0.49999999999999994,-0.8660254037844387,6531.5,6498.028416666667,6427.149666666667,0.13529856709516752,0.050820401049415966,0.23834448302346317,0.19816140462705234,0.19053101780345996
2021-05-14,3472.75,6798.83789063,0.49999999999999994,-0.8660254037844387,4650.675048828125,6427.149666666667,6305.283583333334,0.07076286137957251,0.05105287410392592,0.13529856709516752,0.19053101780345996,0.1774116363737722
2021-05-15,2221.75,6791.32421875,0.49999999999999994,-0.8660254037844387,3472.75,6305.283583333334,5995.625166666666,0.002223553271192548,0.05087503192829065,0.07076286137957251,0.1774116363737722,0.14407564353603408
2021-05-16,5939.72509765625,6764.98388672,0.49999999999999994,-0.8660254037844387,2221.75,5995.625166666666,5889.580541666666,0.20592254668250015,0.05025157883771324,0.002223553271192548,0.14407564353603408,0.1326595066923003
2021-05-17,2184.77001953125,6733.20507813,0.49999999999999994,-0.8660254037844387,5939.72509765625,5889.580541666666,6756.594166666667,0.00019750828702825603,0.04949940166668376,0.20592254668250015,0.1326595066923003,0.22599706329530322
2021-05-18,2181.1650390625,6725.11914063,0.49999999999999994,-0.8660254037844387,2184.77001953125,6756.594166666667,6475.167708333333,0.0,0.0493080144541441,0.00019750828702825603,0.22599706329530322,0.19570035603851688
2021-05-19,2187.625,6718.21484375,0.49999999999999994,-0.8660254037844387,2181.1650390625,6475.167708333333,6482.519208333334,0.00035392586176132023,0.04914459566264225,0.0,0.19570035603851688,0.19649177502846302
2021-05-20,2194.375,6724.48486328,0.49999999999999994,-0.8660254037844387,2187.625,6482.519208333334,6597.320375,0.0007237422724180467,0.04929300165272268,0.00035392586176132023,0.19649177502846302,0.20885058933410985
2021-05-21,2190.625,6730.203125,0.49999999999999994,-0.8660254037844387,2194.375,6597.320375,6161.044833333333,0.0005182887109420875,0.049428348008190175,0.0007237422724180467,0.20885058933410985,0.1618837460335582
2021-05-22,2201.125,6753.05615234,0.49999999999999994,-0.8660254037844387,2190.625,6161.044833333333,6833.107875000001,0.001093558683074773,0.04996925958470127,0.0005182887109420875,0.1618837460335582,0.2342340763900723
2021-05-23,2216.5,6794.98583984,0.49999999999999994,-0.8660254037844387,2201.125,6833.107875000001,8087.887583333333,0.0019359182851262054,0.05096169936218951,0.001093558683074773,0.2342340763900723,0.3693162350480309
2021-05-24,2199.625,6879.90478516,0.49999999999999994,-0.8660254037844387,2216.5,8087.887583333333,9017.078416666667,0.0010113772584843894,0.05297165803879344,0.0019359182851262054,0.3693162350480309,0.469347421987269
2021-05-25,4137.050048828125,6953.16894531,0.49999999999999994,-0.8660254037844387,2199.625,9017.078416666667,9308.966416666666,0.10715827762501033,0.054705757936321375,0.0010113772584843894,0.469347421987269,0.5007703569171984
2021-05-26,4122.9400634765625,7031.53320313,0.49999999999999994,-0.8660254037844387,4137.050048828125,9308.966416666666,9109.063875,0.10638522516024977,0.05656057277590043,0.10715827762501033,0.5007703569171984,0.4792500321381078
2021-05-27,4118.5,7102.80810547,0.49999999999999994,-0.8660254037844387,4122.9400634765625,9109.063875,9160.77975,0.10614196466573267,0.05824758864547506,0.10638522516024977,0.4792500321381078,0.4848174572291337
2021-05-28,4118.239990234375,7214.18408203,0.49999999999999994,-0.8660254037844387,4118.5,9160.77975,8137.876291666667,0.10612771935043502,0.060883762582968445,0.10614196466573267,0.4848174572291337,0.37469772359565734
2021-05-29,4139.364990234375,7257.72119141,0.49999999999999994,-0.8660254037844387,4118.239990234375,8137.876291666667,7342.505458333333,0.1072851077467496,0.06191424865910645,0.10612771935043502,0.37469772359565734,0.2890728060211179
2021-05-30,4179.800048828125,7356.40087891,0.49999999999999994,-0.8660254037844387,4139.364990234375,7342.505458333333,6477.756125,0.10950044822583627,0.06424991231281503,0.1072851077467496,0.2890728060211179,0.19597900966075626
2021-05-31,4187.77001953125,7484.12597656,0.49999999999999994,-0.8660254037844387,4179.800048828125,6477.756125,5920.38825,0.10993710392338722,0.06727305593847238,0.10950044822583627,0.19597900966075626,0.13597608227710883
2021-06-01,4157.989990234375,7608.64697266,1.2246467991473532e-16,-1.0,4187.77001953125,5920.38825,6006.887833333333,0.10830552710208019,0.07022036122573687,0.10993710392338722,0.13597608227710883,0.14528811558628682
2021-06-02,3914.034912109375,7638.47119141,1.2246467991473532e-16,-1.0,4157.989990234375,6006.887833333333,6041.538874999999,0.09493980986449962,0.07092627492995922,0.10830552710208019,0.14528811558628682,0.14901844169611636
2021-06-03,4080.89990234375,7651.68212891,1.2246467991473532e-16,-1.0,3914.034912109375,6041.538874999999,5976.007624999999,0.10408194493898056,0.07123896650136459,0.09493980986449962,0.14901844169611636,0.14196373508047289
2021-06-04,4074.60986328125,7645.26416016,1.2246467991473532e-16,-1.0,4080.89990234375,5976.007624999999,6092.303583333333,0.10373732869172361,0.07108705868001064,0.10408194493898056,0.14196373508047289,0.1544834698120211
2021-06-05,4326.06005859375,7578.02392578,1.2246467991473532e-16,-1.0,4074.60986328125,6092.303583333333,5831.571541666667,0.11751368553459793,0.06949553994411871,0.10373732869172361,0.1544834698120211,0.1264146010012467
2021-06-06,4205.625,7470.92382813,1.2246467991473532e-16,-1.0,4326.06005859375,5831.571541666667,5470.450083333333,0.11091533574402412,0.06696057239682339,0.11751368553459793,0.1264146010012467,0.08753840161309236
2021-06-07,4235.0050048828125,7419.63378906,1.2246467991473532e-16,-1.0,4205.625,5470.450083333333,5861.651791666667,0.11252499618118543,0.06574658111768508,0.11091533574402412,0.08753840161309236,0.12965286272638105
2021-06-08,4163.3399658203125,7384.54199219,1.2246467991473532e-16,-1.0,4235.0050048828125,5861.651791666667,5927.627,0.1085986395121976,0.06491598835265851,0.11252499618118543,0.12965286272638105,0.13675536326921553
2021-06-09,4187.3099365234375,7332.70996094,1.2246467991473532e-16,-1.0,4163.3399658203125,5927.627,5797.47275,0.10991189707204599,0.06368916858300215,0.1085986395121976,0.13675536326921553,0.12274372685866151
2021-06-10,4533.35498046875,7385.85595703,1.2246467991473532e-16,-1.0,4187.3099365234375,5797.47275,5918.8164166666675,0.12887088019462445,0.06494708877460745,0.10991189707204599,0.12274372685866151,0.13580686800124275
2021-06-11,4946.7900390625,7472.28613281,1.2246467991473532e-16,-1.0,4533.35498046875,5918.8164166666675,5946.563916666666,0.15152200158851986,0.0669928169813672,0.12887088019462445,0.13580686800124275,0.13879399966464848
2021-06-12,4921.60498046875,7423.56591797,1.2246467991473532e-16,-1.0,4946.7900390625,5946.563916666666,5653.235458333334,0.1501421722594354,0.06583965123991042,0.15152200158851986,0.13879399966464848,0.10721599351398507
2021-06-13,4674.43994140625,7403.02685547,1.2246467991473532e-16,-1.0,4921.60498046875,5653.235458333334,5211.330875,0.1366005889133727,0.06535350922854158,0.1501421722594354,0.10721599351398507,0.05964316089558021
2021-06-14,4823.10009765625,7430.93115234,1.2246467991473532e-16,-1.0,4674.43994140625,5211.330875,5762.092166666666,0.14474532452700872,0.06601398002686625,0.1366005889133727,0.05964316089558021,0.1189348626098185
2021-06-15,4491.47998046875,7454.99023438,1.2246467991473532e-16,-1.0,4823.10009765625,5762.092166666666,5980.34775,0.1265766487581429,0.06658343788477061,0.14474532452700872,0.1189348626098185,0.1424309672567281
2021-06-16,3977.875,7490.01611328,1.2246467991473532e-16,-1.0,4491.47998046875,5980.34775,5944.550958333333,0.09843745611038421,0.06741247042792624,0.1265766487581429,0.1424309672567281,0.1385772964814927
2021-06-17,3828.699951171875,7464.69384766,1.2246467991473532e-16,-1.0,3977.875,5944.550958333333,5997.666708333333,0.09026451075969397,0.06681311409698742,0.09843745611038421,0.1385772964814927,0.1442954238317243
2021-06-18,3668.0,7433.44580078,1.2246467991473532e-16,-1.0,3828.699951171875,5997.666708333333,6011.152833333334,0.08146014348042079,0.06607349960087344,0.09026451075969397,0.1442954238317243,0.1457472602495692
2021-06-19,3507.89501953125,7396.65917969,1.2246467991473532e-16,-1.0,3668.0,6011.152833333334,5553.552083333333,0.07268837322779584,0.0652027917986962,0.08146014348042079,0.1457472602495692,0.09648467120467198
2021-06-20,3404.625,7362.84423828,1.2246467991473532e-16,-1.0,3507.89501953125,5553.552083333333,5232.5865,0.06703045501275925,0.06440242110838952,0.07268837322779584,0.09648467120467198,0.06193141570999534
2021-06-21,3310.4600830078125,7305.26123047,1.2246467991473532e-16,-1.0,3404.625,5232.5865,5780.4594166666675,0.061871383662857125,0.06303948065103314,0.06703045501275925,0.06193141570999534,0.12091217206273121
2021-06-22,3266.9549560546875,7227.32324219,1.2246467991473532e-16,-1.0,3310.4600830078125,5780.4594166666675,5992.927083333333,0.05948784145619492,0.06119475524623531,0.061871383662857125,0.12091217206273121,0.1437851838493774
2021-06-23,3236.5399169921875,7115.66699219,1.2246467991473532e-16,-1.0,3266.9549560546875,5992.927083333333,5744.874958333334,0.05782147396344264,0.0585519474765573,0.05948784145619492,0.1437851838493774,0.11708135983775063
2021-06-24,3189.6600341796875,7030.79882813,1.2246467991473532e-16,-1.0,3236.5399169921875,5744.874958333334,5722.484625,0.05525303692733498,0.05654319074886784,0.05782147396344264,0.11708135983775063,0.11467094903842769
2021-06-25,3161.1600341796875,6998.40722656,1.2246467991473532e-16,-1.0,3189.6600341796875,5722.484625,5728.547458333333,0.05369158986011769,0.05577650929304685,0.05525303692733498,0.11467094903842769,0.11532363780029642
2021-06-26,3115.8150634765625,7005.10791016,1.2246467991473532e-16,-1.0,3161.1600341796875,5728.547458333333,5501.7425,0.05120724699985634,0.05593510873266832,0.05369158986011769,0.11532363780029642,0.09090715802896736
2021-06-27,3079.52001953125,6999.46191406,1.2246467991473532e-16,-1.0,3115.8150634765625,5501.7425,5059.021208333334,0.049218728055192104,0.05580147284250855,0.05120724699985634,0.09090715802896736,0.04324640342399556
2021-06-28,3121.4849853515625,6878.97509766,1.2246467991473532e-16,-1.0,3079.52001953125,5059.021208333334,5649.97725,0.05151788850452546,0.052949653132230906,0.049218728055192104,0.04324640342399556,0.10686523408418153
2021-06-29,3115.8349609375,6812.71679688,1.2246467991473532e-16,-1.0,3121.4849853515625,5649.97725,5743.845291666667,0.05120833713431339,0.051381375923323695,0.05151788850452546,0.10686523408418153,0.11697051201712705
2021-06-30,3119.8150634765625,6738.34912109,1.2246467991473532e-16,-1.0,3115.8349609375,5743.845291666667,5826.644874999999,0.0514263974654307,0.04962115675609653,0.05120833713431339,0.11697051201712705,0.12588422521982315
2021-07-01,3120.8349609375,6660.84619141,-0.4999999999999998,-0.8660254037844388,3119.8150634765625,5826.644874999999,5232.462208333333,0.05148227521628134,0.047786728815599575,0.0514263974654307,0.12588422521982315,0.061918035204616535
2021-07-02,3104.5150146484375,6588.04589844,-0.4999999999999998,-0.8660254037844388,3120.8349609375,5232.462208333333,5006.690375,0.050588144259432206,0.04606360825677774,0.05148227521628134,0.061918035204616535,0.0376127755576142
2021-07-03,3112.5150146484375,6504.57910156,-0.4999999999999998,-0.8660254037844388,3104.5150146484375,5006.690375,4947.354375,0.051026445190580916,0.04408802068953809,0.050588144259432206,0.0376127755576142,0.03122501289864122
2021-07-04,3112.8150634765625,6448.90722656,-0.4999999999999998,-0.8660254037844388,3112.5150146484375,4947.354375,4657.304875,0.05104288415067557,0.042770315108323034,0.051026445190580916,0.03122501289864122,0.0
2021-07-05,3110.8499755859375,6406.45117188,-0.4999999999999998,-0.8660254037844388,3112.8150634765625,4657.304875,5045.658125,0.050935221669144326,0.04176541667067914,0.05104288415067557,0.0,0.04180781294392591
2021-07-06,3111.4849853515625,6348.53613281,-0.4999999999999998,-0.8660254037844388,3110.8499755859375,5045.658125,5144.845166666667,0.05097001234058957,0.04039461731788515,0.050935221669144326,0.04180781294392591,0.05248570294345958
2021-07-07,3110.5,6297.98193359,-0.4999999999999998,-0.8660254037844388,3111.4849853515625,5144.845166666667,5213.3696666666665,0.05091604734099486,0.03919804273752386,0.05097001234058957,0.05248570294345958,0.05986264514254259
2021-07-08,3115.5150146484375,6245.63818359,-0.4999999999999998,-0.8660254037844388,3110.5,5213.3696666666665,5132.394166666667,0.051190808039761684,0.03795911102349904,0.05091604734099486,0.05986264514254259,0.051145301958107146
2021-07-09,3121.1500244140625,6204.31201172,-0.4999999999999998,-0.8660254037844388,3115.5150146484375,5132.394166666667,5056.018416666667,0.05149953679317488,0.03698095594387666,0.051190808039761684,0.051145301958107146,0.042923140641182266
2021-07-10,3118.8349609375,6128.01611328,-0.4999999999999998,-0.8660254037844388,3121.1500244140625,5056.018416666667,4984.126499999999,0.05137269998349416,0.03517509739863808,0.05149953679317488,0.042923140641182266,0.03518368228933292
2021-07-11,3143.68994140625,6094.68896484,-0.4999999999999998,-0.8660254037844388,3118.8349609375,4984.126499999999,4860.748666666666,0.05273444511888618,0.03438627234998702,0.05137269998349416,0.03518368228933292,0.021901554799922562
2021-07-12,3124.0,6013.77783203,-0.4999999999999998,-0.8660254037844388,3143.68994140625,4860.748666666666,5202.697041666667,0.051655680162308315,0.03247117516157422,0.05273444511888618,0.021901554799922562,0.05871369348674819
2021-07-13,3113.7249755859375,5980.60986328,-0.4999999999999998,-0.8660254037844388,3124.0,5202.697041666667,5853.173,0.051092736066275894,0.03168611775979924,0.051655680162308315,0.05871369348674819,0.12874008618597474
2021-07-14,3107.0999755859375,5931.18798828,-0.4999999999999998,-0.8660254037844388,3113.7249755859375,5853.173,5955.5855833333335,0.05072976810766837,0.030516344323542374,0.051092736066275894,0.12874008618597474,0.13976521891527272
2021-07-15,3095.35498046875,5903.43505859,-0.4999999999999998,-0.8660254037844388,3107.0999755859375,5955.5855833333335,6572.115125,0.050086287820643324,0.029859456256675895,0.05072976810766837,0.13976521891527272,0.2061371412627859
2021-07-16,3163.2100830078125,5882.10205078,-0.4999999999999998,-0.8660254037844388,3095.35498046875,6572.115125,5753.348041666667,0.05380390714890113,0.02935452224007701,0.050086287820643324,0.2061371412627859,0.11799352185276736
2021-07-17,3183.8599853515625,6013.88183594,-0.4999999999999998,-0.8660254037844388,3163.2100830078125,5753.348041666667,5668.5720833333335,0.054935266077075585,0.03247363684501267,0.05380390714890113,0.11799352185276736,0.10886704381211218
2021-07-18,3205.7099609375,6030.78808594,-0.4999999999999998,-0.8660254037844388,3183.8599853515625,5668.5720833333335,5092.211375,0.056132374157687216,0.032873793297124566,0.054935266077075585,0.10886704381211218,0.046819460375566606
2021-07-19,3182.9599609375,6016.7421875,-0.4999999999999998,-0.8660254037844388,3205.7099609375,5092.211375,5443.721041666667,0.054885955884733065,0.032541338915669515,0.056132374157687216,0.046819460375566606,0.084660911147465
2021-07-20,3167.4749755859375,5931.53076172,-0.4999999999999998,-0.8660254037844388,3182.9599609375,5443.721041666667,5383.695833333333,0.05403757044743131,0.03052445747717658,0.054885955884733065,0.084660911147465,0.07819895239748624
2021-07-21,3164.5400390625,5906.80078125,-0.4999999999999998,-0.8660254037844388,3167.4749755859375,5383.695833333333,5547.961708333333,0.05387677227104568,0.0299391200282644,0.05403757044743131,0.07819895239748624,0.09588284451135504
2021-07-22,3167.14501953125,5899.00292969,-0.4999999999999998,-0.8660254037844388,3164.5400390625,5547.961708333333,5372.166875,0.05401949294168035,0.02975455156309059,0.05387677227104568,0.09588284451135504,0.07695781296209253
2021-07-23,3157.6500244140625,5867.58300781,-0.4999999999999998,-0.8660254037844388,3167.14501953125,5372.166875,5259.288458333333,0.053499284791540876,0.029010868932990246,0.05401949294168035,0.07695781296209253,0.06480599054421263
2021-07-24,3159.6700439453125,5858.8828125,-0.4999999999999998,-0.8660254037844388,3157.6500244140625,5259.288458333333,5189.413041666667,0.05360995684672656,0.028804942764388098,0.053499284791540876,0.06480599054421263,0.057283616650395885
2021-07-25,3157.2900390625,5837.12207031,-0.4999999999999998,-0.8660254037844388,3159.6700439453125,5189.413041666667,4836.181208333333,0.05347956205219216,0.02828988464150028,0.05360995684672656,0.057283616650395885,0.019256767605512117
2021-07-26,3142.4749755859375,5751.64599609,-0.4999999999999998,-0.8660254037844388,3157.2900390625,4836.181208333333,5208.746208333333,0.05266788003759158,0.02626673920118512,0.05347956205219216,0.019256767605512117,0.059364910976151444
2021-07-27,3134.6600341796875,5684.42822266,-0.4999999999999998,-0.8660254037844388,3142.4749755859375,5208.746208333333,5138.339041666667,0.05223971802568758,0.02467575209673498,0.05266788003759158,0.059364910976151444,0.05178529202378839
2021-07-28,3157.35498046875,5592.69677734,-0.4999999999999998,-0.8660254037844388,3134.6600341796875,5138.339041666667,5364.763666666667,0.05348312003704585,0.022504547382126625,0.05223971802568758,0.05178529202378839,0.07616082735894666
2021-07-29,3127.5150146484375,5533.10791016,-0.4999999999999998,-0.8660254037844388,3157.35498046875,5364.763666666667,5579.380041666667,0.05184825943648475,0.02109412995211607,0.05348312003704585,0.07616082735894666,0.09926515637049343
2021-07-30,3107.5399169921875,5476.01220703,-0.4999999999999998,-0.8660254037844388,3127.5150146484375,5579.380041666667,5212.291833333334,0.05075387144866965,0.019742723579009396,0.05184825943648475,0.09926515637049343,0.05974661198359591
2021-07-31,3094.6099853515625,5474.95996094,-0.4999999999999998,-0.8660254037844388,3107.5399169921875,5212.291833333334,5222.400125,0.05004547131394776,0.019717817815630583,0.05075387144866965,0.05974661198359591,0.06083481085197834
2021-08-01,3100.1900634765625,5453.14501953,-0.8660254037844384,-0.5000000000000004,3094.6099853515625,5222.400125,5039.513666666667,0.05035119049370651,0.01920147684364363,0.05004547131394776,0.06083481085197834,0.041146336917545955
2021-08-02,3109.02001953125,5451.828125,-0.8660254037844384,-0.5000000000000004,3100.1900634765625,5039.513666666667,5167.899541666667,0.05083496273880298,0.019170307078442562,0.05035119049370651,0.041146336917545955,0.05496760053937029
2021-08-03,3109.2099609375,5464.55419922,-0.8660254037844384,-0.5000000000000004,3109.02001953125,5167.899541666667,5226.4731249999995,0.05084536917570587,0.019471522351444427,0.05083496273880298,0.05496760053937029,0.061273285931356676
2021-08-04,3094.8499755859375,5434.04199219,-0.8660254037844384,-0.5000000000000004,3109.2099609375,5226.4731249999995,5079.363875,0.0500586198068469,0.01874932455410745,0.05084536917570587,0.061273285931356676,0.045436374546370936
2021-08-05,3101.0399169921875,5456.10693359,-0.8660254037844384,-0.5000000000000004,3094.8499755859375,5079.363875,5200.568458333333,0.05039775194211132,0.019271582811656043,0.0500586198068469,0.045436374546370936,0.05848454280026471
2021-08-06,3092.9150390625,5486.33398438,-0.8660254037844384,-0.5000000000000004,3101.0399169921875,5200.568458333333,5204.485,0.049952609246854865,0.01998703120511601,0.05039775194211132,0.05848454280026471,0.05890617450126653
2021-08-07,3095.8800048828125,5517.68408203,-0.8660254037844384,-0.5000000000000004,3092.9150390625,5204.485,5314.267708333334,0.050115052656838244,0.02072906115551811,0.049952609246854865,0.05890617450126653,0.07072473127780338
2021-08-08,3097.5799560546875,5553.87792969,-0.8660254037844384,-0.5000000000000004,3095.8800048828125,5314.267708333334,4922.556125,0.050208188929530766,0.021585738518499493,0.050115052656838244,0.07072473127780338,0.028555380039030277
2021-08-09,3099.5849609375,5547.11621094,-0.8660254037844384,-0.5000000000000004,3097.5799560546875,4922.556125,5612.779125,0.05031803836791757,0.021425694429172852,0.050208188929530766,0.028555380039030277,0.10286070405420297
2021-08-10,3104.5400390625,5544.95507813,-0.8660254037844384,-0.5000000000000004,3099.5849609375,5612.779125,5548.709291666666,0.05058951528743034,0.021374542267233208,0.05031803836791757,0.10286070405420297,0.09596332490944615
2021-08-11,3123.1500244140625,5543.62890625,-0.8660254037844384,-0.5000000000000004,3104.5400390625,5548.709291666666,5959.525083333333,0.05160911202596205,0.021343152915106536,0.05058951528743034,0.09596332490944615,0.14018932217459287
2021-08-12,3119.5,5530.49316406,-0.8660254037844384,-0.5000000000000004,3123.1500244140625,5959.525083333333,6036.299375,0.05140913588853716,0.02103224115226102,0.05160911202596205,0.14018932217459287,0.1484543881291134
2021-08-13,3104.5899658203125,5486.73681641,-0.8660254037844384,-0.5000000000000004,3119.5,6036.299375,5806.096333333334,0.050592250655485144,0.01999656589411692,0.05140913588853716,0.1484543881291134,0.12367209081314466
2021-08-14,3102.93994140625,5444.52490234,-0.8660254037844384,-0.5000000000000004,3104.5899658203125,5806.096333333334,5485.610041666667,0.05050184975084743,0.0189974460555304,0.050592250655485144,0.12367209081314466,0.08917043302325237
2021-08-15,3103.85498046875,5438.44091797,-0.8660254037844384,-0.5000000000000004,3102.93994140625,5485.610041666667,5255.540625000001,0.05055198255998883,0.018853443358291,0.05050184975084743,0.08917043302325237,0.0644025209841021
2021-08-16,3096.6199951171875,5369.05908203,-0.8660254037844384,-0.5000000000000004,3103.85498046875,5255.540625000001,5628.004833333333,0.05015559495793419,0.017211234748412418,0.05055198255998883,0.0644025209841021,0.10449981372030921
2021-08-17,3104.5450439453125,5359.69824219,-0.8660254037844384,-0.5000000000000004,3096.6199951171875,5628.004833333333,5934.22475,0.05058978949302996,0.016989671689829813,0.05015559495793419,0.10449981372030921,0.1374656379942263
2021-08-18,3087.0250244140625,5363.27587891,-0.8660254037844384,-0.5000000000000004,3104.5450439453125,5934.22475,5866.031791666667,0.04962990938374365,0.017074351285649127,0.05058978949302996,0.1374656379942263,0.13012438760918915
2021-08-19,3087.7650146484375,5336.40820313,-0.8660254037844384,-0.5000000000000004,3087.0250244140625,5866.031791666667,5982.19825,0.049670451684839585,0.016438416420340895,0.04962990938374365,0.13012438760918915,0.14263018113701043
2021-08-20,3088.43994140625,5291.09716797,-0.8660254037844384,-0.5000000000000004,3087.7650146484375,5982.19825,6097.783583333334,0.049707429313140386,0.015365943040901737,0.049670451684839585,0.14263018113701043,0.15507341418594545
2021-08-21,3144.5849609375,5275.20605469,-0.8660254037844384,-0.5000000000000004,3088.43994140625,6097.783583333334,5666.789291666667,0.05278348110562908,0.01498981400517632,0.049707429313140386,0.15507341418594545,0.10867511901035506
2021-08-22,3219.7449951171875,5220.03515625,-0.8660254037844384,-0.5000000000000004,3144.5849609375,5666.789291666667,5414.651791666666,0.056901320226394846,0.013683966109896395,0.05278348110562908,0.10867511901035506,0.08153148770007468
2021-08-23,3422.8599853515625,5185.99023438,-0.8660254037844384,-0.5000000000000004,3219.7449951171875,5414.651791666666,6252.261041666668,0.06802950639514338,0.012878151979150324,0.056901320226394846,0.08153148770007468,0.171703543281178
2021-08-24,4019.39501953125,5159.77099609,-0.8660254037844384,-0.5000000000000004,3422.8599853515625,6252.261041666668,6239.864083333334,0.10071223901311666,0.012257565073644793,0.06802950639514338,0.171703543281178,0.1703689601018853
2021-08-25,5006.10009765625,5142.42822266,-0.8660254037844384,-0.5000000000000004,4019.39501953125,6239.864083333334,6635.190333333333,0.1547714583270355,0.011847076485960985,0.10071223901311666,0.1703689601018853,0.21292744496540492
2021-08-26,6514.699951171875,5121.55322266,-0.8660254037844384,-0.5000000000000004,5006.10009765625,6635.190333333333,6269.376208333334,0.2374240483928743,0.01135298312180064,0.1547714583270355,0.21292744496540492,0.17354606085121022
2021-08-27,7945.2451171875,5144.71289063,-0.8660254037844384,-0.5000000000000004,6514.699951171875,6269.376208333334,6213.1608750000005,0.3158002081822416,0.011901152619292097,0.2374240483928743,0.17354606085121022,0.16749425070006443
2021-08-28,7531.009765625,5159.46777344,-0.8660254037844384,-0.5000000000000004,7945.2451171875,6213.1608750000005,5797.0723333333335,0.2931052406441718,0.01225038805332249,0.3158002081822416,0.16749425070006443,0.12270062036966055
2021-08-29,5987.22509765625,5209.98681641,-0.8660254037844384,-0.5000000000000004,7531.009765625,5797.0723333333335,5638.769375,0.20852495846119562,0.01344613051536839,0.2931052406441718,0.12270062036966055,0.10565866058055073
2021-08-30,6177.4150390625,5171.61279297,-0.8660254037844384,-0.5000000000000004,5987.22509765625,5638.769375,7070.71775,0.21894501201288044,0.012537850259663592,0.20852495846119562,0.10565866058055073,0.2598137495552372
2021-08-31,7149.8798828125,5140.06298828,-0.8660254037844384,-0.5000000000000004,6177.4150390625,7070.71775,8380.150125,0.272224042828507,0.011791093414735037,0.21894501201288044,0.2598137495552372,0.40077949091756815
2021-09-01,7422.3701171875,5172.04492188,-1.0,-1.8369701987210297e-16,7149.8798828125,8380.150125,9578.247708333334,0.28715313326044367,0.012548078380712369,0.272224042828507,0.40077949091756815,0.5297595873956321
2021-09-02,7563.169921875,5223.88916016,-1.0,-1.8369701987210297e-16,7422.3701171875,9578.247708333334,9738.801541666666,0.2948672189479547,0.013775187080309757,0.28715313326044367,0.5297595873956321,0.5470438630684382
2021-09-03,7656.2099609375,5267.82324219,-1.0,-1.8369701987210297e-16,7563.169921875,9738.801541666666,9402.3715,0.2999646609173555,0.014815069158944462,0.2948672189479547,0.5470438630684382,0.5108257954953789
2021-09-04,7195.6650390625,5283.9609375,-1.0,-1.8369701987210297e-16,7656.2099609375,9402.3715,9016.323625,0.27473250240565256,0.015197034580046852,0.2999646609173555,0.5108257954953789,0.4692661655826641
2021-09-05,6185.340087890625,5272.0859375,-1.0,-1.8369701987210297e-16,7195.6650390625,9016.323625,8078.08325,0.2193792065479762,0.014915963504626296,0.27473250240565256,0.4692661655826641,0.36826075853524287
2021-09-06,6114.25,5250.32177734,-1.0,-1.8369701987210297e-16,6185.340087890625,8078.08325,8390.322208333333,0.21548435008323813,0.01440082448131713,0.2193792065479762,0.36826075853524287,0.4018745572193179
2021-09-07,5480.419921875,5252.08398438,-1.0,-1.8369701987210297e-16,6114.25,8390.322208333333,8506.859708333333,0.18075831090420702,0.014442534412083154,0.21548435008323813,0.4018745572193179,0.414420294897457
2021-09-08,5895.64013671875,5210.86816406,-1.0,-1.8369701987210297e-16,5480.419921875,8506.859708333333,8865.231958333334,0.20350723675393004,0.013466991259099326,0.18075831090420702,0.414420294897457,0.4530005307839698
2021-09-09,9088.509765625,5156.8671875,-1.0,-1.8369701987210297e-16,5895.64013671875,8865.231958333334,8975.362166666668,0.37843695317718684,0.012188834412322117,0.20350723675393004,0.4530005307839698,0.4648564973542911
2021-09-10,9723.02001953125,5149.42382813,-1.0,-1.8369701987210297e-16,9088.509765625,8975.362166666668,8443.269333333334,0.41320025756600126,0.01201265647355433,0.37843695317718684,0.4648564973542911,0.4075745313998319
2021-09-11,8230.990234375,5119.06396484,-1.0,-1.8369701987210297e-16,9723.02001953125,8443.269333333334,8139.479041666667,0.3314555020490515,0.011294064522014,0.41320025756600126,0.4075745313998319,0.37487026617691777
2021-09-12,6399.989990234375,5058.04101563,-1.0,-1.8369701987210297e-16,8230.990234375,8139.479041666667,7224.598125,0.23113936305650695,0.009849703599084436,0.3314555020490515,0.37487026617691777,0.276379600191845
2021-09-13,5539.4599609375,5024.69824219,-1.0,-1.8369701987210297e-16,6399.989990234375,7224.598125,8545.558791666666,0.18399297391622577,0.009060508720070979,0.23113936305650695,0.276379600191845,0.418586409220181
2021-09-14,6788.98486328125,4997.0,-1.0,-1.8369701987210297e-16,5539.4599609375,8545.558791666666,8772.503833333334,0.25245146494007203,0.008404915059472886,0.18399297391622577,0.418586409220181,0.44301796953428035
2021-09-15,7037.344970703125,5004.06982422,-1.0,-1.8369701987210297e-16,6788.98486328125,8772.503833333334,8115.263749999999,0.2660585232329723,0.008572251741287588,0.25245146494007203,0.44301796953428035,0.37226339116201146
2021-09-16,5979.280029296875,5024.87695313,-1.0,-1.8369701987210297e-16,7037.344970703125,8115.263749999999,6955.81425,0.20808966710370136,0.009064738654900055,0.2660585232329723,0.37226339116201146,0.24744391864844714
2021-09-17,5298.76513671875,5042.86181641,-1.0,-1.8369701987210297e-16,5979.280029296875,6955.81425,6164.410583333333,0.17080587821900653,0.009490424959186464,0.20808966710370136,0.24744391864844714,0.16224608276285302
2021-09-18,4849.14501953125,5065.68701172,-1.0,-1.8369701987210297e-16,5298.76513671875,6164.410583333333,6269.986333333333,0.14617226371569722,0.010030677775394115,0.17080587821900653,0.16224608276285302,0.17361174329849857
2021-09-19,4181.0999755859375,5116.03076172,-1.0,-1.8369701987210297e-16,4849.14501953125,6269.986333333333,6030.017916666667,0.10957166811438306,0.011222271203032314,0.14617226371569722,0.17361174329849857,0.14777816349338538
2021-09-20,4270.7550048828125,5132.51708984,-1.0,-1.8369701987210297e-16,4181.0999755859375,6030.017916666667,7558.98475,0.11448365346725624,0.011612488464036497,0.10957166811438306,0.14777816349338538,0.3123776856178087
2021-09-21,5373.58984375,5167.94824219,-1.0,-1.8369701987210297e-16,4270.7550048828125,7558.98475,8325.304416666668,0.17490534556459736,0.01245111348251263,0.11448365346725624,0.3123776856178087,0.3948751264896225
2021-09-22,6374.739990234375,5188.07910156,-1.0,-1.8369701987210297e-16,5373.58984375,8325.304416666668,7413.0495,0.22975597574256884,0.012927593675545536,0.17490534556459736,0.3948751264896225,0.2966671601260688
2021-09-23,6414.2900390625,5148.73583984,-1.0,-1.8369701987210297e-16,6374.739990234375,7413.0495,6244.940916666666,0.23192282864611186,0.011996372380202994,0.22975597574256884,0.2966671601260688,0.17091550193808072
2021-09-24,6016.510009765625,5127.72900391,-1.0,-1.8369701987210297e-16,6414.2900390625,6244.940916666666,5654.504583333332,0.21012940899196403,0.011499158572537449,0.23192282864611186,0.17091550193808072,0.10735262000186026
2021-09-25,5087.89990234375,4969.35986328,-1.0,-1.8369701987210297e-16,6016.510009765625,5654.504583333332,5255.003833333333,0.15925307464732477,0.007750696705564549,0.21012940899196403,0.10735262000186026,0.06434473316955469
2021-09-26,4362.64990234375,4978.86523438,-1.0,-1.8369701987210297e-16,5087.89990234375,5255.003833333333,5054.707083333334,0.11951835585787429,0.007975680695236,0.15925307464732477,0.06434473316955469,0.04278197025389408
2021-09-27,4372.0400390625,4924.05322266,-1.0,-1.8369701987210297e-16,4362.64990234375,5054.707083333334,6772.743125,0.12003281906630452,0.006678327341121924,0.11951835585787429,0.04278197025389408,0.22773556459338493
2021-09-28,4563.91015625,4885.62109375,-1.0,-1.8369701987210297e-16,4372.0400390625,6772.743125,7753.634916666667,0.13054492544416627,0.00576867177872739,0.12003281906630452,0.22773556459338493,0.3333325707835799
2021-09-29,4993.125,4850.6328125,-1.0,-1.8369701987210297e-16,4563.91015625,7753.634916666667,7417.781541666667,0.15406058365397554,0.0049405291397333385,0.13054492544416627,0.3333325707835799,0.2971765837316209
2021-09-30,5827.6650390625,4832.05175781,-1.0,-1.8369701987210297e-16,4993.125,7417.781541666667,7793.643625,0.19978304317922266,0.004500731495593,0.15406058365397554,0.2971765837316209,0.33763967158453384
2021-10-01,6171.784912109375,4799.80810547,-0.8660254037844386,0.5000000000000001,5827.6650390625,7793.643625,7502.588833333334,0.21863655077712543,0.003737551871282233,0.19978304317922266,0.33763967158453384,0.3063064349335382
2021-10-02,6109.06005859375,4772.57177734,-0.8660254037844386,0.5000000000000001,6171.784912109375,7502.588833333334,6102.5675833333335,0.2152000055643673,0.003092891320713299,0.21863655077712543,0.3063064349335382,0.155588431318218
2021-10-03,5828.43505859375,4881.3359375,-0.8660254037844386,0.5000000000000001,6109.06005859375,6102.5675833333335,5878.517374999999,0.19982523071391634,0.005667245801840433,0.2152000055643673,0.155588431318218,0.13146851163157278
2021-10-04,5141.56005859375,5671.33984375,-0.8660254037844386,0.5000000000000001,5828.43505859375,5878.517374999999,6721.592208333333,0.16219298670356982,0.024365961382145893,0.19982523071391634,0.13146851163157278,0.22222895957357275
2021-10-05,4893.43994140625,6594.08984375,-0.8660254037844386,0.5000000000000001,5141.56005859375,6721.592208333333,7772.153166666667,0.14859907690356872,0.04620666326377265,0.16219298670356982,0.22222895957357275,0.33532613600300026
2021-10-06,4973.2451171875,7603.296875,-0.8660254037844386,0.5000000000000001,4893.43994140625,7772.153166666667,8913.094541666667,0.1529714122604948,0.07009372899812413,0.14859907690356872,0.33532613600300026,0.45815313329473306
2021-10-07,5543.925048828125,8255.76074219,-0.8660254037844386,0.5000000000000001,4973.2451171875,8913.094541666667,9998.388166666666,0.184237605438741,0.085536989699105,0.1529714122604948,0.45815313329473306,0.5749894230985011
2021-10-08,6325.114990234375,8581.02441406,-0.8660254037844386,0.5000000000000001,5543.925048828125,9998.388166666666,9532.386541666669,0.22703714027903696,0.09323570212417784,0.184237605438741,0.5749894230985011,0.5248224455604855
2021-10-09,4657.10986328125,8822.22167969,-0.8660254037844386,0.5000000000000001,6325.114990234375,9532.386541666669,8272.336333333335,0.13565111524098927,0.0989446347422091,0.22703714027903696,0.5248224455604855,0.3891728960589559
2021-10-10,4572.580078125,9454.28027344,-0.8660254037844386,0.5000000000000001,4657.10986328125,8272.336333333335,7520.0955,0.13101992979801613,0.11390492010423997,0.13565111524098927,0.3891728960589559,0.3081910990769995
2021-10-11,4590.43994140625,9720.69921875,-0.8660254037844386,0.5000000000000001,4572.580078125,7520.0955,8530.861708333334,0.1319984291363112,0.12021082827019298,0.13101992979801613,0.3081910990769995,0.41700420819361234
2021-10-12,4584.5849609375,9571.71679688,-0.8660254037844386,0.5000000000000001,4590.43994140625,8530.861708333334,8170.800333333334,0.13167764871239737,0.11668454199366586,0.1319984291363112,0.41700420819361234,0.37824213110443444
2021-10-13,4514.18505859375,9477.98242188,-0.8660254037844386,0.5000000000000001,4584.5849609375,8170.800333333334,9010.999458333334,0.12782060586864188,0.11446592964965545,0.13167764871239737,0.37824213110443444,0.46869299730331454
2021-10-14,4869.39013671875,9806.94238281,-0.8660254037844386,0.5000000000000001,4514.18505859375,9010.999458333334,9303.91875,0.14728144543000923,0.12225213006977327,0.12782060586864188,0.46869299730331454,0.5002269549917523
2021-10-15,4884.7099609375,10691.76074219,-0.8660254037844386,0.5000000000000001,4869.39013671875,9303.91875,9287.165875,0.1481207820825233,0.14319502251800803,0.14728144543000923,0.5002269549917523,0.498423439598813
2021-10-16,5179.51513671875,11763.69824219,-0.8660254037844386,0.5000000000000001,4884.7099609375,9287.165875,8150.054416666667,0.16427245496407103,0.16856686469978674,0.1481207820825233,0.498423439598813,0.3760087484731567
2021-10-17,4958.64501953125,12919.62011719,-0.8660254037844386,0.5000000000000001,5179.51513671875,8150.054416666667,7787.427291666667,0.1521715077107952,0.19592654507944107,0.16427245496407103,0.3760087484731567,0.3369704579209503
2021-10-18,4514.9599609375,13948.06835938,-0.8660254037844386,0.5000000000000001,4958.64501953125,7787.427291666667,9416.0255,0.12786306092099375,0.22026903379074408,0.1521715077107952,0.3369704579209503,0.5122957043423794
2021-10-19,4600.58984375,13853.109375,-0.8660254037844386,0.5000000000000001,4514.9599609375,9416.0255,10085.519125,0.13255451809235297,0.2180214359919626,0.12786306092099375,0.5122957043423794,0.584369426504228
2021-10-20,4635.51513671875,13430.99316406,-0.8660254037844386,0.5000000000000001,4600.58984375,10085.519125,10305.908916666667,0.13446799164595857,0.20803030695100636,0.13255451809235297,0.584369426504228,0.6080952873918368
2021-10-21,4625.89990234375,13168.015625,-0.8660254037844386,0.5000000000000001,4635.51513671875,10305.908916666667,10275.357708333331,0.13394119587348663,0.20180585392237094,0.13446799164595857,0.6080952873918368,0.6048063250792747
2021-10-22,4568.6201171875,12973.21289063,-0.8660254037844386,0.5000000000000001,4625.89990234375,10275.357708333331,9714.204583333334,0.1308029729772388,0.19719504010811906,0.13394119587348663,0.6048063250792747,0.5443959000785843
2021-10-23,4441.68994140625,12691.56640625,-0.8660254037844386,0.5000000000000001,4568.6201171875,9714.204583333334,7865.504166666667,0.12384877119776484,0.1905287091394365,0.1308029729772388,0.5443959000785843,0.34537575228953427
2021-10-24,4636.1298828125,12788.10839844,-0.8660254037844386,0.5000000000000001,4441.68994140625,7865.504166666667,7488.869458333334,0.1345016721191224,0.192813775376749,0.12384877119776484,0.34537575228953427,0.3048294882008725
2021-10-25,4413.64013671875,13276.47558594,-0.8660254037844386,0.5000000000000001,4636.1298828125,7488.869458333334,8532.963208333333,0.12231198925863099,0.20437300826860058,0.1345016721191224,0.3048294882008725,0.4172304432486856
2021-10-26,4562.31005859375,14002.29296875,-0.8660254037844386,0.5000000000000001,4413.64013671875,8532.963208333333,8721.892333333333,0.13045725990758336,0.22155248383452394,0.12231198925863099,0.4172304432486856,0.43756943492098294
2021-10-27,4757.0849609375,14402.7265625,-0.8660254037844386,0.5000000000000001,4562.31005859375,8721.892333333333,9639.193916666669,0.1411285125402915,0.2310304039044044,0.13045725990758336,0.43756943492098294,0.5363206955559001
2021-10-28,4812.31494140625,14231.25390625,-0.8660254037844386,0.5000000000000001,4757.0849609375,9639.193916666669,10357.42525,0.1441544315236388,0.22697179304988593,0.1411285125402915,0.5363206955559001,0.6136412310077507
2021-10-29,4828.75,13841.95214844,-0.8660254037844386,0.5000000000000001,4812.31494140625,10357.42525,10380.536833333334,0.14505486920927932,0.21775735399887378,0.1441544315236388,0.6136412310077507,0.6161292873143168
2021-10-30,4702.510009765625,13366.50878906,-0.8660254037844386,0.5000000000000001,4828.75,10380.536833333334,9615.959791666666,0.13813848105078796,0.20650401704540025,0.14505486920927932,0.6161292873143168,0.5338194471385999
2021-10-31,4565.2548828125,12927.98730469,-0.8660254037844386,0.5000000000000001,4702.510009765625,9615.959791666666,9377.716708333332,0.1306185998072268,0.19612458923850384,0.13813848105078796,0.5338194471385999,0.5081716065110676
2021-11-01,4597.965087890625,12470.9140625,-0.5000000000000004,0.8660254037844384,4565.2548828125,9377.716708333332,10012.048958333333,0.1324107139752027,0.18530605721927831,0.1306185998072268,0.5081716065110676,0.5764600630961475
2021-11-02,4912.35986328125,12112.38183594,-0.5000000000000004,0.8660254037844384,4597.965087890625,10012.048958333333,9489.354875,0.1496356543254529,0.1768199066094134,0.1324107139752027,0.5764600630961475,0.5201899109527143
2021-11-03,4987.18505859375,11881.83984375,-0.5000000000000004,0.8660254037844384,4912.35986328125,9489.354875,10649.075875,0.15373514842280953,0.17136317518419736,0.1496356543254529,0.5201899109527143,0.6450386115497678
2021-11-04,5030.93505859375,11766.34472656,-0.5000000000000004,0.8660254037844384,4987.18505859375,10649.075875,10976.092541666669,0.15613210664002905,0.16862950471729915,0.15373514842280953,0.6450386115497678,0.6802432908708401
2021-11-05,5056.72998046875,11584.70214844,-0.5000000000000004,0.8660254037844384,5030.93505859375,10976.092541666669,10528.722375,0.15754534892461913,0.16433018052577486,0.15613210664002905,0.6802432908708401,0.6320820658915383
2021-11-06,5076.81494140625,11434.17675781,-0.5000000000000004,0.8660254037844384,5056.72998046875,10528.722375,9653.751666666669,0.15864575605974313,0.1607673735007245,0.15754534892461913,0.6320820658915383,0.5378878967802607
2021-11-07,4867.89013671875,11345.015625,-0.5000000000000004,0.8660254037844384,5076.81494140625,9653.751666666669,8941.490375,0.14719926400541883,0.15865700588096687,0.15864575605974313,0.5378878967802607,0.46121006068850884
2021-11-08,4824.5400390625,11183.04003906,-0.5000000000000004,0.8660254037844384,4867.89013671875,8941.490375,9091.866833333332,0.14482421548440358,0.15482318254353275,0.14719926400541883,0.46121006068850884,0.4773987003900435
2021-11-09,4567.39990234375,11059.0234375,-0.5000000000000004,0.8660254037844384,4824.5400390625,9091.866833333332,8801.721583333334,0.13073612031446166,0.1518878158428614,0.14482421548440358,0.4773987003900435,0.44616337961297126
2021-11-10,4390.83984375,10881.62402344,-0.5000000000000004,0.8660254037844384,4567.39990234375,8801.721583333334,8094.27575,0.12106281555379766,0.14768892370906597,0.13073612031446166,0.44616337961297126,0.3700039472715146
2021-11-11,4446.8349609375,10755.70117188,-0.5000000000000004,0.8660254037844384,4390.83984375,8094.27575,7646.413541666668,0.12413065455418049,0.14470843770418246,0.12106281555379766,0.3700039472715146,0.3217897519978726
2021-11-12,4384.9599609375,10689.23925781,-0.5000000000000004,0.8660254037844384,4446.8349609375,7646.413541666668,7699.933375,0.12074067078982716,0.14313534114315815,0.12413065455418049,0.3217897519978726,0.3275513805687421
2021-11-13,4424.425048828125,10604.21679688,-0.5000000000000004,0.8660254037844384,4384.9599609375,7699.933375,7372.116416666667,0.122902868886118,0.14112293234075837,0.12074067078982716,0.3275513805687421,0.29226054658229617
2021-11-14,4489.14501953125,10320.20214844,-0.5000000000000004,0.8660254037844384,4424.425048828125,7372.116416666667,6400.9317083333335,0.12644872181400513,0.1344005489578344,0.122902868886118,0.29226054658229617,0.18770854754533373
2021-11-15,4627.31005859375,10122.84570313,-0.5000000000000004,0.8660254037844384,4489.14501953125,6400.9317083333335,6686.184083333334,0.13401845497316664,0.1297292909936694,0.12644872181400513,0.18770854754533373,0.21841713035186516
2021-11-16,5131.81005859375,10075.83105469,-0.5000000000000004,0.8660254037844384,4627.31005859375,6686.184083333334,7612.830000000001,0.16165880744373234,0.12861649454755988,0.13401845497316664,0.21841713035186516,0.3181743466214671
2021-11-17,5187.215087890625,10197.40234375,-0.5000000000000004,0.8660254037844384,5131.81005859375,7612.830000000001,7725.791333333334,0.1646943169351251,0.13149398279651633,0.16165880744373234,0.3181743466214671,0.33033509535704847
2021-11-18,5110.760009765625,10189.87792969,-0.5000000000000004,0.8660254037844384,5187.215087890625,7725.791333333334,7725.090583333334,0.16050552544347071,0.1313158863626844,0.1646943169351251,0.33033509535704847,0.33025965675850333
2021-11-19,5047.68505859375,10271.11816406,-0.5000000000000004,0.8660254037844384,5110.760009765625,7725.090583333334,7559.662833333333,0.15704979921462167,0.13323877310304605,0.16050552544347071,0.33025965675850333,0.312450684057143
2021-11-20,4869.02001953125,10506.05078125,-0.5000000000000004,0.8660254037844384,5047.68505859375,7559.662833333333,6855.873208333333,0.1472611675915198,0.1387994268600952,0.15704979921462167,0.312450684057143,0.23668485747045748
2021-11-21,4643.22998046875,10727.98535156,-0.5000000000000004,0.8660254037844384,4869.02001953125,6855.873208333333,6707.64225,0.13489066954587006,0.1440524279843083,0.1472611675915198,0.23668485747045748,0.22072718960364063
2021-11-22,4658.2548828125,11036.81152344,-0.5000000000000004,0.8660254037844384,4643.22998046875,6707.64225,8351.855208333332,0.13571384813183057,0.15136207886837777,0.13489066954587006,0.22072718960364063,0.3977334276149847
2021-11-23,4850.60986328125,11364.38183594,-0.5000000000000004,0.8660254037844384,4658.2548828125,8351.855208333332,8458.900666666666,0.14625251901314876,0.15911538750081755,0.13571384813183057,0.3977334276149847,0.40925730825328716
2021-11-24,4968.580078125,11636.57910156,-0.5000000000000004,0.8660254037844384,4850.60986328125,8458.900666666666,8479.157666666666,0.15271582588987742,0.1655580635576048,0.14625251901314876,0.40925730825328716,0.4114380570092332
2021-11-25,4850.7548828125,11773.17089844,-0.5000000000000004,0.8660254037844384,4968.580078125,8479.157666666666,8152.629250000001,0.14626046428759645,0.16879107435698898,0.15271582588987742,0.4114380570092332,0.37628593979410435
2021-11-26,4831.219970703125,11932.63964844,-0.5000000000000004,0.8660254037844384,4850.7548828125,8152.629250000001,8088.485583333334,0.14519019301666555,0.17256556303559714,0.14626046428759645,0.37628593979410435,0.3693806121895651
2021-11-27,4858.695068359375,12017.93261719,-0.5000000000000004,0.8660254037844384,4831.219970703125,8088.485583333334,8507.456666666667,0.14669548812743258,0.1745843745263234,0.14519019301666555,0.3693806121895651,0.41448455989932154
2021-11-28,4760.614990234375,11955.93554688,-0.5000000000000004,0.8660254037844384,4858.695068359375,8507.456666666667,7857.473875,0.14132191443126682,0.17311695699159033,0.14669548812743258,0.41448455989932154,0.3445112586052786
2021-11-29,4871.739990234375,11923.88183594,-0.5000000000000004,0.8660254037844384,4760.614990234375,7857.473875,8509.628125000001,0.1474101883030044,0.17235827311747448,0.14132191443126682,0.3445112586052786,0.4147183262546065
2021-11-30,4945.31005859375,11933.41210938,-0.5000000000000004,0.8660254037844384,4871.739990234375,8509.628125000001,8213.425291666666,0.15144091698632797,0.17258384652419725,0.1474101883030044,0.4147183262546065,0.3828308818996
2021-12-01,4827.85986328125,11996.15039063,-2.4492935982947064e-16,1.0,4945.31005859375,8213.425291666666,8966.0135,0.1450061007401946,0.17406880788680565,0.15144091698632797,0.3828308818996,0.46385007521858035
2021-12-02,4816.85498046875,11939.1484375,-2.4492935982947064e-16,1.0,4827.85986328125,8966.0135,9190.215333333334,0.14440316944220696,0.17271962049587333,0.1450061007401946,0.46385007521858035,0.48798631795553515
2021-12-03,4842.955078125,11722.41113281,-2.4492935982947064e-16,1.0,4816.85498046875,9190.215333333334,8782.162083333335,0.1458331315804328,0.1675896341958337,0.14440316944220696,0.48798631795553515,0.4440577195798012
2021-12-04,4749.76513671875,11470.73925781,-2.4492935982947064e-16,1.0,4842.955078125,8782.162083333335,7927.199208333334,0.1407274768189261,0.1616327765487299,0.1458331315804328,0.4440577195798012,0.35201747541549694
2021-12-05,4606.93994140625,11252.30078125,-2.4492935982947064e-16,1.0,4749.76513671875,7927.199208333334,7030.146958333334,0.13290242480680545,0.15646252496810276,0.1407274768189261,0.35201747541549694,0.2554461381885576
2021-12-06,4739.169921875,11024.14941406,-2.4492935982947064e-16,1.0,4606.93994140625,7030.146958333334,7460.744333333333,0.14014699025245908,0.1510623775883332,0.13290242480680545,0.2554461381885576,0.3018017036644368
2021-12-07,4960.8349609375,10727.88378906,-2.4492935982947064e-16,1.0,4739.169921875,7460.744333333333,7377.8175,0.15229148938048528,0.14405002408695275,0.14014699025245908,0.3018017036644368,0.29287429147970007
2021-12-08,5071.2099609375,10581.42675781,-2.4492935982947064e-16,1.0,4960.8349609375,7377.8175,7000.91825,0.15833867253992767,0.14058351164262944,0.15229148938048528,0.29287429147970007,0.2522995484005422
2021-12-09,5081.18994140625,10446.00878906,-2.4492935982947064e-16,1.0,5071.2099609375,7000.91825,7182.704041666667,0.15888545188146508,0.13737828434933852,0.15833867253992767,0.2522995484005422,0.2718695310744699
2021-12-10,5041.64501953125,10195.2578125,-2.4492935982947064e-16,1.0,5081.18994140625,7182.704041666667,7110.831583333334,0.15671887987146313,0.13144322357927754,0.15888545188146508,0.2718695310744699,0.26413216749164903
2021-12-11,4989.5,9911.90722656,-2.4492935982947064e-16,1.0,5041.64501953125,7110.831583333334,6991.89175,0.15386197854454878,0.12473655798675543,0.15671887987146313,0.26413216749164903,0.251327808821851
2021-12-12,4640.64501953125,9689.10058594,-2.4492935982947064e-16,1.0,4989.5,6991.89175,7176.1205,0.13474904569763388,0.11946291570550026,0.15386197854454878,0.251327808821851,0.2711607859345527
2021-12-13,4518.6650390625,9514.73632813,-2.4492935982947064e-16,1.0,4640.64501953125,7176.1205,8353.197208333333,0.12806605332001453,0.11533586311960019,0.13474904569763388,0.2711607859345527,0.39787789939414653
2021-12-14,4710.39013671875,9539.78320313,-2.4492935982947064e-16,1.0,4518.6650390625,8353.197208333333,7636.198625,0.13857021442342857,0.11592870119052012,0.12806605332001453,0.39787789939414653,0.32069007451290793
2021-12-15,4760.719970703125,9640.734375,-2.4492935982947064e-16,1.0,4710.39013671875,7636.198625,8161.68925,0.1413276660609175,0.11831812893304358,0.13857021442342857,0.32069007451290793,0.37726128578457035
2021-12-16,4742.510009765625,9838.93652344,-2.4492935982947064e-16,1.0,4760.719970703125,8161.68925,7837.343375,0.14032998570653152,0.1230094039656916,0.1413276660609175,0.37726128578457035,0.34234412809081094
2021-12-17,4757.89990234375,10163.50585938,-2.4492935982947064e-16,1.0,4742.510009765625,7837.343375,7561.874958333334,0.1411731612374404,0.130691682054213,0.14032998570653152,0.34234412809081094,0.31268882834512984
2021-12-18,4594.330078125,10584.49511719,-2.4492935982947064e-16,1.0,4757.89990234375,7561.874958333334,7047.647958333334,0.13221156045457672,0.14065613708016317,0.1411731612374404,0.31268882834512984,0.2573301922922162
2021-12-19,4507.31005859375,11110.42480469,-2.4492935982947064e-16,1.0,4594.330078125,7047.647958333334,6195.769041666666,0.12744394100593595,0.15310444216321342,0.13221156045457672,0.2573301922922162,0.1656219488337817
2021-12-20,4762.22998046875,11786.05664063,-2.4492935982947064e-16,1.0,4507.31005859375,6195.769041666666,7047.033041666667,0.14141039589670715,0.1690960688340362,0.12744394100593595,0.1656219488337817,0.2572639940024475
2021-12-21,4964.800048828125,12585.75878906,-2.4492935982947064e-16,1.0,4762.22998046875,7047.033041666667,6869.268499999999,0.1525087270948037,0.18802433349722347,0.14141039589670715,0.2572639940024475,0.23812691530911156
2021-12-22,5225.60498046875,13384.95605469,-2.4492935982947064e-16,1.0,4964.800048828125,6869.268499999999,7087.7274166666675,0.1667976076430865,0.20694064801712173,0.1525087270948037,0.23812691530911156,0.2616449096195307
2021-12-23,5249.02490234375,14081.37988281,-2.4492935982947064e-16,1.0,5225.60498046875,7087.7274166666675,6471.503166666666,0.16808072933874182,0.2234244033281271,0.1667976076430865,0.2616449096195307,0.1953058531663889
2021-12-24,4913.6298828125,14558.93164063,-2.4492935982947064e-16,1.0,5249.02490234375,6471.503166666666,6069.309458333333,0.14970523566834337,0.2347276442661855,0.16808072933874182,0.1953058531663889,0.15200805837460105
2021-12-25,4696.10009765625,14893.19433594,-2.4492935982947064e-16,1.0,4913.6298828125,6069.309458333333,5699.03875,0.1377872972450229,0.24263935586565966,0.14970523566834337,0.15200805837460105,0.11214690486908782
2021-12-26,4478.5,15097.88769531,-2.4492935982947064e-16,1.0,4696.10009765625,5699.03875,6252.360541666666,0.12586550656742476,0.24748427229930786,0.1377872972450229,0.11214690486908782,0.17171425486241973
2021-12-27,4395.1650390625,15096.45605469,-2.4492935982947064e-16,1.0,4478.5,6252.360541666666,6852.1187083333325,0.12129978269540627,0.2474503865924717,0.12586550656742476,0.17171425486241973,0.23628067021646124
2021-12-28,4330.4000244140625,14948.15429688,-2.4492935982947064e-16,1.0,4395.1650390625,6852.1187083333325,7057.595249999999,0.11775146191712249,0.2439402110510472,0.12129978269540627,0.23628067021646124,0.2584010588532624
2021-12-29,4305.699951171875,14588.64160156,-2.4492935982947064e-16,1.0,4330.4000244140625,7057.595249999999,6477.4310000000005,0.11639820377943597,0.23543085358570537,0.11775146191712249,0.2584010588532624,0.19594400862707528
2021-12-30,4293.9000244140625,14074.97363281,-2.4492935982947064e-16,1.0,4305.699951171875,6477.4310000000005,6264.049208333334,0.1157517139187565,0.22327277287954497,0.11639820377943597,0.19594400862707528,0.17297258755195932
2021-12-31,4291.875,13566.78320313,-2.4492935982947064e-16,1.0,4293.9000244140625,6264.049208333334,5394.0395,0.11564076765797118,0.21124434082997928,0.1157517139187565,0.17297258755195932,0.07931249034561548
2022-01-01,4284.7750244140625,13659.4140625,0.49999999999999994,0.8660254037844387,4291.875,5394.0395,5228.570375,0.115251776919165,0.2134368339045272,0.11564076765797118,0.07931249034561548,0.061499063456578046
2022-01-02,4280.625,13371.07519531,0.49999999999999994,0.8660254037844387,4284.7750244140625,5228.570375,5572.301291666667,0.11502440697354331,0.20661209996881033,0.115251776919165,0.061499063456578046,0.09850310003163998
2022-01-03,4335.9951171875,13285.69726563,0.49999999999999994,0.8660254037844387,4280.625,5572.301291666667,6494.577708333333,0.11805800371368014,0.204591277525666,0.11502440697354331,0.09850310003163998,0.19778992178630345
2022-01-04,4356.75,13367.66503906,0.49999999999999994,0.8660254037844387,4335.9951171875,6494.577708333333,6778.715833333333,0.11919511427150528,0.20653138449221753,0.11805800371368014,0.19778992178630345,0.22837855103103827
2022-01-05,4382.0,13562.54980469,0.49999999999999994,0.8660254037844387,4356.75,6778.715833333333,6617.4875,0.1205785015854434,0.21114413991610861,0.11919511427150528,0.22837855103103827,0.2110216626793613
2022-01-06,4407.39990234375,13947.30175781,0.49999999999999994,0.8660254037844387,4382.0,6617.4875,6504.9953749999995,0.1219701016914874,0.22025088898841158,0.1205785015854434,0.2110216626793613,0.1989114261365623
2022-01-07,4375.594970703125,14503.9921875,0.49999999999999994,0.8660254037844387,4407.39990234375,6504.9953749999995,6478.777375000001,0.12022758529733651,0.23342727448308945,0.1219701016914874,0.1989114261365623,0.19608895139284943
2022-01-08,4345.14990234375,15457.35839844,0.49999999999999994,0.8660254037844387,4375.594970703125,6478.777375000001,5917.350083333334,0.11855957257098648,0.25599263584549165,0.12022758529733651,0.19608895139284943,0.1356490112311154
2022-01-09,4342.625,16708.47460938,0.49999999999999994,0.8660254037844387,4345.14990234375,5917.350083333334,5050.838,0.11842123918994583,0.28560548459370183,0.11855957257098648,0.1356490112311154,0.04236544763623996
2022-01-10,4335.60009765625,18014.48828125,0.49999999999999994,0.8660254037844387,4342.625,5050.838,6081.167583333333,0.11803636153513403,0.31651770920561345,0.11842123918994583,0.04236544763623996,0.15328463394559388
2022-01-11,4375.5048828125,19117.66796875,0.49999999999999994,0.8660254037844387,4335.60009765625,6081.167583333333,6674.156583333333,0.12022264959654325,0.34262902719700183,0.11803636153513403,0.15328463394559388,0.21712232087059244
2022-01-12,4401.14990234375,20358.12109375,0.49999999999999994,0.8660254037844387,4375.5048828125,6674.156583333333,6879.216791666667,0.12162767908902747,0.37198948983721564,0.12022264959654325,0.21712232087059244,0.23919788952424084
2022-01-13,4375.699951171875,21647.75195313,0.49999999999999994,0.8660254037844387,4401.14990234375,6879.216791666667,7037.540416666667,0.1202333369269872,0.4025139473143922,0.12162767908902747,0.23919788952424084,0.2562420741643958
2022-01-14,4362.10009765625,22925.12890625,0.49999999999999994,0.8660254037844387,4375.699951171875,7037.540416666667,6947.969249999999,0.11948823336956414,0.4327483653296235,0.1202333369269872,0.2562420741643958,0.24659937236862292
2022-01-15,4392.48486328125,23901.97851563,0.49999999999999994,0.8660254037844387,4362.10009765625,6947.969249999999,6325.157708333333,0.12115294225283575,0.4558695586123676,0.11948823336956414,0.24659937236862292,0.17955116707275354
2022-01-16,4438.6201171875,24470.77929688,0.49999999999999994,0.8660254037844387,4392.48486328125,6325.157708333333,5797.372333333333,0.12368058284607221,0.4693325857522404,0.12115294225283575,0.17955116707275354,0.12273291659451033
2022-01-17,4346.25,24801.19335938,0.49999999999999994,0.8660254037844387,4438.6201171875,5797.372333333333,6688.253708333334,0.11861984429937258,0.47715320351063617,0.12368058284607221,0.12273291659451033,0.21863993393304823
2022-01-18,4363.0,25001.234375,0.49999999999999994,0.8660254037844387,4346.25,6688.253708333334,6890.849999999999,0.1195375368739652,0.4818880029538811,0.11861984429937258,0.21863993393304823,0.2404502518977698
2022-01-19,4364.375,25084.06835938,0.49999999999999994,0.8660254037844387,4363.0,6890.849999999999,6805.970375,0.11961286984650639,0.4838486123914437,0.1195375368739652,0.2404502518977698,0.2313126137171944
2022-01-20,4367.02490234375,25000.84960938,0.49999999999999994,0.8660254037844387,4364.375,6805.970375,6759.224125000001,0.11975805167959624,0.4818788958813255,0.11961286984650639,0.2313126137171944,0.22628018904756703
2022-01-21,4373.52490234375,24731.55273438,0.49999999999999994,0.8660254037844387,4367.02490234375,6759.224125000001,6595.755833333334,0.12011417118615457,0.4755048695854396,0.11975805167959624,0.22628018904756703,0.20868216003593099
2022-01-22,4374.625,24210.49609375,0.49999999999999994,0.8660254037844387,4373.52490234375,6595.755833333334,6278.800666666667,0.12017444291454069,0.46317190534654307,0.12011417118615457,0.20868216003593099,0.17456064226928206
2022-01-23,4361.89990234375,23436.38671875,0.49999999999999994,0.8660254037844387,4374.625,6278.800666666667,5854.955291666666,0.1194772651455791,0.4448493997023844,0.12017444291454069,0.17456064226928206,0.12893195716069045
2022-01-24,4435.68994140625,22438.30273438,0.49999999999999994,0.8660254037844387,4361.89990234375,5854.955291666666,7122.739291666666,0.1235200454994033,0.42122560695738154,0.1194772651455791,0.12893195716069045,0.2654140809109156
2022-01-25,4458.2548828125,21394.65625,0.49999999999999994,0.8660254037844387,4435.68994140625,7122.739291666666,7077.492833333334,0.12475632485311274,0.39652338887539684,0.1235200454994033,0.2654140809109156,0.26054311493760374
2022-01-26,4528.080078125,20502.94921875,0.49999999999999994,0.8660254037844387,4458.2548828125,7077.492833333334,6828.568875,0.12858188086850142,0.37541744746625927,0.12475632485311274,0.26054311493760374,0.23374543450809368
2022-01-27,4556.2548828125,19768.36132813,0.49999999999999994,0.8660254037844387,4528.080078125,6828.568875,6318.8078749999995,0.13012551125968447,0.3580303814951029,0.12858188086850142,0.23374543450809368,0.17886758158911173
2022-01-28,4424.570068359375,19128.4140625,0.49999999999999994,0.8660254037844387,4556.2548828125,6318.8078749999995,6030.984041666667,0.1229108141605657,0.34288337802873936,0.13012551125968447,0.17886758158911173,0.14788217079416233
2022-01-29,4382.68994140625,18513.81445313,0.49999999999999994,0.8660254037844387,4424.570068359375,6030.984041666667,5257.205791666666,0.12061630183054307,0.3283363318680084,0.1229108141605657,0.14788217079416233,0.06458178297436593
2022-01-30,4435.72998046875,18150.26757813,0.49999999999999994,0.8660254037844387,4382.68994140625,5257.205791666666,5088.878791666667,0.12352223914420031,0.31973148882615304,0.12061630183054307,0.06458178297436593,0.04646069417335245
2022-01-31,5052.955078125,17749.67773438,0.49999999999999994,0.8660254037844387,4435.72998046875,5088.878791666667,5699.247125000001,0.1573385310230865,0.3102498704526486,0.12352223914420031,0.04646069417335245,0.11216933728859825
2022-02-01,6320.364990234375,17677.62109375,0.8660254037844386,0.5000000000000001,5052.955078125,5699.247125000001,6219.0135,0.2267768991011674,0.30854435150754833,0.1573385310230865,0.11216933728859825,0.1681243096766043
2022-02-02,5818.41015625,18193.7734375,0.8660254037844386,0.5000000000000001,6320.364990234375,6219.0135,6334.642083333333,0.1992759902099238,0.3207612352413296,0.2267768991011674,0.1681243096766043,0.18057219876462183
2022-02-03,5444.294921875,18954.51367188,0.8660254037844386,0.5000000000000001,5818.41015625,6334.642083333333,6399.144416666667,0.1787791082619886,0.33876730478178196,0.1992759902099238,0.18057219876462183,0.18751613830020386
2022-02-04,5419.43994140625,19855.83007813,0.8660254037844386,0.5000000000000001,5444.294921875,6399.144416666667,6365.686041666667,0.1774173631265966,0.3601006918637928,0.1787791082619886,0.18751613830020386,0.18391420762649963
2022-02-05,5207.7900390625,20866.609375,0.8660254037844386,0.5000000000000001,5419.43994140625,6365.686041666667,5656.855875,0.1658215694672466,0.38402497177824196,0.1774173631265966,0.18391420762649963,0.10760574614970801
2022-02-06,5120.31494140625,22042.53710938,0.8660254037844386,0.5000000000000001,5207.7900390625,5656.855875,5032.4175000000005,0.16102901737286424,0.4118581737082667,0.1658215694672466,0.10760574614970801,0.040382405603416605
2022-02-07,4739.639892578125,23025.61328125,0.8660254037844386,0.5000000000000001,5120.31494140625,5032.4175000000005,6372.310750000001,0.14017273882705814,0.4351267443901888,0.16102901737286424,0.040382405603416605,0.18462738452616012
2022-02-08,4729.405029296875,24252.37890625,0.8660254037844386,0.5000000000000001,4739.639892578125,6372.310750000001,6868.780833333333,0.13961199506376418,0.46416323563294415,0.14017273882705814,0.18462738452616012,0.23807441600138346
2022-02-09,4703.2099609375,25431.04296875,0.8660254037844386,0.5000000000000001,4729.405029296875,6868.780833333333,7358.724083333333,0.1381768297070869,0.4920612041050651,0.13961199506376418,0.23807441600138346,0.2908188072203036
2022-02-10,4738.02001953125,26487.82617188,0.8660254037844386,0.5000000000000001,4703.2099609375,7358.724083333333,7275.905708333333,0.14008398984395962,0.5170743570642338,0.1381768297070869,0.2908188072203036,0.28190307101796747
2022-02-11,4924.389892578125,27177.10351563,0.8660254037844386,0.5000000000000001,4738.02001953125,7275.905708333333,6985.445958333334,0.15029475095577371,0.5333889612133569,0.14008398984395962,0.28190307101796747,0.25063389303184413
2022-02-12,4821.47998046875,27551.21484375,0.8660254037844386,0.5000000000000001,4924.389892578125,6985.445958333334,6301.557541666666,0.1446565621680273,0.5422438558088686,0.15029475095577371,0.25063389303184413,0.1770105127755499
2022-02-13,4730.35009765625,27654.83789063,0.8660254037844386,0.5000000000000001,4821.47998046875,6301.557541666666,5389.378791666667,0.13966377310650332,0.5446965245435983,0.1446565621680273,0.1770105127755499,0.07881074606463888
2022-02-14,4666.080078125,27679.45703125,0.8660254037844386,0.5000000000000001,4730.35009765625,5389.378791666667,6409.27,0.13614257193081672,0.5452792385082293,0.13966377310650332,0.07881074606463888,0.18860619868710196
2022-02-15,4516.8349609375,27663.29492188,0.8660254037844386,0.5000000000000001,4666.080078125,6409.27,6925.6045,0.12796578770173173,0.5448966952272448,0.13614257193081672,0.18860619868710196,0.24419171571958595
2022-02-16,4397.64990234375,27581.4375,0.8660254037844386,0.5000000000000001,4516.8349609375,6925.6045,7098.310333333334,0.12143592243164991,0.542959200187332,0.12796578770173173,0.24419171571958595,0.26278420380697765
2022-02-17,4403.175048828125,27432.62304688,0.8660254037844386,0.5000000000000001,4397.64990234375,7098.310333333334,7233.682458333334,0.12173863203775423,0.5394368895872005,0.12143592243164991,0.26278420380697765,0.2773575657649933
2022-02-18,4334.39990234375,27220.84765625,0.8660254037844386,0.5000000000000001,4403.175048828125,7233.682458333334,6081.282,0.1179706056947554,0.53442434754156,0.12173863203775423,0.2773575657649933,0.15329695136690474
2022-02-19,4327.5,26963.77148438,0.8660254037844386,0.5000000000000001,4334.39990234375,6081.282,5426.672875,0.1175925764919928,0.5283395748179809,0.1179706056947554,0.15329695136690474,0.0828256064009826
2022-02-20,4431.35009765625,26607.2421875,0.8660254037844386,0.5000000000000001,4327.5,5426.672875,5060.246583333334,0.1232822758048202,0.5199008318375181,0.1175925764919928,0.0828256064009826,0.04337832004574692
2022-02-21,4552.02490234375,26065.93945313,0.8660254037844386,0.5000000000000001,4431.35009765625,5060.246583333334,5905.408416666666,0.1298937607124102,0.5070886599067843,0.1232822758048202,0.04337832004574692,0.13436344205861908
2022-02-22,4559.60009765625,25428.58984375,0.8660254037844386,0.5000000000000001,4552.02490234375,5905.408416666666,5994.929916666667,0.130308787607298,0.492003140738169,0.1298937607124102,0.13436344205861908,0.14400079703494462
2022-02-23,4528.25,24725.078125,0.8660254037844386,0.5000000000000001,4559.60009765625,5994.929916666667,6790.900791666667,0.1285911904830058,0.47535162112890367,0.130308787607298,0.14400079703494462,0.22969031154477046
2022-02-24,4473.97509765625,24075.02148438,0.8660254037844386,0.5000000000000001,4528.25,6790.900791666667,7185.141375,0.12561759795359692,0.4599653374183068,0.1285911904830058,0.22969031154477046,0.2721319199590279
2022-02-25,4522.800048828125,23408.78515625,0.8660254037844386,0.5000000000000001,4473.97509765625,7185.141375,7038.017583333333,0.12829260064883732,0.4441960943672128,0.12561759795359692,0.2721319199590279,0.2562934431042542
2022-02-26,4563.43994140625,22658.10742188,0.8660254037844386,0.5000000000000001,4522.800048828125,7038.017583333333,6911.862375,0.1305191634936843,0.42642819558037975,0.12829260064883732,0.2562934431042542,0.2427123198565358
2022-02-27,4491.97509765625,21886.11914063,0.8660254037844386,0.5000000000000001,4563.43994140625,6911.862375,6186.26075,0.12660377504868153,0.4081558944079163,0.1305191634936843,0.2427123198565358,0.16459834241509907
2022-02-28,4490.0,21123.1640625,0.8660254037844386,0.5000000000000001,4491.97509765625,6186.26075,6522.133375,0.12649556415595103,0.3900974014135944,0.12660377504868153,0.16459834241509907,0.2007564018081526
2022-03-01,4500.550048828125,20452.24414063,1.0,6.123233995736766e-17,4490.0,6522.133375,6505.170333333333,0.12707357618407997,0.374217301711609,0.12649556415595103,0.2007564018081526,0.1989302611154712
2022-03-02,4509.75,19892.93359375,1.0,6.123233995736766e-17,4500.550048828125,6505.170333333333,7050.5085,0.1275776195797244,0.3609789002879778,0.12707357618407997,0.1989302611154712,0.25763814128174645
2022-03-03,4497.449951171875,19263.92382813,1.0,6.123233995736766e-17,4509.75,7050.5085,7546.799625,0.12690372922290669,0.3460907780755276,0.1275776195797244,0.25763814128174645,0.3110659071617295
2022-03-04,4563.39013671875,18694.81640625,1.0,6.123233995736766e-17,4497.449951171875,7546.799625,7988.707541666667,0.13051643481357095,0.3326204930146745,0.12690372922290669,0.3110659071617295,0.3586390986270771
2022-03-05,4901.780029296875,18101.02929688,1.0,6.123233995736766e-17,4563.39013671875,7988.707541666667,6729.378291666667,0.1490560104396091,0.31856606089665435,0.13051643481357095,0.3586390986270771,0.22306716323368336
2022-03-06,5214.0400390625,17529.86523438,1.0,6.123233995736766e-17,4901.780029296875,6729.378291666667,5994.548,0.16616399206970653,0.3050470969144692,0.1490560104396091,0.22306716323368336,0.14395968214647598
2022-03-07,6103.31494140625,16897.703125,1.0,6.123233995736766e-17,5214.0400390625,5994.548,7207.97325,0.21488524428776232,0.29008436142616917,0.16616399206970653,0.14395968214647598,0.2745898645215083
2022-03-08,6433.090087890625,16309.67382813,1.0,6.123233995736766e-17,6103.31494140625,7207.97325,8192.247083333334,0.23295283850948792,0.2761662117966917,0.21488524428776232,0.2745898645215083,0.380550961305431
2022-03-09,6189.260009765625,15732.58300781,1.0,6.123233995736766e-17,6433.090087890625,8192.247083333334,8622.547333333334,0.21959396972395656,0.262506966534993,0.23295283850948792,0.380550961305431,0.4268745400619485
2022-03-10,5805.669921875,15229.65234375,1.0,6.123233995736766e-17,6189.260009765625,8622.547333333334,8769.169708333333,0.19857798313622185,0.2506030286310504,0.21959396972395656,0.4268745400619485,0.44265903736535495
2022-03-11,5776.89013671875,14806.71484375,1.0,6.123233995736766e-17,5805.669921875,8769.169708333333,7667.136374999999,0.19700120730719134,0.24059246038172982,0.19857798313622185,0.44265903736535495,0.3240206496140714
2022-03-12,5739.969970703125,14445.59765625,1.0,6.123233995736766e-17,5776.89013671875,7667.136374999999,6813.606833333334,0.19497843941433965,0.23204512596122698,0.19700120730719134,0.3240206496140714,0.23213470963516114
2022-03-13,5632.72509765625,14442.53710938,1.0,6.123233995736766e-17,5739.969970703125,6813.606833333334,6090.960416666666,0.1891027484496683,0.23197268543911106,0.19497843941433965,0.23213470963516114,0.1543388724364293
2022-03-14,6227.60986328125,14456.34179688,1.0,6.123233995736766e-17,5632.72509765625,6090.960416666666,7262.294291666666,0.22169506678712095,0.23229943056428748,0.1891027484496683,0.1543388724364293,0.280437746440661
2022-03-15,6416.625,14560.51269531,1.0,6.123233995736766e-17,6227.60986328125,7262.294291666666,7694.644833333333,0.23205075559024962,0.23476506647580295,0.22169506678712095,0.280437746440661,0.3269820474660935
2022-03-16,6026.169921875,14672.27246094,1.0,6.123233995736766e-17,6416.625,7694.644833333333,8614.617250000001,0.21065865255100827,0.23741032437175014,0.23205075559024962,0.3269820474660935,0.4260208342139101
2022-03-17,5996.840087890625,15054.05371094,1.0,6.123233995736766e-17,6026.169921875,8614.617250000001,8807.208708333334,0.20905174085778466,0.246446759446521,0.21065865255100827,0.4260208342139101,0.44675409102223573
2022-03-18,5904.31005859375,15444.81347656,1.0,6.123233995736766e-17,5996.840087890625,8807.208708333334,8993.694000000001,0.20398224110777993,0.25569570829316507,0.20905174085778466,0.44675409102223573,0.46682999405843667
2022-03-19,6039.35498046875,15883.90039063,1.0,6.123233995736766e-17,5904.31005859375,8993.694000000001,7911.918208333333,0.21138103048336962,0.2660885193365964,0.20398224110777993,0.46682999405843667,0.3503724133757272
2022-03-20,5375.06005859375,16280.57714844,1.0,6.123233995736766e-17,6039.35498046875,7911.918208333333,6625.952875,0.1749858951314729,0.27547751831865924,0.21138103048336962,0.3503724133757272,0.21193299486082282
2022-03-21,5067.044921875,16522.35742188,1.0,6.123233995736766e-17,5375.06005859375,6625.952875,7994.304166666666,0.15811047997750713,0.2812002502320282,0.1749858951314729,0.21193299486082282,0.3592415981584117
2022-03-22,5294.56005859375,16836.79882813,1.0,6.123233995736766e-17,5067.044921875,7994.304166666666,8842.52875,0.17057549201178898,0.28864280890246524,0.15811047997750713,0.3592415981584117,0.4505564377134804
2022-03-23,5427.655029296875,17131.52148438,1.0,6.123233995736766e-17,5294.56005859375,8842.52875,8830.381166666668,0.17786744821058775,0.2956186416555591,0.17057549201178898,0.4505564377134804,0.4492487007710944
2022-03-24,5318.419921875,17214.18164063,1.0,6.123233995736766e-17,5427.655029296875,8830.381166666668,8924.366083333332,0.17188271704844557,0.2975751367302218,0.17786744821058775,0.4492487007710944,0.45936656077497073
2022-03-25,5095.4951171875,17381.82617188,1.0,6.123233995736766e-17,5318.419921875,8924.366083333332,8038.802833333334,0.15966919836461105,0.3015431391459533,0.17188271704844557,0.45936656077497073,0.3640320613056988
2022-03-26,5320.419921875,17525.30859375,1.0,6.123233995736766e-17,5095.4951171875,8038.802833333334,7072.153333333333,0.17199229228123275,0.3049392451349173,0.15966919836461105,0.3640320613056988,0.25996829596231735
2022-03-27,5216.60986328125,17195.796875,1.0,6.123233995736766e-17,5320.419921875,7072.153333333333,6162.978875,0.16630478661320236,0.2971399850799499,0.17199229228123275,0.25996829596231735,0.16209195351534378
2022-03-28,5247.81005859375,16679.49609375,1.0,6.123233995736766e-17,5216.60986328125,6162.978875,7622.841791666667,0.16801417094538867,0.2849195879577258,0.16630478661320236,0.16209195351534378,0.31925215687085606
2022-03-29,5349.3349609375,16016.38378906,1.0,6.123233995736766e-17,5247.81005859375,7622.841791666667,8579.371125,0.17357647834939466,0.2692242878647725,0.16801417094538867,0.31925215687085606,0.4222264449536212
2022-03-30,5803.3349609375,15411.44042969,1.0,6.123233995736766e-17,5349.3349609375,8579.371125,8405.08275,0.1984500561920841,0.2549057968680019,0.17357647834939466,0.4222264449536212,0.4034635897945597
2022-03-31,5287.655029296875,14944.76660156,1.0,6.123233995736766e-17,5803.3349609375,8405.08275,7795.294583333333,0.17019718191548527,0.24386002720542288,0.1984500561920841,0.4034635897945597,0.3378174039897042
2022-04-01,5045.625,14657.84082031,0.8660254037844387,-0.49999999999999983,5287.655029296875,7795.294583333333,7882.114708333333,0.15693693351463897,0.2370687398031643,0.17019718191548527,0.3378174039897042,0.3471639449180169
2022-04-02,4909.1650390625,14339.70605469,0.8660254037844387,-0.49999999999999983,5045.625,7882.114708333333,7341.813541666666,0.14946061752171105,0.22953876248093438,0.15693693351463897,0.3471639449180169,0.2889983183669711
2022-04-03,4844.7099609375,14089.35546875,0.8660254037844387,-0.49999999999999983,4909.1650390625,7341.813541666666,6697.345208333333,0.14592927742677975,0.22361317861379149,0.14946061752171105,0.2889983183669711,0.21961867102712349
2022-04-04,4841.68994140625,14016.09667969,0.8660254037844387,-0.49999999999999983,4844.7099609375,6697.345208333333,7650.786833333333,0.14576381775520048,0.22187920584536186,0.14592927742677975,0.21961867102712349,0.3222605547012081
2022-04-05,4827.25,14038.3515625,0.8660254037844387,-0.49999999999999983,4841.68994140625,7650.786833333333,8138.498166666667,0.14497268778468894,0.22240595985334208,0.14576381775520048,0.3222605547012081,0.37476467097841903
2022-04-06,4801.625,13957.55957031,0.8660254037844387,-0.49999999999999983,4827.25,8138.498166666667,8356.6925,0.14356875511460324,0.2204936826213242,0.14497268778468894,0.37476467097841903,0.3982541818127549
2022-04-07,4802.375,13823.9140625,0.8660254037844387,-0.49999999999999983,4801.625,8356.6925,8183.630333333333,0.14360984582689842,0.2173304079598267,0.14356875511460324,0.3982541818127549,0.3796233329871805
2022-04-08,4804.25,13629.74023438,0.8660254037844387,-0.49999999999999983,4802.375,8183.630333333333,7322.84925,0.1437125726076364,0.21273447981766122,0.14360984582689842,0.3796233329871805,0.28695673494102053
2022-04-09,4811.0,13430.6328125,0.8660254037844387,-0.49999999999999983,4804.25,7322.84925,6838.334125,0.14408238901829312,0.20802177773833275,0.1437125726076364,0.28695673494102053,0.23479670354047769
2022-04-10,4808.75,13169.3203125,0.8660254037844387,-0.49999999999999983,4811.0,6838.334125,6406.163583333334,0.14395911688140756,0.20183673475763095,0.14408238901829312,0.23479670354047769,0.18827178024995514
2022-04-11,4809.89501953125,12879.1953125,0.8660254037844387,-0.49999999999999983,4808.75,6406.163583333334,7196.602333333333,0.14402184977224886,0.1949697245886719,0.14395911688140756,0.18827178024995514,0.27336573891678895
2022-04-12,4818.52001953125,12831.7109375,0.8660254037844387,-0.49999999999999983,4809.89501953125,7196.602333333333,6480.402041666667,0.14449439296364355,0.19384581011735205,0.14402184977224886,0.27336573891678895,0.1962638533927586
2022-04-13,4570.385009765625,13957.72753906,0.8660254037844387,-0.49999999999999983,4818.52001953125,6480.402041666667,7106.001083333334,0.130899667234785,0.22049765829771997,0.14449439296364355,0.1962638533927586,0.26361214444452474
2022-04-14,4575.47998046875,14676.71191406,0.8660254037844387,-0.49999999999999983,4570.385009765625,7106.001083333334,6836.130666666667,0.1311788085352044,0.23751540242334743,0.130899667234785,0.26361214444452474,0.23455949225454217
2022-04-15,4457.85498046875,14548.77539063,0.8660254037844387,-0.49999999999999983,4575.47998046875,6836.130666666667,6231.988583333333,0.12473441515690847,0.23448725453062846,0.1311788085352044,0.23455949225454217,0.1695211303725347
2022-04-16,4336.25,14325.12011719,0.8660254037844387,-0.49999999999999983,4457.85498046875,6231.988583333333,5266.142958333333,0.1180719681354367,0.22919352583763822,0.12473441515690847,0.1695211303725347,0.06554390545499068
2022-04-17,4324.5650634765625,14034.91601563,0.8660254037844387,-0.49999999999999983,4336.25,5266.142958333333,5287.553583333333,0.11743177831560717,0.2223246434025287,0.1180719681354367,0.06554390545499068,0.06784884665224489
2022-04-18,4266.1400146484375,13712.27832031,0.8660254037844387,-0.49999999999999983,4324.5650634765625,5287.553583333333,5997.096333333334,0.11423080915263514,0.21468808559244015,0.11743177831560717,0.06784884665224489,0.14423402063422855
2022-04-19,4254.925048828125,13400.22265625,0.8660254037844387,-0.49999999999999983,4266.1400146484375,5997.096333333334,7259.636083333334,0.11361636790740465,0.20730199539552058,0.11423080915263514,0.14423402063422855,0.28015157946055735
2022-04-20,4282.885009765625,13041.66113281,0.8660254037844387,-0.49999999999999983,4254.925048828125,7259.636083333334,6263.259791666666,0.11514822752162814,0.19881515135360786,0.11361636790740465,0.28015157946055735,0.17288760362473626
2022-04-21,4351.8499755859375,12708.46679688,0.8660254037844387,-0.49999999999999983,4282.885009765625,6263.259791666666,5509.368583333333,0.1189266536135884,0.19092872690528084,0.11514822752162814,0.17288760362473626,0.09172813703582454
2022-04-22,4406.0999755859375,12363.40917969,0.8660254037844387,-0.49999999999999983,4351.8499755859375,5509.368583333333,6339.751416666667,0.1218988818029406,0.18276150875406838,0.1189266536135884,0.09172813703582454,0.18112223935850943
2022-04-23,4439.81494140625,12154.41699219,0.8660254037844387,-0.49999999999999983,4406.0999755859375,6339.751416666667,5400.182083333333,0.12374604441702686,0.1778148427418478,0.1218988818029406,0.18112223935850943,0.07997376452059013
2022-04-24,4400.3349609375,12237.80761719,0.8660254037844387,-0.49999999999999983,4439.81494140625,5400.182083333333,5244.155708333333,0.1215830303918786,0.17978862738595242,0.12374604441702686,0.07997376452059013,0.06317688822222299
2022-04-25,4293.4150390625,12316.16796875,0.8660254037844387,-0.49999999999999983,4400.3349609375,5244.155708333333,6533.192749999999,0.11572514272735858,0.1816433497677042,0.1215830303918786,0.06317688822222299,0.2019469886804826
2022-04-26,4170.5,11955.82910156,0.8660254037844387,-0.49999999999999983,4293.4150390625,6533.192749999999,8120.648208333333,0.10899092071819931,0.17311443752206898,0.11572514272735858,0.2019469886804826,0.37284305008543844
2022-04-27,4148.199951171875,11533.94824219,0.8660254037844387,-0.49999999999999983,4170.5,8120.648208333333,9052.1245,0.10776915419744569,0.16312887905112378,0.10899092071819931,0.37284305008543844,0.4731202759454043
2022-04-28,4161.2750244140625,11237.27929688,0.8660254037844387,-0.49999999999999983,4148.199951171875,9052.1245,8189.088208333334,0.10848550629455674,0.15610697930357317,0.10776915419744569,0.4731202759454043,0.3802108955145222
2022-04-29,4157.050048828125,10897.49511719,0.8660254037844387,-0.49999999999999983,4161.2750244140625,8189.088208333334,7069.521125,0.10825402995288211,0.14806457889966917,0.10848550629455674,0.3802108955145222,0.25968492798836734
2022-04-30,4146.050048828125,10488.16992188,0.8660254037844387,-0.49999999999999983,4157.050048828125,7069.521125,6320.268916666667,0.10765136617255264,0.13837620223924724,0.10825402995288211,0.25968492798836734,0.17902486868971745
2022-05-01,4169.949951171875,10206.11914063,0.49999999999999994,-0.8660254037844387,4146.050048828125,6320.268916666667,5533.363166666666,0.10896078485400625,0.13170030191005605,0.10765136617255264,0.17902486868971745,0.0943112518975321
2022-05-02,4188.375,9955.87109375,0.49999999999999994,-0.8660254037844387,4169.949951171875,5533.363166666666,6387.887875,0.10997024936123471,0.1257771450546072,0.10896078485400625,0.0943112518975321,0.18630432563120855
2022-05-03,4206.9449462890625,9766.80078125,0.49999999999999994,-0.8660254037844387,4188.375,6387.887875,6788.1651249999995,0.11098765245496942,0.12130201275444082,0.10997024936123471,0.18630432563120855,0.22939580585883385
2022-05-04,4219.27001953125,9796.57714844,0.49999999999999994,-0.8660254037844387,4206.9449462890625,6788.1651249999995,6975.367958333333,0.11166291383978529,0.12200679385323748,0.11098765245496942,0.22939580585883385,0.24954895518505413
2022-05-05,4026.589965820313,9839.5,0.49999999999999994,-0.8660254037844387,4219.27001953125,6975.367958333333,6649.500291666667,0.10110643297037432,0.12302274097307633,0.11166291383978529,0.24954895518505413,0.21446797040515703
2022-05-06,3968.7099609375,9736.20996094,0.49999999999999994,-0.8660254037844387,4026.589965820313,6649.500291666667,6373.981083333333,0.09793532546599569,0.12057795424812259,0.10110643297037432,0.21446797040515703,0.18480720272918527
2022-05-07,3961.97998046875,9578.82617188,0.49999999999999994,-0.8660254037844387,3968.7099609375,6373.981083333333,5706.139541666666,0.09756660587773748,0.11685281480855579,0.09793532546599569,0.18480720272918527,0.11291133408335033
2022-05-08,3968.3349609375,9440.51757813,0.49999999999999994,-0.8660254037844387,3961.97998046875,5706.139541666666,6058.7887083333335,0.0979147801098481,0.11357916889822171,0.09756660587773748,0.11291133408335033,0.15087545668263685
2022-05-09,3968.68994140625,9370.37304688,0.49999999999999994,-0.8660254037844387,3968.3349609375,6058.7887083333335,6758.498583333334,0.09793422864359719,0.11191890794383785,0.0979147801098481,0.15087545668263685,0.22620208152488497
2022-05-10,3971.4000244140625,9282.703125,0.49999999999999994,-0.8660254037844387,3968.68994140625,6758.498583333334,7059.891791666666,0.098082707631824,0.10984383600911383,0.09793422864359719,0.22620208152488497,0.25864829094007497
2022-05-11,3977.2349853515625,9235.56542969,0.49999999999999994,-0.8660254037844387,3971.4000244140625,7059.891791666666,7743.686666666667,0.09840239123333934,0.1087281271490188,0.098082707631824,0.25864829094007497,0.33226160105403757
2022-05-12,3974.7099609375,9174.92675781,0.49999999999999994,-0.8660254037844387,3977.2349853515625,7743.686666666667,8134.472541666666,0.09826405116435723,0.10729286174123899,0.09840239123333934,0.33226160105403757,0.37433129601121473
2022-05-13,3987.960083007813,9062.38183594,0.49999999999999994,-0.8660254037844387,3974.7099609375,8134.472541666666,7402.225916666666,0.09898999376951377,0.10462901986981804,0.09826405116435723,0.37433129601121473,0.2955019571893533
2022-05-14,3960.43994140625,8951.20800781,0.49999999999999994,-0.8660254037844387,3987.960083007813,7402.225916666666,6362.41,0.09748223080835008,0.10199763061246067,0.09898999376951377,0.2955019571893533,0.18356152836555223
2022-05-15,3984.5650634765625,9205.73632813,0.49999999999999994,-0.8660254037844387,3960.43994140625,6362.41,6029.492041666667,0.09880398874178688,0.10802209787286741,0.09748223080835008,0.18356152836555223,0.14772155090257572
2022-05-16,3997.5400390625,9368.48242188,0.49999999999999994,-0.8660254037844387,3984.5650634765625,6029.492041666667,6871.8295,0.0995148567269054,0.11187415846998801,0.09880398874178688,0.14772155090257572,0.23840261741524668
2022-05-17,3984.68994140625,9300.71777344,0.49999999999999994,-0.8660254037844387,3997.5400390625,6871.8295,7367.554875000001,0.09881083050589462,0.1102702273026173,0.0995148567269054,0.23840261741524668,0.2917694779978672
2022-05-18,3865.1500244140625,9302.29101563,0.49999999999999994,-0.8660254037844387,3984.68994140625,7367.554875000001,7851.468291666667,0.09226152339000517,0.11030746459729021,0.09881083050589462,0.2917694779978672,0.3438647330396521
2022-05-19,3754.920043945313,9363.92285156,0.49999999999999994,-0.8660254037844387,3865.1500244140625,7851.468291666667,7847.510291666667,0.0862222855050105,0.11176623734718397,0.09226152339000517,0.3438647330396521,0.3434386381797995
2022-05-20,3737.02001953125,9392.61914063,0.49999999999999994,-0.8660254037844387,3754.920043945313,7847.510291666667,7298.461666666667,0.08524158583397694,0.1124454539222984,0.0862222855050105,0.3434386381797995,0.28433131202475964
2022-05-21,3738.155029296875,9427.3984375,0.49999999999999994,-0.8660254037844387,3737.02001953125,7298.461666666667,6412.232791666666,0.08530377031361898,0.11326865008007707,0.08524158583397694,0.28433131202475964,0.18892515530660184
2022-05-22,3712.2900390625,9433.70800781,0.49999999999999994,-0.8660254037844387,3738.155029296875,6412.232791666666,5469.796708333334,0.08388668915063412,0.11341799220323273,0.08530377031361898,0.18892515530660184,0.08746806312672152
2022-05-23,3710.85498046875,9438.54980469,0.49999999999999994,-0.8660254037844387,3712.2900390625,5469.796708333334,6308.257875,0.08380806571089741,0.11353259338689833,0.08388668915063412,0.08746806312672152,0.17773183101522472
2022-05-24,3726.31005859375,9411.15820313,0.49999999999999994,-0.8660254037844387,3710.85498046875,6308.257875,7121.315875,0.08465481260254286,0.11288425764728063,0.08380806571089741,0.17773183101522472,0.26526084429517666
2022-05-25,3745.625,9316.02539063,0.49999999999999994,-0.8660254037844387,3726.31005859375,7121.315875,7441.654750000001,0.08571303220297313,0.11063254548583581,0.08465481260254286,0.26526084429517666,0.2997466320790247
2022-05-26,3784.364990234375,9186.72363281,0.49999999999999994,-0.8660254037844387,3745.625,7441.654750000001,7596.887666666667,0.08783550392702547,0.10757208366484756,0.08571303220297313,0.2997466320790247,0.3164580893482507
2022-05-27,3781.7900390625,9043.27246094,0.49999999999999994,-0.8660254037844387,3784.364990234375,7596.887666666667,6856.634291666666,0.08769442848998855,0.10417671733660838,0.08783550392702547,0.3164580893482507,0.23676679119866684
2022-05-28,3776.2099609375,8883.82421875,0.49999999999999994,-0.8660254037844387,3781.7900390625,6856.634291666666,6677.816958333334,0.0873887093102298,0.10040271406029172,0.08769442848998855,0.23676679119866684,0.21751637518404196
2022-05-29,3792.505004882813,8738.21582031,0.49999999999999994,-0.8660254037844387,3776.2099609375,6677.816958333334,6436.188458333333,0.08828147592702228,0.09695628802746685,0.0873887093102298,0.21751637518404196,0.19150408063025254
2022-05-30,3865.005004882813,8629.16113281,0.49999999999999994,-0.8660254037844387,3792.505004882813,6436.188458333333,7592.459125,0.09225357811555748,0.09437505701312768,0.08828147592702228,0.19150408063025254,0.31598133875683837
2022-05-31,3903.670043945313,8673.1953125,0.49999999999999994,-0.8660254037844387,3865.005004882813,7592.459125,8505.764833333333,0.09437194344355687,0.09541730831761022,0.09225357811555748,0.31598133875683837,0.4143024271335153
2022-06-01,3888.6500244140625,8759.62890625,1.2246467991473532e-16,-1.0,3903.670043945313,8505.764833333333,8293.396125000001,0.09354903237525451,0.09746311742479134,0.09437194344355687,0.4143024271335153,0.39144006861548286
2022-06-02,3875.7099609375,8835.09277344,1.2246467991473532e-16,-1.0,3888.6500244140625,8293.396125000001,8564.584958333333,0.0928400771413919,0.09924928250323237,0.09354903237525451,0.39144006861548286,0.42063465374250686
2022-06-03,3881.630004882813,9372.46875,1.2246467991473532e-16,-1.0,3875.7099609375,8564.584958333333,7795.818375,0.09316442223810091,0.1119685114410758,0.0928400771413919,0.42063465374250686,0.3378737923011747
2022-06-04,3855.380004882813,10129.99902344,1.2246467991473532e-16,-1.0,3881.630004882813,7795.818375,6703.390625,0.0917262473077692,0.12989860395639438,0.09316442223810091,0.3378737923011747,0.22026948481371622
2022-06-05,3852.1500244140625,10265.37402344,1.2246467991473532e-16,-1.0,3855.380004882813,6703.390625,5570.392625,0.0915492843768885,0.13310281421618872,0.0917262473077692,0.22026948481371622,0.0982976242722063
2022-06-06,3857.670043945313,10069.453125,1.2246467991473532e-16,-1.0,3852.1500244140625,5570.392625,5784.951875,0.09185171308945178,0.12846553441645045,0.0915492843768885,0.0982976242722063,0.12139580354427111
2022-06-07,3869.6099853515625,10103.18261719,1.2246467991473532e-16,-1.0,3857.670043945313,5784.951875,6631.4439999999995,0.0925058740189793,0.12926388259693317,0.09185171308945178,0.12139580354427111,0.21252413688641858
2022-06-08,3877.289916992187,10169.49316406,1.2246467991473532e-16,-1.0,3869.6099853515625,6631.4439999999995,6991.868291666667,0.09292663916763483,0.13083339642602593,0.0925058740189793,0.21252413688641858,0.25132528343649124
2022-06-09,3874.77001953125,10225.65527344,1.2246467991473532e-16,-1.0,3877.289916992187,6991.868291666667,7511.725291666667,0.09278857999219384,0.13216270543497943,0.09292663916763483,0.25132528343649124,0.3072900119757541
2022-06-10,3892.5250244140625,10351.49511719,1.2246467991473532e-16,-1.0,3874.77001953125,7511.725291666667,7103.973583333333,0.09376133438877966,0.13514122671612194,0.09278857999219384,0.3072900119757541,0.263393875791581
2022-06-11,3915.3150634765625,10514.046875,1.2246467991473532e-16,-1.0,3892.5250244140625,7103.973583333333,6785.871999999999,0.09500994630653083,0.13898868754805108,0.09376133438877966,0.263393875791581,0.22914894159013766
2022-06-12,3931.52001953125,10656.71679688,1.2246467991473532e-16,-1.0,3915.3150634765625,6785.871999999999,6421.543000000001,0.09589777722253001,0.14236556235840717,0.09500994630653083,0.22914894159013766,0.18992743724571018
2022-06-13,3903.0849609375,10931.02246094,1.2246467991473532e-16,-1.0,3931.52001953125,6421.543000000001,7335.109874999999,0.09433988814016642,0.14885814239977924,0.09589777722253001,0.18992743724571018,0.2882766412803536
2022-06-14,3858.22998046875,11016.48144531,1.2246467991473532e-16,-1.0,3903.0849609375,7335.109874999999,8236.30775,0.09188239067690261,0.15088088333798766,0.09433988814016642,0.2882766412803536,0.38529427196443705
2022-06-15,3874.3349609375,10866.38183594,1.2246467991473532e-16,-1.0,3858.22998046875,8236.30775,7935.894041666666,0.09276474416885072,0.1473281541905492,0.09188239067690261,0.38529427196443705,0.35295350972338174
2022-06-16,3846.1500244140625,10659.77636719,1.2246467991473532e-16,-1.0,3874.3349609375,7935.894041666666,7386.741541666666,0.09122055867852698,0.14243797976618452,0.09276474416885072,0.35295350972338174,0.29383500100048765
2022-06-17,3813.7900390625,10438.34277344,1.2246467991473532e-16,-1.0,3846.1500244140625,7386.741541666666,7721.026125,0.0894476322145834,0.13719683632790655,0.09122055867852698,0.29383500100048765,0.3298221012244158
2022-06-18,3838.130004882813,10279.79882813,1.2246467991473532e-16,-1.0,3813.7900390625,7721.026125,6942.527875,0.09078116092497979,0.13344423698393187,0.0894476322145834,0.3298221012244158,0.2460135861336481
2022-06-19,3798.47998046875,10150.36230469,1.2246467991473532e-16,-1.0,3838.130004882813,6942.527875,6203.064666666666,0.08860883059738565,0.13038058537618627,0.09078116092497979,0.2460135861336481,0.16640735265184947
2022-06-20,3776.72998046875,10101.59960938,1.2246467991473532e-16,-1.0,3798.47998046875,6203.064666666666,6758.749374999999,0.0874171999408251,0.12922641415840216,0.08860883059738565,0.16640735265184947,0.22622908027174196
2022-06-21,3761.22998046875,10077.96972656,1.2246467991473532e-16,-1.0,3776.72998046875,6758.749374999999,7048.035208333334,0.08656799188672447,0.12866711507829445,0.0874171999408251,0.22622908027174196,0.2573718813357932
2022-06-22,3770.5250244140625,10088.27636719,1.2246467991473532e-16,-1.0,3761.22998046875,7048.035208333334,7653.690541666667,0.0870772451887618,0.1289110644312079,0.08656799188672447,0.2573718813357932,0.3225731507586475
2022-06-23,3773.89501953125,9987.625,1.2246467991473532e-16,-1.0,3770.5250244140625,7653.690541666667,7736.130416666667,0.08726187918849053,0.12652873280858537,0.0870772451887618,0.3225731507586475,0.33144813989063143
2022-06-24,3794.0250244140625,9820.73242188,1.2246467991473532e-16,-1.0,3773.89501953125,7736.130416666667,7396.436916666667,0.08836475417401114,0.12257852847916244,0.08726187918849053,0.33144813989063143,0.29487874770383365
2022-06-25,3841.8900146484375,9626.06445313,1.2246467991473532e-16,-1.0,3794.0250244140625,7396.436916666667,6872.070708333333,0.09098716289765496,0.1179709044516679,0.08836475417401114,0.29487874770383365,0.2384285844771433
2022-06-26,3784.005004882813,9395.0703125,1.2246467991473532e-16,-1.0,3841.8900146484375,6872.070708333333,6450.782999999999,0.08781578118767677,0.11250347106028084,0.09098716289765496,0.2384285844771433,0.19307524262774403
2022-06-27,3774.9749755859375,9161.18457031,1.2246467991473532e-16,-1.0,3784.005004882813,6450.782999999999,6615.257291666666,0.08732104740653669,0.10696759593751216,0.08781578118767677,0.19307524262774403,0.21078157164670988
2022-06-28,3787.6400146484375,8911.07324219,1.2246467991473532e-16,-1.0,3774.9749755859375,6615.257291666666,7356.322708333333,0.08801493470830275,0.10104767509797093,0.08732104740653669,0.21078157164670988,0.2905602893971408
2022-06-29,3798.839965820313,8697.29199219,1.2246467991473532e-16,-1.0,3787.6400146484375,7356.322708333333,7449.937458333334,0.0886285533367344,0.09598765607967613,0.08801493470830275,0.2905602893971408,0.30063829944802206
2022-06-30,3793.0650634765625,8499.38867188,1.2246467991473532e-16,-1.0,3798.839965820313,7449.937458333334,7609.641291666667,0.08831216020241456,0.09130345405282729,0.0886285533367344,0.30063829944802206,0.31783106915042036
2022-07-01,3774.31005859375,8342.86621094,-0.4999999999999998,-0.8660254037844388,3793.0650634765625,7609.641291666667,7222.292125,0.08728461818943514,0.08759870151186913,0.08831216020241456,0.31783106915042036,0.27613134987683224
2022-07-02,3756.9849853515625,8194.51367188,-0.4999999999999998,-0.8660254037844388,3774.31005859375,7222.292125,6383.2321249999995,0.08633541872265134,0.08408732402176691,0.08728461818943514,0.27613134987683224,0.18580311513505918
2022-07-03,3740.339965820313,8061.27783203,-0.4999999999999998,-0.8660254037844388,3756.9849853515625,6383.2321249999995,5887.803208333334,0.08542347777770944,0.08093374584987635,0.08633541872265134,0.18580311513505918,0.13246816950241205
2022-07-04,3743.630004882813,7966.68603516,-0.4999999999999998,-0.8660254037844388,3740.339965820313,5887.803208333334,7465.7725,0.08560373117578561,0.07869483906484782,0.08542347777770944,0.13246816950241205,0.3023430063352678
2022-07-05,3760.2750244140625,7896.87011719,-0.4999999999999998,-0.8660254037844388,3743.630004882813,7465.7725,7587.989791666667,0.08651567212072751,0.07704235610524351,0.08560373117578561,0.3023430063352678,0.31550019677596386
2022-07-06,3743.210083007813,7800.15087891,-0.4999999999999998,-0.8660254037844388,3760.2750244140625,7587.989791666667,7755.39075,0.08558072465718283,0.07475309460484632,0.08651567212072751,0.31550019677596386,0.33352159341068727
2022-07-07,3753.7099609375,7700.81396484,-0.4999999999999998,-0.8660254037844388,3743.210083007813,7755.39075,7970.219541666666,0.08615598794137404,0.07240187496134197,0.08558072465718283,0.33352159341068727,0.35664878994366245
2022-07-08,3761.68994140625,7607.99414063,-0.4999999999999998,-0.8660254037844388,3753.7099609375,7970.219541666666,7418.950250000001,0.08659319205012425,0.07020490925093763,0.08615598794137404,0.35664878994366245,0.29730239995534513
2022-07-09,3846.960083007813,7543.93701172,-0.4999999999999998,-0.8660254037844388,3761.68994140625,7418.950250000001,6472.942041666666,0.0912649398580177,0.06868873189421451,0.08659319205012425,0.29730239995534513,0.19546075393482507
2022-07-10,3867.0250244140625,7464.89404297,-0.4999999999999998,-0.8660254037844388,3846.960083007813,6472.942041666666,6319.8523749999995,0.09236425017074315,0.06681785254844644,0.0912649398580177,0.19546075393482507,0.1789800262786307
2022-07-11,3884.7349853515625,7400.53808594,-0.4999999999999998,-0.8660254037844388,3867.0250244140625,6319.8523749999995,7190.688458333334,0.09333453671693234,0.06529460218616087,0.09236425017074315,0.1789800262786307,0.27272908612767566
2022-07-12,4105.530029296875,7319.11083984,-0.4999999999999998,-0.8660254037844388,3884.7349853515625,7190.688458333334,7251.437875,0.10543137088621377,0.06336728903838308,0.09333453671693234,0.27272908612767566,0.2792690088615592
2022-07-13,4097.6199951171875,7235.32519531,-0.4999999999999998,-0.8660254037844388,4105.530029296875,7251.437875,7396.16325,0.10499799896791688,0.061384154620458736,0.10543137088621377,0.2792690088615592,0.2948492863698317
2022-07-14,3918.27001953125,7203.99707031,-0.4999999999999998,-0.8660254037844388,4097.6199951171875,7396.16325,7317.340166666666,0.09517184130531496,0.06064264474385583,0.10499799896791688,0.2948492863698317,0.2863636596275204
2022-07-15,3909.920043945313,7146.15478516,-0.4999999999999998,-0.8660254037844388,3918.27001953125,7317.340166666666,7353.786416666667,0.09471436604601681,0.05927356741401221,0.09517184130531496,0.2863636596275204,0.2902872472439691
2022-07-16,3941.8599853515625,7078.99804688,-0.4999999999999998,-0.8660254037844388,3909.920043945313,7353.786416666667,6692.76325,0.09646427930341613,0.05768402495926726,0.09471436604601681,0.2902872472439691,0.21912540450516993
2022-07-17,3856.89501953125,7004.19384766,-0.4999999999999998,-0.8660254037844388,3941.8599853515625,6692.76325,6612.113833333333,0.09180925134915843,0.055913473656468184,0.09646427930341613,0.21912540450516993,0.21044316552291148
2022-07-18,3820.77001953125,6943.08886719,-0.4999999999999998,-0.8660254037844388,3856.89501953125,6612.113833333333,7184.8987916666665,0.08983004870694003,0.05446717112389936,0.09180925134915843,0.21044316552291148,0.2721058048727673
2022-07-19,3800.3599853515625,6947.85595703,-0.4999999999999998,-0.8660254037844388,3820.77001953125,7184.8987916666665,7415.009291666666,0.08871183158372327,0.05458000405593769,0.08983004870694003,0.2721058048727673,0.2968781397004873
2022-07-20,3853.1900634765625,6885.85888672,-0.4999999999999998,-0.8660254037844388,3800.3599853515625,7415.009291666666,7226.711375,0.09160626563807911,0.05311258652120458,0.08871183158372327,0.2968781397004873,0.27660710018239154
2022-07-21,3924.3599853515625,6820.33105469,-0.4999999999999998,-0.8660254037844388,3853.1900634765625,7226.711375,7412.417291666668,0.09550549601652832,0.05156159888173936,0.09160626563807911,0.27660710018239154,0.2965991003177846
2022-07-22,4058.534912109375,6798.70410156,-0.4999999999999998,-0.8660254037844388,3924.3599853515625,7412.417291666668,7251.703416666667,0.10285662043337325,0.05104970743127038,0.09550549601652832,0.2965991003177846,0.27929759550613825
2022-07-23,4118.2750244140625,6759.35595703,-0.4999999999999998,-0.8660254037844388,4058.534912109375,7251.703416666667,6916.590458333333,0.10612963878963241,0.05011837056399877,0.10285662043337325,0.27929759550613825,0.24322131733134333
2022-07-24,3937.1500244140625,6705.76904297,-0.4999999999999998,-0.8660254037844388,4118.2750244140625,6916.590458333333,6398.344249999999,0.09620623177034358,0.048850014221825014,0.10612963878963241,0.24322131733134333,0.18742999709159028
2022-07-25,3938.4400634765625,6665.35107422,-0.4999999999999998,-0.8660254037844388,3937.1500244140625,6398.344249999999,6912.246541666667,0.09627690993563258,0.04789335553189854,0.09620623177034358,0.18742999709159028,0.24275367696669087
2022-07-26,4070.5849609375,6632.06298828,-0.4999999999999998,-0.8660254037844388,3938.4400634765625,6912.246541666667,7249.473416666667,0.10351681388609259,0.047105455059153485,0.09627690993563258,0.24275367696669087,0.2790575269014208
2022-07-27,4142.8349609375,6588.31787109,-0.4999999999999998,-0.8660254037844388,4070.5849609375,7249.473416666667,7296.386541666667,0.10747521917052939,0.046070045616375246,0.10351681388609259,0.2790575269014208,0.284107916346121
2022-07-28,4166.0650634765625,6548.00390625,-0.4999999999999998,-0.8660254037844388,4142.8349609375,7296.386541666667,7034.197208333334,0.1087479411172233,0.045115848609887224,0.10747521917052939,0.284107916346121,0.2558821641375516
2022-07-29,4344.83984375,6508.07324219,-0.4999999999999998,-0.8660254037844388,4166.0650634765625,7034.197208333334,6639.6695,0.11854258519969257,0.04417072400444713,0.1087479411172233,0.2558821641375516,0.21340964554476066
2022-07-30,4266.6300048828125,6436.19384766,-0.4999999999999998,-0.8660254037844388,4344.83984375,6639.6695,6305.123250000001,0.11425765454963269,0.04246940032266813,0.11854258519969257,0.21340964554476066,0.17739437583582465
2022-07-31,4027.7900390625,6400.55322266,-0.4999999999999998,-0.8660254037844388,4266.6300048828125,6305.123250000001,5614.87975,0.10117218212281147,0.04162581726604407,0.11425765454963269,0.17739437583582465,0.10308684491195384
2022-08-01,3995.18994140625,6381.02783203,-0.8660254037844384,-0.5000000000000004,4027.7900390625,5614.87975,5914.252291666667,0.0993861004780273,0.0411636679993173,0.10117218212281147,0.10308684491195384,0.13531552131043295
2022-08-02,4524.85498046875,6328.36914063,-0.8660254037844384,-0.5000000000000004,3995.18994140625,5914.252291666667,6664.325208333333,0.12840518545527893,0.039917281892198384,0.0993861004780273,0.13531552131043295,0.21606393321198109
2022-08-03,5372.85498046875,6304.39404297,-0.8660254037844384,-0.5000000000000004,4524.85498046875,6664.325208333333,7199.6355416666665,0.1748650841570425,0.03934981187261023,0.12840518545527893,0.21606393321198109,0.27369227617795505
2022-08-04,5497.9150390625,6292.23583984,-0.8660254037844384,-0.5000000000000004,5372.85498046875,7199.6355416666665,7308.549875,0.18171682667343664,0.03906203762175293,0.1748650841570425,0.27369227617795505,0.2854173488403118
2022-08-05,5292.0849609375,6276.31884766,-0.8660254037844384,-0.5000000000000004,5497.9150390625,7308.549875,7105.2863333333335,0.17043988731086168,0.038685296054637705,0.18171682667343664,0.2854173488403118,0.2635351986888199
2022-08-06,5134.64013671875,6240.97607422,-0.8660254037844384,-0.5000000000000004,5292.0849609375,7105.2863333333335,6767.467666666666,0.16181386067840872,0.03784876288923763,0.17043988731086168,0.2635351986888199,0.2271676399649867
2022-08-07,5015.294921875,6262.02197266,-0.8660254037844384,-0.5000000000000004,5134.64013671875,6767.467666666666,6244.840749999999,0.1552752208291389,0.03834690127304585,0.16181386067840872,0.2271676399649867,0.17090471858745024
2022-08-08,4749.419921875,6329.72900391,-0.8660254037844384,-0.5000000000000004,5015.294921875,6244.840749999999,6982.470624999999,0.1407085633204934,0.03994946869089601,0.1552752208291389,0.17090471858745024,0.2503135862507218
2022-08-09,5086.68505859375,6360.39306641,-0.8660254037844384,-0.5000000000000004,4749.419921875,6982.470624999999,7596.728583333333,0.15918651625397162,0.04067526077709712,0.1407085633204934,0.2503135862507218,0.31644096337790656
2022-08-10,5329.31494140625,6400.92822266,-0.8660254037844384,-0.5000000000000004,5086.68505859375,7596.728583333333,7936.123166666667,0.17247962919912435,0.041634693194741564,0.15918651625397162,0.31644096337790656,0.3529781759651109
2022-08-11,5407.8349609375,6489.00585938,-0.8660254037844384,-0.5000000000000004,5329.31494140625,7936.123166666667,8019.206833333334,0.1767815539084196,0.04371941539039559,0.17247962919912435,0.3529781759651109,0.36192247189850524
2022-08-12,5298.02490234375,6643.55712891,-0.8660254037844384,-0.5000000000000004,5407.8349609375,8019.206833333334,6926.809833333333,0.1707653225420277,0.047377511519608985,0.1767815539084196,0.36192247189850524,0.24432147477409377
2022-08-13,5075.7099609375,6930.06982422,-0.8660254037844384,-0.5000000000000004,5298.02490234375,6926.809833333333,6716.340541666667,0.15858521681369883,0.054159021531602555,0.1707653225420277,0.24432147477409377,0.2216635962152288
2022-08-14,4948.544921875,7177.77978516,-0.8660254037844384,-0.5000000000000004,5075.7099609375,6716.340541666667,6432.336583333334,0.15161814743486682,0.06002210406750064,0.15858521681369883,0.2216635962152288,0.1910894105599406
2022-08-15,4702.77001953125,7281.16601563,-0.8660254037844384,-0.5000000000000004,4948.544921875,6432.336583333334,7644.416166666667,0.1381527263660856,0.06246916756071162,0.15161814743486682,0.1910894105599406,0.3215747264241741
2022-08-16,4828.14501953125,7273.18603516,-0.8660254037844384,-0.5000000000000004,4702.77001953125,7644.416166666667,8159.851458333333,0.14502172377143185,0.062280288260287364,0.1381527263660856,0.3215747264241741,0.3770634400082573
2022-08-17,5026.14501953125,7696.27197266,-0.8660254037844384,-0.5000000000000004,4828.14501953125,8159.851458333333,8412.719625,0.15586967181736247,0.07229436989805064,0.14502172377143185,0.3770634400082573,0.40428573056839423
2022-08-18,5151.625,8299.4453125,-0.8660254037844384,-0.5000000000000004,5026.14501953125,8412.719625,8489.263875,0.1627444208523594,0.08657096604911062,0.15586967181736247,0.40428573056839423,0.4125260315982765
2022-08-19,5323.73486328125,9231.34960938,-0.8660254037844384,-0.5000000000000004,5151.625,8489.263875,8064.824625,0.1721739100193656,0.10862834229442418,0.1627444208523594,0.4125260315982765,0.36683341342124254
2022-08-20,5127.93994140625,9606.61816406,-0.8660254037844384,-0.5000000000000004,5323.73486328125,8064.824625,7461.200458333333,0.16144677294786536,0.11751062745109157,0.1721739100193656,0.36683341342124254,0.30185080738296893
2022-08-21,5160.419921875,9732.84570313,-0.8660254037844384,-0.5000000000000004,5127.93994140625,7461.200458333333,7158.488625000001,0.1632262736582585,0.12049832514827852,0.16144677294786536,0.30185080738296893,0.2692626426028034
2022-08-22,4821.669921875,9847.67578125,-0.8660254037844384,-0.5000000000000004,5160.419921875,7158.488625000001,8702.911291666665,0.1446669686049302,0.12321625471019976,0.1632262736582585,0.2692626426028034,0.43552604828914476
2022-08-23,5088.7548828125,9679.37011719,-0.8660254037844384,-0.5000000000000004,4821.669921875,8702.911291666665,8474.191499999999,0.15929991698927068,0.11923260384731849,0.1446669686049302,0.43552604828914476,0.4109034288915378
2022-08-24,4975.06005859375,9391.12109375,-0.8660254037844384,-0.5000000000000004,5088.7548828125,8474.191499999999,8621.471833333333,0.15307084857403724,0.11240999643618538,0.15929991698927068,0.4109034288915378,0.42675875809586167
2022-08-25,4890.10986328125,9004.58496094,-0.8660254037844384,-0.5000000000000004,4975.06005859375,8621.471833333333,8618.339375,0.14841662986069554,0.1032610173593172,0.15307084857403724,0.42675875809586167,0.42642153616697437
2022-08-26,4712.64013671875,8548.21484375,-0.8660254037844384,-0.5000000000000004,4890.10986328125,8618.339375,8644.965875,0.13869348656031413,0.09245912770639947,0.14841662986069554,0.42642153616697437,0.4292879876035246
2022-08-27,4596.85986328125,8111.87207031,-0.8660254037844384,-0.5000000000000004,4712.64013671875,8644.965875,8095.288041666667,0.13235016135327551,0.0821312681204821,0.13869348656031413,0.4292879876035246,0.370112924602449
2022-08-28,4404.375,7741.69677734,-0.8660254037844384,-0.5000000000000004,4596.85986328125,8095.288041666667,7468.031541666667,0.12180437450224996,0.07336953610454972,0.13235016135327551,0.370112924602449,0.30258620139397413
2022-08-29,4430.72998046875,7440.68505859,-0.8660254037844384,-0.5000000000000004,4404.375,7468.031541666667,8252.020708333333,0.12324830106223236,0.06624484663059162,0.12180437450224996,0.30258620139397413,0.38698583608240367
2022-08-30,4534.4599609375,7201.58789063,-0.8660254037844384,-0.5000000000000004,4430.72998046875,8252.020708333333,7706.716125,0.12893141944066874,0.060585621525031504,0.12324830106223236,0.38698583608240367,0.328281571299077
2022-08-31,4368.5,6997.91992188,-0.8660254037844384,-0.5000000000000004,4534.4599609375,7706.716125,8011.724625,0.11983886876412995,0.05576497520879718,0.12893141944066874,0.328281571299077,0.3611169816228155
2022-09-01,4340.125,6792.90283203,-1.0,-1.8369701987210297e-16,4368.5,8011.724625,8410.210874999999,0.11828427014896185,0.05091239635206184,0.11983886876412995,0.3611169816228155,0.4040156533880871
2022-09-02,4352.64990234375,6552.15820313,-1.0,-1.8369701987210297e-16,4340.125,8410.210874999999,7896.757291666666,0.1189704796939384,0.04521417725760747,0.11828427014896185,0.4040156533880871,0.34874027879707115
2022-09-03,4404.93994140625,6361.26220703,-1.0,-1.8369701987210297e-16,4352.64990234375,7896.757291666666,7282.560666666667,0.12183532629530043,0.040695832590887035,0.1189704796939384,0.34874027879707115,0.2826195044536337
2022-09-04,4432.0849609375,6238.88720703,-1.0,-1.8369701987210297e-16,4404.93994140625,7282.560666666667,7068.738791666667,0.12332253721237504,0.03779932119260573,0.12183532629530043,0.2826195044536337,0.2596007066108977
2022-09-05,4445.0400390625,6152.52685547,-1.0,-1.8369701987210297e-16,4432.0849609375,7068.738791666667,7371.768958333333,0.12403231506303652,0.03575524566530748,0.12332253721237504,0.2596007066108977,0.2922231412740985
2022-09-06,4369.77001953125,6077.23486328,-1.0,-1.8369701987210297e-16,4445.0400390625,7371.768958333333,7573.82,0.11990845010702043,0.03397314872085282,0.12403231506303652,0.2922231412740985,0.3139747608501555
2022-09-07,4306.77490234375,6075.52587891,-1.0,-1.8369701987210297e-16,4369.77001953125,7573.82,7257.2100833333325,0.1164570977918825,0.03393269852508414,0.11990845010702043,0.3139747608501555,0.2798904106556046
2022-09-08,4355.18994140625,6100.60986328,-1.0,-1.8369701987210297e-16,4306.77490234375,7257.2100833333325,8229.861208333334,0.11910964237971938,0.034526414942996436,0.1164570977918825,0.2798904106556046,0.38460027543386804
2022-09-09,4526.47509765625,6220.62304688,-1.0,-1.8369701987210297e-16,4355.18994140625,8229.861208333334,7920.808708333333,0.12849394781426035,0.037367024170709834,0.11910964237971938,0.38460027543386804,0.35132951199915313
2022-09-10,4558.0,6309.25292969,-1.0,-1.8369701987210297e-16,4526.47509765625,7920.808708333333,7522.8875,0.1302211220707151,0.039464817558146,0.12849394781426035,0.35132951199915313,0.30849166927626887
2022-09-11,4482.4951171875,6416.56591797,-1.0,-1.8369701987210297e-16,4558.0,7522.8875,7215.59575,0.12608438951534093,0.042004824044247296,0.1302211220707151,0.30849166927626887,0.27541045776790213
2022-09-12,4519.35498046875,6742.93115234,-1.0,-1.8369701987210297e-16,4482.4951171875,7215.59575,6999.418375,0.1281038535651142,0.049729609509869,0.12608438951534093,0.27541045776790213,0.2521380807330532
2022-09-13,4711.76513671875,6935.63476563,-1.0,-1.8369701987210297e-16,4519.35498046875,6999.418375,8219.650916666667,0.13864554739596974,0.054290738926698244,0.1281038535651142,0.2521380807330532,0.3835010958490367
2022-09-14,4728.1298828125,7195.72314453,-1.0,-1.8369701987210297e-16,4711.76513671875,8219.650916666667,8514.777916666668,0.1395421328273326,0.0604468080097982,0.13864554739596974,0.3835010958490367,0.41527272235326196
2022-09-15,4742.66015625,7082.93505859,-1.0,-1.8369701987210297e-16,4728.1298828125,8514.777916666668,8578.455458333334,0.1403382118745203,0.05777721065318499,0.1395421328273326,0.41527272235326196,0.4221278696984407
2022-09-16,4802.02490234375,7064.55419922,-1.0,-1.8369701987210297e-16,4742.66015625,8578.455458333334,8143.30475,0.1435906648108075,0.05734215146074035,0.1403382118745203,0.4221278696984407,0.3752821192987289
2022-09-17,4463.429931640625,6995.98193359,-1.0,-1.8369701987210297e-16,4802.02490234375,8143.30475,7168.493583333333,0.12503985344312615,0.055719104686454204,0.1435906648108075,0.3752821192987289,0.2703397172159597
2022-09-18,4218.5,7103.52880859,-1.0,-1.8369701987210297e-16,4463.429931640625,7168.493583333333,6618.55875,0.11162072630509158,0.05826464707082221,0.12503985344312615,0.2703397172159597,0.21113698711559603
2022-09-19,4244.75,7170.59277344,-1.0,-1.8369701987210297e-16,4218.5,6618.55875,7298.060458333333,0.1130589012354233,0.05985199365796797,0.11162072630509158,0.21113698711559603,0.2842881203096097
2022-09-20,4353.9599609375,7247.2421875,-1.0,-1.8369701987210297e-16,4244.75,7298.060458333333,8354.222416666666,0.1190422546816259,0.06166621961503741,0.1130589012354233,0.2842881203096097,0.39798826725698405
2022-09-21,4638.56005859375,7488.53808594,-1.0,-1.8369701987210297e-16,4353.9599609375,8354.222416666666,8703.038583333333,0.13463481565759453,0.06737748678717215,0.1190422546816259,0.39798826725698405,0.4355397517567721
2022-09-22,5195.139892578125,7917.625,-1.0,-1.8369701987210297e-16,4638.56005859375,8703.038583333333,8632.631458333333,0.16512849809433797,0.07753360639843376,0.13463481565759453,0.4355397517567721,0.4279601372899958
2022-09-23,5264.89501953125,8237.28222656,-1.0,-1.8369701987210297e-16,5195.139892578125,8632.631458333333,8257.193041666667,0.16895021523133189,0.08509961906665875,0.16512849809433797,0.4279601372899958,0.38754265888350975
2022-09-24,5180.449951171875,8566.04785156,-1.0,-1.8369701987210297e-16,5264.89501953125,8257.193041666667,7764.16325,0.16432367121972805,0.09288121972182178,0.16895021523133189,0.38754265888350975,0.3344659888523389
2022-09-25,4995.3349609375,9175.49804688,-1.0,-1.8369701987210297e-16,5180.449951171875,7764.16325,6860.018125,0.1541816621460641,0.10730638366404158,0.16432367121972805,0.3344659888523389,0.23713107467262623
2022-09-26,5049.7099609375,9509.65429688,-1.0,-1.8369701987210297e-16,4995.3349609375,6860.018125,8065.1275,0.1571607387874655,0.11521557579423106,0.1541816621460641,0.23713107467262623,0.3668660191515805
2022-09-27,5723.27490234375,9907.9609375,-1.0,-1.8369701987210297e-16,5049.7099609375,8065.1275,9442.771541666669,0.19406375641340146,0.12464315270591207,0.1571607387874655,0.3668660191515805,0.5151750249274152
2022-09-28,5759.9599609375,10807.06347656,-1.0,-1.8369701987210297e-16,5723.27490234375,9442.771541666669,10372.709666666668,0.19607364333101218,0.14592413944839178,0.19406375641340146,0.5151750249274152,0.6152866608656367
2022-09-29,5750.39990234375,11849.46679688,-1.0,-1.8369701987210297e-16,5759.9599609375,10372.709666666668,10374.096416666667,0.19554987050807757,0.1705969329022276,0.19607364333101218,0.6152866608656367,0.6154359501650052
2022-09-30,6090.26513671875,12566.83300781,-1.0,-1.8369701987210297e-16,5750.39990234375,10374.096416666667,9405.414666666666,0.2141702765945323,0.18757637647077197,0.19554987050807757,0.6154359501650052,0.5111534048117865
2022-10-01,5117.7548828125,12777.32714844,-0.8660254037844386,0.5000000000000001,6090.26513671875,9405.414666666666,8422.542208333334,0.16088875786468476,0.19255859242669612,0.2141702765945323,0.5111534048117865,0.40534317176819407
2022-10-02,4459.195068359375,12629.41503906,-0.8660254037844386,0.5000000000000001,5117.7548828125,8422.542208333334,7591.795958333333,0.12480783537819373,0.18905763952975643,0.16088875786468476,0.40534317176819407,0.31590994615757295
2022-10-03,4394.89990234375,12567.95898438,-0.8660254037844386,0.5000000000000001,4459.195068359375,7591.795958333333,9339.703375,0.12128525648656753,0.1876030273714396,0.12480783537819373,0.31590994615757295,0.5040793159756464
2022-10-04,4297.8499755859375,12377.26269531,-0.8660254037844386,0.5000000000000001,4394.89990234375,9339.703375,10566.408958333332,0.11596812232833459,0.18308940959900896,0.12128525648656753,0.5040793159756464,0.6361391804553937
2022-10-05,4245.0999755859375,12101.67382813,-0.8660254037844386,0.5000000000000001,4297.8499755859375,10566.408958333332,10740.743833333334,0.11307807556357276,0.17656645723924344,0.11596812232833459,0.6361391804553937,0.6549070415293073
2022-10-06,4289.0999755859375,12051.55859375,-0.8660254037844386,0.5000000000000001,4245.0999755859375,10740.743833333334,11087.079124999998,0.11548873068489068,0.17538027258053693,0.11307807556357276,0.6549070415293073,0.6921914497063469
2022-10-07,4434.18994140625,12487.82519531,-0.8660254037844386,0.5000000000000001,4289.0999755859375,11087.079124999998,9874.633041666666,0.12343786407481291,0.18570632924331928,0.11548873068489068,0.6921914497063469,0.5616666786207553
2022-10-08,4598.93994140625,12951.48242188,-0.8660254037844386,0.5000000000000001,4434.18994140625,9874.633041666666,8860.50825,0.13246412387565673,0.19668069853161754,0.12343786407481291,0.5616666786207553,0.4524920042957747
2022-10-09,4780.14501953125,13241.27246094,-0.8660254037844386,0.5000000000000001,4598.93994140625,8860.50825,7735.642666666667,0.14239191818453956,0.2035397804621236,0.13246412387565673,0.4524920042957747,0.33139563161172964
2022-10-10,4333.14990234375,13447.61523438,-0.8660254037844386,0.5000000000000001,4780.14501953125,7735.642666666667,9430.540625,0.11790212117426341,0.20842373711357964,0.14239191818453956,0.33139563161172964,0.5138583168114592
2022-10-11,4233.925048828125,13467.86230469,-0.8660254037844386,0.5000000000000001,4333.14990234375,9430.540625,10131.663291666666,0.11246582796313928,0.20890296791999208,0.11790212117426341,0.5138583168114592,0.5893370344448162
2022-10-12,4243.0250244140625,14666.79296875,-0.8660254037844386,0.5000000000000001,4233.925048828125,10131.663291666666,9360.570958333334,0.11296439393473265,0.2372806294864784,0.11246582796313928,0.5893370344448162,0.5063257965203356
2022-10-13,4369.81005859375,16019.62988281,-0.8660254037844386,0.5000000000000001,4243.0250244140625,9360.570958333334,10097.316,0.11991064375181745,0.26930112012256013,0.11296439393473265,0.5063257965203356,0.5856394082626473
2022-10-14,4710.68994140625,16432.72070313,-0.8660254037844386,0.5000000000000001,4369.81005859375,10097.316,10085.522916666669,0.13858664000764032,0.27907862590055604,0.11991064375181745,0.5856394082626473,0.5843698346926255
2022-10-15,4705.4599609375,16467.23046875,-0.8660254037844386,0.5000000000000001,4710.68994140625,10085.522916666669,9302.9715,0.13830010184397246,0.2798954424845834,0.13858664000764032,0.5843698346926255,0.5001249796617887
2022-10-16,4429.3701171875,15518.97753906,-0.8660254037844386,0.5000000000000001,4705.4599609375,9302.9715,8577.305624999999,0.12317379739443152,0.25745110810827515,0.13830010184397246,0.5001249796617887,0.4220040854455298
2022-10-17,4354.625,14551.29492188,-0.8660254037844386,0.5000000000000001,4429.3701171875,8577.305624999999,10642.595833333333,0.1190786905866689,0.23454688967656473,0.12317379739443152,0.4220040854455298,0.6443410086074237
2022-10-18,4439.35498046875,13747.98339844,-0.8660254037844386,0.5000000000000001,4354.625,10642.595833333333,11340.497875,0.12372084425362707,0.21553319419942743,0.1190786905866689,0.6443410086074237,0.719473012810257
2022-10-19,4839.93994140625,13249.46484375,-0.8660254037844386,0.5000000000000001,4439.35498046875,11340.497875,11861.768208333331,0.14566793942651168,0.2037336871439479,0.12372084425362707,0.719473012810257,0.7755898924532569
2022-10-20,5076.5400390625,12669.81445313,-0.8660254037844386,0.5000000000000001,4839.93994140625,11861.768208333331,11665.149791666665,0.15863069481558803,0.19001385904630508,0.14566793942651168,0.7755898924532569,0.7544231171389499
2022-10-21,5253.705078125,12873.91894531,-0.8660254037844386,0.5000000000000001,5076.5400390625,11665.149791666665,11643.618416666666,0.16833714501409952,0.19484483749811132,0.15863069481558803,0.7544231171389499,0.7521051767111939
2022-10-22,5173.5,13742.31835938,-0.8660254037844386,0.5000000000000001,5253.705078125,11643.618416666666,11429.958041666669,0.16394289996096917,0.21539910757872058,0.16833714501409952,0.7521051767111939,0.7291037650028357
2022-10-23,5049.68505859375,14141.72070313,-0.8660254037844386,0.5000000000000001,5173.5,11429.958041666669,11186.431291666668,0.15715937444740885,0.2248526188446829,0.16394289996096917,0.7291037650028357,0.7028871160863086
2022-10-24,4946.385009765625,13849.62695313,-0.8660254037844386,0.5000000000000001,5049.68505859375,11186.431291666668,12588.467375,0.1514998109987745,0.21793901005006205,0.15715937444740885,0.7028871160863086,0.8538220247361898
2022-10-25,5304.695068359375,13209.49023438,-0.8660254037844386,0.5000000000000001,4946.385009765625,12588.467375,12677.602458333333,0.17113076503897331,0.20278752239067271,0.1514998109987745,0.8538220247361898,0.8634177803806738
2022-10-26,5524.81005859375,12446.87402344,-0.8660254037844386,0.5000000000000001,5304.695068359375,12677.602458333333,12695.659125,0.18319034068641285,0.18473705009239438,0.17113076503897331,0.8634177803806738,0.8653616542696934
2022-10-27,5452.844970703125,11657.15234375,-0.8660254037844386,0.5000000000000001,5524.81005859375,12695.659125,12596.235958333333,0.17924754505733037,0.16604501457295054,0.18319034068641285,0.8653616542696934,0.8546583444498507
2022-10-28,5458.01513671875,10965.078125,-0.8660254037844386,0.5000000000000001,5452.844970703125,12596.235958333333,11981.39475,0.1795308061296856,0.14966421078895867,0.17924754505733037,0.8546583444498507,0.7884681780788537
2022-10-29,5313.7451171875,10376.39453125,-0.8660254037844386,0.5000000000000001,5458.01513671875,11981.39475,10408.27375,0.17162659564251187,0.1357305745129376,0.1795308061296856,0.7884681780788537,0.6191152796386794
2022-10-30,5038.5400390625,10013.57519531,-0.8660254037844386,0.5000000000000001,5313.7451171875,10408.27375,9265.933541666667,0.15654876539263166,0.12714295169727213,0.17162659564251187,0.6191152796386794,0.4961376922274106
2022-10-31,5399.139892578125,9833.17773438,-0.8660254037844386,0.5000000000000001,5038.5400390625,9265.933541666667,10764.4365,0.17630517183863015,0.12287309836281042,0.15654876539263166,0.4961376922274106,0.6574576538291729
2022-11-01,5811.08984375,10948.82910156,-0.5000000000000004,0.8660254037844384,5399.139892578125,10764.4365,10735.2265,0.19887492773679258,0.14927961032640588,0.17630517183863015,0.6574576538291729,0.6543130780696239
2022-11-02,5751.5,12745.29199219,-0.5000000000000004,0.8660254037844384,5811.08984375,10735.2265,11190.439083333333,0.19561014223646367,0.19180034772619484,0.19887492773679258,0.6543130780696239,0.7033185712223688
2022-11-03,5623.1298828125,13553.91894531,-0.5000000000000004,0.8660254037844384,5751.5,11190.439083333333,11583.004333333332,0.18857704949959483,0.2109398548695621,0.19561014223646367,0.7033185712223688,0.7455798231631868
2022-11-04,5842.2900390625,13413.38574219,-0.5000000000000004,0.8660254037844384,5623.1298828125,11583.004333333332,12710.09025,0.2005843120689789,0.20761355436150028,0.18857704949959483,0.7455798231631868,0.8669152237958152
2022-11-05,5735.320068359375,13229.45117188,-0.5000000000000004,0.8660254037844384,5842.2900390625,12710.09025,11660.329583333332,0.19472368234846263,0.20325998067863293,0.2005843120689789,0.8669152237958152,0.7539042020317616
2022-11-06,5677.93505859375,12665.86621094,-0.5000000000000004,0.8660254037844384,5735.320068359375,11660.329583333332,10500.94975,0.1915796944466812,0.18992040753654807,0.19472368234846263,0.7539042020317616,0.6290922294193012
2022-11-07,5588.83984375,11922.93164063,-0.5000000000000004,0.8660254037844384,5677.93505859375,10500.94975,11803.06075,0.1866983799933174,0.1723357828086205,0.1915796944466812,0.6290922294193012,0.7692697948709315
2022-11-08,5724.455078125,11143.67382813,-0.5000000000000004,0.8660254037844384,5588.83984375,11803.06075,12391.66375,0.1941284154313816,0.15389141806005252,0.1866983799933174,0.7692697948709315,0.8326353109886248
2022-11-09,5776.9951171875,10506.48535156,-0.5000000000000004,0.8660254037844384,5724.455078125,12391.66375,12426.922458333334,0.19700695893684203,0.13880971276699017,0.1941284154313816,0.8326353109886248,0.8364310548961227
2022-11-10,5897.375,9961.42773438,-0.5000000000000004,0.8660254037844384,5776.9951171875,12426.922458333334,12678.507166666668,0.20360228577787848,0.12590866597735242,0.19700695893684203,0.8364310548961227,0.8635151759265304
2022-11-11,5994.18994140625,9583.04492188,-0.5000000000000004,0.8660254037844384,5897.375,12678.507166666668,11879.150666666666,0.20890654564881192,0.11695266900640257,0.20360228577787848,0.8635151759265304,0.7774611850625132
2022-11-12,5967.39013671875,9292.11230469,-0.5000000000000004,0.8660254037844384,5994.18994140625,11879.150666666666,10772.433375,0.20743824823017004,0.110066543230528,0.20890654564881192,0.7774611850625132,0.6583185500728272
2022-11-13,5663.625,9241.44921875,-0.5000000000000004,0.8660254037844384,5967.39013671875,10772.433375,9654.537208333331,0.19079568044587703,0.1088673913947992,0.20743824823017004,0.6583185500728272,0.5379724635479123
2022-11-14,5510.804931640625,10043.68164063,-0.5000000000000004,0.8660254037844384,5663.625,9654.537208333331,10653.350416666666,0.18242303316336153,0.12785554546259276,0.19079568044587703,0.5379724635479123,0.6454987834124237
2022-11-15,5987.14990234375,10534.58886719,-0.5000000000000004,0.8660254037844384,5510.804931640625,10653.350416666666,10956.657625,0.20852083868925977,0.13947489890267203,0.18242303316336153,0.6454987834124237,0.6781510427421561
2022-11-16,5826.97998046875,10156.07226563,-0.5000000000000004,0.8660254037844384,5987.14990234375,10956.657625,12352.574666666667,0.19974551045178116,0.13051573525930338,0.20852083868925977,0.6781510427421561,0.8284272115735961
2022-11-17,5703.43505859375,9582.48632813,-0.5000000000000004,0.8660254037844384,5826.97998046875,12352.574666666667,12428.168958333334,0.1929767786647177,0.11693944757094693,0.19974551045178116,0.8284272115735961,0.8365652457103738
2022-11-18,5808.68505859375,9296.296875,-0.5000000000000004,0.8660254037844384,5703.43505859375,12428.168958333334,11707.855916666667,0.19874317529014296,0.11016558842439789,0.1929767786647177,0.8365652457103738,0.7590206058571725
2022-11-19,5701.10498046875,9165.30273438,-0.5000000000000004,0.8660254037844384,5808.68505859375,11707.855916666667,10698.545666666669,0.1928491192382381,0.10706506935257853,0.19874317529014296,0.7590206058571725,0.6503642365995776
2022-11-20,5491.56005859375,9052.27734375,-0.5000000000000004,0.8660254037844384,5701.10498046875,10698.545666666669,10032.4955,0.18136865244132602,0.10438985519727727,0.1928491192382381,0.6503642365995776,0.5786612167863774
2022-11-21,5550.010009765625,9009.12597656,-0.5000000000000004,0.8660254037844384,5491.56005859375,10032.4955,10297.215666666669,0.18457098594435473,0.10336849930827008,0.18136865244132602,0.5786612167863774,0.6071594235362499
2022-11-22,5711.260009765625,9212.55273438,-0.5000000000000004,0.8660254037844384,5550.010009765625,10297.215666666669,11197.712125,0.19340548908782096,0.10818343636846244,0.18457098594435473,0.6071594235362499,0.7041015438523993
2022-11-23,5843.91015625,9323.25976563,-0.5000000000000004,0.8660254037844384,5711.260009765625,11197.712125,11036.879791666666,0.2006730744279603,0.11080377694362492,0.19340548908782096,0.7041015438523993,0.6867872865175241
2022-11-24,5852.06005859375,9325.14648438,-0.5000000000000004,0.8660254037844384,5843.91015625,11036.879791666666,11528.96375,0.2011195881512149,0.11084843395988417,0.2006730744279603,0.6867872865175241,0.7397621337286822
2022-11-25,5755.89501953125,9278.58789063,-0.5000000000000004,0.8660254037844384,5852.06005859375,11528.96375,11155.449791666666,0.19585093488058414,0.10974643193753628,0.2011195881512149,0.7397621337286822,0.699551831119021
2022-11-26,5670.43505859375,9211.13574219,-0.5000000000000004,0.8660254037844384,5755.89501953125,11155.449791666666,10538.151083333332,0.19116878732372927,0.1081498973774135,0.19585093488058414,0.699551831119021,0.6330971048394621
2022-11-27,5588.26513671875,9132.34375,-0.5000000000000004,0.8660254037844384,5670.43505859375,10538.151083333332,10120.389291666666,0.18666689316495058,0.10628495843178225,0.19116878732372927,0.6330971048394621,0.5881233423149582
2022-11-28,5908.77001953125,9059.47363281,-0.5000000000000004,0.8660254037844384,5588.26513671875,10120.389291666666,11728.813916666666,0.20422659173675406,0.10456018519349887,0.18666689316495058,0.5881233423149582,0.7612768201251842
2022-11-29,5890.280029296875,9035.38476563,-0.5000000000000004,0.8660254037844384,5908.77001953125,11728.813916666666,11816.500666666669,0.2032135692446719,0.10399002234685081,0.20422659173675406,0.7612768201251842,0.7707166567730322
2022-11-30,7080.294921875,8983.64746094,-0.5000000000000004,0.8660254037844384,5890.280029296875,11816.500666666669,11292.834375,0.26841164868190037,0.10276544467370728,0.2032135692446719,0.7707166567730322,0.7143418424331512
2022-12-01,6698.385009765625,9016.39941406,-2.4492935982947064e-16,1.0,7080.294921875,11292.834375,10935.590916666666,0.2474877149203426,0.10354065534196516,0.26841164868190037,0.7143418424331512,0.6758831255782228
2022-12-02,6101.294921875,9049.64453125,-2.4492935982947064e-16,1.0,6698.385009765625,10935.590916666666,9850.813958333334,0.21477457223257665,0.10432753878121363,0.2474877149203426,0.6758831255782228,0.559102457050585
2022-12-03,5789.56005859375,9199.38085938,-2.4492935982947064e-16,1.0,6101.294921875,9850.813958333334,8664.342875,0.19769536212661556,0.10787166937296305,0.21477457223257665,0.559102457050585,0.4313740007665778
2022-12-04,5745.14013671875,9419.73339844,-2.4492935982947064e-16,1.0,5789.56005859375,8664.342875,8132.777166666667,0.1952617004866949,0.11308722517298359,0.19769536212661556,0.4313740007665778,0.374148781970532
2022-12-05,5677.405029296875,9812.89746094,-2.4492935982947064e-16,1.0,5745.14013671875,8132.777166666667,9194.03175,0.19155065540488664,0.12239308166675955,0.1952617004866949,0.374148781970532,0.48839717079149336
2022-12-06,5955.5,10285.8671875,-2.4492935982947064e-16,1.0,5677.405029296875,9194.03175,9484.032541666666,0.20678681598075585,0.13358786985080887,0.19155065540488664,0.48839717079149336,0.5196169400391831
2022-12-07,6057.919921875,11040.94335938,-2.4492935982947064e-16,1.0,5955.5,9484.032541666666,10315.135416666666,0.21239815937150472,0.1514598758848929,0.20678681598075585,0.5196169400391831,0.6090885577870945
2022-12-08,6031.760009765625,11775.66015625,-2.4492935982947064e-16,1.0,6057.919921875,10315.135416666666,11103.047083333331,0.21096492014196627,0.16884999295653896,0.21239815937150472,0.6090885577870945,0.6939104656154359
2022-12-09,6024.52490234375,12645.37207031,-2.4492935982947064e-16,1.0,6031.760009765625,11103.047083333331,10485.614833333331,0.21056852585197017,0.18943532878735278,0.21096492014196627,0.6939104656154359,0.6274413630302321
2022-12-10,6022.16015625,13457.59960938,-2.4492935982947064e-16,1.0,6024.52490234375,10485.614833333331,9493.982666666669,0.21043896705011755,0.20866005871515034,0.21056852585197017,0.6274413630302321,0.5206881116201312
2022-12-11,5883.58984375,14130.125,-2.4492935982947064e-16,1.0,6022.16015625,9493.982666666669,8677.899416666667,0.2028470299253278,0.22457815848687188,0.21043896705011755,0.5206881116201312,0.4328334178260888
2022-12-12,5878.465087890625,14558.06738281,-2.4492935982947064e-16,1.0,5883.58984375,8677.899416666667,9952.694541666666,0.20256625676719356,0.23470718802408805,0.2028470299253278,0.4328334178260888,0.5700703178078157
2022-12-13,6352.110107421875,14702.79882813,-2.4492935982947064e-16,1.0,5878.465087890625,9952.694541666666,10185.905833333332,0.2285161384040057,0.2381328573279418,0.20256625676719356,0.5700703178078157,0.5951764655184666
2022-12-14,6637.85498046875,15140.04785156,-2.4492935982947064e-16,1.0,6352.110107421875,10185.905833333332,10451.28625,0.2441714188949327,0.24848216707464144,0.2285161384040057,0.5951764655184666,0.6237457508765294
2022-12-15,6884.25,15599.46875,-2.4492935982947064e-16,1.0,6637.85498046875,10451.28625,11050.211875,0.2576708147063017,0.2593562661058169,0.2441714188949327,0.6237457508765294,0.688222539721026
2022-12-16,7009.284912109375,15885.98535156,-2.4492935982947064e-16,1.0,6884.25,11050.211875,10460.007333333331,0.2645211795067563,0.26613786857540106,0.2576708147063017,0.688222539721026,0.6246846111040886
2022-12-17,6776.93994140625,16144.65527344,-2.4492935982947064e-16,1.0,7009.284912109375,10460.007333333331,9261.838083333334,0.2517915523808938,0.2722603639961811,0.2645211795067563,0.6246846111040886,0.4956967994167553
2022-12-18,5744.719970703125,16365.24609375,-2.4492935982947064e-16,1.0,6776.93994140625,9261.838083333334,8478.526791666667,0.1952386805922092,0.27748155970922816,0.2517915523808938,0.4956967994167553,0.4113701407397261
2022-12-19,5371.4150390625,16490.18554688,-2.4492935982947064e-16,1.0,5744.719970703125,8478.526791666667,9671.36825,0.17478619319964764,0.28043876951585595,0.1952386805922092,0.4113701407397261,0.5397843939016598
2022-12-20,5711.10009765625,16550.93164063,-2.4492935982947064e-16,1.0,5371.4150390625,9671.36825,9708.297125,0.19339672788451584,0.2818765775072589,0.17478619319964764,0.5397843939016598,0.5437599380698356
2022-12-21,5890.054931640625,16509.14453125,-2.4492935982947064e-16,1.0,5711.10009765625,9708.297125,9508.633958333334,0.2032012366806302,0.28088751243170923,0.19339672788451584,0.5437599380698356,0.5222653829868232
2022-12-22,5742.3349609375,16465.83398438,-2.4492935982947064e-16,1.0,5890.054931640625,9508.633958333334,9769.554375,0.19510801159207516,0.27986238889606263,0.2032012366806302,0.5222653829868232,0.5503545311354513
2022-12-23,5683.4599609375,16323.17285156,-2.4492935982947064e-16,1.0,5742.3349609375,9769.554375,9169.559958333331,0.1918823906769026,0.27648572211522626,0.19510801159207516,0.5503545311354513,0.48576268250434035
2022-12-24,5546.739990234375,16079.82519531,-2.4492935982947064e-16,1.0,5683.4599609375,9169.559958333331,8385.231875,0.18439182936867704,0.27072589159368865,0.1918823906769026,0.48576268250434035,0.40132656205300415
2022-12-25,5438.125,15829.72363281,-2.4492935982947064e-16,1.0,5546.739990234375,8385.231875,7415.789708333334,0.17844107294912268,0.2648062018980056,0.18439182936867704,0.40132656205300415,0.29696215474096493
2022-12-26,5415.5,15668.18457031,-2.4492935982947064e-16,1.0,5438.125,7415.789708333334,8504.183291666666,0.17720150312821772,0.26098271069638007,0.17844107294912268,0.29696215474096493,0.4141321677159283
2022-12-27,5526.75,15597.66992188,-2.4492935982947064e-16,1.0,5415.5,8504.183291666666,8745.335291666666,0.18329662545200454,0.25931368938546445,0.17720150312821772,0.4141321677159283,0.4400931650992478
2022-12-28,5668.719970703125,15516.75585938,-2.4492935982947064e-16,1.0,5526.75,8745.335291666666,8291.278833333334,0.19107482174629642,0.2573985228537995,0.18329662545200454,0.4400931650992478,0.39121213352301804
2022-12-29,5676.260009765625,15517.3515625,-2.4492935982947064e-16,1.0,5668.719970703125,8291.278833333334,8320.903958333334,0.19148792251404534,0.25741262263624753,0.19107482174629642,0.39121213352301804,0.3944013991837031
2022-12-30,5527.2099609375,15559.80371094,-2.4492935982947064e-16,1.0,5676.260009765625,8320.903958333334,7553.139875,0.1833218256154043,0.2584174286165375,0.19148792251404534,0.3944013991837031,0.3117484609604108
2022-12-31,5360.77490234375,15780.88574219,-2.4492935982947064e-16,1.0,5527.2099609375,7553.139875,7111.592791666667,0.1742032454707254,0.2636502508716616,0.1833218256154043,0.3117484609604108,0.2642141146766188
2023-01-01,5215.33984375,16226.90820313,0.49999999999999994,0.8660254037844387,5360.77490234375,7111.592791666667,6760.00175,0.16623520527031188,0.2742072203670829,0.1742032454707254,0.2642141146766188,0.22636390355372993
2023-01-02,5346.64013671875,16954.67578125,0.49999999999999994,0.8660254037844387,5215.33984375,6760.00175,7105.185875,0.17342883535384962,0.29143285538505365,0.16623520527031188,0.22636390355372993,0.263524383939082
2023-01-03,5864.2099609375,17869.76757813,0.49999999999999994,0.8660254037844387,5346.64013671875,7105.185875,7379.969249999999,0.20178525234004382,0.3130922941604296,0.17342883535384962,0.263524383939082,0.2931059361524357
2023-01-04,6127.429931640625,19000.4453125,0.49999999999999994,0.8660254037844387,5864.2099609375,7379.969249999999,7292.233625,0.21620644712205841,0.33985446736072045,0.20178525234004382,0.2931059361524357,0.2836608379112895
2023-01-05,6084.929931640625,20173.80273438,0.49999999999999994,0.8660254037844387,6127.429931640625,7292.233625,7197.7195,0.21387797342533088,0.3676268321961311,0.21620644712205841,0.2836608379112895,0.2734860064696605
2023-01-06,7027.60498046875,21043.015625,0.49999999999999994,0.8660254037844387,6084.929931640625,7197.7195,7182.595208333333,0.2655248923843341,0.3882003565696868,0.21387797342533088,0.2734860064696605,0.27185781472178816
2023-01-07,7273.60986328125,21881.53710938,0.49999999999999994,0.8660254037844387,7027.60498046875,7182.595208333333,6579.306666666666,0.27900291353481516,0.4080474416541438,0.2655248923843341,0.27185781472178816,0.20691134008506543
2023-01-08,6086.284912109375,23075.52929688,0.49999999999999994,0.8660254037844387,7273.60986328125,6579.306666666666,6451.8424583333335,0.21395220957547356,0.4363082137117747,0.27900291353481516,0.20691134008506543,0.19318929764291878
2023-01-09,5668.18994140625,24403.3203125,0.49999999999999994,0.8660254037844387,6086.284912109375,6451.8424583333335,7679.554166666666,0.19104578270450187,0.467735889391275,0.21395220957547356,0.19318929764291878,0.32535747558675643
2023-01-10,7284.60986328125,26035.953125,0.49999999999999994,0.8660254037844387,5668.18994140625,7679.554166666666,8492.595916666667,0.2796055773151446,0.5063789092124338,0.19104578270450187,0.32535747558675643,0.41288473948786253
2023-01-11,8491.929931640625,27386.63476563,0.49999999999999994,0.8660254037844387,7284.60986328125,8492.595916666667,9316.253083333331,0.3457517660846998,0.53834838637308,0.2796055773151446,0.41288473948786253,0.5015547963341073
2023-01-12,8555.094970703125,28399.90625,0.49999999999999994,0.8660254037844387,8491.929931640625,9316.253083333331,9643.513916666669,0.34921242801434216,0.5623316542303314,0.3457517660846998,0.5015547963341073,0.5367857611937382
2023-01-13,9461.294921875,29250.82421875,0.49999999999999994,0.8660254037844387,8555.094970703125,9643.513916666669,9227.654458333333,0.398860963315036,0.5824721534784356,0.34921242801434216,0.5367857611937382,0.49201679261947634
2023-01-14,8164.300048828125,30239.328125,0.49999999999999994,0.8660254037844387,9461.294921875,9227.654458333333,8429.083958333335,0.327801705746092,0.6058691939826131,0.398860963315036,0.49201679261947634,0.4060474178645662
2023-01-15,6548.72998046875,31283.4296875,0.49999999999999994,0.8660254037844387,8164.300048828125,8429.083958333335,7416.043166666666,0.23928847258385408,0.6305821833737842,0.327801705746092,0.4060474178645662,0.2969894405653762
2023-01-16,5941.804931640625,32017.4296875,0.49999999999999994,0.8660254037844387,6548.72998046875,7416.043166666666,8826.483458333334,0.20603649582899844,0.6479553344776737,0.23928847258385408,0.2969894405653762,0.4488290965553192
2023-01-17,8082.2900390625,32321.51171875,0.49999999999999994,0.8660254037844387,5941.804931640625,8826.483458333334,9247.310958333332,0.3233085727906185,0.6551526956178425,0.20603649582899844,0.4488290965553192,0.49413289509868114
2023-01-18,7810.820068359375,32545.17578125,0.49999999999999994,0.8660254037844387,8082.2900390625,9247.310958333332,9497.571791666667,0.3084353801733568,0.6604466323403525,0.3233085727906185,0.49413289509868114,0.5210744955801786
2023-01-19,8998.31005859375,32561.62109375,0.49999999999999994,0.8660254037844387,7810.820068359375,9497.571791666667,9659.188125,0.3734951262295446,0.6608358787967736,0.3084353801733568,0.5210744955801786,0.5384731537159949
2023-01-20,10481.134765625,32248.2265625,0.49999999999999994,0.8660254037844387,8998.31005859375,9659.188125,9373.063041666666,0.45473555745730887,0.6534180987606172,0.3734951262295446,0.5384731537159949,0.5076706202942577
2023-01-21,10809.53515625,31755.68164063,0.49999999999999994,0.8660254037844387,10481.134765625,9373.063041666666,9280.914875,0.4727278320823762,0.6417599824757384,0.45473555745730887,0.5076706202942577,0.4977504939270246
2023-01-22,10932.919921875,31214.2265625,0.49999999999999994,0.8660254037844387,10809.53515625,9280.914875,7983.520916666667,0.4794877892902516,0.6289442046987347,0.4727278320823762,0.4977504939270246,0.35808073726970396
2023-01-23,11140.3798828125,30971.18164063,0.49999999999999994,0.8660254037844387,10932.919921875,7983.520916666667,8942.041458333333,0.4908540260471243,0.6231915396405868,0.4794877892902516,0.35808073726970396,0.46126938705932335
2023-01-24,11193.21484375,30667.11132813,0.49999999999999994,0.8660254037844387,11140.3798828125,8942.041458333333,9625.489625,0.4937487276191383,0.6159944558731898,0.4908540260471243,0.46126938705932335,0.5348453726056503
2023-01-25,11001.25,30428.03515625,0.49999999999999994,0.8660254037844387,11193.21484375,9625.489625,9899.205125,0.48323143139870806,0.6103357277268537,0.4937487276191383,0.5348453726056503,0.564311963715299
2023-01-26,11226.46484375,30014.32421875,0.49999999999999994,0.8660254037844387,11001.25,9899.205125,10074.843291666666,0.4955704158642252,0.6005435443065277,0.48323143139870806,0.564311963715299,0.5832201294582509
2023-01-27,10836.2099609375,29517.87695313,0.49999999999999994,0.8660254037844387,11226.46484375,10074.843291666666,9649.628666666666,0.47418928104896885,0.5887930628886408,0.4955704158642252,0.5832201294582509,0.5374440389967403
2023-01-28,10132.31005859375,29042.59570313,0.49999999999999994,0.8660254037844387,10836.2099609375,9649.628666666666,8897.900916666667,0.4356242832198746,0.5775435629252954,0.47418928104896885,0.5374440389967403,0.4565174775304511
2023-01-29,9663.0,28609.38671875,0.49999999999999994,0.8660254037844387,10132.31005859375,8897.900916666667,7914.724625,0.40991190375998743,0.5672898774413768,0.4356242832198746,0.4565174775304511,0.35067453558802425
2023-01-30,9526.27490234375,28182.34570313,0.49999999999999994,0.8660254037844387,9663.0,7914.724625,8708.272208333334,0.4024210615582208,0.5571821824932505,0.40991190375998743,0.35067453558802425,0.43610317285603856
2023-01-31,8701.89990234375,27761.52539063,0.49999999999999994,0.8660254037844387,9526.27490234375,8708.272208333334,9367.826625,0.3572555202937558,0.5472217262580346,0.4024210615582208,0.43610317285603856,0.5071068986606768
2023-02-01,8062.030029296875,27745.96289063,0.8660254037844386,0.5000000000000001,8701.89990234375,9367.826625,9924.829208333334,0.32219857514744904,0.5468533752170887,0.3572555202937558,0.5071068986606768,0.5670705009049829
2023-02-02,7120.35986328125,27497.24414063,0.8660254037844386,0.5000000000000001,8062.030029296875,9924.829208333334,10212.006083333334,0.27060671132249764,0.5409664155084776,0.32219857514744904,0.5670705009049829,0.5979862639939262
2023-02-03,7609.97509765625,27343.78125,0.8660254037844386,0.5000000000000001,7120.35986328125,10212.006083333334,9787.158041666667,0.29743156296389234,0.5373340803752968,0.27060671132249764,0.5979862639939262,0.5522496377249475
2023-02-04,7527.85009765625,27094.71679688,0.8660254037844386,0.5000000000000001,7609.97509765625,9787.158041666667,8870.327625,0.29293212996756884,0.5314389381700362,0.29743156296389234,0.5522496377249475,0.4535491001053919
2023-02-05,7912.655029296875,26711.5,0.8660254037844386,0.5000000000000001,7527.85009765625,8870.327625,7903.671958333333,0.31401467494865665,0.5223685249306019,0.29293212996756884,0.4535491001053919,0.3494846708951665
2023-02-06,8557.41015625,26346.75,0.8660254037844386,0.5000000000000001,7912.655029296875,7903.671958333333,10183.0135,0.3493392715119643,0.5137352049508421,0.31401467494865665,0.3494846708951665,0.5948650940262196
2023-02-07,9040.52001953125,26233.09960938,0.8660254037844386,0.5000000000000001,8557.41015625,10183.0135,10515.05825,0.37580770937737673,0.5110451975812816,0.3493392715119643,0.5948650940262196,0.6306110670469492
2023-02-08,9632.9501953125,26321.74804688,0.8660254037844386,0.5000000000000001,9040.52001953125,10515.05825,10374.363958333332,0.4082655465880664,0.5131434301423323,0.37580770937737673,0.6306110670469492,0.6154647521177495
2023-02-09,9825.5048828125,26350.69726563,0.8660254037844386,0.5000000000000001,9632.9501953125,10374.363958333332,10289.222833333331,0.4188151589416038,0.5138286333462605,0.4082655465880664,0.6154647521177495,0.6062989623945132
2023-02-10,9856.169921875,26164.03320313,0.8660254037844386,0.5000000000000001,9825.5048828125,10289.222833333331,9814.469875,0.4204952233384545,0.5094104549219031,0.4188151589416038,0.6062989623945132,0.5551898680929326
2023-02-11,9963.9599609375,25951.015625,0.8660254037844386,0.5000000000000001,9856.169921875,9814.469875,9338.178083333334,0.42640078264966075,0.5043685113624521,0.4204952233384545,0.5551898680929326,0.5039151121002189
2023-02-12,9915.044921875,25802.56445313,0.8660254037844386,0.5000000000000001,9963.9599609375,9338.178083333334,8477.831666666667,0.42372084425362705,0.5008547993182463,0.42640078264966075,0.5039151121002189,0.41129530769539685
2023-02-13,10127.71484375,25881.02539063,0.8660254037844386,0.5000000000000001,9915.044921875,8477.831666666667,10141.880958333331,0.43537252235176915,0.5027119024830152,0.42372084425362705,0.41129530769539685,0.5904370079785084
2023-02-14,11540.73486328125,25946.81445313,0.8660254037844386,0.5000000000000001,10127.71484375,10141.880958333331,10658.536541666666,0.5127885211383091,0.5042690732238813,0.43537252235176915,0.5904370079785084,0.6460570909427555
2023-02-15,13221.35986328125,25977.1171875,0.8660254037844386,0.5000000000000001,11540.73486328125,10658.536541666666,10371.07325,0.6048659589397847,0.5049863129828337,0.5127885211383091,0.6460570909427555,0.6151104939302541
2023-02-16,14491.69482421875,26450.99023438,0.8660254037844386,0.5000000000000001,13221.35986328125,10371.07325,10690.513416666668,0.6744645834709935,0.5162024819848865,0.6048659589397847,0.6151104939302541,0.649499532092743
2023-02-17,14534.93994140625,27571.30664063,0.8660254037844386,0.5000000000000001,14491.69482421875,10690.513416666668,9738.689625,0.676833880362358,0.5427194114262321,0.6744645834709935,0.649499532092743,0.5470318147823346
2023-02-18,14465.19482421875,28244.90625,0.8660254037844386,0.5000000000000001,14534.93994140625,9738.689625,9082.937125,0.6730127116365634,0.5586629370353683,0.676833880362358,0.5470318147823346,0.4764373808294534
2023-02-19,13521.9248046875,28958.47265625,0.8660254037844386,0.5000000000000001,14465.19482421875,9082.937125,7970.777625,0.6213331956509119,0.5755524424828352,0.6730127116365634,0.4764373808294534,0.3567088698930568
2023-02-20,13046.64990234375,29233.81835938,0.8660254037844386,0.5000000000000001,13521.9248046875,7970.777625,9532.933666666666,0.5952940166198021,0.5820696393578817,0.6213331956509119,0.3567088698930568,0.5248813458005551
2023-02-21,13130.22998046875,28915.04492188,0.8660254037844386,0.5000000000000001,13046.64990234375,9532.933666666666,8724.188083333333,0.5998731698782608,0.5745245452194706,0.5952940166198021,0.5248813458005551,0.43781658178164645
2023-02-22,12850.47021484375,29053.75195313,0.8660254037844386,0.5000000000000001,13130.22998046875,8724.188083333333,10246.306,0.5845457991568378,0.5778076218040458,0.5998731698782608,0.43781658178164645,0.601678790063921
2023-02-23,12630.47509765625,29017.515625,0.8660254037844386,0.5000000000000001,12850.47021484375,10246.306,10038.395333333334,0.5724927910679064,0.576949938964737,0.5845457991568378,0.601678790063921,0.5792963579327443
2023-02-24,12500.51025390625,29271.33203125,0.8660254037844386,0.5000000000000001,12630.47509765625,10038.395333333334,9962.652458333332,0.5653723270638786,0.5829575558290796,0.5724927910679064,0.5792963579327443,0.5711423281934921
2023-02-25,13163.18017578125,29850.65429688,0.8660254037844386,0.5000000000000001,12500.51025390625,9962.652458333332,9294.410416666668,0.6016784325391358,0.5966696174893488,0.5653723270638786,0.5711423281934921,0.4992033440874828
2023-02-26,14709.7099609375,30278.32617188,0.8660254037844386,0.5000000000000001,13163.18017578125,9294.410416666668,8105.943,0.6864091131495362,0.6067922443384751,0.6016784325391358,0.4992033440874828,0.3712599743694468
2023-02-27,16053.44482421875,31215.25390625,0.8660254037844386,0.5000000000000001,14709.7099609375,8105.943,9494.168625,0.7600291433736812,0.6289685210450622,0.6864091131495362,0.3712599743694468,0.5207081307939511
2023-02-28,15385.46484375,31749.13085938,0.8660254037844386,0.5000000000000001,16053.44482421875,9494.168625,10301.285916666666,0.7234321124451623,0.6416049310963041,0.7600291433736812,0.5207081307939511,0.6075976025669002
2023-03-01,14564.9599609375,31983.36132813,1.0,6.123233995736766e-17,15385.46484375,10301.285916666666,10720.056458333334,0.6784786056765642,0.647148965601384,0.7234321124451623,0.6075976025669002,0.6526799611474621
2023-03-02,12421.76513671875,31892.49804688,1.0,6.123233995736766e-17,14564.9599609375,10720.056458333334,10647.270916666666,0.5610580697905417,0.6449983095864638,0.6784786056765642,0.6526799611474621,0.6448443004158411
2023-03-03,10644.1748046875,31509.07421875,1.0,6.123233995736766e-17,12421.76513671875,10647.270916666666,10471.474666666669,0.46366813257426087,0.6359229960947278,0.5610580697905417,0.6448443004158411,0.6259191163566282
2023-03-04,9833.78515625,30753.59570313,1.0,6.123233995736766e-17,10644.1748046875,10471.474666666669,9555.761166666667,0.4192688153863316,0.6180414669290487,0.46366813257426087,0.6259191163566282,0.5273388193764232
2023-03-05,8012.360107421875,29920.18554688,1.0,6.123233995736766e-17,9833.78515625,9555.761166666667,9410.971875,0.319477278521462,0.5983153626020087,0.4192688153863316,0.5273388193764232,0.5117516609780229
2023-03-06,6977.64013671875,29192.94921875,1.0,6.123233995736766e-17,8012.360107421875,9410.971875,10998.531041666669,0.26278743769179347,0.5811023018161228,0.319477278521462,0.5117516609780229,0.6826588870084862
2023-03-07,6972.93994140625,28177.4140625,1.0,6.123233995736766e-17,6977.64013671875,10998.531041666669,11130.890666666666,0.26252992519403723,0.5570654547850011,0.26278743769179347,0.6826588870084862,0.6969079410419675
2023-03-08,7111.719970703125,27084.19140625,1.0,6.123233995736766e-17,6972.93994140625,11130.890666666666,11081.4015,0.2701333522022455,0.5311898111920492,0.26252992519403723,0.6969079410419675,0.6915802301943029
2023-03-09,7056.824951171875,26487.29882813,1.0,6.123233995736766e-17,7111.719970703125,11081.4015,10676.845166666668,0.2671257849302488,0.517061875289503,0.2701333522022455,0.6915802301943029,0.6480280891750622
2023-03-10,6963.864990234375,25990.76953125,1.0,6.123233995736766e-17,7056.824951171875,10676.845166666668,10684.976625,0.262032730250442,0.5053094522619768,0.2671257849302488,0.6480280891750622,0.6489034738640309
2023-03-11,7024.534912109375,25829.8515625,1.0,6.123233995736766e-17,6963.864990234375,10684.976625,9446.052083333334,0.26535669065675854,0.5015006618172564,0.262032730250442,0.6489034738640309,0.5155281886317351
2023-03-12,9606.9150390625,25708.06445313,1.0,6.123233995736766e-17,7024.534912109375,9446.052083333334,8225.5315,0.40683914243469427,0.49861806528647856,0.26535669065675854,0.5155281886317351,0.38413416465430894
2023-03-13,11384.7099609375,25747.51171875,1.0,6.123233995736766e-17,9606.9150390625,8225.5315,9579.0965,0.5042402886408525,0.4995517482650229,0.40683914243469427,0.38413416465430894,0.5298509632840231
2023-03-14,13350.77490234375,26145.43554688,1.0,6.123233995736766e-17,11384.7099609375,9579.0965,10558.485041666669,0.6119563004555023,0.5089702643330619,0.5042402886408525,0.5298509632840231,0.6352861384741999
2023-03-15,14907.02490234375,26790.796875,1.0,6.123233995736766e-17,13350.77490234375,10558.485041666669,10533.169291666669,0.6972195284680254,0.5242454140197589,0.6119563004555023,0.6352861384741999,0.6325607946267229
2023-03-16,16296.375,27488.0625,1.0,6.123233995736766e-17,14907.02490234375,10533.169291666669,10654.512,0.7733387086548116,0.5407490939416566,0.6972195284680254,0.6325607946267229,0.6456238326008078
2023-03-17,16419.58056640625,28645.2265625,1.0,6.123233995736766e-17,16296.375,10654.512,10806.619166666667,0.7800888479646321,0.5681381758351214,0.7733387086548116,0.6456238326008078,0.6619987901206189
2023-03-18,16034.9599609375,29536.03125,1.0,6.123233995736766e-17,16419.58056640625,10806.619166666667,10489.272625,0.7590164017751402,0.5892227595408306,0.7800888479646321,0.6619987901206189,0.627835139237301
2023-03-19,15889.81982421875,30051.30859375,1.0,6.123233995736766e-17,16034.9599609375,10489.272625,9262.757416666667,0.7510645196412802,0.6014189327743178,0.7590164017751402,0.627835139237301,0.495795769403573
2023-03-20,15613.56005859375,30206.11328125,1.0,6.123233995736766e-17,15889.81982421875,9262.757416666667,9660.273541666667,0.7359289055772349,0.6050830270897509,0.7510645196412802,0.495795769403573,0.5385900032517364
2023-03-21,15641.830078125,30109.48242188,1.0,6.123233995736766e-17,15613.56005859375,9660.273541666667,11132.803041666666,0.7374777525627523,0.6027958574424297,0.7359289055772349,0.5385900032517364,0.697113816018625
2023-03-22,15068.615234375,29867.05273438,1.0,6.123233995736766e-17,15641.830078125,11132.803041666666,11095.513,0.7060726775922662,0.5970577544546828,0.7374777525627523,0.697113816018625,0.6930993907841996
2023-03-23,14082.78515625,29455.11523438,1.0,6.123233995736766e-17,15068.615234375,11095.513,11077.720666666666,0.6520613974426916,0.5873075467804887,0.7060726775922662,0.6930993907841996,0.6911839734577422
2023-03-24,13073.625,28875.72851563,1.0,6.123233995736766e-17,14082.78515625,11077.720666666666,10837.315875,0.5967719179223723,0.573593959570093,0.6520613974426916,0.6911839734577422,0.6653034161022329
2023-03-25,10808.3251953125,28058.05078125,1.0,6.123233995736766e-17,13073.625,10837.315875,10686.386583333331,0.4726615412066812,0.5542402281890715,0.5967719179223723,0.6653034161022329,0.6490552616352383
2023-03-26,8846.3251953125,27112.52734375,1.0,6.123233995736766e-17,10808.3251953125,10686.386583333331,9115.082,0.3651682378424594,0.5318604985542533,0.4726615412066812,0.6490552616352383,0.47989790786535663
2023-03-27,8242.6650390625,26280.41210938,1.0,6.123233995736766e-17,8846.3251953125,9115.082,10500.030583333331,0.33209513676974034,0.5121650439186152,0.3651682378424594,0.47989790786535663,0.6289932773748305
2023-03-28,8424.93994140625,25221.8359375,1.0,6.123233995736766e-17,8242.6650390625,10500.030583333331,10731.775708333333,0.3420815441975286,0.48710945292536156,0.33209513676974034,0.6289932773748305,0.6539415862577014
2023-03-29,8536.31005859375,23813.48046875,1.0,6.123233995736766e-17,8424.93994140625,10731.775708333333,10481.649625,0.34818324745570645,0.45377488566843666,0.3420815441975286,0.6539415862577014,0.627014492163866
2023-03-30,9040.044921875,22537.828125,1.0,6.123233995736766e-17,8536.31005859375,10481.649625,10092.450666666666,0.3757816799092366,0.42358128767933645,0.34818324745570645,0.627014492163866,0.5851156352649708
2023-03-31,7299.43994140625,21266.1875,1.0,6.123233995736766e-17,9040.044921875,10092.450666666666,10171.441541666669,0.2804180819465441,0.3934826436357813,0.3757816799092366,0.5851156352649708,0.5936193254652644
2023-04-01,6098.93994140625,20228.71484375,0.8660254037844387,-0.49999999999999983,7299.43994140625,10171.441541666669,9976.698458333334,0.21464554846604036,0.3689265547758564,0.2804180819465441,0.5936193254652644,0.5726544374409632
2023-04-02,5749.48486328125,19354.52148438,0.8660254037844387,-0.49999999999999983,6098.93994140625,9976.698458333334,8791.483958333332,0.19549973769893617,0.34823514697428715,0.21464554846604036,0.5726544374409632,0.44506125748320896
2023-04-03,5612.68994140625,18695.13085938,0.8660254037844387,-0.49999999999999983,5749.48486328125,8791.483958333332,10032.49475,0.18800506999465766,0.332627935850836,0.19549973769893617,0.44506125748320896,0.5786611360458151
2023-04-04,5788.22998046875,18153.83007813,0.8660254037844387,-0.49999999999999983,5612.68994140625,10032.49475,10184.009,0.19762249031652956,0.31981581014877924,0.18800506999465766,0.5786611360458151,0.5949722636656798
2023-04-05,5769.919921875,17738.93945313,0.8660254037844387,-0.49999999999999983,5788.22998046875,10184.009,9802.644291666666,0.19661932585015104,0.3099957045360924,0.19762249031652956,0.5949722636656798,0.5539167957652184
2023-04-06,5560.6298828125,17546.6640625,0.8660254037844387,-0.49999999999999983,5769.919921875,9802.644291666666,9659.426208333332,0.18515282347499554,0.30544471078272134,0.19661932585015104,0.5539167957652184,0.5384987843588825
2023-04-07,5401.27490234375,17444.0546875,0.8660254037844387,-0.49999999999999983,5560.6298828125,9659.426208333332,9248.633541666666,0.17642214393466576,0.30301603479287026,0.18515282347499554,0.5384987843588825,0.49427527659440135
2023-04-08,5223.27490234375,17237.6796875,0.8660254037844387,-0.49999999999999983,5401.27490234375,9248.633541666666,9800.244708333334,0.1666699482166069,0.29813131536635096,0.17642214393466576,0.49427527659440135,0.5536584708222874
2023-04-09,5176.43994140625,17150.70117188,0.8660254037844387,-0.49999999999999983,5223.27490234375,9800.244708333334,9085.303208333333,0.16410397234295443,0.29607260842539956,0.1666699482166069,0.5536584708222874,0.4766920993606095
2023-04-10,5123.97509765625,17147.24414063,0.8660254037844387,-0.49999999999999983,5176.43994140625,9085.303208333333,9900.459083333331,0.16122954860942984,0.29599078345771956,0.16410397234295443,0.4766920993606095,0.5644469574495844
2023-04-11,5176.93505859375,17225.39257813,0.8660254037844387,-0.49999999999999983,5123.97509765625,9900.459083333331,9698.541541666667,0.16413109863349304,0.2978404900152405,0.16122954860942984,0.5644469574495844,0.5427097096935858
2023-04-12,5293.48486328125,17370.52148438,0.8660254037844387,-0.49999999999999983,5176.93505859375,9698.541541666667,10154.814125,0.17051658462345953,0.3012755668787602,0.16413109863349304,0.5427097096935858,0.5918293161741337
2023-04-13,5534.25,17620.37695313,0.8660254037844387,-0.49999999999999983,5293.48486328125,10154.814125,10249.079333333331,0.18370753257495645,0.30718943174623553,0.17051658462345953,0.5918293161741337,0.6019773507203107
2023-04-14,8301.530029296875,17953.72070313,0.8660254037844387,-0.49999999999999983,5534.25,10249.079333333331,10193.573333333334,0.33532020927371364,0.31507939269758045,0.18370753257495645,0.6019773507203107,0.596001903198588
2023-04-15,10044.7451171875,18298.33789063,0.8660254037844387,-0.49999999999999983,8301.530029296875,10193.573333333334,9602.277833333334,0.4308268088005819,0.3232361862553937,0.33532020927371364,0.596001903198588,0.532346528462867
2023-04-16,9683.52001953125,18570.58398438,0.8660254037844387,-0.49999999999999983,10044.7451171875,9602.277833333334,8806.230916666667,0.4110361467184545,0.3296800180321817,0.4308268088005819,0.532346528462867,0.4466488277571591
2023-04-17,9108.2548828125,18944.58398438,0.8660254037844387,-0.49999999999999983,9683.52001953125,8806.230916666667,9601.273916666669,0.3795187410833021,0.3385322775864797,0.4110361467184545,0.4466488277571591,0.5322384527348766
2023-04-18,8785.0400390625,19646.4609375,0.8660254037844387,-0.49999999999999983,9108.2548828125,9601.273916666669,9947.556791666666,0.3618105702112132,0.3551451036939611,0.3795187410833021,0.5322384527348766,0.569517218043741
2023-04-19,10091.9150390625,19995.91015625,0.8660254037844387,-0.49999999999999983,8785.0400390625,9947.556791666666,9896.255125,0.433411136385585,0.36341626729134513,0.3618105702112132,0.569517218043741,0.5639943841709418
2023-04-20,14107.68505859375,20403.20117188,0.8660254037844387,-0.49999999999999983,10091.9150390625,9896.255125,10115.914791666668,0.6534256037405389,0.3730564966616402,0.433411136385585,0.5639943841709418,0.5876416441213226
2023-04-21,15914.580078125,20641.44726563,0.8660254037844387,-0.49999999999999983,14107.68505859375,10115.914791666668,8742.762499999999,0.7524210749341037,0.3786955775698557,0.6534256037405389,0.5876416441213226,0.4398161935720526
2023-04-22,14851.93505859375,20590.25,0.8660254037844387,-0.49999999999999983,15914.580078125,8742.762499999999,7902.185416666667,0.6942012872414676,0.3774837821585533,0.7524210749341037,0.4398161935720526,0.34932463861544866
2023-04-23,10817.02490234375,20688.84179688,0.8660254037844387,-0.49999999999999983,14851.93505859375,7902.185416666667,7274.274166666666,0.47313817741824593,0.37981736551659173,0.6942012872414676,0.34932463861544866,0.2817274288962388
2023-04-24,7728.08984375,20772.7109375,0.8660254037844387,-0.49999999999999983,10817.02490234375,7274.274166666666,8921.964791666667,0.30390278836330287,0.3818024762154264,0.47313817741824593,0.2817274288962388,0.4591080519229816
2023-04-25,6810.89990234375,21045.63671875,0.8660254037844387,-0.49999999999999983,7728.08984375,8921.964791666667,9544.491833333332,0.25365213769347883,0.38826239561297865,0.30390278836330287,0.4591080519229816,0.5261256296322848
2023-04-26,7611.844970703125,21281.9453125,0.8660254037844387,-0.49999999999999983,6810.89990234375,9544.491833333332,9486.687541666666,0.2975340088510892,0.3938556175562571,0.25365213769347883,0.5261256296322848,0.5199027616291045
2023-04-27,8563.615234375,21262.54882813,0.8660254037844387,-0.49999999999999983,7611.844970703125,9486.687541666666,9541.188333333334,0.34967923295196907,0.39339651939025677,0.2975340088510892,0.5199027616291045,0.5257699943696466
2023-04-28,8866.77001953125,21028.75585938,0.8660254037844387,-0.49999999999999983,8563.615234375,9541.188333333334,9551.869916666668,0.3662883610289906,0.38786284013532396,0.34967923295196907,0.5257699943696466,0.5269199104265999
2023-04-29,9081.22021484375,20736.67382813,0.8660254037844387,-0.49999999999999983,8866.77001953125,9551.869916666668,9543.6145,0.37803757606530214,0.3809495087134749,0.3662883610289906,0.5269199104265999,0.5260311811169462
2023-04-30,9702.77001953125,20310.06640625,0.8660254037844387,-0.49999999999999983,9081.22021484375,9543.6145,8574.194458333333,0.4120908083340311,0.3708520765576684,0.37803757606530214,0.5260311811169462,0.42166915565148966
2023-05-01,10204.71484375,19781.19921875,0.49999999999999994,-0.8660254037844387,9702.77001953125,8574.194458333333,8578.020208333333,0.4395911688140755,0.3583342433664878,0.4120908083340311,0.42166915565148966,0.4220810132588876
2023-05-02,9987.43017578125,19161.89453125,0.49999999999999994,-0.8660254037844387,10204.71484375,8578.020208333333,9743.118833333334,0.4276866597771952,0.3436758320377622,0.4395911688140755,0.4220810132588876,0.5475086371431355
2023-05-03,9018.97509765625,18935.74414063,0.49999999999999994,-0.8660254037844387,9987.43017578125,9743.118833333334,10136.144041666666,0.3746273144624594,0.3383230460589544,0.4276866597771952,0.5475086371431355,0.5898194054764698
2023-05-04,7213.01513671875,18298.35546875,0.49999999999999994,-0.8660254037844387,9018.97509765625,10136.144041666666,10056.335291666666,0.2756830729004345,0.3232366023144331,0.3746273144624594,0.5898194054764698,0.5812276676931796
2023-05-05,6448.7548828125,17514.03710938,0.49999999999999994,-0.8660254037844387,7213.01513671875,10056.335291666666,9851.854708333334,0.23381107528455183,0.3046724587573626,0.2756830729004345,0.5812276676931796,0.5592144980372934
2023-05-06,5797.52490234375,16640.74023438,0.49999999999999994,-0.8660254037844387,6448.7548828125,9851.854708333334,8949.661750000001,0.19813173693062544,0.2840022699727175,0.23381107528455183,0.5592144980372934,0.4620897425696177
2023-05-07,5643.7451171875,15886.02929688,0.49999999999999994,-0.8660254037844387,5797.52490234375,8949.661750000001,8055.350458333333,0.18970650905239628,0.2661389087234728,0.19813173693062544,0.4620897425696177,0.3658134806981365
2023-05-08,5575.72998046875,15300.06347656,0.49999999999999994,-0.8660254037844387,5643.7451171875,8055.350458333333,10090.164,0.1859801218328919,0.25226959981593344,0.18970650905239628,0.3658134806981365,0.5848694662622264
2023-05-09,5727.330078125,14818.75976563,0.49999999999999994,-0.8660254037844387,5575.72998046875,10090.164,9972.894916666666,0.19428592982851314,0.24087755336245975,0.1859801218328919,0.5848694662622264,0.5722449706513214
2023-05-10,6108.580078125,14413.94238281,0.49999999999999994,-0.8660254037844387,5727.330078125,9972.894916666666,10077.308583333332,0.215173708578569,0.23129587276135224,0.19428592982851314,0.5722449706513214,0.5834855281715414
2023-05-11,6245.35498046875,14057.20019531,0.49999999999999994,-0.8660254037844387,6108.580078125,10077.308583333332,10229.303416666668,0.22266727946044898,0.2228520908423201,0.215173708578569,0.5834855281715414,0.5998483925493812
2023-05-12,6300.794921875,13720.30664063,0.49999999999999994,-0.8660254037844387,6245.35498046875,10229.303416666668,9845.725666666667,0.22570470170309767,0.21487810905569596,0.22266727946044898,0.5998483925493812,0.5585546816780237
2023-05-13,5986.64990234375,13432.88671875,0.49999999999999994,-0.8660254037844387,6300.794921875,9845.725666666667,9245.899791666669,0.208493444881063,0.2080751257681083,0.22570470170309767,0.5585546816780237,0.49398097724545714
2023-05-14,5658.35009765625,13140.58984375,0.49999999999999994,-0.8660254037844387,5986.64990234375,9245.899791666669,8326.563124999999,0.19050668111975402,0.2011567091787763,0.208493444881063,0.49398097724545714,0.39501063158080135
2023-05-15,5599.0,12876.79589844,0.49999999999999994,-0.8660254037844387,5658.35009765625,8326.563124999999,9087.840666666669,0.18725503073644134,0.1949129325137057,0.19050668111975402,0.39501063158080135,0.47696526711021153
2023-05-16,5594.044921875,12638.37207031,0.49999999999999994,-0.8660254037844387,5599.0,9087.840666666669,9617.645583333331,0.18698355381692858,0.18926964478499964,0.18725503073644134,0.47696526711021153,0.534000929494322
2023-05-17,5466.93994140625,12440.59472656,0.49999999999999994,-0.8660254037844387,5594.044921875,9617.645583333331,9389.174666666668,0.18001977490529206,0.1845884245153884,0.18698355381692858,0.534000929494322,0.5094051025065804
2023-05-18,5214.16015625,12262.75097656,0.49999999999999994,-0.8660254037844387,5466.93994140625,9389.174666666668,9452.312875,0.16617057300409757,0.18037901533060316,0.18001977490529206,0.5094051025065804,0.5162021884164179
2023-05-19,5222.5,12103.80664063,0.49999999999999994,-0.8660254037844387,5214.16015625,9452.312875,9559.618833333332,0.16662749316425504,0.17661693908371043,0.16617057300409757,0.5162021884164179,0.5277541129432981
2023-05-20,5132.33984375,11948.67871094,0.49999999999999994,-0.8660254037844387,5222.5,9559.618833333332,8860.838458333334,0.161687833109644,0.17294519390259608,0.16662749316425504,0.5277541129432981,0.45252755257104343
2023-05-21,5076.89013671875,11789.23535156,0.49999999999999994,-0.8660254037844387,5132.33984375,8860.838458333334,8034.79575,0.15864987583167897,0.16917130619820853,0.161687833109644,0.45252755257104343,0.36360068242461374
2023-05-22,5024.2099609375,11675.70019531,0.49999999999999994,-0.8660254037844387,5076.89013671875,8034.79575,8880.501416666666,0.155763654569429,0.16648402632745243,0.15864987583167897,0.36360068242461374,0.4546443503161999
2023-05-23,5042.14990234375,11581.12988281,0.49999999999999994,-0.8660254037844387,5024.2099609375,8880.501416666666,9274.25875,0.1567465411973181,0.16424562805905388,0.155763654569429,0.4546443503161999,0.4970339348949285
2023-05-24,5180.9150390625,11437.37695313,0.49999999999999994,-0.8660254037844387,5042.14990234375,9274.25875,8636.580708333333,0.1643491522766689,0.16084311938200013,0.1567465411973181,0.4970339348949285,0.4283852901766236
2023-05-25,5164.3349609375,11310.01464844,0.49999999999999994,-0.8660254037844387,5180.9150390625,8636.580708333333,8566.744833333332,0.16344076931658066,0.1578285627548625,0.1643491522766689,0.4283852901766236,0.4208671731046655
2023-05-26,5094.5400390625,11163.41308594,0.49999999999999994,-0.8660254037844387,5164.3349609375,8566.744833333332,7932.446458333333,0.15961687191067264,0.15435862937968703,0.16344076931658066,0.4208671731046655,0.3525823633016417
2023-05-27,5016.4951171875,11068.890625,0.49999999999999994,-0.8660254037844387,5094.5400390625,7932.446458333333,7919.587583333334,0.15534097666951752,0.15212136371671414,0.15961687191067264,0.3525823633016417,0.3511980529072539
2023-05-28,5036.41015625,11103.39257813,0.49999999999999994,-0.8660254037844387,5016.4951171875,7919.587583333334,7529.863666666667,0.1564320741901371,0.152937995385797,0.15534097666951752,0.3511980529072539,0.30924268210045835
2023-05-29,5008.22998046875,11379.22753906,0.49999999999999994,-0.8660254037844387,5036.41015625,7529.863666666667,8523.1855,0.15488814952953006,0.15946677257377023,0.1564320741901371,0.30924268210045835,0.416177833025853
2023-05-30,5086.66015625,11319.96484375,0.49999999999999994,-0.8660254037844387,5008.22998046875,8523.1855,8687.52025,0.15918515191391497,0.15806407535245634,0.15488814952953006,0.416177833025853,0.4338691398146769
2023-05-31,5131.68994140625,11226.125,0.49999999999999994,-0.8660254037844387,5086.66015625,8687.52025,9076.151833333332,0.16165222650934133,0.15584296665349975,0.15918515191391497,0.4338691398146769,0.47570691647832447
2023-06-01,5113.2099609375,11382.13671875,1.2246467991473532e-16,-1.0,5131.68994140625,9076.151833333332,9375.430833333334,0.16063975242845843,0.1595356303644279,0.16165222650934133,0.47570691647832447,0.5079255227344721
2023-06-02,5122.2900390625,11609.95214844,1.2246467991473532e-16,-1.0,5113.2099609375,9375.430833333334,8251.398583333334,0.16113722826559473,0.16492782639140594,0.16063975242845843,0.5079255227344721,0.3869188617861212
2023-06-03,5133.375,11887.98242188,1.2246467991473532e-16,-1.0,5122.2900390625,8251.398583333334,7375.19325,0.1617445468531764,0.17150856474553244,0.16113722826559473,0.3869188617861212,0.2925917802528259
2023-06-04,5239.9150390625,12209.30761719,1.2246467991473532e-16,-1.0,5133.375,7375.19325,6767.027833333334,0.16758162164389065,0.17911405680494308,0.1617445468531764,0.2925917802528259,0.2271202901108874
2023-06-05,5018.02001953125,12509.32128906,1.2246467991473532e-16,-1.0,5239.9150390625,6767.027833333334,6828.9352499999995,0.15542452243416457,0.18621512336438487,0.16758162164389065,0.2271202901108874,0.23378487627269154
2023-06-06,5338.294921875,12750.04003906,1.2246467991473532e-16,-1.0,5018.02001953125,6828.9352499999995,7312.204166666666,0.17297162092426815,0.19191272992744943,0.15542452243416457,0.23378487627269154,0.2858107482580907
2023-06-07,5433.43505859375,12918.91796875,1.2246467991473532e-16,-1.0,5338.294921875,7312.204166666666,7606.990624999999,0.17818412223844865,0.19590992582747177,0.17297162092426815,0.2858107482580907,0.31754571406152454
2023-06-08,5144.81005859375,13011.1328125,1.2246467991473532e-16,-1.0,5433.43505859375,7606.990624999999,7612.532375,0.162371046456849,0.19809257216873924,0.17818412223844865,0.31754571406152454,0.31814230607506383
2023-06-09,4906.4599609375,13028.58007813,1.2246467991473532e-16,-1.0,5144.81005859375,7612.532375,7698.634041666667,0.14931241273908388,0.1985055339972674,0.162371046456849,0.31814230607506383,0.32741150203044794
2023-06-10,4870.58984375,12925.73046875,1.2246467991473532e-16,-1.0,4906.4599609375,7698.634041666667,7269.808416666667,0.14734717451862203,0.1960711718654762,0.14931241273908388,0.32741150203044794,0.2812466726758278
2023-06-11,4899.83984375,12755.49023438,1.2246467991473532e-16,-1.0,4870.58984375,7269.808416666667,6561.45575,0.14894971229813453,0.19204173138091002,0.14734717451862203,0.2812466726758278,0.20498961602358892
2023-06-12,5016.52001953125,12560.41503906,1.2246467991473532e-16,-1.0,4899.83984375,6561.45575,7797.985874999999,0.1553423410095742,0.18742446864941803,0.14894971229813453,0.20498961602358892,0.338107132525715
2023-06-13,5368.9599609375,12599.69824219,1.2246467991473532e-16,-1.0,5016.52001953125,7797.985874999999,9146.474041666666,0.17465168532111883,0.18835426840939384,0.1553423410095742,0.338107132525715,0.48327738931923375
2023-06-14,5855.81005859375,12556.27832031,1.2246467991473532e-16,-1.0,5368.9599609375,9146.474041666666,10250.44225,0.20132504171269086,0.18732655606097384,0.17465168532111883,0.48327738931923375,0.6021240742640386
2023-06-15,6419.48486328125,12468.80273438,1.2246467991473532e-16,-1.0,5855.81005859375,10250.44225,10595.87275,0.23220744068264085,0.18525608389167797,0.20132504171269086,0.6021240742640386,0.6393110779240486
2023-06-16,7584.14013671875,12451.48828125,1.2246467991473532e-16,-1.0,6419.48486328125,10595.87275,10051.532458333331,0.29601612703450525,0.18484626562123013,0.23220744068264085,0.6393110779240486,0.5807106230756801
2023-06-17,6374.33984375,12780.76660156,1.2246467991473532e-16,-1.0,7584.14013671875,10051.532458333331,9339.815625,0.22973405267048164,0.19264000133510012,0.29601612703450525,0.5807106230756801,0.5040914001464444
2023-06-18,6463.0048828125,13424.47265625,1.2246467991473532e-16,-1.0,6374.33984375,9339.815625,8565.264458333333,0.2345917988181605,0.20787597211795836,0.22973405267048164,0.5040914001464444,0.4207078046917918
2023-06-19,5711.2548828125,13991.67773438,1.2246467991473532e-16,-1.0,6463.0048828125,8565.264458333333,9378.414416666668,0.1934052081942799,0.22130123033218985,0.2345917988181605,0.4207078046917918,0.5082467176617779
2023-06-20,6003.2900390625,14292.13183594,1.2246467991473532e-16,-1.0,5711.2548828125,9378.414416666668,9769.396166666667,0.20940511830834674,0.22841272148503078,0.1934052081942799,0.5082467176617779,0.5503374993624299
2023-06-21,6018.10009765625,14358.28710938,1.2246467991473532e-16,-1.0,6003.2900390625,9769.396166666667,10127.900708333333,0.2102165261173477,0.2299785601250747,0.20940511830834674,0.5503374993624299,0.588931976986984
2023-06-22,6144.544921875,14264.65820313,1.2246467991473532e-16,-1.0,6018.10009765625,10127.900708333333,10307.780875,0.21714413664159937,0.22776244413601046,0.2102165261173477,0.588931976986984,0.6082968113493132
2023-06-23,6046.18994140625,14089.20214844,1.2246467991473532e-16,-1.0,6144.544921875,10307.780875,9972.086875,0.21175550170127855,0.22360954965341964,0.21714413664159937,0.6082968113493132,0.5721579816668058
2023-06-24,5679.56005859375,13773.94628906,1.2246467991473532e-16,-1.0,6046.18994140625,9972.086875,9017.647791666666,0.19166872432332077,0.21614771357522447,0.21175550170127855,0.5721579816668058,0.46940871753068186
2023-06-25,5138.22998046875,13470.41699219,1.2246467991473532e-16,-1.0,5679.56005859375,9017.647791666666,7893.650458333333,0.16201053966069665,0.20896343518424373,0.19166872432332077,0.46940871753068186,0.34840581550405647
2023-06-26,5009.4599609375,13124.27636719,1.2246467991473532e-16,-1.0,5138.22998046875,7893.650458333333,9598.518583333333,0.15495553722762356,0.20077058316609692,0.16201053966069665,0.34840581550405647,0.5319418298519774
2023-06-27,5338.0,12786.23339844,1.2246467991473532e-16,-1.0,5009.4599609375,9598.518583333333,9922.791416666669,0.17295546285771457,0.19276939573326154,0.15495553722762356,0.5319418298519774,0.5668511243121034
2023-06-28,5276.3349609375,12461.31738281,1.2246467991473532e-16,-1.0,5338.0,9922.791416666669,10049.891166666666,0.16957698235266264,0.18507891203351537,0.17295546285771457,0.5668511243121034,0.5805339313266441
2023-06-29,5177.35986328125,12158.45800781,1.2246467991473532e-16,-1.0,5276.3349609375,10049.891166666666,9633.123458333332,0.164154372669754,0.177910490119204,0.16957698235266264,0.5805339313266441,0.5356671859316493
2023-06-30,5216.31005859375,11831.91601563,1.2246467991473532e-16,-1.0,5177.35986328125,9633.123458333332,9146.629958333331,0.1662883610289906,0.1701815209476669,0.164154372669754,0.5356671859316493,0.4832941743849819
2023-07-01,4930.8701171875,11499.44042969,-0.4999999999999998,-0.8660254037844388,5216.31005859375,9146.629958333331,8448.352375,0.15064978701581644,0.16231210869577337,0.1662883610289906,0.4832941743849819,0.4081217415884583
2023-07-02,4862.81005859375,11180.52636719,-0.4999999999999998,-0.8660254037844388,4930.8701171875,8448.352375,8059.95475,0.14692093863385688,0.15476368608410068,0.15064978701581644,0.4081217415884583,0.36630915149460663
2023-07-03,4812.7900390625,10891.99609375,-0.4999999999999998,-0.8660254037844388,4862.81005859375,8059.95475,9008.090708333331,0.14418046099177892,0.14793442172644447,0.14692093863385688,0.36630915149460663,0.46837985848987407
2023-07-04,4816.419921875,10647.44824219,-0.4999999999999998,-0.8660254037844388,4812.7900390625,9008.090708333331,8734.808666666666,0.14437933361886385,0.1421461836102545,0.14418046099177892,0.46837985848987407,0.4389599309395469
2023-07-05,4854.6298828125,10451.59375,-0.4999999999999998,-0.8660254037844388,4816.419921875,8734.808666666666,9081.793333333331,0.14647276630112163,0.1375104755895564,0.14437933361886385,0.4389599309395469,0.4763142469866262
2023-07-06,4938.75,10294.00488281,-0.4999999999999998,-0.8660254037844388,4854.6298828125,9081.793333333331,8770.651291666667,0.15108150701257414,0.13378048212636479,0.14647276630112163,0.4763142469866262,0.44281853586024555
2023-07-07,5783.60009765625,10158.64453125,-0.4999999999999998,-0.8660254037844388,4938.75,8770.651291666667,8139.851708333333,0.19736883007305106,0.13057661858259437,0.15108150701257414,0.44281853586024555,0.37491038526512
2023-07-08,5779.10498046875,10058.91113281,-0.4999999999999998,-0.8660254037844388,5783.60009765625,8139.851708333333,7418.396625,0.19712255331693807,0.12821601449376258,0.19736883007305106,0.37491038526512,0.2972427999637367
2023-07-09,4949.56005859375,9955.94921875,-0.4999999999999998,-0.8660254037844388,5779.10498046875,7418.396625,7264.539416666667,0.15167376435600072,0.12577899420641916,0.19712255331693807,0.2972427999637367,0.28067944331338135
2023-07-10,4852.6298828125,10081.95605469,-0.4999999999999998,-0.8660254037844388,4949.56005859375,7264.539416666667,7978.476374999999,0.14636319106833445,0.1287614680496189,0.15167376435600072,0.28067944331338135,0.3575376717632665
2023-07-11,5060.5400390625,10551.37109375,-0.4999999999999998,-0.8660254037844388,4852.6298828125,7978.476374999999,9159.745625,0.15775409295329063,0.13987211982622325,0.14636319106833445,0.3575376717632665,0.4847061294507241
2023-07-12,5007.590087890625,10820.38769531,-0.4999999999999998,-0.8660254037844388,5060.5400390625,9159.745625,9079.497416666669,0.15485309134042666,0.14623951228992452,0.15775409295329063,0.4847061294507241,0.47606708218361593
2023-07-13,4938.10498046875,10974.85644531,-0.4999999999999998,-0.8660254037844388,5007.590087890625,9079.497416666669,8917.171,0.15104616792992964,0.14989565525256612,0.15485309134042666,0.47606708218361593,0.45859198067781454
2023-07-14,5310.625,11064.09570313,-0.4999999999999998,-0.8660254037844388,4938.10498046875,8917.171,8328.690583333333,0.17145565185894007,0.1520078720243724,0.15104616792992964,0.45859198067781454,0.3952396611564417
2023-07-15,5265.27001953125,11055.29785156,-0.4999999999999998,-0.8660254037844388,5310.625,8328.690583333333,7409.78375,0.16897076058747948,0.1517996344157686,0.17145565185894007,0.3952396611564417,0.2963155888050572
2023-07-16,4957.050048828125,10968.63574219,-0.4999999999999998,-0.8660254037844388,5265.27001953125,7409.78375,6666.478541666666,0.1520841230677534,0.14974841653965573,0.16897076058747948,0.2963155888050572,0.21629574833701462
2023-07-17,4868.7099609375,10833.73632813,-0.4999999999999998,-0.8660254037844388,4957.050048828125,6666.478541666666,7808.057208333333,0.1472441802202259,0.146555462991576,0.1520841230677534,0.21629574833701462,0.3391913526786194
2023-07-18,4911.97998046875,10663.89746094,-0.4999999999999998,-0.8660254037844388,4868.7099609375,7808.057208333333,8692.921375,0.1496148414516471,0.14253552252426632,0.1472441802202259,0.3391913526786194,0.43445059297281774
2023-07-19,4990.330078125,10490.09375,-0.4999999999999998,-0.8660254037844388,4911.97998046875,8692.921375,8750.700416666667,0.15390745654643798,0.13842173760249882,0.1496148414516471,0.43445059297281774,0.4406707427104067
2023-07-20,4956.89990234375,10309.21582031,-0.4999999999999998,-0.8660254037844388,4990.330078125,8750.700416666667,8535.54475,0.1520758968997646,0.13414051198415677,0.15390745654643798,0.4406707427104067,0.41750835674910547
2023-07-21,4981.27490234375,10152.43066406,-0.4999999999999998,-0.8660254037844388,4956.89990234375,8535.54475,8111.746041666666,0.15341134504935836,0.13042954167029006,0.1520758968997646,0.41750835674910547,0.37188469549771286
2023-07-22,4976.83984375,9982.0390625,-0.4999999999999998,-0.8660254037844388,4981.27490234375,8111.746041666666,7306.854833333334,0.15316835876044088,0.126396518454029,0.15341134504935836,0.37188469549771286,0.28523487068432335
2023-07-23,4959.7900390625,9853.3828125,-0.4999999999999998,-0.8660254037844388,4976.83984375,7306.854833333334,6929.549291666666,0.1522342406016365,0.12335133525006471,0.15316835876044088,0.28523487068432335,0.24461638864842772
2023-07-24,4926.4599609375,9714.62011719,-0.4999999999999998,-0.8660254037844388,4959.7900390625,6929.549291666666,8259.304875,0.15040816506695565,0.12006694114488266,0.1522342406016365,0.24461638864842772,0.3877700063641056
2023-07-25,5065.3349609375,9580.43847656,-0.4999999999999998,-0.8660254037844388,4926.4599609375,8259.304875,9077.191166666666,0.15801679529361534,0.11689097667889797,0.15040816506695565,0.3877700063641056,0.4758188049550822
2023-07-26,5119.83984375,9461.72558594,-0.4999999999999998,-0.8660254037844388,5065.3349609375,9077.191166666666,9277.478083333332,0.16100298790472412,0.11408114427192141,0.15801679529361534,0.4758188049550822,0.4973805092722616
2023-07-27,5162.18994140625,9359.43261719,-0.4999999999999998,-0.8660254037844388,5119.83984375,9277.478083333332,9247.018791666667,0.1633232488093458,0.11165995734690888,0.16100298790472412,0.4973805092722616,0.49410144216414703
2023-07-28,5202.625,9287.66308594,-0.4999999999999998,-0.8660254037844388,5162.18994140625,9247.018791666667,8706.24325,0.16553858928843246,0.1099612340348359,0.1633232488093458,0.49410144216414703,0.43588474720755727
2023-07-29,5075.27001953125,9281.06152344,-0.4999999999999998,-0.8660254037844388,5202.625,8706.24325,7990.13475,0.15856111347269755,0.10980498070672381,0.16553858928843246,0.43588474720755727,0.3587927434312136
2023-07-30,4972.72998046875,9241.27832031,-0.4999999999999998,-0.8660254037844388,5075.27001953125,7990.13475,7316.243666666666,0.15294318914755767,0.10886334637515134,0.15856111347269755,0.3587927434312136,0.2862456169256942
2023-07-31,4931.31005859375,9157.02929688,-0.4999999999999998,-0.8660254037844388,4972.72998046875,7316.243666666666,8136.53525,0.15067389035681772,0.10686924417569013,0.15294318914755767,0.2862456169256942,0.37455335498499154
2023-08-01,5128.6201171875,9060.38183594,-0.8660254037844384,-0.5000000000000004,4931.31005859375,8136.53525,8995.12675,0.1614840381576487,0.10458168158343142,0.15067389035681772,0.37455335498499154,0.4669842354456153
2023-08-02,5223.85009765625,8955.45605469,-0.8660254037844384,-0.5000000000000004,5128.6201171875,8995.12675,9308.884208333331,0.16670146179673956,0.10209817824235526,0.1614840381576487,0.4669842354456153,0.500761506854472
2023-08-03,5335.18994140625,8870.10742188,-0.8660254037844384,-0.5000000000000004,5223.85009765625,9308.884208333331,9276.867041666666,0.1728015064454367,0.10007804923102216,0.16670146179673956,0.500761506854472,0.49731472814206407
2023-08-04,5165.080078125,8768.13769531,-0.8660254037844384,-0.5000000000000004,5335.18994140625,9276.867041666666,8818.306833333334,0.1634815925112177,0.09766451317145418,0.1728015064454367,0.49731472814206407,0.44794884949027564
2023-08-05,5243.9599609375,8658.96386719,-0.8660254037844384,-0.5000000000000004,5165.080078125,8818.306833333334,8093.204583333333,0.1678032332719202,0.09508046220072006,0.1634815925112177,0.44794884949027564,0.3698886318064534
2023-08-06,5106.7900390625,8559.68847656,-0.8660254037844384,-0.5000000000000004,5243.9599609375,8093.204583333333,7419.845916666666,0.1602880202114941,0.09273069876432684,0.1678032332719202,0.3698886318064534,0.297398822128869
2023-08-07,5012.2099609375,8482.62988281,-0.8660254037844384,-0.5000000000000004,5106.7900390625,7419.845916666666,8292.312916666668,0.15510620317270593,0.09090678787458298,0.1602880202114941,0.297398822128869,0.39132345681584085
2023-08-08,5251.76513671875,8399.58789063,-0.8660254037844384,-0.5000000000000004,5012.2099609375,8292.312916666668,9100.146875,0.16823086024850786,0.08894125507061683,0.15510620317270593,0.39132345681584085,0.47829008068148693
2023-08-09,5495.6201171875,8374.90039063,-0.8660254037844384,-0.5000000000000004,5251.76513671875,9100.146875,8536.568166666666,0.1815910933740959,0.08835692309803199,0.16823086024850786,0.47829008068148693,0.4176185317317114
2023-08-10,5654.6650390625,8378.71875,-0.8660254037844384,-0.5000000000000004,5495.6201171875,8536.568166666666,8896.374416666667,0.19030478554313174,0.08844730039272403,0.1815910933740959,0.4176185317317114,0.45635314357300666
2023-08-11,5796.06494140625,8474.94140625,-0.8660254037844384,-0.5000000000000004,5654.6650390625,8896.374416666667,8890.960375,0.19805174915083207,0.09072480822194592,0.19030478554313174,0.45635314357300666,0.4557702998829625
2023-08-12,5861.47998046875,8511.87597656,-0.8660254037844384,-0.5000000000000004,5796.06494140625,8890.960375,7975.01425,0.20163568321735997,0.0915990178553967,0.19805174915083207,0.4557702998829625,0.35716495987173874
2023-08-13,5641.7900390625,8796.99023438,-0.8660254037844384,-0.5000000000000004,5861.47998046875,7975.01425,7199.958791666667,0.18959939498206427,0.09834742805019256,0.20163568321735997,0.35716495987173874,0.27372707536023083
2023-08-14,5218.31005859375,9040.72558594,-0.8660254037844384,-0.5000000000000004,5641.7900390625,7199.958791666667,7766.102166666667,0.1663979362617778,0.10411643498753792,0.18959939498206427,0.27372707536023083,0.33467472114777835
2023-08-15,5927.33984375,9030.01171875,-0.8660254037844384,-0.5000000000000004,5218.31005859375,7766.102166666667,8538.390416666667,0.20524398814254732,0.10386284693086373,0.1663979362617778,0.33467472114777835,0.41781470438415375
2023-08-16,5730.4150390625,8920.53222656,-0.8660254037844384,-0.5000000000000004,5927.33984375,8538.390416666667,8810.224833333334,0.1944549474849461,0.10127156115348777,0.20524398814254732,0.41781470438415375,0.4470787891928201
2023-08-17,5678.26513671875,8818.95507813,-0.8660254037844384,-0.5000000000000004,5730.4150390625,8810.224833333334,9458.2725,0.1915977786403736,0.09886731708213,0.1944549474849461,0.4470787891928201,0.5168437663798209
2023-08-18,5636.72509765625,8719.66015625,-0.8660254037844384,-0.5000000000000004,5678.26513671875,9458.2725,8842.031041666667,0.18932189891524265,0.09651709135778373,0.1915977786403736,0.5168437663798209,0.45050285737933726
2023-08-19,5576.23486328125,8755.3828125,-0.8660254037844384,-0.5000000000000004,5636.72509765625,8842.031041666667,8759.538916666666,0.18600778315874686,0.09736261602381038,0.18932189891524265,0.45050285737933726,0.4416222433215252
2023-08-20,5390.08984375,8755.48632813,-0.8660254037844384,-0.5000000000000004,5576.23486328125,8759.538916666666,8519.017583333332,0.17580934123509157,0.0973650661500796,0.18600778315874686,0.4416222433215252,0.415729139779779
2023-08-21,5255.3349609375,8582.41699219,-0.8660254037844384,-0.5000000000000004,5390.08984375,8519.017583333332,9463.740458333334,0.16842644240839727,0.09326866325534465,0.17580934123509157,0.415729139779779,0.5174324144191644
2023-08-22,6108.89501953125,8445.10839844,-0.8660254037844384,-0.5000000000000004,5255.3349609375,9463.740458333334,10279.183208333334,0.2151909634675211,0.09001868648820388,0.16842644240839727,0.5174324144191644,0.6052181557731522
2023-08-23,6160.73486328125,8374.54003906,-0.8660254037844384,-0.5000000000000004,6108.89501953125,10279.183208333334,10919.467583333331,0.21803114494079967,0.08834839388512174,0.2151909634675211,0.6052181557731522,0.6741473829160135
2023-08-24,6835.76513671875,8375.11230469,-0.8660254037844384,-0.5000000000000004,6160.73486328125,10919.467583333331,10693.472,0.25501444461595296,0.08836193892226278,0.21803114494079967,0.6741473829160135,0.6498180356679775
2023-08-25,6932.16015625,8356.10644531,-0.8660254037844384,-0.5000000000000004,6835.76513671875,10693.472,9749.335,0.26029569796828367,0.08791208651508568,0.25501444461595296,0.6498180356679775,0.5481778328643718
2023-08-26,6427.91015625,8311.80664063,-0.8660254037844384,-0.5000000000000004,6932.16015625,9749.335,8741.070958333334,0.23266904240181635,0.0868635480946791,0.26029569796828367,0.5481778328643718,0.4396340922053541
2023-08-27,5599.4599609375,8270.98046875,-0.8660254037844384,-0.5000000000000004,6427.91015625,8741.070958333334,8347.707708333333,0.1872802308998411,0.08589722758641667,0.23266904240181635,0.4396340922053541,0.39728693230643536
2023-08-28,5803.3701171875,8225.63085938,-0.8660254037844384,-0.5000000000000004,5599.4599609375,8347.707708333333,9439.59375,0.19845198231922292,0.08482384118847748,0.1872802308998411,0.39728693230643536,0.5148329226801059
2023-08-29,6371.2900390625,8235.53808594,-0.8660254037844384,-0.5000000000000004,5803.3701171875,9439.59375,9580.498583333332,0.22956696114118752,0.08505833675257467,0.19845198231922292,0.5148329226801059,0.5300019032793284
2023-08-30,5859.47998046875,8246.43554688,-0.8660254037844384,-0.5000000000000004,6371.2900390625,9580.498583333332,9692.290458333331,0.2015261079845728,0.08531627031600705,0.22956696114118752,0.5300019032793284,0.5420367550506235
2023-08-31,5960.35498046875,8209.74511719,-0.8660254037844384,-0.5000000000000004,5859.47998046875,9692.290458333331,9924.095,0.2070528087882761,0.08444783928185035,0.2015261079845728,0.5420367550506235,0.5669914603802494
2023-09-01,5872.06005859375,8406.15917969,-1.0,-1.8369701987210297e-16,5960.35498046875,9924.095,9525.60775,0.20221534047908668,0.08909679185234258,0.2070528087882761,0.5669914603802494,0.5240926809608949
2023-09-02,5733.0849609375,8460.03808594,-1.0,-1.8369701987210297e-16,5872.06005859375,9525.60775,8712.916875,0.19460122614043446,0.09037205939947275,0.20221534047908668,0.5240926809608949,0.4366031901861031
2023-09-03,5384.1650390625,8435.19824219,-1.0,-1.8369701987210297e-16,5733.0849609375,8712.916875,8418.854916666667,0.17548473530866587,0.08978412158085455,0.19460122614043446,0.4366031901861031,0.4049462197656816
2023-09-04,5229.68505859375,8670.78808594,-1.0,-1.8369701987210297e-16,5384.1650390625,8418.854916666667,9232.392875,0.16702114539825488,0.09536033132746283,0.17548473530866587,0.4049462197656816,0.4925269025198065
2023-09-05,6079.5400390625,9017.79394531,-1.0,-1.8369701987210297e-16,5229.68505859375,9232.392875,9139.48025,0.2135826740583579,0.10357366270180896,0.16702114539825488,0.4925269025198065,0.48252447909183444
2023-09-06,5813.60986328125,9305.97460938,-1.0,-1.8369701987210297e-16,6079.5400390625,9139.48025,8729.249333333333,0.19901299360017508,0.11039465210522494,0.2135826740583579,0.48252447909183444,0.43836144600838456
2023-09-07,5424.89501953125,9655.94238281,-1.0,-1.8369701987210297e-16,5813.60986328125,8729.249333333333,8448.895458333334,0.17771623385430613,0.11867808944758347,0.19901299360017508,0.43836144600838456,0.4081802067266102
2023-09-08,5322.125,9826.70605469,-1.0,-1.8369701987210297e-16,5424.89501953125,8448.895458333334,8638.502208333333,0.17208570944746635,0.12271991924952655,0.17771623385430613,0.4081802067266102,0.42859214749678703
2023-09-09,5929.64501953125,10070.83203125,-1.0,-1.8369701987210297e-16,5322.125,8638.502208333333,8491.219500000001,0.20537028322897025,0.12849817194593183,0.17208570944746635,0.42859214749678703,0.41273656261401664
2023-09-10,5529.06494140625,10262.81152344,-1.0,-1.8369701987210297e-16,5929.64501953125,8491.219500000001,7897.653583333333,0.1834234555737438,0.13304216203675587,0.20537028322897025,0.41273656261401664,0.34883676825439697
2023-09-11,5363.25,10269.1953125,-1.0,-1.8369701987210297e-16,5529.06494140625,7897.653583333333,8995.786583333333,0.1743388501716527,0.1331932608541329,0.1834234555737438,0.34883676825439697,0.4670552691979379
2023-09-12,6107.31005859375,10054.22363281,-1.0,-1.8369701987210297e-16,5363.25,8995.786583333333,9005.525749999999,0.2151041272356785,0.12810506538504396,0.1743388501716527,0.4670552691979379,0.46810373025299457
2023-09-13,6216.205078125,9827.95214844,-1.0,-1.8369701987210297e-16,6107.31005859375,9005.525749999999,9309.252541666669,0.22107022579292904,0.12274941322092758,0.2151041272356785,0.46810373025299457,0.5008011594416492
2023-09-14,6206.66015625,9679.21972656,-1.0,-1.8369701987210297e-16,6216.205078125,9309.252541666669,9617.696125,0.22054728227473475,0.11922904422996211,0.22107022579292904,0.5008011594416492,0.5340063705110921
2023-09-15,5871.85986328125,9530.03125,-1.0,-1.8369701987210297e-16,6206.66015625,9617.696125,8748.781333333334,0.20220437225510163,0.1156978808154717,0.22054728227473475,0.5340063705110921,0.4404641455542769
2023-09-16,5792.919921875,9314.65429688,-1.0,-1.8369701987210297e-16,5871.85986328125,8748.781333333334,8464.214,0.1978794410272036,0.11060009287153562,0.20220437225510163,0.4404641455542769,0.40982931028007263
2023-09-17,5478.83984375,8963.76074219,-1.0,-1.8369701987210297e-16,5792.919921875,8464.214,8484.711166666666,0.1806717421900226,0.10229474307996844,0.1978794410272036,0.40982931028007263,0.4120359139582457
2023-09-18,5333.48486328125,8581.06738281,-1.0,-1.8369701987210297e-16,5478.83984375,8484.711166666666,9692.640333333333,0.1727080892792031,0.09323671915767442,0.1806717421900226,0.4120359139582457,0.5420744205228548
2023-09-19,6341.60009765625,8306.97460938,-1.0,-1.8369701987210297e-16,5333.48486328125,9692.640333333333,9405.568041666667,0.22794032002067377,0.08674917805510829,0.1727080892792031,0.5420744205228548,0.5111699162567412
2023-09-20,6546.080078125,8112.51123047,-1.0,-1.8369701987210297e-16,6341.60009765625,9405.568041666667,10056.839,0.23914329075076424,0.0821463964938326,0.22794032002067377,0.5111699162567412,0.58128189395182
2023-09-21,6607.9951171875,7974.2421875,-1.0,-1.8369701987210297e-16,6546.080078125,10056.839,10549.359,0.24253546815991456,0.07887368671657374,0.23914329075076424,0.58128189395182,0.6343036828286799
2023-09-22,6444.8798828125,7757.03222656,-1.0,-1.8369701987210297e-16,6607.9951171875,10549.359,10563.046833333334,0.23359877327102668,0.07373251304807162,0.24253546815991456,0.6343036828286799,0.6357772339721495
2023-09-23,6061.534912109375,7604.84082031,-1.0,-1.8369701987210297e-16,6444.8798828125,10563.046833333334,10253.411208333331,0.21259621606973222,0.07013027286074916,0.23359877327102668,0.6357772339721495,0.6024436947503824
2023-09-24,5637.239990234375,7409.81591797,-1.0,-1.8369701987210297e-16,6061.534912109375,10253.411208333331,10279.020541666669,0.18935010865229687,0.0655142005210024,0.21259621606973222,0.6024436947503824,0.6052006440423449
2023-09-25,5671.840087890625,7281.27001953,-1.0,-1.8369701987210297e-16,5637.239990234375,10279.020541666669,11368.292125,0.19124576552986822,0.06247162924391339,0.18935010865229687,0.6052006440423449,0.7224651773020354
2023-09-26,6585.14990234375,7186.69580078,-1.0,-1.8369701987210297e-16,5671.840087890625,11368.292125,11152.534,0.24128383329262607,0.060233138517924216,0.19124576552986822,0.7224651773020354,0.6992379342414142
2023-09-27,6790.0849609375,7103.51318359,-1.0,-1.8369701987210297e-16,6585.14990234375,11152.534,10920.427916666666,0.25251173666845816,0.058264277240459815,0.24128383329262607,0.6992379342414142,0.6742507667202274
2023-09-28,6564.580078125,6943.96386719,-1.0,-1.8369701987210297e-16,6790.0849609375,10920.427916666666,10876.3295,0.24015686165404562,0.054487881624193504,0.25251173666845816,0.6742507667202274,0.6695033921195945
2023-09-29,6344.300048828125,6761.15820313,-1.0,-1.8369701987210297e-16,6564.580078125,10876.3295,10240.037458333334,0.22808824390975987,0.050161028185009254,0.24015686165404562,0.6695033921195945,0.6010039559600963
2023-09-30,6098.830078125,6649.32324219,-1.0,-1.8369701987210297e-16,6344.300048828125,10240.037458333334,9411.807125,0.2146395293187315,0.047513990480502165,0.22808824390975987,0.6010039559600963,0.5118415790507092
2023-10-01,5889.52490234375,6446.35302734,-0.8660254037844386,0.5000000000000001,6098.830078125,9411.807125,9889.532916666669,0.20317219763883565,0.04270985940124063,0.2146395293187315,0.5118415790507092,0.5632707109982055
2023-10-02,5259.64013671875,6506.58203125,-0.8660254037844386,0.5000000000000001,5889.52490234375,9889.532916666669,10688.226916666668,0.16866231272760737,0.044135428319176835,0.20317219763883565,0.5632707109982055,0.6492533810323455
2023-10-03,6587.1298828125,6493.16992188,-0.8660254037844386,0.5000000000000001,5259.64013671875,10688.226916666668,10483.80575,0.24139231170301473,0.04381797518197398,0.16866231272760737,0.6492533810323455,0.627246607823214
2023-10-04,6970.340087890625,6565.32080078,-0.8660254037844386,0.5000000000000001,6587.1298828125,10483.80575,9760.197458333334,0.2623874854169437,0.045525724666181246,0.24139231170301473,0.627246607823214,0.5493472208535576
2023-10-05,7097.239990234375,6603.61376953,-0.8660254037844386,0.5000000000000001,6970.340087890625,9760.197458333334,9005.3855,0.26934002858693695,0.046432086426821936,0.2623874854169437,0.5493472208535576,0.4680886317678774
2023-10-06,7295.074951171875,6942.92285156,-0.8660254037844386,0.5000000000000001,7097.239990234375,9005.3855,9516.511291666668,0.2801789345360214,0.05446324167618055,0.26934002858693695,0.4680886317678774,0.5231134100819924
2023-10-07,6717.76513671875,7244.33886719,-0.8660254037844386,0.5000000000000001,7295.074951171875,9516.511291666668,8655.072125,0.24854950588150948,0.06159750051088398,0.2801789345360214,0.5231134100819924,0.4303759666781547
2023-10-08,6184.590087890625,7610.75683594,-0.8660254037844386,0.5000000000000001,6717.76513671875,8655.072125,8147.934333333334,0.21933811583568102,0.0702702998818295,0.24854950588150948,0.4303759666781547,0.37578051284637737
2023-10-09,6038.58984375,8402.88574219,-0.8660254037844386,0.5000000000000001,6184.590087890625,8147.934333333334,9053.184541666667,0.2113391104663341,0.08901931239142072,0.21933811583568102,0.37578051284637737,0.473234393758794
2023-10-10,6941.080078125,9741.92578125,-0.8660254037844386,0.5000000000000001,6038.58984375,9053.184541666667,9429.888,0.2607843992262319,0.12071324281750724,0.2113391104663341,0.473234393758794,0.5137880590656506
2023-10-11,6714.804931640625,11325.62597656,-0.8660254037844386,0.5000000000000001,6941.080078125,9429.888,9215.905708333334,0.2483873233012428,0.15819806951557258,0.2607843992262319,0.5137880590656506,0.4907519917137934
2023-10-12,6256.155029296875,12487.18164063,-0.8660254037844386,0.5000000000000001,6714.804931640625,9215.905708333334,8780.111041666667,0.22325898839267633,0.18569109685544563,0.2483873233012428,0.4907519917137934,0.4438369165703241
2023-10-13,5644.89013671875,13115.45507813,-0.8660254037844386,0.5000000000000001,6256.155029296875,8780.111041666667,8946.48625,0.18976924194323758,0.2005617908121862,0.22325898839267633,0.4438369165703241,0.4617478870295817
2023-10-14,5756.7900390625,13236.70800781,-0.8660254037844386,0.5000000000000001,5644.89013671875,8946.48625,8299.421333333334,0.19589997086732702,0.2034317437673905,0.18976924194323758,0.4617478870295817,0.3920887068924849
2023-10-15,5139.429931640625,13015.80175781,-0.8660254037844386,0.5000000000000001,5756.7900390625,8299.421333333334,8461.885041666666,0.16207628212519237,0.19820308210384338,0.19589997086732702,0.3920887068924849,0.4095785884067416
2023-10-16,5091.10498046875,12534.7265625,-0.8660254037844386,0.5000000000000001,5139.429931640625,8461.885041666666,9140.315375,0.15942867323814877,0.1868164444193014,0.16207628212519237,0.4095785884067416,0.4826143837077602
2023-10-17,5768.9599609375,12178.41796875,-0.8660254037844386,0.5000000000000001,5091.10498046875,9140.315375,9739.910833333332,0.19656673187855447,0.17838292529282573,0.15942867323814877,0.4826143837077602,0.5471632828454073
2023-10-18,5816.5048828125,12079.19726563,-0.8660254037844386,0.5000000000000001,5768.9599609375,9739.910833333332,9771.478583333334,0.19917160481970514,0.17603445626293757,0.19656673187855447,0.5471632828454073,0.5505616800187558
2023-10-19,6102.4150390625,12260.46972656,-0.8660254037844386,0.5000000000000001,5816.5048828125,9771.478583333334,9711.316875,0.21483594078336127,0.18032502009769344,0.19917160481970514,0.5505616800187558,0.5440850264864704
2023-10-20,6134.91015625,12383.55957031,-0.8660254037844386,0.5000000000000001,6102.4150390625,9711.316875,9084.1485,0.21661627079849474,0.18323845123505433,0.21483594078336127,0.5440850264864704,0.476567790294045
2023-10-21,5479.89013671875,12381.95410156,-0.8660254037844386,0.5000000000000001,6134.91015625,9084.1485,8552.489625,0.18072928523829537,0.1832004511653182,0.21661627079849474,0.476567790294045,0.4193325417259487
2023-10-22,5201.344970703125,12160.53027344,-0.8660254037844386,0.5000000000000001,5479.89013671875,8552.489625,8651.166875,0.16546845953434272,0.17795953887113503,0.18072928523829537,0.4193325417259487,0.4299555505711715
2023-10-23,5185.52001953125,11818.62011719,-0.8660254037844386,0.5000000000000001,5201.344970703125,8651.166875,9811.944791666669,0.16460144818009076,0.1698668184236068,0.16546845953434272,0.4299555505711715,0.5549180325626061
2023-10-24,6058.625,11430.7734375,-0.8660254037844386,0.5000000000000001,5185.52001953125,9811.944791666669,9716.31925,0.21243678892134474,0.1606868198249744,0.16460144818009076,0.5549180325626061,0.5446235525790816
2023-10-25,6396.409912109375,11215.83300781,-0.8660254037844386,0.5000000000000001,6058.625,9716.31925,9454.235,0.23094321910953539,0.15559936401661023,0.21243678892134474,0.5446235525790816,0.5164091130203832
2023-10-26,6290.31005859375,10796.515625,-0.8660254037844386,0.5000000000000001,6396.409912109375,9454.235,9793.286958333332,0.22513026103570533,0.14567448083943635,0.23094321910953539,0.5164091130203832,0.5529094406274566
2023-10-27,6955.93994140625,10478.45996094,-0.8660254037844386,0.5000000000000001,6290.31005859375,9793.286958333332,9415.369208333334,0.26159853571534625,0.13814637578335692,0.22513026103570533,0.5529094406274566,0.5122250518649335
2023-10-28,6951.60009765625,11025.22460938,-0.8660254037844386,0.5000000000000001,6955.93994140625,9415.369208333334,8819.247208333332,0.26136076602076314,0.15108782654032307,0.26159853571534625,0.5122250518649335,0.44805008469841945
2023-10-29,6745.425048828125,11705.21484375,-0.8660254037844386,0.5000000000000001,6951.60009765625,8819.247208333332,9538.420166666669,0.2500649265356383,0.16718261276767898,0.26136076602076314,0.44805008469841945,0.5254719899260182
2023-10-30,6777.89013671875,13193.5546875,-0.8660254037844386,0.5000000000000001,6745.425048828125,9538.420166666669,9550.331916666668,0.25184361131717403,0.2024103416497063,0.2500649265356383,0.5254719899260182,0.5267543384472029
2023-10-31,7188.93994140625,15943.22851563,-0.8660254037844386,0.5000000000000001,6777.89013671875,9550.331916666668,10069.482333333332,0.2743640503350525,0.267492765222612,0.25184361131717403,0.5267543384472029,0.5826430004057703
2023-11-01,7599.905029296875,18337.73828125,-0.5000000000000004,0.8660254037844384,7188.93994140625,10069.482333333332,10833.252083333333,0.2968798479215617,0.32416875974285086,0.2743640503350525,0.5826430004057703,0.6648659323375338
2023-11-02,7760.550048828125,18725.48046875,-0.5000000000000004,0.8660254037844384,7599.905029296875,10833.252083333333,10647.81025,0.30568120562718043,0.3333462851008756,0.2968798479215617,0.6648659323375338,0.6449023618511824
2023-11-03,8875.33984375,18348.06835938,-0.5000000000000004,0.8660254037844384,7760.550048828125,10647.81025,10619.292083333334,0.36675788127084796,0.32441326384130786,0.30568120562718043,0.6449023618511824,0.6418322647746066
2023-11-04,9443.7099609375,19214.26367188,-0.5000000000000004,0.8660254037844384,8875.33984375,10619.292083333334,10300.068,0.397897525220896,0.34491536472624423,0.36675788127084796,0.6418322647746066,0.6074664888651833
2023-11-05,8808.5751953125,20911.06835938,-0.5000000000000004,0.8660254037844384,9443.7099609375,10300.068,9529.631208333334,0.36310000532360137,0.3850772778457613,0.397897525220896,0.6074664888651833,0.5245258226775864
2023-11-06,8086.8349609375,20706.6875,-0.5000000000000004,0.8660254037844384,8808.5751953125,9529.631208333334,10525.386125,0.32355757822684483,0.38023975801912435,0.36310000532360137,0.5245258226775864,0.6317229049576871
2023-11-07,8364.594970703125,19727.85742188,-0.5000000000000004,0.8660254037844384,8086.8349609375,10525.386125,10446.688,0.33877538709136346,0.3570716887381833,0.32355757822684483,0.6317229049576871,0.6232507304901431
2023-11-08,7817.75,18951.49414063,-0.5000000000000004,0.8660254037844384,8364.594970703125,10446.688,11219.606583333334,0.30881505460971714,0.33869583506424905,0.33877538709136346,0.6232507304901431,0.7064585716833975
2023-11-09,7279.33984375,17768.23046875,-0.5000000000000004,0.8660254037844384,7817.75,11219.606583333334,11486.847625,0.2793168455066798,0.31068899777907966,0.30881505460971714,0.7064585716833975,0.7352281609193313
2023-11-10,7434.989990234375,16451.26953125,-0.5000000000000004,0.8660254037844384,7279.33984375,11486.847625,11017.966291666666,0.28784454602387166,0.27951766076939644,0.2793168455066798,0.7352281609193313,0.684751171021864
2023-11-11,7563.2900390625,15267.20117188,-0.5000000000000004,0.8660254037844384,7434.989990234375,11017.966291666666,11509.359375,0.29487379988234574,0.2514917772208003,0.28784454602387166,0.684751171021864,0.7376516427185448
2023-11-12,7271.18994140625,14251.45410156,-0.5000000000000004,0.8660254037844384,7563.2900390625,11509.359375,11193.038374999998,0.2788703317834252,0.22744991436521117,0.29487379988234574,0.7376516427185448,0.7035983955827589
2023-11-13,8481.75,13328.91992188,-0.5000000000000004,0.8660254037844384,7271.18994140625,11193.038374999998,11636.130041666664,0.3451940318950603,0.20561432076564248,0.2788703317834252,0.7035983955827589,0.7512990225686598
2023-11-14,8496.18994140625,12591.44824219,-0.5000000000000004,0.8660254037844384,8481.75,11636.130041666664,11485.967666666666,0.3459851618655718,0.18815899797804905,0.3451940318950603,0.7512990225686598,0.735133429812025
2023-11-15,7755.3798828125,11928.04980469,-0.5000000000000004,0.8660254037844384,8496.18994140625,11485.967666666666,10765.944416666667,0.3053979445548252,0.17245692536664345,0.3459851618655718,0.735133429812025,0.6576199872149113
2023-11-16,8129.179931640625,11399.15234375,-0.5000000000000004,0.8660254037844384,7755.3798828125,10765.944416666667,11702.412958333334,0.3258775582379254,0.15993837562907656,0.3053979445548252,0.6576199872149113,0.7584346491698998
2023-11-17,7878.10009765625,10820.15820313,-0.5000000000000004,0.8660254037844384,8129.179931640625,11702.412958333334,11685.200791666668,0.3121214926094234,0.14623408040665437,0.3258775582379254,0.7584346491698998,0.7565816891538327
2023-11-18,8008.465087890625,10177.34375,-0.5000000000000004,0.8660254037844384,7878.10009765625,11685.200791666668,10910.366791666667,0.3192638796855383,0.13101921306879113,0.3121214926094234,0.7565816891538327,0.6731676455360855
2023-11-19,7335.4951171875,9619.15136719,-0.5000000000000004,0.8660254037844384,8008.465087890625,10910.366791666667,11156.847208333333,0.28239345908625063,0.11780727763064636,0.3192638796855383,0.6731676455360855,0.6997022687286064
2023-11-20,6784.83984375,9198.52148438,-0.5000000000000004,0.8660254037844384,7335.4951171875,11156.847208333333,11911.00175,0.25222436920005,0.1078513287030313,0.28239345908625063,0.6997022687286064,0.7808900842259975
2023-11-21,7379.989990234375,8908.51269531,-0.5000000000000004,0.8660254037844384,6784.83984375,11911.00175,11525.31975,0.28483122712222425,0.10098706914721506,0.25222436920005,0.7808900842259975,0.739369842250839
2023-11-22,7363.9150390625,8708.86132813,-0.5000000000000004,0.8660254037844384,7379.989990234375,11525.31975,12302.371333333334,0.2839505188638739,0.09626149234869152,0.28483122712222425,0.739369842250839,0.8230226177684418
2023-11-23,7380.0400390625,8728.13671875,-0.5000000000000004,0.8660254037844384,7363.9150390625,12302.371333333334,11703.933958333331,0.2848339691782205,0.09671772432938328,0.2839505188638739,0.8230226177684418,0.7585983910298882
2023-11-24,7698.89501953125,9341.69726563,-0.5000000000000004,0.8660254037844384,7380.0400390625,11703.933958333331,11395.413833333334,0.30230327353332775,0.11124017677125157,0.2848339691782205,0.7585983910298882,0.725384939937522
2023-11-25,7618.875,9917.26757813,-0.5000000000000004,0.8660254037844384,7698.89501953125,11395.413833333334,10335.36775,0.29791916739944213,0.12486343291563223,0.30230327353332775,0.725384939937522,0.6112666510756639
2023-11-26,6395.85986328125,10558.10742188,-0.5000000000000004,0.8660254037844384,7618.875,10335.36775,9433.519541666668,0.23091308324534232,0.14003156294132935,0.29791916739944213,0.6112666510756639,0.5141790093530452
2023-11-27,6307.85009765625,11400.17773438,-0.5000000000000004,0.8660254037844384,6395.85986328125,9433.519541666668,10083.0215,0.22609123796739014,0.1599626457467271,0.23091308324534232,0.5141790093530452,0.5841005469755924
2023-11-28,7564.66015625,12278.76269531,-0.5000000000000004,0.8660254037844384,6307.85009765625,10083.0215,10914.31,0.29494886533722875,0.18075799899446793,0.22609123796739014,0.5841005469755924,0.6735921480126295
2023-11-29,7855.3349609375,13314.77246094,-0.5000000000000004,0.8660254037844384,7564.66015625,10914.31,11455.9255,0.31087424503172895,0.20527946248683188,0.29494886533722875,0.6735921480126295,0.7318992679132119
2023-11-30,7754.010009765625,14033.15429688,-0.5000000000000004,0.8660254037844384,7855.3349609375,11455.9255,11883.119208333332,0.3053228924758251,0.22228294502916862,0.31087424503172895,0.7318992679132119,0.7778884147758222
2023-12-01,7667.590087890625,14793.26953125,-2.4492935982947064e-16,1.0,7754.010009765625,11883.119208333332,12052.355375,0.3005881509473737,0.24027422135488852,0.3053228924758251,0.7778884147758222,0.7961073790804781
2023-12-02,7560.905029296875,14601.18847656,-2.4492935982947064e-16,1.0,7667.590087890625,12052.355375,12005.619416666666,0.2947431308822117,0.23572782736670894,0.3005881509473737,0.7961073790804781,0.7910760623507865
2023-12-03,6696.60498046875,14206.08789063,-2.4492935982947064e-16,1.0,7560.905029296875,12005.619416666666,11063.601125,0.24739019135805607,0.22637613502257106,0.2947431308822117,0.7910760623507865,0.6896639471495962
2023-12-04,7198.614990234375,14165.33886719,-2.4492935982947064e-16,1.0,6696.60498046875,11063.601125,12171.514541666666,0.27489412319883705,0.22541164055178217,0.24739019135805607,0.6896639471495962,0.8089353498791108
2023-12-05,6588.5048828125,14356.56347656,-2.4492935982947064e-16,1.0,7198.614990234375,12171.514541666666,12394.2215,0.24146764467555593,0.2299377632130455,0.27489412319883705,0.8089353498791108,0.8329106632189907
2023-12-06,6362.2451171875,14460.59472656,-2.4492935982947064e-16,1.0,6588.5048828125,12394.2215,12123.806833333334,0.22907141143119003,0.2324000937658745,0.24146764467555593,0.8329106632189907,0.8037994202944264
2023-12-07,7186.574951171875,14305.15136719,-2.4492935982947064e-16,1.0,6362.2451171875,12123.806833333334,12163.197791666666,0.274234478157317,0.2287208826344968,0.22907141143119003,0.8037994202944264,0.8080400177857102
2023-12-08,7383.074951171875,14204.65820313,-2.4492935982947064e-16,1.0,7186.574951171875,12163.197791666666,11559.679875,0.2850002447786572,0.22634229554441188,0.274234478157317,0.8080400177857102,0.7430688499937378
2023-12-09,6795.6298828125,14394.67675781,-2.4492935982947064e-16,1.0,7383.074951171875,11559.679875,11214.817375,0.25281552972107807,0.23083987192451863,0.2850002447786572,0.7430688499937378,0.7059429938527769
2023-12-10,6077.4599609375,14397.11230469,-2.4492935982947064e-16,1.0,6795.6298828125,11214.817375,10293.417458333332,0.2134687115359767,0.23089751923237534,0.25281552972107807,0.7059429938527769,0.6067505309017162
2023-12-11,6538.044921875,14808.69628906,-2.4492935982947064e-16,1.0,6077.4599609375,10293.417458333332,11011.922458333334,0.23870306369247668,0.24063935949450194,0.2134687115359767,0.6067505309017162,0.6841005276875692
2023-12-12,7335.2451171875,14842.81640625,-2.4492935982947064e-16,1.0,6538.044921875,11011.922458333334,11219.124583333332,0.2823797621821522,0.24144695343404457,0.23870306369247668,0.6841005276875692,0.7064066824154719
2023-12-13,6870.5400390625,14270.90917969,-2.4492935982947064e-16,1.0,7335.2451171875,11219.124583333332,11823.620041666669,0.2569196786256869,0.22791039939530713,0.2823797621821522,0.7064066824154719,0.7714830865590008
2023-12-14,6463.635009765625,13511.94238281,-2.4492935982947064e-16,1.0,6870.5400390625,11823.620041666669,12672.840083333334,0.23462632197194758,0.20994630560098668,0.2569196786256869,0.7714830865590008,0.8629050912679427
2023-12-15,7022.425048828125,12807.43652344,-2.4492935982947064e-16,1.0,6463.635009765625,12672.840083333334,12500.166333333333,0.2652410962766625,0.1932712555350322,0.23462632197194758,0.8629050912679427,0.8443160570823751
2023-12-16,6922.6201171875,12241.26464844,-2.4492935982947064e-16,1.0,7022.425048828125,12500.166333333333,11692.616208333333,0.25977302196774754,0.17987045235363242,0.2652410962766625,0.8443160570823751,0.7573799890339064
2023-12-17,6386.080078125,11733.32910156,-2.4492935982947064e-16,1.0,6922.6201171875,11692.616208333333,11620.221791666663,0.23037727212778997,0.16784805316155751,0.25977302196774754,0.7573799890339064,0.7495864345054333
2023-12-18,6660.510009765625,11201.78515625,-2.4492935982947064e-16,1.0,6386.080078125,11620.221791666663,13275.214125,0.2454126339494354,0.15526686340647822,0.23037727212778997,0.7495864345054333,0.9277531162459147
2023-12-19,6746.2900390625,10758.3828125,-2.4492935982947064e-16,1.0,6660.510009765625,13275.214125,12719.052458333334,0.2501123172887834,0.1447719098400102,0.2454126339494354,0.9277531162459147,0.8678800421140976
2023-12-20,6832.8701171875,10436.84375,-2.4492935982947064e-16,1.0,6746.2900390625,12719.052458333334,12042.36325,0.2548558333964229,0.13716135572745508,0.2501123172887834,0.8678800421140976,0.7950316860280515
2023-12-21,6431.080078125,10244.06054688,-2.4492935982947064e-16,1.0,6832.8701171875,12042.36325,11927.731083333332,0.23284271486550148,0.13259834248754285,0.2548558333964229,0.7950316860280515,0.7826910652624032
2023-12-22,6608.23486328125,10001.58398438,-2.4492935982947064e-16,1.0,6431.080078125,11927.731083333332,11204.595625,0.2425486032769308,0.12685913000870877,0.23284271486550148,0.7826910652624032,0.7048425807315796
2023-12-23,6288.469970703125,9643.13671875,-2.4492935982947064e-16,1.0,6608.23486328125,11204.595625,10518.700666666666,0.22502944700622327,0.1183749903512619,0.2425486032769308,0.7048425807315796,0.6310031880724943
2023-12-24,6713.3349609375,9482.32421875,-2.4492935982947064e-16,1.0,6288.469970703125,10518.700666666666,9722.262041666669,0.24830678711025017,0.11456869626148773,0.22502944700622327,0.6310031880724943,0.5452633183654237
2023-12-25,5609.8701171875,9564.30273438,-2.4492935982947064e-16,1.0,6713.3349609375,9722.262041666669,9117.523458333331,0.18785057854706344,0.11650905748670921,0.24830678711025017,0.5452633183654237,0.4801607408230061
2023-12-26,5993.1201171875,9631.91113281,-2.4492935982947064e-16,1.0,5609.8701171875,9117.523458333331,9713.210666666668,0.20884793252990647,0.11810929035021923,0.18785057854706344,0.4801607408230061,0.544288900891422
2023-12-27,5969.39501953125,9638.03320313,-2.4492935982947064e-16,1.0,5993.1201171875,9713.210666666668,10039.895125,0.2075480909806154,0.11825419450926282,0.20884793252990647,0.544288900891422,0.5794578166290595
2023-12-28,5445.919921875,9711.80957031,-2.4492935982947064e-16,1.0,5969.39501953125,10039.895125,10409.690875,0.17886813813862817,0.12000041790832847,0.2075480909806154,0.5794578166290595,0.619267838930814
2023-12-29,5456.324951171875,9798.05175781,-2.4492935982947064e-16,1.0,5445.919921875,10409.690875,10074.055333333334,0.17943820489230944,0.12204169659357025,0.17886813813862817,0.619267838930814,0.5831353025265654
2023-12-30,5787.820068359375,9882.84179688,-2.4492935982947064e-16,1.0,5456.324951171875,10074.055333333334,9668.515875,0.19760003220912603,0.12404860416968441,0.17943820489230944,0.5831353025265654,0.5394773240871393
2023-12-31,5445.85986328125,10022.01074219,-2.4492935982947064e-16,1.0,5787.820068359375,9668.515875,9347.540125,0.17886484767143268,0.1273426138642887,0.19760003220912603,0.5394773240871393,0.5049229741092871
2024-01-01,5377.68505859375,10188.40917969,0.49999999999999994,0.8660254037844387,5445.85986328125,9347.540125,9367.737,0.17512971262450605,0.13128112230861924,0.17886484767143268,0.5049229741092871,0.5070972501635028
2024-01-02,5785.125,10467.02832031,0.49999999999999994,0.8660254037844387,5377.68505859375,9367.737,10436.426875,0.19745237583769812,0.137875798644351,0.17512971262450605,0.5070972501635028,0.6221460784894344
2024-01-03,6174.23486328125,10724.54199219,0.49999999999999994,0.8660254037844387,5785.125,10436.426875,10756.348666666669,0.21877077776211312,0.14397092661831373,0.19745237583769812,0.6221460784894344,0.6565869655495677
2024-01-04,5944.705078125,10664.88769531,0.49999999999999994,0.8660254037844387,6174.23486328125,10756.348666666669,10839.760625,0.2061953879420696,0.14255896052336484,0.21877077776211312,0.6565869655495677,0.6655666034212386
2024-01-05,6248.39501953125,10518.28222656,0.49999999999999994,0.8660254037844387,5944.705078125,10839.760625,10405.981291666669,0.22283383595442677,0.13908893469059874,0.2061953879420696,0.6655666034212386,0.618868487139372
2024-01-06,6141.570068359375,10531.203125,0.49999999999999994,0.8660254037844387,6248.39501953125,10405.981291666669,10347.5205,0.2169811515083582,0.13939476128596132,0.22283383595442677,0.618868487139372,0.6125749442308116
2024-01-07,6169.889892578125,10663.80273438,0.49999999999999994,0.8660254037844387,6141.570068359375,10347.5205,10216.893875,0.21853272717398894,0.1425332804277535,0.2169811515083582,0.6125749442308116,0.5985124547228794
2024-01-08,6477.510009765625,10814.85351563,0.49999999999999994,0.8660254037844387,6169.889892578125,10216.893875,11247.213041666668,0.23538650014940862,0.1461085229986211,0.21853272717398894,0.5985124547228794,0.7094305196355373
2024-01-09,6995.860107421875,10966.57519531,0.49999999999999994,0.8660254037844387,6477.510009765625,11247.213041666668,11251.561916666666,0.26378566645737866,0.14969964516049653,0.23538650014940862,0.7094305196355373,0.709898693785017
2024-01-10,6553.93994140625,11257.85351563,0.49999999999999994,0.8660254037844387,6995.860107421875,11251.561916666666,10862.965041666666,0.23957391392512342,0.1565939534332574,0.26378566645737866,0.709898693785017,0.668064653615161
2024-01-11,7724.64501953125,11492.18164063,0.49999999999999994,0.8660254037844387,6553.93994140625,10862.965041666666,10285.031791666666,0.3037140546554627,0.16214029937810223,0.23957391392512342,0.668064653615161,0.6058477796477739
2024-01-12,7427.52001953125,11490.49414063,0.49999999999999994,0.8660254037844387,7724.64501953125,10285.031791666666,10189.023583333334,0.2874352841345175,0.16210035769896353,0.3037140546554627,0.6058477796477739,0.595512104035219
2024-01-13,6583.625,11680.3671875,0.49999999999999994,0.8660254037844387,7427.52001953125,10189.023583333334,9690.281083333331,0.241200287527979,0.1665944900338796,0.2874352841345175,0.595512104035219,0.5418204376279312
2024-01-14,6893.0400390625,11852.02246094,0.49999999999999994,0.8660254037844387,6583.625,9690.281083333331,9867.158916666667,0.25815239999454265,0.1706574232808177,0.241200287527979,0.5418204376279312,0.5608620585489019
2024-01-15,6938.8349609375,11828.94335938,0.49999999999999994,0.8660254037844387,6893.0400390625,9867.158916666667,10797.673333333334,0.26066139460700455,0.17011116072122115,0.25815239999454265,0.5608620585489019,0.6610357346379429
2024-01-16,7603.10498046875,11977.64453125,0.49999999999999994,0.8660254037844387,6938.8349609375,10797.673333333334,10849.120166666666,0.2970551656188446,0.17363079005122517,0.26066139460700455,0.6610357346379429,0.6665741962950997
2024-01-17,7183.27001953125,12221.97460938,0.49999999999999994,0.8660254037844387,7603.10498046875,10849.120166666666,10797.468458333333,0.27405340883038337,0.17941387365691677,0.2970551656188446,0.6665741962950997,0.6610136790077223
2024-01-18,7128.89501953125,12279.54589844,0.49999999999999994,0.8660254037844387,7183.27001953125,10797.468458333333,10858.44625,0.27107433218898197,0.18077653674150132,0.27405340883038337,0.6610136790077223,0.6675781872427732
2024-01-19,7225.2900390625,12384.44433594,0.49999999999999994,0.8660254037844387,7128.89501953125,10858.44625,10835.335375,0.2763555855413126,0.1832593928794433,0.27107433218898197,0.6675781872427732,0.6650902071911823
2024-01-20,7810.77001953125,12542.17675781,0.49999999999999994,0.8660254037844387,7225.2900390625,10835.335375,10596.931041666669,0.30843263811736055,0.18699278415891193,0.2763555855413126,0.6650902071911823,0.6394250073427935
2024-01-21,7130.14501953125,12974.43457031,0.49999999999999994,0.8660254037844387,7810.77001953125,10596.931041666669,10219.904458333333,0.27114281670947393,0.19722395621940136,0.30843263811736055,0.6394250073427935,0.5988365563104213
2024-01-22,6845.77001953125,13480.10253906,0.49999999999999994,0.8660254037844387,7130.14501953125,10219.904458333333,10966.219125,0.2555625882975471,0.2091926837800153,0.27114281670947393,0.5988365563104213,0.6791803772551628
2024-01-23,7452.56005859375,13809.99023438,0.49999999999999994,0.8660254037844387,6845.77001953125,10966.219125,10620.003333333334,0.28880716818915425,0.21700084287825533,0.2555625882975471,0.6791803772551628,0.6419088337410216
2024-01-24,7085.85498046875,13893.36425781,0.49999999999999994,0.8660254037844387,7452.56005859375,10620.003333333334,10447.495291666666,0.2687162710392606,0.21897423457742243,0.28880716818915425,0.6419088337410216,0.6233376387340968
2024-01-25,6847.909912109375,13958.66796875,0.49999999999999994,0.8660254037844387,7085.85498046875,10447.495291666666,10227.470166666666,0.25567982791124083,0.2205199174627158,0.2687162710392606,0.6233376387340968,0.5996510357020276
2024-01-26,6636.125,13690.171875,0.49999999999999994,0.8660254037844387,6847.909912109375,10227.470166666666,9676.482083333334,0.24407663738864244,0.21416484497290267,0.25567982791124083,0.5996510357020276,0.5403349189389203
2024-01-27,6498.81005859375,13537.97265625,0.49999999999999994,0.8660254037844387,6636.125,9676.482083333334,8922.950125,0.23655347905376864,0.21056241987039903,0.24407663738864244,0.5403349189389203,0.4592141270792661
2024-01-28,5819.375,13357.70703125,0.49999999999999994,0.8660254037844387,6498.81005859375,8922.950125,8098.040541666666,0.19932885169917852,0.2062956869794425,0.23655347905376864,0.4592141270792661,0.37040924246544654
2024-01-29,5729.1201171875,13149.06054688,0.49999999999999994,0.8660254037844387,5819.375,8098.040541666666,8800.455166666667,0.19438400180199894,0.20135720346410824,0.19932885169917852,0.37040924246544654,0.4460270446882369
2024-01-30,5943.9150390625,13025.47460938,0.49999999999999994,0.8660254037844387,5729.1201171875,8800.455166666667,9335.515791666669,0.20615210358497738,0.19843203021274128,0.19438400180199894,0.4460270446882369,0.5036285055326103
2024-01-31,7093.02001953125,12834.89941406,0.49999999999999994,0.8660254037844387,5943.9150390625,9335.515791666669,9662.2675,0.269108826450862,0.19392127862561925,0.20615210358497738,0.5036285055326103,0.5388046610073184
2024-02-01,7090.0400390625,12635.29394531,0.8660254037844386,0.5000000000000001,7093.02001953125,9662.2675,9684.474958333334,0.2689455604240797,0.18919678820360772,0.269108826450862,0.5388046610073184,0.5411953845662433
2024-02-02,6088.7900390625,12318.01269531,0.8660254037844386,0.5000000000000001,7090.0400390625,9684.474958333334,9390.754708333334,0.2140894595099986,0.18168701286480535,0.2689455604240797,0.5411953845662433,0.5095752004430432
2024-02-03,5346.0400390625,11926.38085938,0.8660254037844386,0.5000000000000001,6088.7900390625,9390.754708333334,8837.654,0.1733959574336603,0.1724174228611193,0.2140894595099986,0.5095752004430432,0.45003165097319087
2024-02-04,5080.47998046875,11516.796875,0.8660254037844386,0.5000000000000001,5346.0400390625,8837.654,8303.493791666666,0.1588465548139669,0.16272292088514265,0.1733959574336603,0.45003165097319087,0.392527123659235
2024-02-05,4985.75,11169.71972656,0.8660254037844386,0.5000000000000001,5080.47998046875,8303.493791666666,8561.939333333334,0.1536565249830728,0.1545079021595906,0.1588465548139669,0.392527123659235,0.4203498414096121
2024-02-06,5337.875,10884.91015625,0.8660254037844386,0.5000000000000001,4985.75,8561.939333333334,9068.735416666666,0.1729486144056654,0.14776670365709813,0.1536565249830728,0.4203498414096121,0.474908508944168
2024-02-07,5148.18994140625,10720.33007813,0.8660254037844386,0.5000000000000001,5337.875,9068.735416666666,9005.584375,0.16255622217983554,0.1438712342213097,0.1729486144056654,0.474908508944168,0.4681100414736008
2024-02-08,5373.93994140625,10680.61816406,0.8660254037844386,0.5000000000000001,5148.18994140625,9005.584375,9197.238125,0.17492452658068827,0.14293128724070647,0.16255622217983554,0.4681100414736008,0.48874235015133666
2024-02-09,6572.9150390625,10794.78027344,0.8660254037844386,0.5000000000000001,5373.93994140625,9197.238125,8328.846875000001,0.24061351429654493,0.14563340655487197,0.17492452658068827,0.48874235015133666,0.39525648659247126
2024-02-10,5567.64501953125,11007.19140625,0.8660254037844386,0.5000000000000001,6572.9150390625,8328.846875000001,7717.334958333333,0.18553716609449097,0.15066099607320504,0.24061351429654493,0.39525648659247126,0.32942473206233236
2024-02-11,5170.47998046875,11179.88671875,0.8660254037844386,0.5000000000000001,5567.64501953125,7717.334958333333,7354.323666666667,0.1637774402893899,0.15474854615358097,0.18553716609449097,0.32942473206233236,0.29034508439997114
2024-02-12,4988.06005859375,11410.76953125,0.8660254037844386,0.5000000000000001,5170.47998046875,7354.323666666667,7606.803708333333,0.15378308758715392,0.1602133445035176,0.1637774402893899,0.29034508439997114,0.3175255917192084
2024-02-13,4973.3349609375,11606.29199219,0.8660254037844386,0.5000000000000001,4988.06005859375,7606.803708333333,7780.282458333334,0.15297633458540513,0.16484119362901478,0.15378308758715392,0.3175255917192084,0.33620128744145644
2024-02-14,5123.3349609375,11817.68652344,0.8660254037844386,0.5000000000000001,4973.3349609375,7780.282458333334,7828.439291666667,0.1611944770444435,0.16984472105945367,0.15297633458540513,0.33620128744145644,0.3413855671660932
2024-02-15,5475.93994140625,11940.67675781,0.8660254037844386,0.5000000000000001,5123.3349609375,7828.439291666667,7487.206083333333,0.18051286345283438,0.172755794528136,0.1611944770444435,0.3413855671660932,0.30465041909084023
2024-02-16,5699.18994140625,11955.48046875,0.8660254037844386,0.5000000000000001,5475.93994140625,7487.206083333333,7718.246791666667,0.19274419881270313,0.1731061856821672,0.18051286345283438,0.30465041909084023,0.32952289464352896
2024-02-17,7290.02001953125,11930.38964844,0.8660254037844386,0.5000000000000001,5699.18994140625,7718.246791666667,7359.156791666667,0.279901986880399,0.17251230746341217,0.19274419881270313,0.32952289464352896,0.29086539003906287
2024-02-18,7103.75,11970.7734375,0.8660254037844386,0.5000000000000001,7290.02001953125,7359.156791666667,7157.046416666667,0.2696966965046945,0.17346815714936176,0.279901986880399,0.29086539003906287,0.26910738298742437
2024-02-19,7013.52001953125,12163.84375,0.8660254037844386,0.5000000000000001,7103.75,7157.046416666667,8107.455666666666,0.26475321094757165,0.17803796602230137,0.2696966965046945,0.26910738298742437,0.3714228191120786
2024-02-20,7059.8349609375,12226.11132813,0.8660254037844386,0.5000000000000001,7013.52001953125,8107.455666666666,8394.620416666667,0.2672906961906288,0.17951178624536096,0.26475321094757165,0.3714228191120786,0.40233727689526766
2024-02-21,6666.18994140625,12301.91113281,0.8660254037844386,0.5000000000000001,7059.8349609375,8394.620416666667,8803.234041666667,0.24572382386530378,0.18130590267635682,0.2672906961906288,0.40233727689526766,0.4463262019276692
2024-02-22,6089.125,12458.86523438,0.8660254037844386,0.5000000000000001,6666.18994140625,8803.234041666667,9074.611833333334,0.2141078112213492,0.18502087178119445,0.24572382386530378,0.4463262019276692,0.4755411291907621
2024-02-23,5982.06005859375,12795.05664063,0.8660254037844386,0.5000000000000001,6089.125,9074.611833333334,8291.956083333333,0.20824197828238147,0.19297823431608593,0.2141078112213492,0.4755411291907621,0.3912850422506165
2024-02-24,5556.47998046875,13280.85058594,0.8660254037844386,0.5000000000000001,5982.06005859375,8291.956083333333,7323.561666666667,0.1849254602173153,0.20447656077007131,0.20824197828238147,0.3912850422506165,0.28703342950386546
2024-02-25,5240.4150390625,13863.84765625,0.8660254037844386,0.5000000000000001,5556.47998046875,7323.561666666667,7141.880041666666,0.16760901545208745,0.2182756019085189,0.1849254602173153,0.28703342950386546,0.2674746607968995
2024-02-26,5050.125,14287.63085938,0.8660254037844386,0.5000000000000001,5240.4150390625,7141.880041666666,7860.715916666667,0.15718347778841013,0.2283061872263224,0.16760901545208745,0.2674746607968995,0.3448602776274097
2024-02-27,5130.0849609375,14464.21972656,0.8660254037844386,0.5000000000000001,5050.125,7860.715916666667,8637.686416666666,0.16156429345510023,0.23248589440995027,0.15718347778841013,0.3448602776274097,0.4285043241931292
2024-02-28,5447.4599609375,14508.36425781,0.8660254037844386,0.5000000000000001,5130.0849609375,8637.686416666666,8568.522125000001,0.17895251320801558,0.23353075764130807,0.16156429345510023,0.4285043241931292,0.4210585058089673
2024-02-29,6032.97998046875,14474.3984375,0.8660254037844386,0.5000000000000001,5447.4599609375,8568.522125000001,8942.341125,0.2110317594288605,0.23272681577671242,0.17895251320801558,0.4210585058089673,0.46130164739947904
2024-03-01,5820.31005859375,14403.17480469,1.0,6.123233995736766e-17,6032.97998046875,8942.341125,9010.562625,0.19938008133071844,0.23104101341298477,0.2110317594288605,0.46130164739947904,0.4686459704114637
2024-03-02,6063.02001953125,14253.00585938,1.0,6.123233995736766e-17,5820.31005859375,9010.562625,8603.387666666667,0.21267758156546518,0.22748664314325404,0.19938008133071844,0.4686459704114637,0.4248119237195645
2024-03-03,5622.2900390625,13921.08398438,1.0,6.123233995736766e-17,6063.02001953125,8603.387666666667,8322.04475,0.18853103646238928,0.2196303367548871,0.21267758156546518,0.4248119237195645,0.3945242100642813
2024-03-04,5046.06005859375,13431.11328125,1.0,6.123233995736766e-17,5622.2900390625,8322.04475,8710.00975,0.1569607693379821,0.20803315002197642,0.18853103646238928,0.3945242100642813,0.43629022631054737
2024-03-05,5732.4150390625,12935.08984375,1.0,6.123233995736766e-17,5046.06005859375,8710.00975,8720.296625,0.19456452271773328,0.19629270025255108,0.1569607693379821,0.43629022631054737,0.4373976504038892
2024-03-06,5577.625,12490.57910156,1.0,6.123233995736766e-17,5732.4150390625,8720.296625,8271.705375,0.18608394543602838,0.18577151184469148,0.19456452271773328,0.4373976504038892,0.38910497081827494
2024-03-07,5290.75,12011.0234375,1.0,6.123233995736766e-17,5577.625,8271.705375,8560.312916666668,0.1703667479831175,0.1744208401628925,0.18608394543602838,0.38910497081827494,0.4201747510150581
2024-03-08,5105.68994140625,11593.93945313,1.0,6.123233995736766e-17,5290.75,8560.312916666668,8001.427875,0.160227748483108,0.16454881961320272,0.1703667479831175,0.4201747510150581,0.3600084944454059
2024-03-09,4954.125,11279.72070313,1.0,6.123233995736766e-17,5105.68994140625,8001.427875,7441.941625,0.15192386661462556,0.15711153102542985,0.160227748483108,0.3600084944454059,0.29977751534403735
2024-03-10,4983.81005859375,11129.77832031,1.0,6.123233995736766e-17,4954.125,7441.941625,7268.491208333333,0.15355024021748115,0.15356252329571718,0.15192386661462556,0.29977751534403735,0.2811048698208029
2024-03-11,5442.0,11108.47460938,1.0,6.123233995736766e-17,4983.81005859375,7268.491208333333,7557.373500000001,0.17865337496264785,0.15305828271116612,0.15355024021748115,0.2811048698208029,0.31220422797684433
2024-03-12,5403.375,11238.671875,1.0,6.123233995736766e-17,5442.0,7557.373500000001,7422.352666666667,0.17653720327944547,0.1561399404345033,0.17865337496264785,0.31220422797684433,0.29766868400101043
2024-03-13,5279.72998046875,11428.76464844,1.0,6.123233995736766e-17,5403.375,7422.352666666667,7696.934208333333,0.1697629873803895,0.16063927350906806,0.17653720327944547,0.29766868400101043,0.3272285080319791
2024-03-14,5304.77001953125,11643.54296875,1.0,6.123233995736766e-17,5279.72998046875,7696.934208333333,7821.722416666667,0.17113487143502626,0.16572289232730408,0.1697629873803895,0.3272285080319791,0.34066246814846507
2024-03-15,5300.25,11926.00683594,1.0,6.123233995736766e-17,5304.77001953125,7821.722416666667,7585.477541666667,0.17088723033885658,0.17240857004676025,0.17113487143502626,0.34066246814846507,0.3152297428063669
2024-03-16,5500.81005859375,12279.12207031,1.0,6.123233995736766e-17,5300.25,7585.477541666667,7186.897791666666,0.18187543789296673,0.180766505092803,0.17088723033885658,0.3152297428063669,0.2723210053843503
2024-03-17,5379.85498046875,12536.16894531,1.0,6.123233995736766e-17,5500.81005859375,7186.897791666666,6888.997125000001,0.1752485974717976,0.18685058438457086,0.18187543789296673,0.2723210053843503,0.24025078233904096
2024-03-18,5079.31005859375,12807.12695313,1.0,6.123233995736766e-17,5379.85498046875,6888.997125000001,7283.808666666667,0.15878245758306891,0.19326392827103644,0.1752485974717976,0.24025078233904096,0.28275385674900916
2024-03-19,5338.22998046875,13067.421875,1.0,6.123233995736766e-17,5079.31005859375,7283.808666666667,7659.66575,0.17296806293941447,0.19942488604926892,0.15878245758306891,0.28275385674900916,0.323216406331508
2024-03-20,5478.679931640625,13082.45117188,1.0,6.123233995736766e-17,5338.22998046875,7659.66575,7495.544041666667,0.1806629809867175,0.19978061662921637,0.17296806293941447,0.323216406331508,0.3055480343479143
2024-03-21,5667.5400390625,12870.38476563,1.0,6.123233995736766e-17,5478.679931640625,7495.544041666667,6901.299375,0.1910101761041992,0.19476118649319446,0.1806629809867175,0.3055480343479143,0.24157516977957186
2024-03-22,5428.0849609375,12701.52832031,1.0,6.123233995736766e-17,5667.5400390625,6901.299375,6866.584833333333,0.1778910031403898,0.19076449910980212,0.1910101761041992,0.24157516977957186,0.23783800763548243
2024-03-23,5271.3349609375,12668.32128906,1.0,6.123233995736766e-17,5428.0849609375,6866.584833333333,6487.718625,0.1693030442706947,0.18997851713212113,0.1778910031403898,0.23783800763548243,0.19705151346097907
2024-03-24,4872.31005859375,12698.65332031,1.0,6.123233995736766e-17,5271.3349609375,6487.718625,6105.961375,0.14744142098959598,0.19069645032312135,0.1693030442706947,0.19705151346097907,0.15595378684741892
2024-03-25,4840.4150390625,12873.17675781,1.0,6.123233995736766e-17,4872.31005859375,6105.961375,7017.8973750000005,0.1456939688946518,0.19482727055589755,0.14744142098959598,0.15595378684741892,0.2541274205297224
2024-03-26,4880.8349609375,13175.04003906,1.0,6.123233995736766e-17,4840.4150390625,7017.8973750000005,7533.021874999999,0.14790848006899815,0.2019721157846062,0.1456939688946518,0.2541274205297224,0.3095826761219785
2024-03-27,4971.7900390625,13630.80957031,1.0,6.123233995736766e-17,4880.8349609375,7533.021874999999,7260.918208333333,0.15289169199835959,0.21275979008291018,0.14790848006899815,0.3095826761219785,0.2802896054515093
2024-03-28,5008.47998046875,14242.93652344,1.0,6.123233995736766e-17,4971.7900390625,7260.918208333333,6779.561874999999,0.15490184643362848,0.22724831058902867,0.15289169199835959,0.2802896054515093,0.22846963087070168
2024-03-29,4856.72998046875,15013.89355469,1.0,6.123233995736766e-17,5008.47998046875,6779.561874999999,6568.360458333334,0.1465878256459013,0.24549620295757404,0.15490184643362848,0.22846963087070168,0.20573293606644263
2024-03-30,4829.72998046875,15866.38574219,1.0,6.123233995736766e-17,4856.72998046875,6568.360458333334,6854.1285,0.1451085600032744,0.26567396261468956,0.1465878256459013,0.20573293606644263,0.23649703249502152
2024-03-31,4746.1650390625,16789.58203125,1.0,6.123233995736766e-17,4829.72998046875,6854.1285,6620.616999999999,0.14053023604955603,0.2875252277759831,0.1451085600032744,0.23649703249502152,0.21135856613158674
2024-04-01,4635.4150390625,17693.27929688,0.8660254037844387,-0.49999999999999983,4746.1650390625,6620.616999999999,7094.0046250000005,0.13446250753396605,0.3089149677595822,0.14053023604955603,0.21135856613158674,0.26232067672540665
2024-04-02,4546.85498046875,18456.80859375,0.8660254037844387,-0.49999999999999983,4635.4150390625,7094.0046250000005,6950.157333333334,0.1296105130159379,0.3269870520194855,0.13446250753396605,0.26232067672540665,0.24683492847303498
2024-04-03,4726.02001953125,19104.21679688,0.8660254037844387,-0.49999999999999983,4546.85498046875,6950.157333333334,6957.860458333334,0.13942653844723654,0.34231064948389295,0.1296105130159379,0.24683492847303498,0.24766420132985717
2024-04-04,4925.02001953125,19689.86914063,0.8660254037844387,-0.49999999999999983,4726.02001953125,6957.860458333334,6674.397708333334,0.1503292741095608,0.3561725386696093,0.13942653844723654,0.24766420132985717,0.21714827896131558
2024-04-05,4895.0400390625,20104.12695313,0.8660254037844387,-0.49999999999999983,4925.02001953125,6674.397708333334,6608.686291666666,0.14868674244015162,0.3659776661526191,0.1503292741095608,0.21714827896131558,0.2100741766684149
2024-04-06,4493.47998046875,20201.14648438,0.8660254037844387,-0.49999999999999983,4895.0400390625,6608.686291666666,6417.080625,0.12668622399093007,0.3682740353303232,0.14868674244015162,0.2100741766684149,0.1894470443578286
2024-04-07,4659.875,19975.36328125,0.8660254037844387,-0.49999999999999983,4493.47998046875,6417.080625,5333.701041666666,0.13580261049081196,0.3629299403647951,0.12668622399093007,0.1894470443578286,0.07281680895418931
2024-04-08,4203.199951171875,19622.81835938,0.8660254037844387,-0.49999999999999983,4659.875,5333.701041666666,5672.732291666667,0.11078247309909309,0.35458550412697976,0.13580261049081196,0.07281680895418931,0.10931490722463101
2024-04-09,4170.5999755859375,19169.84960938,0.8660254037844387,-0.49999999999999983,4203.199951171875,5672.732291666667,6766.134791666666,0.10899639814225037,0.34386412192113514,0.11078247309909309,0.10931490722463101,0.2270241505293308
2024-04-10,4296.5400390625,18660.58203125,0.8660254037844387,-0.49999999999999983,4170.5999755859375,6766.134791666666,7673.422625,0.11589635402858854,0.331810194690666,0.10899639814225037,0.2270241505293308,0.3246973900922798
2024-04-11,4696.97998046875,18051.80078125,0.8660254037844387,-0.49999999999999983,4296.5400390625,7673.422625,7085.392791666666,0.13783550392702545,0.3174008641110138,0.11589635402858854,0.3246973900922798,0.26139357770639676
2024-04-12,4629.93994140625,17546.28320313,0.8660254037844387,-0.49999999999999983,4696.97998046875,7085.392791666666,6131.738125,0.134162539983858,0.30543569616775623,0.13783550392702545,0.26139357770639676,0.15872875922708188
2024-04-13,4346.64501953125,17288.53710938,0.8660254037844387,-0.49999999999999983,4629.93994140625,6131.738125,5721.961166666667,0.1186414864779187,0.2993350669672712,0.134162539983858,0.15872875922708188,0.11461459661165146
2024-04-14,4179.3699951171875,17021.40820313,0.8660254037844387,-0.49999999999999983,4346.64501953125,5721.961166666667,5366.522958333334,0.10947688660809278,0.2930123546341677,0.1186414864779187,0.11461459661165146,0.07635022228975728
2024-04-15,4180.1500244140625,16775.9375,0.8660254037844387,-0.49999999999999983,4179.3699951171875,5366.522958333334,5467.3467083333335,0.10951962255398573,0.28720227341202126,0.10947688660809278,0.07635022228975728,0.08720431062378084
2024-04-16,4289.4100341796875,16881.20117188,0.8660254037844387,-0.49999999999999983,4180.1500244140625,5467.3467083333335,5380.0997916666665,0.11550571805618459,0.28969377433480253,0.10951962255398573,0.08720431062378084,0.07781182383003235
2024-04-17,6055.06005859375,17317.42773438,0.8660254037844387,-0.49999999999999983,4289.4100341796875,5380.0997916666665,5998.951125,0.21224147427911347,0.30001888330734044,0.11550571805618459,0.07781182383003235,0.14443369652994956
2024-04-18,6180.925048828125,18006.04101563,0.8660254037844387,-0.49999999999999983,6055.06005859375,5998.951125,6840.218333333333,0.21913731708145726,0.3163177696660617,0.21224147427911347,0.14443369652994956,0.23499954626046876
2024-04-19,5963.85498046875,18166.01367188,0.8660254037844387,-0.49999999999999983,6180.925048828125,6840.218333333333,7024.233458333333,0.20724456544565364,0.3201041853738571,0.21913731708145726,0.23499954626046876,0.2548095257697252
2024-04-20,5361.18994140625,17742.35742188,0.8660254037844387,-0.49999999999999983,5963.85498046875,7024.233458333333,6868.536375,0.17422598447167,0.3100766049278664,0.20724456544565364,0.2548095257697252,0.23804809906371757
2024-04-21,5148.5849609375,17143.36523438,0.8660254037844387,-0.49999999999999983,5361.18994140625,6868.536375,6724.238708333333,0.16257786435838165,0.2958989730702549,0.17422598447167,0.23804809906371757,0.2225138661037901
2024-04-22,4850.02001953125,16460.00585938,0.8660254037844387,-0.49999999999999983,5148.5849609375,6724.238708333333,7893.788,0.14622020288004162,0.2797244421708891,0.16257786435838165,0.2225138661037901,0.34842062242603283
2024-04-23,5041.35498046875,15617.20800781,0.8660254037844387,-0.49999999999999983,4850.02001953125,7893.788,8431.607,0.1567029893225677,0.25977613913906483,0.14622020288004162,0.34842062242603283,0.4063190336011403
2024-04-24,4769.68994140625,14756.81542969,0.8660254037844387,-0.49999999999999983,5041.35498046875,8431.607,8253.60525,0.14181910937486206,0.2394113840050814,0.1567029893225677,0.4063190336011403,0.3871564184622392
2024-04-25,4725.77001953125,13972.86523438,0.8660254037844387,-0.49999999999999983,4769.68994140625,8253.60525,8570.234291666666,0.13941284154313816,0.2208559545758657,0.14181910937486206,0.3871564184622392,0.42124282754112413
2024-04-26,4859.89501953125,13338.5546875,0.8660254037844387,-0.49999999999999983,4725.77001953125,8570.234291666666,8076.736416666667,0.1467612305919283,0.20584236741273626,0.13941284154313816,0.42124282754112413,0.3681157664280141
2024-04-27,4335.93994140625,12679.47753906,0.8660254037844387,-0.49999999999999983,4859.89501953125,8076.736416666667,7485.477958333333,0.1180549807641428,0.1902425760108715,0.1467612305919283,0.3681157664280141,0.30446437937894466
2024-04-28,4250.52001953125,11980.13671875,0.8660254037844387,-0.49999999999999983,4335.93994140625,7485.477958333333,7535.315041666666,0.11337502685208493,0.17368977799402724,0.1180549807641428,0.30446437937894466,0.3098295448762614
2024-04-29,4276.31005859375,11420.13183594,0.8660254037844387,-0.49999999999999983,4250.52001953125,7535.315041666666,7891.977625,0.11478800161901687,0.16043494223384458,0.11337502685208493,0.3098295448762614,0.3482257281658243
2024-04-30,4280.10498046875,10944.57324219,0.8660254037844387,-0.49999999999999983,4276.31005859375,7891.977625,8010.275166666666,0.114995916342948,0.14917887778156672,0.11478800161901687,0.3482257281658243,0.360960941515336
2024-05-01,4282.10498046875,10504.97460938,0.49999999999999994,-0.8660254037844387,4280.10498046875,8010.275166666666,7439.427124999999,0.11510549157573519,0.13877395479400356,0.114995916342948,0.360960941515336,0.2995068191527539
2024-05-02,4288.625,10066.234375,0.49999999999999994,-0.8660254037844387,4282.10498046875,7439.427124999999,7301.976958333334,0.11546270790469201,0.12838934936179697,0.11510549157573519,0.2995068191527539,0.28470974752502476
2024-05-03,4247.0400390625,9735.98632813,0.49999999999999994,-0.8660254037844387,4288.625,7301.976958333334,6540.1457083333335,0.11318436701710588,0.12057266105112001,0.11546270790469201,0.28470974752502476,0.20269550303283307
2024-05-04,4255.8349609375,9422.90234375,0.49999999999999994,-0.8660254037844387,4247.0400390625,6540.1457083333335,5968.638166666667,0.11366621982300497,0.11316223139329777,0.11318436701710588,0.20269550303283307,0.1411703828026227
2024-05-05,4210.14501953125,9110.2734375,0.49999999999999994,-0.8660254037844387,4255.8349609375,5968.638166666667,5484.562791666667,0.11116297684019377,0.10576257304489864,0.11366621982300497,0.1411703828026227,0.08905769228500565
2024-05-06,4211.875,8874.859375,0.49999999999999994,-0.8660254037844387,4210.14501953125,5484.562791666667,6042.147416666667,0.11125775834648406,0.10019052388986732,0.11116297684019377,0.08905769228500565,0.14908395369110705
2024-05-07,4235.72998046875,8655.27441406,0.49999999999999994,-0.8660254037844387,4211.875,6042.147416666667,6263.8876666666665,0.11256471586548249,0.0949931360062811,0.11125775834648406,0.14908395369110705,0.17295519693199496
2024-05-08,4251.56005859375,8442.36621094,0.49999999999999994,-0.8660254037844387,4235.72998046875,6263.8876666666665,6518.096458333333,0.11343200811327554,0.08995378125960347,0.11256471586548249,0.17295519693199496,0.20032181124692974
2024-05-09,4252.97998046875,8271.89355469,0.49999999999999994,-0.8660254037844387,4251.56005859375,6518.096458333333,6166.582583333333,0.1135098022482719,0.08591883954827832,0.11343200811327554,0.20032181124692974,0.16247990743076604
2024-05-10,4207.27001953125,8140.59716797,0.49999999999999994,-0.8660254037844387,4252.97998046875,6166.582583333333,5991.001583333334,0.11100546244306221,0.08281116657023845,0.1135098022482719,0.16247990743076604,0.14357789591288272
2024-05-11,4220.25,8019.79492188,0.49999999999999994,-0.8660254037844387,4207.27001953125,5991.001583333334,5997.021083333333,0.11171660463378036,0.07995188090946079,0.11100546244306221,0.14357789591288272,0.1442259196644953
2024-05-12,4216.5849609375,7955.12109375,0.49999999999999994,-0.8660254037844387,4220.25,5997.021083333333,5393.014541666666,0.11151580587955659,0.07842110681059229,0.11171660463378036,0.1442259196644953,0.07920214939629854
2024-05-13,4269.31005859375,7858.1640625,0.49999999999999994,-0.8660254037844387,4216.5849609375,5393.014541666666,5745.8670833333335,0.11440448830426174,0.07612621695433781,0.11151580587955659,0.07920214939629854,0.1171881661446812
2024-05-14,4257.02001953125,7745.96777344,0.49999999999999994,-0.8660254037844387,4269.31005859375,5745.8670833333335,5693.425708333333,0.11373114635864327,0.07347062692281868,0.11440448830426174,0.1171881661446812,0.11154263801655999
2024-05-15,4046.869995117187,7666.31201172,0.49999999999999994,-0.8660254037844387,4257.02001953125,5693.425708333333,5793.0209583333335,0.1022175274359422,0.07158524329249581,0.11373114635864327,0.11154263801655999,0.1222644733098234
2024-05-16,4002.829956054687,7602.97119141,0.49999999999999994,-0.8660254037844387,4046.869995117187,5793.0209583333335,5851.259166666667,0.09980467866982727,0.07008602034659671,0.1022175274359422,0.1222644733098234,0.12853405421377972
2024-05-17,3976.10498046875,7518.75097656,0.49999999999999994,-0.8660254037844387,4002.829956054687,5851.259166666667,5863.914541666666,0.09834048095929693,0.06809260002154073,0.09980467866982727,0.12853405421377972,0.1298964570023111
2024-05-18,3967.219970703125,7437.16992188,0.49999999999999994,-0.8660254037844387,3976.10498046875,5863.914541666666,5780.437541666666,0.09785369245260457,0.06616164635645858,0.09834048095929693,0.1298964570023111,0.12090981712966911
2024-05-19,4024.1900634765625,7370.2421875,0.49999999999999994,-0.8660254037844387,3967.219970703125,5780.437541666666,5518.7927500000005,0.10097494804138284,0.06457752422781453,0.09785369245260457,0.12090981712966911,0.09274268705478902
2024-05-20,4038.9150390625,7316.24023438,0.49999999999999994,-0.8660254037844387,4024.1900634765625,5518.7927500000005,5950.164041666667,0.10178169435519015,0.06329934426669885,0.10097494804138284,0.09274268705478902,0.13918156781960736
2024-05-21,4022.85498046875,7275.90185547,0.49999999999999994,-0.8660254037844387,4038.9150390625,5950.164041666667,5986.63075,0.10090180202569721,0.06234456940009205,0.10178169435519015,0.13918156781960736,0.14310735785916726
2024-05-22,4023.5849609375,7284.04492188,0.49999999999999994,-0.8660254037844387,4022.85498046875,5986.63075,6288.504166666667,0.1009417959155939,0.062537308804983,0.10090180202569721,0.14310735785916726,0.17560526366205106
2024-05-23,4031.81005859375,7220.48095703,0.49999999999999994,-0.8660254037844387,4023.5849609375,6288.504166666667,6472.392333333333,0.10139242941078433,0.06103280421901382,0.1009417959155939,0.17560526366205106,0.1954015755883745
2024-05-24,4110.93994140625,7219.29101563,0.49999999999999994,-0.8660254037844387,4031.81005859375,6472.392333333333,6095.046625,0.10572776707558525,0.061004639325625575,0.10139242941078433,0.1954015755883745,0.15477876944681854
2024-05-25,4138.77001953125,7238.15380859,0.49999999999999994,-0.8660254037844387,4110.93994140625,6095.046625,5534.256708333333,0.10725251072010136,0.061451105473221565,0.10572776707558525,0.15477876944681854,0.09440744530613016
2024-05-26,4093.56005859375,7281.72021484,0.49999999999999994,-0.8660254037844387,4138.77001953125,5534.256708333333,5139.556791666667,0.10477556472308847,0.06248228498117073,0.10725251072010136,0.09440744530613016,0.05191638778315814
2024-05-27,4100.5150146484375,7333.828125,0.49999999999999994,-0.8660254037844387,4093.56005859375,5139.556791666667,5624.543791666667,0.10515661018744694,0.0637156345682519,0.10477556472308847,0.05191638778315814,0.10412721845403779
2024-05-28,4124.56494140625,7427.58984375,0.49999999999999994,-0.8660254037844387,4100.5150146484375,5624.543791666667,6096.3645,0.10647424834894789,0.0659348941153965,0.10515661018744694,0.10412721845403779,0.1549206440712319
2024-05-29,4080.7900390625,7483.83886719,0.49999999999999994,-0.8660254037844387,4124.56494140625,6096.3645,6272.906416666666,0.1040759257916717,0.06726626030568171,0.10647424834894789,0.1549206440712319,0.1739261021915441
2024-05-30,4062.375,7595.01123047,0.49999999999999994,-0.8660254037844387,4080.7900390625,6272.906416666666,5532.982041666666,0.10306700969564249,0.06989761489129469,0.1040759257916717,0.1739261021915441,0.09427022223521243
2024-05-31,4038.25,7679.24023438,0.49999999999999994,-0.8660254037844387,4062.375,5532.982041666666,5512.323125,0.10174525845014715,0.07189124324587036,0.10306700969564249,0.09427022223521243,0.09204620550914117
2024-06-01,3940.2099609375,7734.38085938,1.2246467991473532e-16,-1.0,4038.25,5512.323125,5461.4622500000005,0.09637387839877841,0.07319637459476397,0.10174525845014715,0.09204620550914117,0.08657082465893745
2024-06-02,3932.780029296875,7768.12695313,1.2246467991473532e-16,-1.0,3940.2099609375,5461.4622500000005,5208.002083333334,0.09596681015422126,0.07399511571994759,0.09637387839877841,0.08657082465893745,0.05928480288176349
2024-06-03,3955.969970703125,7819.28076172,1.2246467991473532e-16,-1.0,3932.780029296875,5208.002083333334,6041.064458333333,0.09723733176817669,0.07520588254034745,0.09596681015422126,0.05928480288176349,0.1489673688049858
2024-06-04,4022.2900390625,7838.72509766,1.2246467991473532e-16,-1.0,3955.969970703125,6041.064458333333,7064.1147083333335,0.10087085023264673,0.07566611331201013,0.09723733176817669,0.1489673688049858,0.25910290516070483
2024-06-05,3997.31005859375,7822.55175781,1.2246467991473532e-16,-1.0,4022.2900390625,7064.1147083333335,7177.976791666667,0.09950225664520551,0.07528330421518642,0.10087085023264673,0.25910290516070483,0.27136062331139804
2024-06-06,3992.6650390625,7795.29101563,1.2246467991473532e-16,-1.0,3997.31005859375,7177.976791666667,7376.072625,0.09924776709698666,0.0746380658049721,0.09950225664520551,0.27136062331139804,0.292686448561917
2024-06-07,3979.77001953125,7773.52978516,1.2246467991473532e-16,-1.0,3992.6650390625,7376.072625,6851.001458333333,0.0985412797135207,0.07412299612491505,0.09924776709698666,0.292686448561917,0.23616039369241626
2024-06-08,3999.5,7699.58984375,1.2246467991473532e-16,-1.0,3979.77001953125,6851.001458333333,6262.189041666667,0.09962223831489557,0.07237290106397681,0.0985412797135207,0.23616039369241626,0.17277233301554304
2024-06-09,4034.27001953125,7558.93212891,1.2246467991473532e-16,-1.0,3999.5,6262.189041666667,5425.339083333333,0.10152720480697129,0.06904365347018508,0.09962223831489557,0.17277233301554304,0.08268201828241742
2024-06-10,4040.14501953125,7416.17919922,1.2246467991473532e-16,-1.0,4034.27001953125,5425.339083333333,6084.2898749999995,0.10184908205328363,0.06566481393608796,0.10152720480697129,0.08268201828241742,0.15362076139130568
2024-06-11,3993.89501953125,7272.92382813,1.2246467991473532e-16,-1.0,4040.14501953125,6084.2898749999995,6792.1695,0.09931515479508013,0.06227408204454801,0.10184908205328363,0.15362076139130568,0.2298268931767779
2024-06-12,3954.5,7162.39306641,1.2246467991473532e-16,-1.0,3993.89501953125,6792.1695,7352.072291666666,0.09715679557718405,0.0596579136181317,0.09931515479508013,0.2298268931767779,0.2901027146892331
2024-06-13,3947.22998046875,7044.2109375,1.2246467991473532e-16,-1.0,3954.5,7352.072291666666,6933.9783333333335,0.09675848853593204,0.0568606438860707,0.09715679557718405,0.2901027146892331,0.2450931930668815
2024-06-14,4066.64501953125,6954.87207031,1.2246467991473532e-16,-1.0,3947.22998046875,6933.9783333333335,6793.657208333333,0.10330095388771374,0.054746069445822484,0.09675848853593204,0.2450931930668815,0.22998705105292572
2024-06-15,4038.300048828125,6872.20019531,1.2246467991473532e-16,-1.0,4066.64501953125,6793.657208333333,6492.234916666667,0.10174800050614341,0.05278929699838806,0.10330095388771374,0.22998705105292572,0.19753771069815995
2024-06-16,4029.1650390625,6795.33007813,1.2246467991473532e-16,-1.0,4038.300048828125,6492.234916666667,5855.253083333333,0.10124751509535265,0.05096984718756814,0.10174800050614341,0.19753771069815995,0.12896401564944074
2024-06-17,4005.4150390625,6729.57519531,1.2246467991473532e-16,-1.0,4029.1650390625,5855.253083333333,6763.935291666668,0.09994630920600492,0.04941348545044223,0.10124751509535265,0.12896401564944074,0.22678736537414
2024-06-18,4020.18994140625,6654.01904297,1.2246467991473532e-16,-1.0,4005.4150390625,6763.935291666668,6855.380666666667,0.10075579088786703,0.047625136061571226,0.09994630920600492,0.22678736537414,0.2366318333490755
2024-06-19,4051.7900390625,6627.84082031,1.2246467991473532e-16,-1.0,4020.18994140625,6855.380666666667,7079.044875,0.1024870849162576,0.04700551996088534,0.10075579088786703,0.2366318333490755,0.2607101985597471
2024-06-20,4037.89501953125,6558.69189453,1.2246467991473532e-16,-1.0,4051.7900390625,7079.044875,7079.43475,0.10172580991639806,0.04536882413493497,0.1024870849162576,0.2607101985597471,0.2607521701952916
2024-06-21,3982.56005859375,6468.82617188,1.2246467991473532e-16,-1.0,4037.89501953125,7079.43475,6647.824416666666,0.09869413930340007,0.04324177947736184,0.10172580991639806,0.2607521701952916,0.21428755561908935
2024-06-22,3981.125,6410.80175781,1.2246467991473532e-16,-1.0,3982.56005859375,6647.824416666666,6071.341166666666,0.09861551586366336,0.041868391312031086,0.09869413930340007,0.21428755561908935,0.15222678007180995
2024-06-23,3994.52001953125,6346.10107422,1.2246467991473532e-16,-1.0,3981.125,6071.341166666666,5793.115125,0.09934939705532612,0.04033698156743434,0.09861551586366336,0.15222678007180995,0.12227461073595684
2024-06-24,3974.39990234375,6302.26318359,1.2246467991473532e-16,-1.0,3994.52001953125,5793.115125,6221.8875,0.09824706379306332,0.039299376256820215,0.09934939705532612,0.12227461073595684,0.16843370751066603
2024-06-25,3867.47998046875,6277.76123047,1.2246467991473532e-16,-1.0,3974.39990234375,6221.8875,6448.362666666667,0.0923891761285433,0.038719436019907155,0.09824706379306332,0.16843370751066603,0.19281468386259423
2024-06-26,3913.89501953125,6288.92382813,1.2246467991473532e-16,-1.0,3867.47998046875,6448.362666666667,6133.068958333333,0.09493214548359301,0.03898364514233102,0.0923891761285433,0.19281468386259423,0.15887202886898533
2024-06-27,4015.56005859375,6249.43798828,1.2246467991473532e-16,-1.0,3913.89501953125,6133.068958333333,5777.433958333334,0.10050213064438851,0.03804904914481327,0.09493214548359301,0.15887202886898533,0.12058646912070704
2024-06-28,3870.159912109375,6257.94384766,1.2246467991473532e-16,-1.0,4015.56005859375,5777.433958333334,5592.596458333333,0.0925360031952309,0.038250375548460634,0.10050213064438851,0.12058646912070704,0.10068795758508084
2024-06-29,3916.52001953125,6263.3828125,1.2246467991473532e-16,-1.0,3870.159912109375,5592.596458333333,5751.110625,0.09507596297662618,0.03837911118608198,0.0925360031952309,0.10068795758508084,0.1177526548136023
2024-06-30,4055.89501953125,6260.74414063,1.2246467991473532e-16,-1.0,3916.52001953125,5751.110625,5455.610791666667,0.10271198701148267,0.038316656083750796,0.09507596297662618,0.1177526548136023,0.08594089127882751
2024-07-01,3962.02001953125,6269.28076172,-0.4999999999999998,-0.8660254037844388,4055.89501953125,5455.610791666667,6159.50125,0.09756879952253449,0.038518710590717015,0.10271198701148267,0.08594089127882751,0.16171757298553208
2024-07-02,3955.14501953125,6229.57519531,-0.4999999999999998,-0.8660254037844388,3962.02001953125,6159.50125,6105.459583333333,0.09719213465982855,0.037578913853787255,0.09756879952253449,0.16171757298553208,0.15589976692577073
2024-07-03,3961.2900390625,6237.85302734,-0.4999999999999998,-0.8660254037844388,3955.14501953125,6105.459583333333,6208.020791666667,0.0975288056326378,0.0377748430454355,0.09719213465982855,0.15589976692577073,0.16694089974312973
2024-07-04,3970.27001953125,6220.80810547,-0.4999999999999998,-0.8660254037844388,3961.2900390625,6208.020791666667,6252.944541666667,0.09802079735778159,0.03737140434897568,0.0975288056326378,0.16694089974312973,0.17177712484679422
2024-07-05,3872.47998046875,6206.24414063,-0.4999999999999998,-0.8660254037844388,3970.27001953125,6252.944541666667,6242.877125,0.09266311421051125,0.037026687779715406,0.09802079735778159,0.17177712484679422,0.17069332633904755
2024-07-06,3880.7099609375,6173.04589844,-0.4999999999999998,-0.8660254037844388,3872.47998046875,6242.877125,6253.828375,0.09311401522335985,0.0362409138315541,0.09266311421051125,0.17069332633904755,0.17187227311367137
2024-07-07,3872.7900390625,6125.39990234,-0.4999999999999998,-0.8660254037844388,3880.7099609375,6253.828375,6010.240624999999,0.09268010158180516,0.03511317392727532,0.09311401522335985,0.17187227311367137,0.14564905729809158
2024-07-08,3938.75,6097.51416016,-0.4999999999999998,-0.8660254037844388,3872.7900390625,6010.240624999999,6184.780875,0.09629389061898504,0.034453142302565166,0.09268010158180516,0.14564905729809158,0.16443902782926673
2024-07-09,4060.27001953125,6104.31787109,-0.4999999999999998,-0.8660254037844388,3938.75,6184.780875,6425.20275,0.10295168283320462,0.03461418031081323,0.09629389061898504,0.16443902782926673,0.19032142427535786
2024-07-10,4095.14501953125,6101.84619141,-0.4999999999999998,-0.8660254037844388,4060.27001953125,6425.20275,6496.2477499999995,0.10486240095493103,0.034555677770539306,0.10295168283320462,0.19032142427535786,0.19796970859022114
2024-07-11,4141.8349609375,6121.98388672,-0.4999999999999998,-0.8660254037844388,4095.14501953125,6496.2477499999995,6570.33525,0.1074204315541358,0.03503231976441494,0.10486240095493103,0.19796970859022114,0.20594553045210368
2024-07-12,4033.97998046875,6274.87597656,-0.4999999999999998,-0.8660254037844388,4141.8349609375,6570.33525,6631.703333333334,0.10151131425807589,0.03865114453196231,0.1074204315541358,0.20594553045210368,0.21255205517856668
2024-07-13,4125.22998046875,6524.67919922,-0.4999999999999998,-0.8660254037844388,4033.97998046875,6631.703333333334,6333.693208333333,0.10651068425399089,0.04456377277925214,0.10151131425807589,0.21255205517856668,0.18047004849677376
2024-07-14,4029.18994140625,6810.68896484,-0.4999999999999998,-0.8660254037844388,4125.22998046875,6333.693208333333,6335.477125,0.10124887943540933,0.05133337887639695,0.10651068425399089,0.18047004849677376,0.18066209440937414
2024-07-15,3991.625,6995.5859375,-0.4999999999999998,-0.8660254037844388,4029.18994140625,6335.477125,6572.653041666667,0.09919078583579606,0.055709731798296004,0.10124887943540933,0.18066209440937414,0.20619505018817647
2024-07-16,3889.97998046875,7039.39501953,-0.4999999999999998,-0.8660254037844388,3991.625,6572.653041666667,6782.419208333333,0.09362189749739906,0.056746655234031544,0.09919078583579606,0.20619505018817647,0.22877723447004958
2024-07-17,3882.7900390625,7031.89208984,-0.4999999999999998,-0.8660254037844388,3889.97998046875,6782.419208333333,6697.323833333333,0.09322797774574106,0.05656906731682959,0.09362189749739906,0.22877723447004958,0.2196163699211029
2024-07-18,3915.22998046875,7041.31298828,-0.4999999999999998,-0.8660254037844388,3882.7900390625,6697.323833333333,6817.559291666667,0.09500528481133719,0.056792051911015586,0.09322797774574106,0.2196163699211029,0.23256020791197138
2024-07-19,3935.39501953125,6987.34619141,-0.4999999999999998,-0.8660254037844388,3915.22998046875,6817.559291666667,6720.453208333333,0.09611007923605518,0.05551470406821527,0.09500528481133719,0.23256020791197138,0.22210634157322615
2024-07-20,3905.14501953125,6922.58007813,-0.4999999999999998,-0.8660254037844388,3935.39501953125,6720.453208333333,6277.621041666666,0.0944527538401491,0.05398174565891683,0.09611007923605518,0.22210634157322615,0.17443365082182022
2024-07-21,3905.125,6831.59179688,-0.4999999999999998,-0.8660254037844388,3905.14501953125,6277.621041666666,5787.054499999999,0.0944516570177506,0.05182813100109742,0.0944527538401491,0.17443365082182022,0.1216221597101876
2024-07-22,3881.7099609375,6741.89013672,-0.4999999999999998,-0.8660254037844388,3905.125,5787.054499999999,6055.375,0.09316880283975344,0.049704969562092735,0.0944516570177506,0.1216221597101876,0.1505079570429528
2024-07-23,3881.7900390625,6588.94287109,-0.4999999999999998,-0.8660254037844388,3881.7099609375,6055.375,5945.578791666667,0.09317319012934747,0.04608483883087107,0.09316880283975344,0.1505079570429528,0.1386879469362978
2024-07-24,3869.93994140625,6450.80175781,-0.4999999999999998,-0.8660254037844388,3881.7900390625,5945.578791666667,5962.8317916666665,0.09252395152473027,0.042815157039763484,0.09317319012934747,0.1386879469362978,0.1405453028274138
2024-07-25,3925.0400390625,6321.14306641,-0.4999999999999998,-0.8660254037844388,3869.93994140625,5962.8317916666665,6305.806833333333,0.09554275453837019,0.0397462469067597,0.09252395152473027,0.1405453028274138,0.17746796637261444
2024-07-26,3910.47998046875,6218.91503906,-0.4999999999999998,-0.8660254037844388,3925.0400390625,6305.806833333333,6298.443125000001,0.09474504363346764,0.03732659708904294,0.09554275453837019,0.17746796637261444,0.17667523310574054
2024-07-27,3904.35498046875,6099.96289063,-0.4999999999999998,-0.8660254037844388,3910.47998046875,6298.443125000001,5964.473708333334,0.09440946948305691,0.03451110165470143,0.09474504363346764,0.17667523310574054,0.14072206186025193
2024-07-28,3903.25,5994.07714844,-0.4999999999999998,-0.8660254037844388,3904.35498046875,5964.473708333334,5814.156791666667,0.09434893023701262,0.032004876860676414,0.09440946948305691,0.14072206186025193,0.12453983206223247
2024-07-29,3927.14501953125,5868.39794922,-0.4999999999999998,-0.8660254037844388,3903.25,5814.156791666667,6621.188083333333,0.09565808140080806,0.029030157897917692,0.09434893023701262,0.12453983206223247,0.211420045584058
2024-07-30,3872.85498046875,5799.14697266,-0.4999999999999998,-0.8660254037844388,3927.14501953125,6621.188083333333,6478.803499999999,0.09268365956665885,0.027391046617442506,0.09565808140080806,0.211420045584058,0.19609176385576327
2024-07-31,3853.6650390625,5735.21386719,-0.4999999999999998,-0.8660254037844388,3872.85498046875,6478.803499999999,6091.709958333333,0.09163228841827777,0.025877804789280097,0.09268365956665885,0.19609176385576327,0.15441956365709938
2024-08-01,3830.5849609375,5707.62988281,-0.8660254037844384,-0.5000000000000004,3853.6650390625,6091.709958333333,6115.435041666667,0.0903677859516312,0.02522491551314784,0.09163228841827777,0.15441956365709938,0.15697366574348354
2024-08-02,3812.9599609375,5669.39697266,-0.8660254037844384,-0.5000000000000004,3830.5849609375,6115.435041666667,6236.981458333333,0.0894021542126942,0.02431997528811054,0.0903677859516312,0.15697366574348354,0.170058633751359
2024-08-03,3913.3349609375,5579.38623047,-0.8660254037844384,-0.5000000000000004,3812.9599609375,6236.981458333333,6169.4470833333335,0.0949014612082007,0.02218949814227932,0.0894021542126942,0.170058633751359,0.16278828255104094
2024-08-04,3878.81005859375,5530.25097656,-0.8660254037844384,-0.5000000000000004,3913.3349609375,6169.4470833333335,6218.068125000001,0.0930099241025652,0.02102650878164389,0.0949014612082007,0.16278828255104094,0.16802253619804622
2024-08-05,3884.64501953125,5445.93896484,-0.8660254037844384,-0.5000000000000004,3878.81005859375,6218.068125000001,6553.575666666667,0.09332960770408052,0.01903091570332719,0.0930099241025652,0.16802253619804622,0.2041412928796921
2024-08-06,3856.93994140625,5398.35009766,-0.8660254037844384,-0.5000000000000004,3884.64501953125,6553.575666666667,6665.809375,0.09181171251161362,0.017904527991636356,0.09332960770408052,0.2041412928796921,0.21622370981325229
2024-08-07,3875.625,5335.93310547,-0.8660254037844384,-0.5000000000000004,3856.93994140625,6665.809375,6682.793833333333,0.09283542233413972,0.016427171265795532,0.09181171251161362,0.21622370981325229,0.2180521560975409
2024-08-08,3911.6650390625,5261.29003906,-0.8660254037844384,-0.5000000000000004,3875.625,6682.793833333333,6736.9255416666665,0.09480997016910593,0.014660433838549501,0.09283542233413972,0.2180521560975409,0.22387965551034394
2024-08-09,3978.375,5248.94677734,-0.8660254037844384,-0.5000000000000004,3911.6650390625,6736.9255416666665,6438.328666666667,0.098464849918581,0.014368279409426327,0.09480997016910593,0.22387965551034394,0.19173448279544894
2024-08-10,3918.14501953125,5229.92822266,-0.8660254037844384,-0.5000000000000004,3978.375,6438.328666666667,5847.332625,0.09516499285326577,0.013918126515375606,0.098464849918581,0.19173448279544894,0.12811134597194956
2024-08-11,3904.02001953125,5202.84716797,-0.8660254037844384,-0.5000000000000004,3918.14501953125,5847.332625,5873.127041666667,0.09439111777170632,0.013277141154092132,0.09516499285326577,0.12811134597194956,0.13088822024040922
2024-08-12,4525.06005859375,5185.79785156,-0.8660254037844384,-0.5000000000000004,3904.02001953125,5873.127041666667,6172.828624999999,0.12841642119692215,0.012873598442635798,0.09439111777170632,0.13088822024040922,0.16315231931772708
2024-08-13,5243.1650390625,5193.42822266,-0.8660254037844384,-0.5000000000000004,4525.06005859375,6172.828624999999,6482.633916666667,0.16775968139716982,0.013054202788819792,0.12841642119692215,0.16315231931772708,0.19650412384888122
2024-08-14,5074.25,5234.26611328,-0.8660254037844384,-0.5000000000000004,5243.1650390625,6482.633916666667,6477.614333333334,0.15850522903390546,0.014020800669617313,0.16775968139716982,0.19650412384888122,0.19596374520892798
2024-08-15,5060.72998046875,5292.80517578,-0.8660254037844384,-0.5000000000000004,5074.25,6477.614333333334,6637.571916666667,0.1577644993901935,0.015406370122331935,0.15850522903390546,0.19596374520892798,0.2131838321348451
2024-08-16,5057.56005859375,5376.22314453,-0.8660254037844384,-0.5000000000000004,5060.72998046875,6637.571916666667,6762.337416666666,0.15759082692650836,0.01738080196957074,0.1577644993901935,0.2131838321348451,0.2266153476065332
2024-08-17,5024.43994140625,5434.01220703,-0.8660254037844384,-0.5000000000000004,5057.56005859375,6762.337416666666,6469.334958333333,0.15577625465112888,0.01874861956489038,0.15759082692650836,0.2266153476065332,0.19507243668687324
2024-08-18,5055.2900390625,5441.67089844,-0.8660254037844384,-0.5000000000000004,5024.43994140625,6469.334958333333,6354.597291666666,0.15746645796722428,0.018929894228547038,0.15577625465112888,0.19507243668687324,0.1827204584154862
2024-08-19,5282.02001953125,5418.87695313,-0.8660254037844384,-0.5000000000000004,5055.2900390625,6354.597291666666,6980.426208333333,0.1698884531620721,0.018390381073064177,0.15746645796722428,0.1827204584154862,0.25009349644954365
2024-08-20,5306.31005859375,5380.10302734,-0.8660254037844384,-0.5000000000000004,5282.02001953125,6980.426208333333,6970.625,0.17121924650441364,0.017472635471373888,0.1698884531620721,0.25009349644954365,0.24903835635576446
2024-08-21,5121.89501953125,5352.26708984,-0.8660254037844384,-0.5000000000000004,5306.31005859375,6970.625,6991.851875,0.16111558608704865,0.01681378268076636,0.17121924650441364,0.24903835635576446,0.25132351611529813
2024-08-22,5183.72998046875,5288.54785156,-0.8660254037844384,-0.5000000000000004,5121.89501953125,6991.851875,6917.404625,0.16450337620660496,0.015305602905748394,0.16111558608704865,0.25132351611529813,0.2433089656971165
2024-08-23,5310.0849609375,5198.26416016,-0.8660254037844384,-0.5000000000000004,5183.72998046875,6917.404625,6724.259916666667,0.17142606440594627,0.01316866528598119,0.16450337620660496,0.2433089656971165,0.22251614926746352
2024-08-24,4931.5400390625,5096.28808594,-0.8660254037844384,-0.5000000000000004,5310.0849609375,6724.259916666667,6447.599916666666,0.15068649043851762,0.010754978982976414,0.17142606440594627,0.22251614926746352,0.19273257071091335
2024-08-25,4612.97998046875,5058.33300781,-0.8660254037844384,-0.5000000000000004,4931.5400390625,6447.599916666666,5634.860333333333,0.133233344149964,0.009856614803804169,0.15068649043851762,0.19273257071091335,0.10523783628517012
2024-08-26,4729.7900390625,4970.875,-0.8660254037844384,-0.5000000000000004,4612.97998046875,5634.860333333333,6281.8341666666665,0.13963308883111103,0.007786558693547663,0.133233344149964,0.10523783628517012,0.17488721092955561
2024-08-27,4937.4599609375,4927.05908203,-0.8660254037844384,-0.5000000000000004,4729.7900390625,6281.8341666666665,6426.030333333333,0.15101082884728514,0.006749473456969418,0.13963308883111103,0.17488721092955561,0.19041051700007558
2024-08-28,5040.8349609375,4893.55078125,-0.8660254037844384,-0.5000000000000004,4937.4599609375,6426.030333333333,6637.262291666666,0.15667449869197242,0.00595636068764309,0.15101082884728514,0.19041051700007558,0.21315049973944786
2024-08-29,4975.02001953125,4916.05908203,-0.8660254037844384,-0.5000000000000004,5040.8349609375,6637.262291666666,6668.930791666667,0.15306865492924024,0.006489112881843008,0.15667449869197242,0.21315049973944786,0.21655974306164164
2024-08-30,4881.7900390625,4912.05908203,-0.8660254037844384,-0.5000000000000004,4975.02001953125,6668.930791666667,6673.703416666667,0.14796080652293656,0.006394436309069769,0.15306865492924024,0.21655974306164164,0.21707353562872206
2024-08-31,4738.5400390625,4919.19482422,-0.8660254037844384,-0.5000000000000004,4881.7900390625,6673.703416666667,6374.797833333333,0.14011248047455493,0.0065633332127554055,0.14796080652293656,0.21707353562872206,0.18489512920133902
2024-09-01,4592.2900390625,4903.94921875,-1.0,-1.8369701987210297e-16,4738.5400390625,6374.797833333333,6094.096458333333,0.13209979157699253,0.006202482793817274,0.14011248047455493,0.18489512920133902,0.15467648012578017
2024-09-02,4693.18994140625,4854.74609375,-1.0,-1.8369701987210297e-16,4592.2900390625,6094.096458333333,6932.150166666666,0.1376278567207525,0.005037886982633946,0.13209979157699253,0.15467648012578017,0.24489638346111575
2024-09-03,4990.875,4844.75683594,-1.0,-1.8369701987210297e-16,4693.18994140625,6932.150166666666,7309.328750000001,0.15393731151708998,0.00480144980913417,0.1376278567207525,0.24489638346111575,0.28550119791407835
2024-09-04,4972.47998046875,4831.01806641,-1.0,-1.8369701987210297e-16,4990.875,7309.328750000001,7307.809916666666,0.15292949224345925,0.004476264905828708,0.15393731151708998,0.28550119791407835,0.28533768930460224
2024-09-05,5041.64501953125,4782.08691406,-1.0,-1.8369701987210297e-16,4972.47998046875,7307.809916666666,7226.791125,0.15671887987146313,0.0033181064542428924,0.15292949224345925,0.28533768930460224,0.27661568559549743
2024-09-06,4916.5849609375,4763.14794922,-1.0,-1.8369701987210297e-16,5041.64501953125,7226.791125,7082.309791666667,0.14986713735506896,0.002869837383511866,0.15671887987146313,0.27661568559549743,0.261061680169023
2024-09-07,4742.875,4682.12304688,-1.0,-1.8369701987210297e-16,4916.5849609375,7082.309791666667,6580.898375,0.14034998265147985,0.0009520473678024693,0.14986713735506896,0.261061680169023,0.2070826939858279
2024-09-08,4591.5,4649.17919922,-1.0,-1.8369701987210297e-16,4742.875,6580.898375,6295.492041666667,0.1320565072199003,0.00017229472019932235,0.14034998265147985,0.2070826939858279,0.1763575369361271
2024-09-09,4714.77001953125,4584.61914063,-1.0,-1.8369701987210297e-16,4591.5,6295.492041666667,6608.889125000001,0.13881017776280868,-0.00135578655113585,0.1320565072199003,0.1763575369361271,0.210096012504883
2024-09-10,4972.3349609375,4538.91796875,-1.0,-1.8369701987210297e-16,4714.77001953125,6608.889125000001,7434.753125,0.15292154696901156,-0.0024374941324656497,0.13881017776280868,0.210096012504883,0.29900364396959306
2024-09-11,5035.75,4468.25878906,-1.0,-1.8369701987210297e-16,4972.3349609375,7434.753125,7495.864583333333,0.15639590580275228,-0.004109936374470083,0.15292154696901156,0.29900364396959306,0.305582541967049
2024-09-12,4939.955078125,4408.34814453,-1.0,-1.8369701987210297e-16,5035.75,7495.864583333333,7193.569416666666,0.15114753037061093,-0.005527969998654131,0.15639590580275228,0.305582541967049,0.2730392330547303
2024-09-13,5519.6650390625,4342.23095703,-1.0,-1.8369701987210297e-16,4939.955078125,7193.569416666666,7097.615458333334,0.18290845732999722,-0.007092907177130554,0.15114753037061093,0.2730392330547303,0.2627093976761691
2024-09-14,5223.35498046875,4287.55712891,-1.0,-1.8369701987210297e-16,5519.6650390625,7097.615458333334,6716.348416666667,0.16667433550620092,-0.008386989843829263,0.18290845732999722,0.2627093976761691,0.22166444399113103
2024-09-15,4852.25,4270.66601563,-1.0,-1.8369701987210297e-16,5223.35498046875,6716.348416666667,6392.594041666667,0.14634237819452867,-0.00878678802274799,0.16667433550620092,0.22166444399113103,0.18681096368736733
2024-09-16,4957.0,4313.30908203,-1.0,-1.8369701987210297e-16,4852.25,6392.594041666667,7161.108208333334,0.15208138101175714,-0.007777463177924566,0.14634237819452867,0.18681096368736733,0.26954465144395773
2024-09-17,4952.0,4368.37597656,-1.0,-1.8369701987210297e-16,4957.0,7161.108208333334,7223.092874999999,0.15180744292978918,-0.006474076966083112,0.15208138101175714,0.26954465144395773,0.27621755388366065
2024-09-18,5071.25,4445.89990234,-1.0,-1.8369701987210297e-16,4952.0,7223.092874999999,7228.154958333333,0.15834086618472468,-0.004639152065888751,0.15180744292978918,0.27621755388366065,0.27676250782213435
2024-09-19,5460.4150390625,4427.20703125,-1.0,-1.8369701987210297e-16,5071.25,7228.154958333333,7607.439833333334,0.17966229105867706,-0.005081596308412048,0.15834086618472468,0.27676250782213435,0.31759407317265054
2024-09-20,5638.625,4367.66699219,-1.0,-1.8369701987210297e-16,5460.4150390625,7607.439833333334,7293.147791666666,0.1894259900360373,-0.006490858018658451,0.17966229105867706,0.31759407317265054,0.2837592516853459
2024-09-21,5314.52001953125,4428.13476563,-1.0,-1.8369701987210297e-16,5638.625,7293.147791666666,6642.059583333333,0.17166905069486374,-0.005059637630526462,0.1894259900360373,0.2837592516853459,0.2136669477739048
2024-09-22,4868.81005859375,4650.22802734,-1.0,-1.8369701987210297e-16,5314.52001953125,6642.059583333333,6737.492125,0.14724966433221842,0.00019711958315678447,0.17166905069486374,0.2136669477739048,0.22394065051944234
2024-09-23,5506.0400390625,4848.18017578,-1.0,-1.8369701987210297e-16,4868.81005859375,6737.492125,7686.412874999999,0.18216197605663456,0.004882477330006497,0.14724966433221842,0.22394065051944234,0.3260958435417998
2024-09-24,5732.93994140625,4882.14794922,-1.0,-1.8369701987210297e-16,5506.0400390625,7686.412874999999,8596.23875,0.19459328086598676,0.00568646542351575,0.18216197605663456,0.3260958435417998,0.4240423136525656
2024-09-25,5794.0400390625,4778.13085938,-1.0,-1.8369701987210297e-16,5732.93994140625,8596.23875,8487.3475,0.1979408095779882,0.0032244700295414224,0.19459328086598676,0.4240423136525656,0.41231972600528755
2024-09-26,5874.0400390625,4767.57080078,-1.0,-1.8369701987210297e-16,5794.0400390625,8487.3475,8128.684208333333,0.20232381888947534,0.002974522490408277,0.1979408095779882,0.41231972600528755,0.37370815829508364
2024-09-27,6077.18994140625,4767.0390625,-1.0,-1.8369701987210297e-16,5874.0400390625,8128.684208333333,7708.035666666667,0.2134539178094798,0.0029619367009175845,0.20232381888947534,0.37370815829508364,0.3284236253469618
2024-09-28,6007.35498046875,4728.29003906,-1.0,-1.8369701987210297e-16,6077.18994140625,7708.035666666667,8521.7995,0.20962782675877478,0.0020447805165152958,0.2134539178094798,0.3284236253469618,0.4160286244670465
2024-09-29,5669.64501953125,4643.45214844,-1.0,-1.8369701987210297e-16,6007.35498046875,8521.7995,8091.911875000001,0.19112550296663708,3.674033521215805e-05,0.20962782675877478,0.4160286244670465,0.36974946647645807
2024-09-30,5400.5,4509.15722656,-1.0,-1.8369701987210297e-16,5669.64501953125,8091.911875000001,7968.281375,0.1763796888823139,-0.0031419054008999456,0.19112550296663708,0.36974946647645807,0.35644013838878513
2024-10-01,5787.6650390625,4390.43603516,-0.8660254037844386,0.5000000000000001,5400.5,7968.281375,9051.512916666668,0.19759153852347908,-0.005951934280226902,0.1763796888823139,0.35644013838878513,0.4730544365025786
2024-10-02,5875.18994140625,4294.38720703,-0.8660254037844386,0.5000000000000001,5787.6650390625,9051.512916666668,8667.725333333334,0.2023868192979748,-0.008225327746785478,0.19759153852347908,0.4730544365025786,0.4317381362161733
2024-10-03,6166.27001953125,4189.41992188,-0.8660254037844386,0.5000000000000001,5875.18994140625,8667.725333333334,8477.627083333335,0.21833440295810325,-0.010709813449613824,0.2023868192979748,0.4317381362161733,0.41127328346428405
2024-10-04,5559.81005859375,4182.92285156,-0.8660254037844386,0.5000000000000001,6166.27001953125,8477.627083333335,7823.922541666667,0.18510790726018847,-0.010863593537354922,0.21833440295810325,0.41127328346428405,0.3408993205874577
2024-10-05,5221.8349609375,4153.69091797,-0.8660254037844386,0.5000000000000001,5559.81005859375,7823.922541666667,7437.848000000001,0.16659105725921203,-0.011555488359313963,0.18510790726018847,0.3408993205874577,0.2993368198992006
2024-10-06,4951.7099609375,4105.23193359,-0.8660254037844386,0.5000000000000001,5221.8349609375,7437.848000000001,7263.001125,0.15179155238089378,-0.01270247099960654,0.16659105725921203,0.2993368198992006,0.2805138399348768
2024-10-07,4952.18994140625,4012.62207031,-0.8660254037844386,0.5000000000000001,4951.7099609375,7263.001125,7787.989041666667,0.15181784936669207,-0.014894467114693727,0.15179155238089378,0.2805138399348768,0.3370309326019817
2024-10-08,4946.9599609375,3971.41088867,-0.8660254037844386,0.5000000000000001,4952.18994140625,7787.989041666667,7800.380416666667,0.15153131120302424,-0.015869900474096386,0.15181784936669207,0.3370309326019817,0.33836491471264524
2024-10-09,5596.52001953125,3947.39697266,-0.8660254037844386,0.5000000000000001,4946.9599609375,7800.380416666667,7244.821416666667,0.18711915851785588,-0.0164382892907692,0.15153131120302424,0.33836491471264524,0.27855672010808213
2024-10-10,5523.2900390625,3934.75292969,-0.8660254037844386,0.5000000000000001,5596.52001953125,7244.821416666667,7543.869708333333,0.18310706243942396,-0.016737562954368485,0.18711915851785588,0.27855672010808213,0.31075048967020263
2024-10-11,5421.469970703125,4053.62011719,-0.8660254037844386,0.5000000000000001,5523.2900390625,7543.869708333333,7105.623166666667,0.17752858359298151,-0.013924078472444963,0.18310706243942396,0.31075048967020263,0.2635714601723875
2024-10-12,5298.7099609375,4330.87109375,-0.8660254037844386,0.5000000000000001,5421.469970703125,7105.623166666667,6199.254041666667,0.1708028552694692,-0.0073617854077613065,0.17752858359298151,0.2635714601723875,0.16599712331245445
2024-10-13,5774.68994140625,4594.77978516,-0.8660254037844386,0.5000000000000001,5298.7099609375,6199.254041666667,5817.699708333334,0.1968806638504191,-0.0011152928008189716,0.1708028552694692,0.16599712331245445,0.12492124150653583
2024-10-14,5741.199951171875,4693.63623047,-0.8660254037844386,0.5000000000000001,5774.68994140625,5817.699708333334,6591.158958333333,0.19504582711243312,0.0012245545588050277,0.1968806638504191,0.12492124150653583,0.20818728767390848
2024-10-15,5787.169921875,4756.35205078,-0.8660254037844386,0.5000000000000001,5741.199951171875,6591.158958333333,6661.552375,0.19756441223294047,0.002708984290208331,0.19504582711243312,0.20818728767390848,0.21576542638263269
2024-10-16,5935.98486328125,4931.27587891,-0.8660254037844386,0.5000000000000001,5787.169921875,6661.552375,7013.731708333333,0.20571762815634054,0.0068492814261392285,0.19756441223294047,0.21576542638263269,0.25367896950533475
2024-10-17,6253.76513671875,5131.55712891,-0.8660254037844386,0.5000000000000001,5935.98486328125,7013.731708333333,7706.158833333334,0.22312805187488413,0.011589767011324338,0.20571762815634054,0.25367896950533475,0.3282215765758316
2024-10-18,7037.14501953125,5293.60595703,-0.8660254037844386,0.5000000000000001,6253.76513671875,7706.158833333334,7412.055541666666,0.26604756838487015,0.015425323928404702,0.22312805187488413,0.3282215765758316,0.29656015645331957
2024-10-19,6526.925048828125,5406.73583984,-0.8660254037844386,0.5000000000000001,7037.14501953125,7412.055541666666,6890.764458333334,0.2380938323536391,0.018103011324076962,0.26604756838487015,0.29656015645331957,0.24044104298810096
2024-10-20,6674.22998046875,5534.37988281,-0.8660254037844386,0.5000000000000001,6526.925048828125,6890.764458333334,6465.7228749999995,0.2461643184412495,0.02112423645490689,0.2380938323536391,0.24044104298810096,0.1946835811685072
2024-10-21,7265.509765625,6147.39599609,-0.8660254037844386,0.5000000000000001,6674.22998046875,6465.7228749999995,7187.28675,0.2785591284916739,0.03563380261993754,0.2461643184412495,0.1946835811685072,0.2723628783369856
2024-10-22,7670.58984375,5945.65283203,-0.8660254037844386,0.5000000000000001,7265.509765625,7187.28675,7897.529374999999,0.30075250042067153,0.03085871478152998,0.2785591284916739,0.2723628783369856,0.34882339672019175
2024-10-23,7682.0751953125,6096.21289063,-0.8660254037844386,0.5000000000000001,7670.58984375,7897.529374999999,8325.512791666666,0.30138175545622325,0.03442234236772652,0.30075250042067153,0.34882339672019175,0.39489755890913264
2024-10-24,8087.7900390625,6437.27880859,-0.8660254037844386,0.5000000000000001,7682.0751953125,8325.512791666666,8783.521291666666,0.3236099046807832,0.04249508041827946,0.30138175545622325,0.39489755890913264,0.44420404390630486
2024-10-25,9016.1748046875,6720.03320313,-0.8660254037844386,0.5000000000000001,8087.7900390625,8783.521291666666,8361.699583333333,0.37447389308549783,0.04918763467118438,0.3236099046807832,0.44420404390630486,0.3987932147766729
2024-10-26,9381.490234375,7349.60009766,-0.8660254037844386,0.5000000000000001,9016.1748046875,8361.699583333333,7602.826166666667,0.39448865470987576,0.0640889436475824,0.37447389308549783,0.3987932147766729,0.3170973931191538
2024-10-27,9007.7900390625,7744.17480469,-0.8660254037844386,0.5000000000000001,9381.490234375,7602.826166666667,6773.615958333333,0.3740145117628852,0.0734281888887338,0.39448865470987576,0.3170973931191538,0.22782952866535086
2024-10-28,8055.6201171875,8180.03417969,-0.8660254037844386,0.5000000000000001,9007.7900390625,6773.615958333333,7147.68825,0.321847391341684,0.08374460684775538,0.3740145117628852,0.22782952866535086,0.268099938137927
2024-10-29,9080.625,8768.36132813,-0.8660254037844386,0.5000000000000001,8055.6201171875,7147.68825,7685.545291666666,0.378004965662771,0.09766980636869346,0.321847391341684,0.268099938137927,0.32600244465376876
2024-10-30,5784.5,9408.74511719,-0.8660254037844386,0.5000000000000001,9080.625,7685.545291666666,8338.921916666666,0.1974181335774521,0.11282714197062897,0.378004965662771,0.32600244465376876,0.39634110596259936
2024-10-31,5664.5,9890.30566406,-0.8660254037844386,0.5000000000000001,5784.5,8338.921916666666,8079.170083333333,0.19084361961022142,0.1242252675107437,0.1974181335774521,0.39634110596259936,0.36837776058093513
2024-11-01,5648.9599609375,10167.45214844,-0.5000000000000004,0.8660254037844384,5664.5,8079.170083333333,7515.190666666666,0.18999221791132379,0.1307850873350563,0.19084361961022142,0.36837776058093513,0.30766307374305113
2024-11-02,5656.919921875,10395.0,-0.5000000000000004,0.8660254037844384,5648.9599609375,7515.190666666666,7028.440750000001,0.1904283251976755,0.13617095001696,0.18999221791132379,0.30766307374305113,0.25526245789531077
2024-11-03,5212.4599609375,10660.77148438,-0.5000000000000004,0.8660254037844384,5656.919921875,7028.440750000001,7075.08975,0.16607742335552214,0.1424615333374488,0.1904283251976755,0.25526245789531077,0.26028441320538265
2024-11-04,7865.06005859375,10922.11425781,-0.5000000000000004,0.8660254037844384,5212.4599609375,7075.08975,8182.433625000001,0.31140705995150975,0.14864729286430023,0.16607742335552214,0.26028441320538265,0.3794945024491371
2024-11-05,7118.7099609375,11093.41503906,-0.5000000000000004,0.8660254037844384,7865.06005859375,8182.433625000001,8391.982583333333,0.2705163171058014,0.15270183558483233,0.31140705995150975,0.3794945024491371,0.40205330336710154
2024-11-06,6344.97998046875,11261.02441406,-0.5000000000000004,0.8660254037844384,7118.7099609375,8391.982583333333,8316.288999999999,0.2281254957436603,0.15666900588224852,0.2705163171058014,0.40205330336710154,0.39390458007701584
2024-11-07,7499.97998046875,11507.66503906,-0.5000000000000004,0.8660254037844384,6344.97998046875,8316.288999999999,7879.109625,0.2914051926782557,0.16250677815266099,0.2281254957436603,0.39390458007701584,0.3468404354279305
2024-11-08,7040.455078125,11868.52636719,-0.5000000000000004,0.8660254037844384,7499.97998046875,7879.109625,7929.307916666668,0.26622891860534487,0.17104805660109793,0.2914051926782557,0.3468404354279305,0.352244486477084
2024-11-09,6226.614990234375,12339.8046875,-0.5000000000000004,0.8660254037844384,7040.455078125,7929.307916666668,6396.494833333333,0.22164056006426844,0.18220281064841792,0.26622891860534487,0.352244486477084,0.18723089983656446
2024-11-10,6676.9599609375,12715.96777344,-0.5000000000000004,0.8660254037844384,6226.614990234375,6396.494833333333,7127.7413750000005,0.24631388756393338,0.19110626859356913,0.22164056006426844,0.18723089983656446,0.2659525756044195
2024-11-11,6386.35498046875,13226.15429688,-0.5000000000000004,0.8660254037844384,6676.9599609375,7127.7413750000005,8209.517291666667,0.23039233337194504,0.20318194647216747,0.24631388756393338,0.2659525756044195,0.3824101697438891
2024-11-12,7618.9150390625,13831.8046875,-0.5000000000000004,0.8660254037844384,6386.35498046875,8209.517291666667,7935.703958333333,0.2979213610442391,0.2175171722928364,0.23039233337194504,0.3824101697438891,0.35293304647646984
2024-11-13,7304.72998046875,14471.77148438,-0.5000000000000004,0.8660254037844384,7618.9150390625,7935.703958333333,7971.171375000001,0.28070791057740746,0.23266463804715298,0.2979213610442391,0.35293304647646984,0.3567512586881723
2024-11-14,6835.5400390625,15099.36621094,-0.5000000000000004,0.8660254037844384,7304.72998046875,7971.171375000001,8177.081125,0.25500211205191126,0.24751926749746786,0.28070791057740746,0.3567512586881723,0.37891828397077393
2024-11-15,6308.989990234375,15604.01855469,-0.5000000000000004,0.8660254037844384,6835.5400390625,8177.081125,7890.820500000001,0.22615368996469035,0.2594639560845261,0.25500211205191126,0.37891828397077393,0.3481011589352263
2024-11-16,5805.47509765625,15962.15527344,-0.5000000000000004,0.8660254037844384,6308.989990234375,7890.820500000001,7839.527041666667,0.1985673091816608,0.267940745363402,0.22615368996469035,0.3481011589352263,0.3425792087230237
2024-11-17,5960.3349609375,16209.30957031,-0.5000000000000004,0.8660254037844384,5805.47509765625,7839.527041666667,8154.551041666667,0.2070517119658776,0.2737906758068599,0.1985673091816608,0.3425792087230237,0.3764928285133751
2024-11-18,7545.35498046875,16341.9921875,-0.5000000000000004,0.8660254037844384,5960.3349609375,8154.551041666667,8620.542458333333,0.2938911807721148,0.2769311596723931,0.2070517119658776,0.3764928285133751,0.4266587070826289
2024-11-19,8179.5,16393.77539063,-0.5000000000000004,0.8660254037844384,7545.35498046875,8620.542458333333,8873.590666666667,0.328634474840098,0.27815682372228534,0.2938911807721148,0.4266587070826289,0.4539003798632625
2024-11-20,7078.43994140625,16291.79882813,-0.5000000000000004,0.8660254037844384,8179.5,8873.590666666667,8614.675541666666,0.2683100187235609,0.2757431258621113,0.328634474840098,0.4539003798632625,0.4260271095498217
2024-11-21,6989.125,16086.90722656,-0.5000000000000004,0.8660254037844384,7078.43994140625,8614.675541666666,8935.10325,0.2634166659755794,0.2708935172054444,0.2683100187235609,0.4260271095498217,0.4605224606046948
2024-11-22,7432.0400390625,15995.12109375,-0.5000000000000004,0.8660254037844384,6989.125,8935.10325,8678.582833333334,0.28768292523068717,0.26872101808480436,0.2634166659755794,0.4605224606046948,0.4329069904205315
2024-11-23,7861.0,15967.796875,-0.5000000000000004,0.8660254037844384,7432.0400390625,8678.582833333334,8447.780875,0.3111846190187399,0.26807427723856525,0.28768292523068717,0.4329069904205315,0.4080602172801193
2024-11-24,6365.6650390625,15893.61621094,-0.5000000000000004,0.8660254037844384,7861.0,8447.780875,7715.593875,0.22925878079897358,0.2663184844787543,0.3111846190187399,0.4080602172801193,0.3292372973329467
2024-11-25,6731.2548828125,15711.0546875,-0.5000000000000004,0.8660254037844384,6365.6650390625,7715.593875,8414.784541666666,0.24928857691574077,0.26199740963886414,0.22925878079897358,0.3292372973329467,0.40450802727827057
2024-11-26,7338.10498046875,15443.27246094,-0.5000000000000004,0.8660254037844384,6731.2548828125,8414.784541666666,8542.290083333333,0.28253644727454347,0.2556592337737921,0.24928857691574077,0.40450802727827057,0.4182345194225077
2024-11-27,8376.2099609375,15191.30859375,-0.5000000000000004,0.8660254037844384,7338.10498046875,8542.290083333333,9348.901291666669,0.33941174472073965,0.2496954649217319,0.28253644727454347,0.4182345194225077,0.5050695092583701
2024-11-28,7798.85009765625,14934.81445313,-0.5000000000000004,0.8660254037844384,8376.2099609375,9348.901291666669,9848.12025,0.3077795740102315,0.24362446837915208,0.33941174472073965,0.5050695092583701,0.5588124683505405
2024-11-29,8562.7998046875,14633.23632813,-0.5000000000000004,0.8660254037844384,7798.85009765625,9848.12025,9785.693625,0.3496345575030544,0.23648637255455715,0.3077795740102315,0.5588124683505405,0.5520919872918122
2024-11-30,7774.5,14469.97753906,-0.5000000000000004,0.8660254037844384,8562.7998046875,9785.693625,9388.308083333332,0.30644549020069445,0.232622176898493,0.3496345575030544,0.5520919872918122,0.5093118112726319
2024-12-01,6871.43994140625,14116.57519531,-2.4492935982947064e-16,1.0,7774.5,9388.308083333332,9298.579958333334,0.25696898213008795,0.2242574462194229,0.30644549020069445,0.5093118112726319,0.4996522122714413
2024-12-02,8999.4599609375,13648.91308594,-2.4492935982947064e-16,1.0,6871.43994140625,9298.579958333334,10190.404916666666,0.37355812663804405,0.21318828478665897,0.25696898213008795,0.4996522122714413,0.5956608102083054
2024-12-03,10087.875,13266.25976563,-2.4492935982947064e-16,1.0,8999.4599609375,10190.404916666666,10150.830083333332,0.4331897922752136,0.20413120855484604,0.37355812663804405,0.5956608102083054,0.5914004178225405
2024-12-04,10572.02001953125,13713.15039063,-2.4492935982947064e-16,1.0,10087.875,10150.830083333332,10520.924833333333,0.45971494388415846,0.21470872674971883,0.4331897922752136,0.5914004178225405,0.6312426286950619
2024-12-05,8275.375,13647.5078125,-2.4492935982947064e-16,1.0,10572.02001953125,10520.924833333333,10809.454041666666,0.33388723756183336,0.21315502316838186,0.45971494388415846,0.6312426286950619,0.6623039759886896
2024-12-06,7657.18994140625,13875.89160156,-2.4492935982947064e-16,1.0,8275.375,10809.454041666666,10559.603791666666,0.3000183517113506,0.2185606717746737,0.33388723756183336,0.6623039759886896,0.6354065764793689
2024-12-07,10129.56005859375,13759.84765625,-2.4492935982947064e-16,1.0,7657.18994140625,10559.603791666666,10196.079583333334,0.4354736172747923,0.21581401101641468,0.3000183517113506,0.6354065764793689,0.5962717112436879
2024-12-08,10114.9150390625,14515.61816406,-2.4492935982947064e-16,1.0,10129.56005859375,10196.079583333334,9151.538291666666,0.43467125156263753,0.23370245138705015,0.4354736172747923,0.5962717112436879,0.4838225765082202
2024-12-09,10306.56005859375,17034.5390625,-2.4492935982947064e-16,1.0,10114.9150390625,9151.538291666666,10370.558333333332,0.44517102537645753,0.29332315082484745,0.43467125156263753,0.4838225765082202,0.6150550610487686
2024-12-10,9965.2099609375,19778.54882813,-2.4492935982947064e-16,1.0,10306.56005859375,10370.558333333332,10324.508875,0.4264692671701527,0.35827151089138476,0.44517102537645753,0.6150550610487686,0.6100976488469418
2024-12-11,9300.68994140625,21255.953125,-2.4492935982947064e-16,1.0,9965.2099609375,10324.508875,11089.128458333333,0.39006179925421425,0.39324040474841226,0.4264692671701527,0.6100976488469418,0.692412068806766
2024-12-12,10006.10986328125,21846.95898438,-2.4492935982947064e-16,1.0,9300.68994140625,11089.128458333333,12239.647583333332,0.42871007533029737,0.40722900706216264,0.39006179925421425,0.692412068806766,0.8162701499903514
2024-12-13,9205.93994140625,20885.25976563,-2.4492935982947064e-16,1.0,10006.10986328125,12239.647583333332,11314.789208333334,0.3848706726009217,0.38446641054467456,0.42871007533029737,0.8162701499903514,0.7167053698794004
2024-12-14,8727.77001953125,23543.1171875,-2.4492935982947064e-16,1.0,9205.93994140625,11314.789208333334,10829.675958333331,0.3586728823502817,0.44737561845031726,0.3848706726009217,0.7167053698794004,0.6644809478805629
2024-12-15,7764.58984375,24044.9921875,-2.4492935982947064e-16,1.0,8727.77001953125,10829.675958333331,10267.367458333332,0.3059025363616689,0.4592545696904597,0.3586728823502817,0.6644809478805629,0.6039461420439192
2024-12-16,6316.3798828125,23461.18554688,-2.4492935982947064e-16,1.0,7764.58984375,10267.367458333332,11293.936833333331,0.22655856456445048,0.4454363667164196,0.3059025363616689,0.6039461420439192,0.7144605265738875
2024-12-17,6341.080078125,22118.6640625,-2.4492935982947064e-16,1.0,6316.3798828125,11293.936833333331,11773.434,0.22791182939007845,0.41366003346253444,0.22655856456445048,0.7144605265738875,0.7660803542723618
2024-12-18,6471.7998046875,20623.11914063,-2.4492935982947064e-16,1.0,6341.080078125,11773.434,12341.89925,0.23507365162405958,0.3782617665547658,0.22791182939007845,0.7660803542723618,0.827277959383487
2024-12-19,6788.3798828125,19308.6953125,-2.4492935982947064e-16,1.0,6471.7998046875,12341.89925,11864.583833333332,0.25241831950222454,0.3471504807500582,0.23507365162405958,0.827277959383487,0.7758930059802334
2024-12-20,6907.75,18460.09960938,-2.4492935982947064e-16,1.0,6788.3798828125,11864.583833333332,10817.259583333334,0.2589583236915511,0.3270649475396834,0.25241831950222454,0.7758930059802334,0.6631442744178289
2024-12-21,7099.919921875,18176.08203125,-2.4492935982947064e-16,1.0,6907.75,10817.259583333334,9684.734291666666,0.26948685565362457,0.32034249481350735,0.2589583236915511,0.6631442744178289,0.5412233028583912
2024-12-22,5993.9599609375,17902.30273438,-2.4492935982947064e-16,1.0,7099.919921875,9684.734291666666,9023.999125,0.20889394556711202,0.3138623734325276,0.26948685565362457,0.5412233028583912,0.47009246449544795
2024-12-23,5522.6201171875,17751.10546875,-2.4492935982947064e-16,1.0,5993.9599609375,9023.999125,9195.526833333332,0.1830703590167228,0.3102836637018942,0.20889394556711202,0.47009246449544795,0.4885581226165019
2024-12-24,5396.9599609375,17859.71679688,-2.4492935982947064e-16,1.0,5522.6201171875,9195.526833333332,8532.22825,0.17618573858013933,0.31285440077981874,0.1830703590167228,0.4885581226165019,0.4171513219833902
2024-12-25,5276.580078125,17603.66992188,-2.4492935982947064e-16,1.0,5396.9599609375,8532.22825,7615.20375,0.16959041173910286,0.3067939906312442,0.17618573858013933,0.4171513219833902,0.31842989050059156
2024-12-26,5231.919921875,17461.15625,-2.4492935982947064e-16,1.0,5276.580078125,7615.20375,8261.989708333333,0.16714358823040013,0.3034208141245121,0.16959041173910286,0.31842989050059156,0.3880590396341647
2024-12-27,5391.830078125,17428.87304688,-2.4492935982947064e-16,1.0,5231.919921875,8261.989708333333,9033.016125,0.175904684528464,0.3026566983671261,0.16714358823040013,0.3880590396341647,0.4710631813603522
2024-12-28,5281.6201171875,17495.921875,-2.4492935982947064e-16,1.0,5391.830078125,9033.016125,8528.758208333333,0.16986654346586783,0.304243686680842,0.175904684528464,0.4710631813603522,0.41677775783037324
2024-12-29,5209.5400390625,17882.859375,-2.4492935982947064e-16,1.0,5281.6201171875,8528.758208333333,7571.759041666667,0.1659174477959354,0.3134021657752034,0.16986654346586783,0.41677775783037324,0.31375289027102377
2024-12-30,5345.2900390625,18453.53710938,-2.4492935982947064e-16,1.0,5209.5400390625,7571.759041666667,8301.771833333334,0.1733548667213651,0.3269096187874773,0.1659174477959354,0.31375289027102377,0.3923417478141837
2024-12-31,5776.1201171875,19067.92773438,-2.4492935982947064e-16,1.0,5345.2900390625,8301.771833333334,7801.78975,0.19695901977249763,0.3414517184672295,0.1733548667213651,0.3923417478141837,0.33851663520005104
