data,ena_bruta,ena_armazenavel
2000-01-01,12073.35839844,12073.35839844
2000-01-02,12579.79980469,12579.79980469
2000-01-03,13393.18164063,13393.18164063
2000-01-04,14473.22851563,14473.22851563
2000-01-05,15750.31738281,15750.31738281
2000-01-06,17224.03710938,17224.03710938
2000-01-07,18835.70898438,18835.70898438
2000-01-08,20634.36328125,20634.36328125
2000-01-09,22455.38476563,22455.38476563
2000-01-10,24218.12304688,24218.12304688
2000-01-11,25431.02734375,25431.02734375
2000-01-12,26002.50390625,26002.50390625
2000-01-13,26040.89648438,26040.89648438
2000-01-14,25701.45117188,25701.45117188
2000-01-15,25016.3046875,25016.3046875
2000-01-16,24117.8359375,24117.8359375
2000-01-17,23066.7734375,23066.7734375
2000-01-18,21837.29882813,21837.29882813
2000-01-19,20522.8515625,20522.8515625
2000-01-20,19384.16992188,19384.16992188
2000-01-21,18680.03515625,18680.03515625
2000-01-22,18107.50976563,18107.50976563
2000-01-23,17670.93164063,17670.93164063
2000-01-24,17512.63085938,17512.63085938
2000-01-25,17397.83203125,17397.83203125
2000-01-26,16964.59765625,16964.59765625
2000-01-27,16422.6953125,16422.6953125
2000-01-28,15897.88671875,15897.88671875
2000-01-29,15788.05371094,15788.05371094
2000-01-30,15974.12597656,15974.12597656
2000-01-31,16453.3671875,16453.3671875
2000-02-01,17056.19140625,17056.19140625
2000-02-02,18081.06835938,18081.06835938
2000-02-03,20237.69140625,20237.69140625
2000-02-04,22009.2109375,21819.71875
2000-02-05,22875.73632813,22875.73632813
2000-02-06,23821.02148438,23821.02148438
2000-02-07,24716.72851563,24716.72851563
2000-02-08,24680.74804688,24680.74804688
2000-02-09,24201.34375,24201.34375
2000-02-10,24166.4765625,24166.4765625
2000-02-11,24735.13867188,24735.13867188
2000-02-12,25410.0703125,25410.0703125
2000-02-13,26314.78125,26314.78125
2000-02-14,27436.57226563,27436.57226563
2000-02-15,28435.703125,28435.703125
2000-02-16,29762.46289063,29762.46289063
2000-02-17,31741.12695313,31741.12695313
2000-02-18,33473.04296875,33473.04296875
2000-02-19,34159.71484375,34159.71484375
2000-02-20,34442.4375,34442.4375
2000-02-21,33597.25,33597.25
2000-02-22,31589.47265625,31589.47265625
2000-02-23,29694.921875,29694.921875
2000-02-24,28874.14648438,28874.14648438
2000-02-25,28122.515625,28122.515625
2000-02-26,26884.01367188,26884.01367188
2000-02-27,25371.7109375,25371.7109375
2000-02-28,23967.01953125,23967.01953125
2000-02-29,23206.93164063,23206.93164063
2000-03-01,22708.109375,22708.109375
2000-03-02,23195.01171875,23195.01171875
2000-03-03,23045.37109375,23045.37109375
2000-03-04,23185.62695313,23185.62695313
2000-03-05,23450.87890625,23450.87890625
2000-03-06,23656.64453125,23656.64453125
2000-03-07,23500.39257813,23500.39257813
2000-03-08,23290.484375,23290.484375
2000-03-09,22847.32226563,22847.32226563
2000-03-10,22550.20507813,22550.20507813
2000-03-11,22215.67773438,22215.67773438
2000-03-12,22188.18554688,22188.18554688
2000-03-13,22539.72070313,22539.72070313
2000-03-14,23094.1953125,23094.1953125
2000-03-15,23879.17578125,23879.17578125
2000-03-16,24563.75195313,24563.75195313
2000-03-17,24965.41015625,24965.41015625
2000-03-18,25119.9296875,25119.9296875
2000-03-19,25491.12695313,25491.12695313
2000-03-20,26306.96875,26306.96875
2000-03-21,27109.95507813,26721.76953125
2000-03-22,27642.13671875,26056.72851563
2000-03-23,27832.45117188,26282.82421875
2000-03-24,27675.890625,26103.48242188
2000-03-25,27228.15820313,26044.984375
2000-03-26,26655.08984375,26039.36328125
2000-03-27,25958.98046875,25186.76953125
2000-03-28,25190.20703125,23982.15820313
2000-03-29,24458.94335938,23819.54492188
2000-03-30,23856.8828125,23004.50390625
2000-03-31,23109.00976563,22383.06640625
2000-04-01,22498.921875,20831.703125
2000-04-02,21855.59570313,17966.07617188
2000-04-03,21321.70703125,20623.28320313
2000-04-04,20701.30664063,20701.30664063
2000-04-05,20046.87890625,20046.87890625
2000-04-06,19384.82617188,19384.82617188
2000-04-07,18637.39257813,18637.39257813
2000-04-08,17775.99804688,17775.99804688
2000-04-09,16921.86914063,16253.734375
2000-04-10,16133.13183594,16133.13183594
2000-04-11,15429.26074219,15429.26074219
2000-04-12,14899.52636719,14899.52636719
2000-04-13,14454.61621094,14454.61621094
2000-04-14,14117.96484375,14117.96484375
2000-04-15,13858.2578125,13858.2578125
2000-04-16,13652.52539063,13652.52539063
2000-04-17,13517.62109375,13517.62109375
2000-04-18,13424.55761719,13424.55761719
2000-04-19,13535.1484375,13535.1484375
2000-04-20,13734.91015625,13734.91015625
2000-04-21,14059.20996094,14059.20996094
2000-04-22,14448.65527344,14448.65527344
2000-04-23,14683.53027344,14683.53027344
2000-04-24,14700.61328125,14700.61328125
2000-04-25,14432.41308594,14432.41308594
2000-04-26,14035.80957031,14035.80957031
2000-04-27,13606.49023438,13606.49023438
2000-04-28,13206.07324219,13206.07324219
2000-04-29,12902.56054688,12902.56054688
2000-04-30,12623.34765625,12623.34765625
2000-05-01,12361.47851563,12361.47851563
2000-05-02,12169.12011719,12169.12011719
2000-05-03,11950.68164063,11950.68164063
2000-05-04,11792.04296875,11792.04296875
2000-05-05,11645.09472656,11645.09472656
2000-05-06,11590.57128906,11590.57128906
2000-05-07,11632.17089844,11632.17089844
2000-05-08,11702.41992188,11702.41992188
2000-05-09,11704.27832031,11704.27832031
2000-05-10,11626.42578125,11626.42578125
2000-05-11,11470.31738281,11470.31738281
2000-05-12,11227.97851563,11227.97851563
2000-05-13,11022.74414063,11022.74414063
2000-05-14,10825.76269531,10825.76269531
2000-05-15,10654.859375,10654.859375
2000-05-16,10470.31445313,10470.31445313
2000-05-17,10333.88769531,10304.07910156
2000-05-18,10247.42773438,10223.78710938
2000-05-19,10213.26757813,10213.26757813
2000-05-20,10200.32421875,10200.32421875
2000-05-21,10166.17285156,10166.17285156
2000-05-22,10153.07617188,10153.07617188
2000-05-23,10102.72363281,10102.72363281
2000-05-24,10056.24609375,10056.24609375
2000-05-25,9963.26269531,9963.26269531
2000-05-26,9922.35058594,9922.35058594
2000-05-27,9869.66503906,9869.66503906
2000-05-28,9836.73925781,9836.73925781
2000-05-29,9805.37695313,9805.37695313
2000-05-30,9741.73046875,9741.73046875
2000-05-31,9725.39160156,9725.39160156
2000-06-01,9923.77636719,9923.77636719
2000-06-02,9979.08105469,9979.08105469
2000-06-03,10004.12988281,10004.12988281
2000-06-04,10004.28027344,10004.28027344
2000-06-05,10072.78808594,10072.78808594
2000-06-06,10076.48144531,10076.48144531
2000-06-07,10052.62792969,10052.62792969
2000-06-08,9960.4765625,9960.4765625
2000-06-09,9872.39648438,9872.39648438
2000-06-10,9807.20410156,9807.20410156
2000-06-11,9729.80957031,9729.80957031
2000-06-12,9588.96582031,9588.96582031
2000-06-13,9448.54492188,9448.54492188
2000-06-14,9364.44140625,9364.44140625
2000-06-15,9325.36328125,9325.36328125
2000-06-16,9273.18652344,9273.18652344
2000-06-17,9223.53222656,9223.53222656
2000-06-18,9201.22753906,9187.17285156
2000-06-19,9255.22460938,9255.22460938
2000-06-20,9355.43847656,9355.43847656
2000-06-21,9717.67480469,9717.67480469
2000-06-22,10260.13671875,10260.13671875
2000-06-23,10328.29980469,10328.29980469
2000-06-24,10253.86230469,10253.86230469
2000-06-25,10264.36816406,10264.36816406
2000-06-26,10183.03613281,10183.03613281
2000-06-27,9948.70996094,9948.70996094
2000-06-28,9763.47558594,9763.47558594
2000-06-29,9813.82421875,9813.82421875
2000-06-30,10108.265625,10108.265625
2000-07-01,10163.98730469,10163.98730469
2000-07-02,10338.01757813,10338.01757813
2000-07-03,10176.92773438,10176.92773438
2000-07-04,9979.28320313,9979.28320313
2000-07-05,9870.87011719,9870.87011719
2000-07-06,9734.84765625,9734.84765625
2000-07-07,9492.63964844,9492.63964844
2000-07-08,9218.86621094,9218.86621094
2000-07-09,8993.82421875,8993.82421875
2000-07-10,8787.3046875,8787.3046875
2000-07-11,8660.265625,8660.265625
2000-07-12,8615.10742188,8615.10742188
2000-07-13,8620.72363281,8620.72363281
2000-07-14,8631.37207031,8631.37207031
2000-07-15,8604.22558594,8604.22558594
2000-07-16,8480.90234375,8480.90234375
2000-07-17,8448.80273438,8448.80273438
2000-07-18,8429.14746094,8429.14746094
2000-07-19,8458.01757813,8458.01757813
2000-07-20,8481.34863281,8481.34863281
2000-07-21,8475.10742188,8475.10742188
2000-07-22,8452.33398438,8452.33398438
2000-07-23,8440.12207031,8440.12207031
2000-07-24,8723.72753906,8723.72753906
2000-07-25,9329.69726563,9329.69726563
2000-07-26,11021.29003906,11021.29003906
2000-07-27,12009.90527344,12009.90527344
2000-07-28,11694.47265625,11694.47265625
2000-07-29,11056.25195313,11056.25195313
2000-07-30,10543.78417969,10543.78417969
2000-07-31,10149.47558594,10149.47558594
2000-08-01,10036.9921875,10036.9921875
2000-08-02,9824.22558594,9824.22558594
2000-08-03,9634.33203125,9634.33203125
2000-08-04,9485.5859375,9485.5859375
2000-08-05,9346.25683594,9346.25683594
2000-08-06,9265.90039063,9265.90039063
2000-08-07,9190.55859375,9074.10839844
2000-08-08,9106.8046875,8893.18164063
2000-08-09,9055.68554688,8843.9921875
2000-08-10,8954.76367188,8823.66015625
2000-08-11,8838.34960938,8838.34960938
2000-08-12,8768.81835938,8768.81835938
2000-08-13,8744.703125,8744.703125
2000-08-14,8739.81054688,8739.81054688
2000-08-15,8732.390625,8732.390625
2000-08-16,8646.8828125,8646.8828125
2000-08-17,8576.41308594,8576.41308594
2000-08-18,8542.79199219,8542.79199219
2000-08-19,8693.12402344,8693.12402344
2000-08-20,8985.73632813,8985.73632813
2000-08-21,9199.63476563,9162.54882813
2000-08-22,9279.109375,9235.31152344
2000-08-23,9245.63476563,9232.03613281
2000-08-24,9083.13671875,9083.13671875
2000-08-25,8874.20898438,8874.20898438
2000-08-26,8723.78125,8723.78125
2000-08-27,8568.45996094,8568.45996094
2000-08-28,8494.02539063,8494.02539063
2000-08-29,9390.29785156,9390.29785156
2000-08-30,12326.36425781,12326.36425781
2000-08-31,15024.52832031,15024.52832031
2000-09-01,13691.25976563,13691.25976563
2000-09-02,12760.74316406,12760.74316406
2000-09-03,12973.56835938,12973.56835938
2000-09-04,14568.19433594,14385.2265625
2000-09-05,17284.12695313,15978.69335938
2000-09-06,18216.01171875,17224.08789063
2000-09-07,17228.28515625,17226.23046875
2000-09-08,15961.19140625,15961.19140625
2000-09-09,15102.65820313,15102.65820313
2000-09-10,14712.35644531,14712.35644531
2000-09-11,14519.96582031,14519.96582031
2000-09-12,14190.77929688,14190.77929688
2000-09-13,13647.07324219,13647.07324219
2000-09-14,14027.27832031,14027.27832031
2000-09-15,17952.71289063,16404.6953125
2000-09-16,23282.15820313,18210.5
2000-09-17,25958.265625,18166.78320313
2000-09-18,25053.4453125,18966.22265625
2000-09-19,21585.31835938,16829.22460938
2000-09-20,18360.83203125,14366.41308594
2000-09-21,17011.93359375,15064.06347656
2000-09-22,17036.12890625,15948.61132813
2000-09-23,16185.51074219,15436.17089844
2000-09-24,15090.890625,13609.68652344
2000-09-25,14308.18164063,13915.52441406
2000-09-26,13730.60839844,13730.60839844
2000-09-27,13423.03613281,13423.03613281
2000-09-28,13006.02832031,11468.29003906
2000-09-29,12426.12597656,12190.73730469
2000-09-30,11900.45800781,11558.16699219
2000-10-01,11715.03515625,11049.984375
2000-10-02,11426.39941406,11426.39941406
2000-10-03,11097.51953125,11097.51953125
2000-10-04,10795.453125,10795.453125
2000-10-05,10373.89257813,10373.89257813
2000-10-06,10162.64648438,10162.64648438
2000-10-07,10700.66308594,10468.35839844
2000-10-08,11664.73632813,9857.68652344
2000-10-09,12101.29785156,11478.390625
2000-10-10,11486.296875,10093.49316406
2000-10-11,10554.40625,9510.05957031
2000-10-12,10105.50292969,8990.23242188
2000-10-13,10357.26269531,9838.17285156
2000-10-14,10874.28613281,8705.41699219
2000-10-15,10973.43066406,7720.12792969
2000-10-16,11190.76269531,9171.96679688
2000-10-17,11669.92773438,10213.39355469
2000-10-18,11938.35546875,10031.59960938
2000-10-19,11153.57910156,10881.18457031
2000-10-20,10062.88183594,10014.57128906
2000-10-21,9354.52929688,7947.33398438
2000-10-22,8850.22265625,6501.47119141
2000-10-23,8514.06445313,8221.11328125
2000-10-24,8273.265625,8273.265625
2000-10-25,8106.41894531,8106.41894531
2000-10-26,8071.61083984,8071.61083984
2000-10-27,8116.73876953,8116.73876953
2000-10-28,8350.41210938,8340.1328125
2000-10-29,8806.57910156,7484.69921875
2000-10-30,9267.22363281,9211.71679688
2000-10-31,9495.61328125,9193.41015625
2000-11-01,10046.70898438,9599.57324219
2000-11-02,9811.0078125,9811.0078125
2000-11-03,9782.25683594,9782.25683594
2000-11-04,9817.14941406,9234.33007813
2000-11-05,9788.08203125,7580.15185547
2000-11-06,9750.88085938,9362.33496094
2000-11-07,9851.97753906,9851.97753906
2000-11-08,10075.93164063,10075.93164063
2000-11-09,10321.47460938,10321.47460938
2000-11-10,10422.22558594,10422.22558594
2000-11-11,10376.94726563,10376.94726563
2000-11-12,10238.17089844,9913.35546875
2000-11-13,10097.96484375,9911.91503906
2000-11-14,10354.03222656,10354.03222656
2000-11-15,11143.76855469,11143.76855469
2000-11-16,11804.67382813,11804.67382813
2000-11-17,12150.50097656,12150.50097656
2000-11-18,12368.40820313,12368.40820313
2000-11-19,12685.484375,12685.484375
2000-11-20,13080.01855469,13080.01855469
2000-11-21,13597.11425781,13597.11425781
2000-11-22,14222.75097656,14222.75097656
2000-11-23,15012.61230469,15012.61230469
2000-11-24,15499.39648438,15499.39648438
2000-11-25,15652.55761719,15652.55761719
2000-11-26,15635.42285156,15635.42285156
2000-11-27,15759.890625,15759.890625
2000-11-28,15917.8671875,15917.8671875
2000-11-29,15960.93554688,15960.93554688
2000-11-30,15808.63183594,15808.63183594
2000-12-01,15716.89257813,15716.89257813
2000-12-02,16283.39746094,16283.39746094
2000-12-03,16942.40429688,16811.86132813
2000-12-04,16933.56054688,16933.56054688
2000-12-05,16798.02539063,16798.02539063
2000-12-06,17303.3203125,17303.3203125
2000-12-07,17840.7578125,17840.7578125
2000-12-08,17419.0234375,17419.0234375
2000-12-09,16737.28710938,16737.28710938
2000-12-10,16038.36035156,16038.36035156
2000-12-11,15390.14746094,15390.14746094
2000-12-12,14935.40722656,14935.40722656
2000-12-13,14745.1015625,14745.1015625
2000-12-14,14642.49511719,14642.49511719
2000-12-15,14737.67675781,14737.67675781
2000-12-16,15161.1640625,15161.1640625
2000-12-17,16110.609375,16110.609375
2000-12-18,17830.56640625,17830.56640625
2000-12-19,19476.84960938,19476.84960938
2000-12-20,20268.59179688,20268.59179688
2000-12-21,20841.95117188,20841.95117188
2000-12-22,20824.07617188,20824.07617188
2000-12-23,20365.61328125,20365.61328125
2000-12-24,20106.7265625,20106.7265625
2000-12-25,19930.23242188,19930.23242188
2000-12-26,19949.09765625,19949.09765625
2000-12-27,19903.51757813,19903.51757813
2000-12-28,19484.19726563,19484.19726563
2000-12-29,19054.88867188,19054.88867188
2000-12-30,18782.52734375,18782.52734375
2000-12-31,18960.69335938,18960.69335938
2001-01-01,19612.0,18708.0
2001-01-02,20303.0,20303.0
2001-01-03,20431.0,20431.0
2001-01-04,20407.0,20407.0
2001-01-05,20266.0,20266.0
2001-01-06,19963.0,19963.0
2001-01-07,19593.0,19593.0
2001-01-08,19076.0,19076.0
2001-01-09,18426.0,18426.0
2001-01-10,17939.0,17939.0
2001-01-11,17612.0,17612.0
2001-01-12,17320.0,17320.0
2001-01-13,17383.0,17383.0
2001-01-14,19458.0,17378.0
2001-01-15,22343.0,19992.0
2001-01-16,23012.0,18018.0
2001-01-17,21657.0,16564.0
2001-01-18,19750.0,15435.0
2001-01-19,18239.0,15615.0
2001-01-20,17119.0,14446.0
2001-01-21,16157.0,11735.0
2001-01-22,15425.0,12529.0
2001-01-23,14973.0,11877.0
2001-01-24,14631.0,12678.0
2001-01-25,14582.0,13530.0
2001-01-26,14925.0,14303.0
2001-01-27,15036.0,12710.0
2001-01-28,15225.0,12804.0
2001-01-29,15394.0,14493.0
2001-01-30,15488.0,14775.0
2001-01-31,15642.0,15642.0
2001-02-01,15915.0,14671.0
2001-02-02,16250.0,15637.0
2001-02-03,16862.0,15886.0
2001-02-04,17632.0,14579.0
2001-02-05,17925.0,17925.0
2001-02-06,17986.0,16275.0
2001-02-07,17876.0,16372.0
2001-02-08,17861.0,16601.0
2001-02-09,18268.0,16911.0
2001-02-10,18040.0,15310.0
2001-02-11,17291.0,13529.0
2001-02-12,16693.0,14671.0
2001-02-13,16630.0,15251.0
2001-02-14,16928.0,15275.0
2001-02-15,17634.0,14788.0
2001-02-16,18935.0,15572.0
2001-02-17,20468.0,16034.0
2001-02-18,21445.0,15487.0
2001-02-19,21825.0,15871.0
2001-02-20,21884.0,18568.0
2001-02-21,22772.0,19662.0
2001-02-22,24851.0,20447.0
2001-02-23,24838.0,18590.0
2001-02-24,23111.0,16816.0
2001-02-25,21632.0,14706.0
2001-02-26,20733.0,14329.0
2001-02-27,20110.0,14044.0
2001-02-28,19307.0,16109.0
2001-03-01,18770.0,17004.0
2001-03-02,17740.0,17243.0
2001-03-03,16876.0,16876.0
2001-03-04,16211.0,14596.0
2001-03-05,15751.0,15751.0
2001-03-06,15472.0,15472.0
2001-03-07,15357.0,15357.0
2001-03-08,15429.0,15429.0
2001-03-09,15697.0,15697.0
2001-03-10,16217.0,15961.0
2001-03-11,16844.0,16844.0
2001-03-12,17541.0,17541.0
2001-03-13,18361.0,18361.0
2001-03-14,18849.0,18849.0
2001-03-15,19064.0,19064.0
2001-03-16,19141.0,19141.0
2001-03-17,19026.0,19026.0
2001-03-18,18682.0,18682.0
2001-03-19,18103.0,18103.0
2001-03-20,17550.0,17550.0
2001-03-21,17228.0,17228.0
2001-03-22,16857.0,16857.0
2001-03-23,16489.0,16489.0
2001-03-24,15975.0,15975.0
2001-03-25,15617.0,15617.0
2001-03-26,15225.0,15225.0
2001-03-27,14803.0,14803.0
2001-03-28,14370.0,14370.0
2001-03-29,14402.0,14402.0
2001-03-30,14641.0,14641.0
2001-03-31,14892.0,14892.0
2001-04-01,15341.0,15341.0
2001-04-02,15680.0,15680.0
2001-04-03,15875.0,15875.0
2001-04-04,16154.0,16154.0
2001-04-05,16467.0,16467.0
2001-04-06,16372.0,16372.0
2001-04-07,16118.0,16118.0
2001-04-08,15714.0,15714.0
2001-04-09,15279.0,15279.0
2001-04-10,14953.0,14953.0
2001-04-11,14884.0,14884.0
2001-04-12,14624.0,14624.0
2001-04-13,14017.0,14017.0
2001-04-14,13408.0,13408.0
2001-04-15,12858.0,12858.0
2001-04-16,12353.0,12353.0
2001-04-17,11924.0,11924.0
2001-04-18,11555.0,11555.0
2001-04-19,11235.0,11235.0
2001-04-20,10969.0,10969.0
2001-04-21,10758.0,10758.0
2001-04-22,10592.0,10592.0
2001-04-23,10573.0,10573.0
2001-04-24,10697.0,10697.0
2001-04-25,10897.0,10897.0
2001-04-26,11284.0,11284.0
2001-04-27,11703.0,11703.0
2001-04-28,12024.0,12024.0
2001-04-29,12052.0,12052.0
2001-04-30,11765.0,11765.0
2001-05-01,11079.0,11079.0
2001-05-02,10686.0,10686.0
2001-05-03,10309.0,10309.0
2001-05-04,10079.0,10079.0
2001-05-05,9854.0,9854.0
2001-05-06,9677.0,9677.0
2001-05-07,9580.0,9580.0
2001-05-08,9518.0,9518.0
2001-05-09,9467.0,9467.0
2001-05-10,9386.0,9386.0
2001-05-11,9326.0,9326.0
2001-05-12,9273.0,9273.0
2001-05-13,9167.0,9167.0
2001-05-14,9274.0,9274.0
2001-05-15,9374.0,9374.0
2001-05-16,9564.0,9564.0
2001-05-17,9871.0,9871.0
2001-05-18,10463.0,10463.0
2001-05-19,11340.0,11340.0
2001-05-20,12067.0,12067.0
2001-05-21,12534.0,12534.0
2001-05-22,12577.0,12577.0
2001-05-23,12332.0,12332.0
2001-05-24,12369.0,12369.0
2001-05-25,12700.0,12700.0
2001-05-26,12913.0,12913.0
2001-05-27,12869.0,12869.0
2001-05-28,12710.0,12710.0
2001-05-29,12730.0,12730.0
2001-05-30,13436.0,13436.0
2001-05-31,13946.0,13946.0
2001-06-01,13556.0,13556.0
2001-06-02,13410.0,13410.0
2001-06-03,12826.0,12826.0
2001-06-04,12077.0,12077.0
2001-06-05,11394.0,11394.0
2001-06-06,10861.0,10861.0
2001-06-07,10418.0,10418.0
2001-06-08,10165.0,10165.0
2001-06-09,10229.0,10229.0
2001-06-10,10455.0,10455.0
2001-06-11,10598.0,10598.0
2001-06-12,10455.0,10455.0
2001-06-13,10122.0,10122.0
2001-06-14,9831.0,9831.0
2001-06-15,9581.0,9581.0
2001-06-16,9390.0,9390.0
2001-06-17,9204.0,9204.0
2001-06-18,9082.0,9082.0
2001-06-19,9038.0,9038.0
2001-06-20,9086.0,9086.0
2001-06-21,9401.0,9401.0
2001-06-22,10066.0,10066.0
2001-06-23,10884.0,10884.0
2001-06-24,11281.0,11281.0
2001-06-25,10993.0,10993.0
2001-06-26,10453.0,10453.0
2001-06-27,10122.0,10122.0
2001-06-28,10319.0,10319.0
2001-06-29,11106.0,11106.0
2001-06-30,11678.0,11678.0
2001-07-01,11647.0,11647.0
2001-07-02,11085.0,11085.0
2001-07-03,10542.0,10542.0
2001-07-04,10151.0,10151.0
2001-07-05,9852.0,9852.0
2001-07-06,9587.0,9587.0
2001-07-07,9373.0,9373.0
2001-07-08,9145.0,9145.0
2001-07-09,8912.0,8912.0
2001-07-10,8752.0,8752.0
2001-07-11,8640.0,8640.0
2001-07-12,8548.0,8548.0
2001-07-13,8513.0,8513.0
2001-07-14,8512.0,8512.0
2001-07-15,8533.0,8533.0
2001-07-16,8556.0,8556.0
2001-07-17,8499.0,8499.0
2001-07-18,8383.0,8383.0
2001-07-19,8250.0,8242.0
2001-07-20,8155.0,8155.0
2001-07-21,8150.0,8150.0
2001-07-22,8420.0,8420.0
2001-07-23,8842.0,8842.0
2001-07-24,8869.0,8869.0
2001-07-25,8535.0,8535.0
2001-07-26,8230.0,8230.0
2001-07-27,8135.0,8135.0
2001-07-28,8156.0,8156.0
2001-07-29,8551.0,8551.0
2001-07-30,9778.0,9778.0
2001-07-31,10889.0,10889.0
2001-08-01,10759.0,10759.0
2001-08-02,10031.0,10031.0
2001-08-03,9405.0,9405.0
2001-08-04,9009.0,9009.0
2001-08-05,8731.0,8731.0
2001-08-06,8479.0,8479.0
2001-08-07,8235.0,8235.0
2001-08-08,8013.0,8013.0
2001-08-09,7827.0,7827.0
2001-08-10,7670.0,7670.0
2001-08-11,7541.0,7541.0
2001-08-12,7428.0,7428.0
2001-08-13,7280.0,7280.0
2001-08-14,7153.0,7153.0
2001-08-15,7042.0,7042.0
2001-08-16,6945.0,6945.0
2001-08-17,6834.0,6834.0
2001-08-18,6741.0,6741.0
2001-08-19,6662.0,6662.0
2001-08-20,6625.0,6625.0
2001-08-21,6571.0,6571.0
2001-08-22,6541.0,6541.0
2001-08-23,6510.0,6510.0
2001-08-24,6495.0,6495.0
2001-08-25,6500.0,6500.0
2001-08-26,6550.0,6550.0
2001-08-27,6662.0,6662.0
2001-08-28,6980.0,6980.0
2001-08-29,7397.0,7397.0
2001-08-30,7767.0,7767.0
2001-08-31,8513.0,8513.0
2001-09-01,8366.0,8366.0
2001-09-02,10579.0,10579.0
2001-09-03,10602.0,10602.0
2001-09-04,9422.0,9422.0
2001-09-05,8566.0,8566.0
2001-09-06,7985.0,7985.0
2001-09-07,7603.0,7603.0
2001-09-08,7330.0,7330.0
2001-09-09,7097.0,7097.0
2001-09-10,6913.0,6913.0
2001-09-11,6745.0,6745.0
2001-09-12,6534.0,6534.0
2001-09-13,6344.0,6344.0
2001-09-14,6180.0,6180.0
2001-09-15,6090.0,6090.0
2001-09-16,6239.0,6239.0
2001-09-17,6618.0,6618.0
2001-09-18,7201.0,7201.0
2001-09-19,7816.0,7816.0
2001-09-20,7967.0,7967.0
2001-09-21,7843.0,7843.0
2001-09-22,7700.0,7700.0
2001-09-23,7668.0,7668.0
2001-09-24,7743.0,7743.0
2001-09-25,8075.0,8075.0
2001-09-26,8991.0,8991.0
2001-09-27,9602.0,9602.0
2001-09-28,9601.0,9601.0
2001-09-29,9596.0,9596.0
2001-09-30,9660.0,9660.0
2001-10-01,10337.0,10337.0
2001-10-02,9861.0,9861.0
2001-10-03,10237.0,10237.0
2001-10-04,11749.0,11749.0
2001-10-05,13310.0,13310.0
2001-10-06,13429.0,13429.0
2001-10-07,12348.0,12348.0
2001-10-08,11407.0,11407.0
2001-10-09,11096.0,11096.0
2001-10-10,12312.0,12312.0
2001-10-11,13534.0,13534.0
2001-10-12,14657.0,14657.0
2001-10-13,14683.0,14683.0
2001-10-14,13658.0,13658.0
2001-10-15,12728.0,12728.0
2001-10-16,11926.0,11926.0
2001-10-17,11347.0,11347.0
2001-10-18,10930.0,10930.0
2001-10-19,10522.0,10502.0
2001-10-20,10359.0,10359.0
2001-10-21,10461.0,10461.0
2001-10-22,10571.0,10571.0
2001-10-23,10921.0,10921.0
2001-10-24,11113.0,11096.0
2001-10-25,11041.0,11041.0
2001-10-26,10894.0,10894.0
2001-10-27,10651.0,10651.0
2001-10-28,10375.0,10375.0
2001-10-29,10043.0,10043.0
2001-10-30,9619.0,9619.0
2001-10-31,9165.0,9165.0
2001-11-01,8968.0,8968.0
2001-11-02,8661.0,8661.0
2001-11-03,8464.0,8464.0
2001-11-04,8398.0,8398.0
2001-11-05,8505.0,8505.0
2001-11-06,8740.0,8740.0
2001-11-07,9001.0,9001.0
2001-11-08,9209.0,9209.0
2001-11-09,9406.0,9406.0
2001-11-10,9691.0,9691.0
2001-11-11,9715.0,9715.0
2001-11-12,9902.0,9902.0
2001-11-13,10396.0,10396.0
2001-11-14,10931.0,10931.0
2001-11-15,11846.0,11846.0
2001-11-16,12930.0,12930.0
2001-11-17,13712.0,13712.0
2001-11-18,14182.0,14182.0
2001-11-19,14577.0,14577.0
2001-11-20,15110.0,15110.0
2001-11-21,15867.0,15867.0
2001-11-22,16589.0,16561.0
2001-11-23,17051.0,17051.0
2001-11-24,17110.0,17078.0
2001-11-25,16916.0,16885.0
2001-11-26,16606.0,16606.0
2001-11-27,16314.0,16314.0
2001-11-28,15796.0,15796.0
2001-11-29,15375.0,15344.0
2001-11-30,15062.0,15062.0
2001-12-01,14971.0,14971.0
2001-12-02,15130.0,15130.0
2001-12-03,15395.0,15395.0
2001-12-04,15427.0,15412.0
2001-12-05,15380.0,15351.0
2001-12-06,15447.0,15434.0
2001-12-07,15592.0,15592.0
2001-12-08,15625.0,15609.0
2001-12-09,15894.0,15894.0
2001-12-10,16087.0,16059.0
2001-12-11,16030.0,16026.0
2001-12-12,15802.0,15802.0
2001-12-13,15767.0,15767.0
2001-12-14,15880.0,15880.0
2001-12-15,16016.0,16016.0
2001-12-16,16647.0,16647.0
2001-12-17,17728.0,17728.0
2001-12-18,18509.0,18509.0
2001-12-19,18823.0,18778.0
2001-12-20,18751.0,18751.0
2001-12-21,18514.0,18514.0
2001-12-22,18427.0,18427.0
2001-12-23,18832.0,18832.0
2001-12-24,19914.0,19914.0
2001-12-25,21075.0,21075.0
2001-12-26,21676.0,21676.0
2001-12-27,21850.0,21850.0
2001-12-28,22012.0,22012.0
2001-12-29,22048.0,22048.0
2001-12-30,22522.0,22522.0
2001-12-31,23470.0,22791.0
2002-01-01,26930.0,19092.0
2002-01-02,26797.0,22735.0
2002-01-03,27617.0,23397.0
2002-01-04,27842.0,24069.0
2002-01-05,28056.0,24363.0
2002-01-06,28236.0,24089.0
2002-01-07,27006.0,23567.0
2002-01-08,26760.0,22817.0
2002-01-09,26135.0,22614.0
2002-01-10,26509.0,22134.0
2002-01-11,25585.0,21858.0
2002-01-12,26416.0,22023.0
2002-01-13,26773.0,22304.0
2002-01-14,28782.0,23233.0
2002-01-15,31691.0,25097.0
2002-01-16,31943.0,27455.0
2002-01-17,34828.0,29878.0
2002-01-18,38316.0,31322.0
2002-01-19,38396.0,31492.0
2002-01-20,36657.0,30474.0
2002-01-21,36560.0,30350.0
2002-01-22,36859.0,31511.0
2002-01-23,36114.0,30242.0
2002-01-24,34406.0,28857.0
2002-01-25,35712.0,26258.0
2002-01-26,32834.0,22093.0
2002-01-27,32788.0,19803.0
2002-01-28,33077.0,22543.0
2002-01-29,32593.0,21139.0
2002-01-30,34303.0,19657.0
2002-01-31,36142.0,19383.0
2002-02-01,27017.0,18889.0
2002-02-02,26818.0,17680.0
2002-02-03,26425.0,18022.0
2002-02-04,26008.0,20282.0
2002-02-05,25863.0,21330.0
2002-02-06,25681.0,21496.0
2002-02-07,25522.0,21069.0
2002-02-08,25521.0,20421.0
2002-02-09,26096.0,19298.0
2002-02-10,27091.0,19033.0
2002-02-11,32901.0,20381.0
2002-02-12,28964.0,21110.0
2002-02-13,30217.0,23166.0
2002-02-14,31467.0,25198.0
2002-02-15,32565.0,26106.0
2002-02-16,33242.0,25331.0
2002-02-17,33306.0,24036.0
2002-02-18,33032.0,26789.0
2002-02-19,33480.0,29793.0
2002-02-20,33139.0,29434.0
2002-02-21,32968.0,29782.0
2002-02-22,33374.0,29586.0
2002-02-23,33982.0,27417.0
2002-02-24,34500.0,24348.0
2002-02-25,35032.0,28174.0
2002-02-26,35271.0,26826.0
2002-02-27,35141.0,25547.0
2002-02-28,34596.0,24222.0
2002-03-01,37755.0,23311.0
2002-03-02,36261.0,19385.0
2002-03-03,35284.0,16919.0
2002-03-04,35736.0,21105.0
2002-03-05,33509.0,22017.0
2002-03-06,34229.0,21968.0
2002-03-07,30821.0,22068.0
2002-03-08,32883.0,21649.0
2002-03-09,28933.0,21242.0
2002-03-10,27507.0,18333.0
2002-03-11,25476.0,19967.0
2002-03-12,24255.0,20314.0
2002-03-13,24223.0,19814.0
2002-03-14,23731.0,18959.0
2002-03-15,21784.0,18170.0
2002-03-16,21312.0,17909.0
2002-03-17,20769.0,16802.0
2002-03-18,20454.0,17260.0
2002-03-19,20288.0,17085.0
2002-03-20,20410.0,17362.0
2002-03-21,21250.0,17660.0
2002-03-22,21487.0,18473.0
2002-03-23,23005.0,19167.0
2002-03-24,23817.0,19753.0
2002-03-25,25361.0,20462.0
2002-03-26,25741.0,20288.0
2002-03-27,27542.0,21025.0
2002-03-28,28694.0,20640.0
2002-03-29,26755.0,17112.0
2002-03-30,27710.0,17496.0
2002-03-31,25809.0,17088.0
2002-04-01,26040.0,20974.0
2002-04-02,25580.0,22227.0
2002-04-03,24366.0,21066.0
2002-04-04,25098.0,19992.0
2002-04-05,23287.0,19452.0
2002-04-06,20683.0,18188.0
2002-04-07,20283.0,17097.0
2002-04-08,19325.0,16382.0
2002-04-09,18410.0,15705.0
2002-04-10,19085.0,15209.0
2002-04-11,17715.0,14634.0
2002-04-12,16071.0,14313.0
2002-04-13,16188.0,13687.0
2002-04-14,16558.0,13780.0
2002-04-15,16439.0,14027.0
2002-04-16,15993.0,13792.0
2002-04-17,18839.0,13703.0
2002-04-18,16512.0,13778.0
2002-04-19,14829.0,13416.0
2002-04-20,16279.0,13196.0
2002-04-21,15089.0,12441.0
2002-04-22,14408.0,12400.0
2002-04-23,15216.0,12293.0
2002-04-24,15479.0,12110.0
2002-04-25,13610.0,11520.0
2002-04-26,13999.0,11102.0
2002-04-27,14251.0,10852.0
2002-04-28,13100.0,10765.0
2002-04-29,12353.0,11162.0
2002-04-30,13499.0,10932.0
2002-05-01,15193.0,11042.0
2002-05-02,13592.0,11021.0
2002-05-03,13288.0,11411.0
2002-05-04,15227.0,11537.0
2002-05-05,15029.0,11869.0
2002-05-06,15450.0,12301.0
2002-05-07,16415.0,12763.0
2002-05-08,18903.0,13129.0
2002-05-09,18021.0,13400.0
2002-05-10,16641.0,13394.0
2002-05-11,18209.0,13554.0
2002-05-12,17273.0,13361.0
2002-05-13,16959.0,13247.0
2002-05-14,16193.0,13184.0
2002-05-15,15868.0,13110.0
2002-05-16,18578.0,13583.0
2002-05-17,17089.0,14160.0
2002-05-18,20515.0,15083.0
2002-05-19,24090.0,15586.0
2002-05-20,27563.0,15565.0
2002-05-21,31536.0,14782.0
2002-05-22,34982.0,16157.0
2002-05-23,36633.0,15924.0
2002-05-24,38679.0,16235.0
2002-05-25,34459.0,16536.0
2002-05-26,31004.0,14188.0
2002-05-27,26599.0,16607.0
2002-05-28,25358.0,16627.0
2002-05-29,23570.0,16279.0
2002-05-30,20897.0,14295.0
2002-05-31,19634.0,14670.0
2002-06-01,18532.0,14396.0
2002-06-02,18717.0,12941.0
2002-06-03,19084.0,13052.0
2002-06-04,16884.0,12673.0
2002-06-05,16939.0,12389.0
2002-06-06,16689.0,12305.0
2002-06-07,16520.0,12013.0
2002-06-08,15295.0,11812.0
2002-06-09,16144.0,11665.0
2002-06-10,14797.0,11391.0
2002-06-11,14701.0,11131.0
2002-06-12,14526.0,11011.0
2002-06-13,13754.0,10761.0
2002-06-14,13475.0,10753.0
2002-06-15,14220.0,10745.0
2002-06-16,13253.0,10735.0
2002-06-17,14813.0,10761.0
2002-06-18,14744.0,10680.0
2002-06-19,14385.0,10591.0
2002-06-20,13054.0,10666.0
2002-06-21,13357.0,10295.0
2002-06-22,13452.0,10064.0
2002-06-23,12726.0,9900.0
2002-06-24,12505.0,9978.0
2002-06-25,13374.0,10047.0
2002-06-26,12727.0,9992.0
2002-06-27,13990.0,9879.0
2002-06-28,13414.0,9980.0
2002-06-29,12863.0,9945.0
2002-06-30,12624.0,9848.0
2002-07-01,12500.0,9662.0
2002-07-02,12346.0,9516.0
2002-07-03,12372.0,9342.0
2002-07-04,12048.0,9306.0
2002-07-05,4774.0,9038.0
2002-07-06,11367.0,8875.0
2002-07-07,11348.0,8909.0
2002-07-08,10893.0,8932.0
2002-07-09,11232.0,8837.0
2002-07-10,12139.0,8827.0
2002-07-11,12249.0,8804.0
2002-07-12,9660.0,8965.0
2002-07-13,11537.0,9112.0
2002-07-14,11676.0,9144.0
2002-07-15,12233.0,9169.0
2002-07-16,12968.0,9320.0
2002-07-17,11857.0,9429.0
2002-07-18,12582.0,9629.0
2002-07-19,12562.0,9567.0
2002-07-20,12375.0,9507.0
2002-07-21,13521.0,9621.0
2002-07-22,11658.0,9970.0
2002-07-23,12879.0,10256.0
2002-07-24,14956.0,10437.0
2002-07-25,16042.0,10705.0
2002-07-26,14594.0,10739.0
2002-07-27,13972.0,10886.0
2002-07-28,15552.0,10909.0
2002-07-29,13366.0,10625.0
2002-07-30,14927.0,10400.0
2002-07-31,14456.0,10178.0
2002-08-01,12080.0,9692.0
2002-08-02,12873.0,10054.0
2002-08-03,12507.0,10163.0
2002-08-04,13553.0,10447.0
2002-08-05,16612.0,11159.0
2002-08-06,14890.0,11431.0
2002-08-07,15957.0,11635.0
2002-08-08,14498.0,11420.0
2002-08-09,13346.0,11012.0
2002-08-10,14471.0,10674.0
2002-08-11,13381.0,10275.0
2002-08-12,14269.0,9897.0
2002-08-13,12787.0,9788.0
2002-08-14,13144.0,9436.0
2002-08-15,11335.0,9195.0
2002-08-16,11557.0,8796.0
2002-08-17,11172.0,8415.0
2002-08-18,10412.0,8090.0
2002-08-19,9852.0,7970.0
2002-08-20,9587.0,7684.0
2002-08-21,11133.0,7576.0
2002-08-22,10413.0,7445.0
2002-08-23,9465.0,7427.0
2002-08-24,10461.0,7337.0
2002-08-25,10019.0,7368.0
2002-08-26,9453.0,7201.0
2002-08-27,10558.0,7264.0
2002-08-28,9942.0,7015.0
2002-08-29,8196.0,7084.0
2002-08-30,9227.0,7071.0
2002-08-31,8598.0,6943.0
2002-09-01,9455.0,6932.0
2002-09-02,10567.0,7287.0
2002-09-03,9969.0,7237.0
2002-09-04,10065.0,7405.0
2002-09-05,10690.0,7508.0
2002-09-06,10343.0,7730.0
2002-09-07,10479.0,8013.0
2002-09-08,10339.0,7938.0
2002-09-09,11469.0,8028.0
2002-09-10,11600.0,8513.0
2002-09-11,10866.0,8683.0
2002-09-12,4547.0,8888.0
2002-09-13,11905.0,8901.0
2002-09-14,11474.0,8658.0
2002-09-15,12148.0,8954.0
2002-09-16,5769.0,9097.0
2002-09-17,11629.0,9072.0
2002-09-18,12599.0,9560.0
2002-09-19,13130.0,9740.0
2002-09-20,13775.0,10172.0
2002-09-21,16018.0,10998.0
2002-09-22,15609.0,11183.0
2002-09-23,17513.0,11652.0
2002-09-24,19869.0,12476.0
2002-09-25,18532.0,12719.0
2002-09-26,17354.0,12615.0
2002-09-27,15967.0,11749.0
2002-09-28,14575.0,11016.0
2002-09-29,13940.0,10518.0
2002-09-30,13950.0,10342.0
2002-10-01,13602.0,9744.0
2002-10-02,13409.0,9504.0
2002-10-03,13603.0,9378.0
2002-10-04,13070.0,9356.0
2002-10-05,13279.0,9244.0
2002-10-06,14261.0,9272.0
2002-10-07,12694.0,9011.0
2002-10-08,13326.0,8764.0
2002-10-09,13173.0,8576.0
2002-10-10,12982.0,8034.0
2002-10-11,11426.0,7928.0
2002-10-12,11397.0,7680.0
2002-10-13,10320.0,7256.0
2002-10-14,10265.0,6955.0
2002-10-15,10059.0,6525.0
2002-10-16,9912.0,6542.0
2002-10-17,10204.0,6716.0
2002-10-18,9471.0,6434.0
2002-10-19,9656.0,6369.0
2002-10-20,9748.0,6277.0
2002-10-21,9691.0,6171.0
2002-10-22,10280.0,6461.0
2002-10-23,9098.0,6304.0
2002-10-24,9423.0,6254.0
2002-10-25,9107.0,6255.0
2002-10-26,9259.0,6102.0
2002-10-27,9005.0,6292.0
2002-10-28,9936.0,6545.0
2002-10-29,10393.0,6918.0
2002-10-30,10576.0,6893.0
2002-10-31,11339.0,7382.0
2002-11-01,11860.0,8106.0
2002-11-02,12581.0,8864.0
2002-11-03,12779.0,9204.0
2002-11-04,13551.0,9498.0
2002-11-05,13930.0,9518.0
2002-11-06,14078.0,9846.0
2002-11-07,13550.0,10220.0
2002-11-08,14414.0,10283.0
2002-11-09,13558.0,9911.0
2002-11-10,13938.0,9958.0
2002-11-11,13835.0,9883.0
2002-11-12,12701.0,9558.0
2002-11-13,13596.0,9862.0
2002-11-14,13227.0,9987.0
2002-11-15,14078.0,10346.0
2002-11-16,14655.0,11270.0
2002-11-17,15012.0,10962.0
2002-11-18,16788.0,12349.0
2002-11-19,16595.0,12347.0
2002-11-20,17259.0,12378.0
2002-11-21,16961.0,12487.0
2002-11-22,15944.0,12112.0
2002-11-23,16330.0,12137.0
2002-11-24,16324.0,11646.0
2002-11-25,16266.0,12044.0
2002-11-26,16512.0,12408.0
2002-11-27,15741.0,12831.0
2002-11-28,17192.0,13344.0
2002-11-29,19600.0,14437.0
2002-11-30,22423.0,13685.0
2002-12-01,24535.0,13363.0
2002-12-02,24833.0,15517.0
2002-12-03,25002.0,14450.0
2002-12-04,26067.0,13885.0
2002-12-05,25640.0,13216.0
2002-12-06,24290.0,13222.0
2002-12-07,23207.0,10512.0
2002-12-08,22899.0,9141.0
2002-12-09,22402.0,11194.0
2002-12-10,22347.0,11808.0
2002-12-11,21469.0,12181.0
2002-12-12,21454.0,12631.0
2002-12-13,20744.0,13089.0
2002-12-14,20068.0,13796.0
2002-12-15,20274.0,13607.0
2002-12-16,20413.0,15447.0
2002-12-17,20589.0,16137.0
2002-12-18,21411.0,17143.0
2002-12-19,21656.0,17782.0
2002-12-20,22524.0,17978.0
2002-12-21,21967.0,18118.0
2002-12-22,22375.0,18666.0
2002-12-23,22714.0,18846.0
2002-12-24,23568.0,18224.0
2002-12-25,22680.0,16942.0
2002-12-26,21906.0,17486.0
2002-12-27,21570.0,17179.0
2002-12-28,19889.0,15623.0
2002-12-29,19208.0,15064.0
2002-12-30,18166.0,15246.0
2002-12-31,18029.0,13849.0
2003-01-01,16795.0,12458.0
2003-01-02,17331.0,14244.0
2003-01-03,17468.0,14538.0
2003-01-04,18654.0,15110.0
2003-01-05,19702.0,15601.0
2003-01-06,22282.0,17079.0
2003-01-07,8579.0,18454.0
2003-01-08,24884.0,19863.0
2003-01-09,8468.0,21204.0
2003-01-10,9146.0,22019.0
2003-01-11,27749.0,23008.0
2003-01-12,11792.0,22825.0
2003-01-13,28281.0,23529.0
2003-01-14,13283.0,23353.0
2003-01-15,28074.0,23224.0
2003-01-16,12198.0,23136.0
2003-01-17,27981.0,23331.0
2003-01-18,27507.0,23343.0
2003-01-19,28033.0,23767.0
2003-01-20,28738.0,24750.0
2003-01-21,12669.0,25536.0
2003-01-22,31782.0,26912.0
2003-01-23,33589.0,28314.0
2003-01-24,34678.0,29499.0
2003-01-25,36749.0,30874.0
2003-01-26,38929.0,31454.0
2003-01-27,41005.0,33326.0
2003-01-28,43733.0,33903.0
2003-01-29,46148.0,34600.0
2003-01-30,17462.0,33556.0
2003-01-31,17640.0,33810.0
2003-02-01,48903.0,31831.0
2003-02-02,16204.0,32351.0
2003-02-03,14923.0,35154.0
2003-02-04,14975.0,34395.0
2003-02-05,43871.0,34381.0
2003-02-06,17296.0,33250.0
2003-02-07,41439.0,33272.0
2003-02-08,40426.0,31095.0
2003-02-09,17747.0,29254.0
2003-02-10,36953.0,28390.0
2003-02-11,17289.0,26249.0
2003-02-12,17182.0,25198.0
2003-02-13,15721.0,23810.0
2003-02-14,34137.0,22500.0
2003-02-15,33376.0,20869.0
2003-02-16,32788.0,20878.0
2003-02-17,32238.0,22914.0
2003-02-18,14020.0,23757.0
2003-02-19,33555.0,22189.0
2003-02-20,11924.0,21803.0
2003-02-21,11980.0,22426.0
2003-02-22,10128.0,20558.0
2003-02-23,13086.0,18400.0
2003-02-24,14128.0,21141.0
2003-02-25,13155.0,21209.0
2003-02-26,12641.0,20764.0
2003-02-27,14029.0,20329.0
2003-02-28,15006.0,19843.0
2003-03-01,30375.0,19214.0
2003-03-02,28824.0,15926.0
2003-03-03,26857.0,16225.0
2003-03-04,25415.0,16952.0
2003-03-05,24003.0,17574.0
2003-03-06,23014.0,18384.0
2003-03-07,22697.0,17983.0
2003-03-08,22569.0,17424.0
2003-03-09,23294.0,16159.0
2003-03-10,24140.0,18946.0
2003-03-11,26473.0,19496.0
2003-03-12,28433.0,18629.0
2003-03-13,28693.0,18072.0
2003-03-14,29835.0,17971.0
2003-03-15,30181.0,16166.0
2003-03-16,29609.0,15202.0
2003-03-17,28351.0,17754.0
2003-03-18,28373.0,16325.0
2003-03-19,28976.0,18118.0
2003-03-20,28667.0,18421.0
2003-03-21,27502.0,19319.0
2003-03-22,28784.0,17379.0
2003-03-23,28906.0,17213.0
2003-03-24,28316.0,20402.0
2003-03-25,27777.0,20047.0
2003-03-26,28024.0,19908.0
2003-03-27,27805.0,20881.0
2003-03-28,27765.0,22039.0
2003-03-29,27372.0,19746.0
2003-03-30,26306.0,17759.0
2003-03-31,25264.0,20705.0
2003-04-01,25157.0,21219.0
2003-04-02,25245.0,20722.0
2003-04-03,24584.0,20765.0
2003-04-04,25236.0,20233.0
2003-04-05,24897.0,19951.0
2003-04-06,24476.0,19729.0
2003-04-07,24404.0,20028.0
2003-04-08,23734.0,19999.0
2003-04-09,25855.0,20384.0
2003-04-10,25415.0,20590.0
2003-04-11,25450.0,21009.0
2003-04-12,26792.0,19292.0
2003-04-13,26040.0,18617.0
2003-04-14,26244.0,20444.0
2003-04-15,26938.0,21212.0
2003-04-16,26252.0,20867.0
2003-04-17,26916.0,21620.0
2003-04-18,27298.0,17789.0
2003-04-19,10912.0,17186.0
2003-04-20,24651.0,14325.0
2003-04-21,12151.0,16742.0
2003-04-22,10981.0,18411.0
2003-04-23,9494.0,18709.0
2003-04-24,9260.0,18650.0
2003-04-25,25960.0,18067.0
2003-04-26,24476.0,17783.0
2003-04-27,10620.0,17001.0
2003-04-28,10634.0,17847.0
2003-04-29,9006.0,17012.0
2003-04-30,19709.0,16318.0
2003-05-01,19357.0,15646.0
2003-05-02,8991.0,15253.0
2003-05-03,8498.0,14489.0
2003-05-04,17275.0,13712.0
2003-05-05,17361.0,13907.0
2003-05-06,7705.0,13844.0
2003-05-07,7827.0,13738.0
2003-05-08,7533.0,13978.0
2003-05-09,16971.0,13994.0
2003-05-10,17643.0,14115.0
2003-05-11,17254.0,14122.0
2003-05-12,7344.0,14026.0
2003-05-13,16979.0,13955.0
2003-05-14,8424.0,13973.0
2003-05-15,16523.0,13698.0
2003-05-16,16097.0,13410.0
2003-05-17,16045.0,13123.0
2003-05-18,15574.0,12840.0
2003-05-19,15363.0,12682.0
2003-05-20,15589.0,12558.0
2003-05-21,15895.0,12630.0
2003-05-22,15816.0,12475.0
2003-05-23,15538.0,12315.0
2003-05-24,16301.0,12554.0
2003-05-25,16179.0,12279.0
2003-05-26,15966.0,12702.0
2003-05-27,16290.0,12703.0
2003-05-28,7061.0,12665.0
2003-05-29,6733.0,12757.0
2003-05-30,6735.0,12865.0
2003-05-31,15901.0,12607.0
2003-06-01,16165.0,12813.0
2003-06-02,7964.0,12689.0
2003-06-03,16256.0,12850.0
2003-06-04,8274.0,13155.0
2003-06-05,17497.0,13448.0
2003-06-06,8240.0,13747.0
2003-06-07,8300.0,14172.0
2003-06-08,8457.0,14075.0
2003-06-09,8562.0,14377.0
2003-06-10,19010.0,14326.0
2003-06-11,8598.0,13849.0
2003-06-12,8030.0,13514.0
2003-06-13,7866.0,12979.0
2003-06-14,16317.0,12786.0
2003-06-15,15926.0,12271.0
2003-06-16,15219.0,11899.0
2003-06-17,15416.0,11646.0
2003-06-18,14689.0,11424.0
2003-06-19,14086.0,11268.0
2003-06-20,13464.0,11038.0
2003-06-21,13243.0,10861.0
2003-06-22,13337.0,10907.0
2003-06-23,13356.0,10941.0
2003-06-24,13499.0,10800.0
2003-06-25,13512.0,10501.0
2003-06-26,12746.0,10295.0
2003-06-27,12707.0,10536.0
2003-06-28,6183.0,10333.0
2003-06-29,12691.0,10135.0
2003-06-30,5707.0,10159.0
2003-07-01,11978.0,9811.0
2003-07-02,12377.0,9743.0
2003-07-03,12566.0,9625.0
2003-07-04,12124.0,9503.0
2003-07-05,12294.0,9639.0
2003-07-06,12167.0,9714.0
2003-07-07,12476.0,9768.0
2003-07-08,12855.0,10011.0
2003-07-09,12959.0,10076.0
2003-07-10,14220.0,10360.0
2003-07-11,14773.0,10867.0
2003-07-12,15050.0,11153.0
2003-07-13,15490.0,11357.0
2003-07-14,15401.0,11362.0
2003-07-15,15572.0,11245.0
2003-07-16,15592.0,11237.0
2003-07-17,14515.0,11234.0
2003-07-18,13677.0,10866.0
2003-07-19,14196.0,10854.0
2003-07-20,14677.0,10764.0
2003-07-21,15054.0,10909.0
2003-07-22,15251.0,10906.0
2003-07-23,14446.0,10684.0
2003-07-24,13747.0,10266.0
2003-07-25,13783.0,10543.0
2003-07-26,12245.0,9725.0
2003-07-27,11788.0,9652.0
2003-07-28,11020.0,9360.0
2003-07-29,10614.0,9279.0
2003-07-30,10981.0,9200.0
2003-07-31,11255.0,9284.0
2003-08-01,10859.0,8769.0
2003-08-02,11112.0,9141.0
2003-08-03,11125.0,8955.0
2003-08-04,11241.0,8667.0
2003-08-05,11245.0,8385.0
2003-08-06,10944.0,8334.0
2003-08-07,10842.0,8304.0
2003-08-08,10405.0,8169.0
2003-08-09,10976.0,8503.0
2003-08-10,11583.0,8696.0
2003-08-11,12036.0,8900.0
2003-08-12,12254.0,8866.0
2003-08-13,12740.0,8803.0
2003-08-14,12374.0,8714.0
2003-08-15,12281.0,8699.0
2003-08-16,11731.0,8659.0
2003-08-17,11709.0,8630.0
2003-08-18,11491.0,8366.0
2003-08-19,12548.0,8331.0
2003-08-20,11219.0,8403.0
2003-08-21,10802.0,8410.0
2003-08-22,10686.0,8501.0
2003-08-23,10508.0,7786.0
2003-08-24,10063.0,7503.0
2003-08-25,9430.0,7573.0
2003-08-26,10321.0,7474.0
2003-08-27,9326.0,7085.0
2003-08-28,9749.0,7303.0
2003-08-29,9960.0,7535.0
2003-08-30,10229.0,7692.0
2003-08-31,10574.0,7866.0
2003-09-01,10092.0,7776.0
2003-09-02,9998.0,7902.0
2003-09-03,10905.0,8009.0
2003-09-04,10300.0,7616.0
2003-09-05,10770.0,7761.0
2003-09-06,10724.0,7955.0
2003-09-07,9920.0,7989.0
2003-09-08,11330.0,7884.0
2003-09-09,10081.0,7580.0
2003-09-10,11169.0,7801.0
2003-09-11,10928.0,8059.0
2003-09-12,9639.0,7914.0
2003-09-13,10675.0,8004.0
2003-09-14,11150.0,7901.0
2003-09-15,10956.0,8346.0
2003-09-16,11257.0,8383.0
2003-09-17,11424.0,8018.0
2003-09-18,11277.0,7922.0
2003-09-19,9563.0,7832.0
2003-09-20,10141.0,7917.0
2003-09-21,10929.0,8179.0
2003-09-22,10236.0,7997.0
2003-09-23,10276.0,7957.0
2003-09-24,10827.0,8062.0
2003-09-25,10811.0,7926.0
2003-09-26,10591.0,8121.0
2003-09-27,11357.0,7756.0
2003-09-28,10936.0,7811.0
2003-09-29,11625.0,8052.0
2003-09-30,10663.0,8045.0
2003-10-01,11171.0,7643.0
2003-10-02,11804.0,7565.0
2003-10-03,11058.0,7649.0
2003-10-04,10729.0,7395.0
2003-10-05,10135.0,7162.0
2003-10-06,10689.0,7536.0
2003-10-07,11056.0,7555.0
2003-10-08,10157.0,7322.0
2003-10-09,12666.0,7447.0
2003-10-10,10992.0,7542.0
2003-10-11,10960.0,8214.0
2003-10-12,10809.0,8771.0
2003-10-13,12661.0,8744.0
2003-10-14,13234.0,9049.0
2003-10-15,13359.0,9180.0
2003-10-16,13023.0,9241.0
2003-10-17,12993.0,9240.0
2003-10-18,12306.0,9003.0
2003-10-19,12001.0,8804.0
2003-10-20,11678.0,8632.0
2003-10-21,11751.0,8359.0
2003-10-22,10770.0,8224.0
2003-10-23,11303.0,8121.0
2003-10-24,11443.0,8193.0
2003-10-25,12066.0,8209.0
2003-10-26,13650.0,8556.0
2003-10-27,12933.0,8898.0
2003-10-28,13626.0,9041.0
2003-10-29,13698.0,9085.0
2003-10-30,13856.0,9434.0
2003-10-31,13512.0,9148.0
2003-11-01,13983.0,9661.0
2003-11-02,13910.0,9457.0
2003-11-03,12496.0,9222.0
2003-11-04,13328.0,9158.0
2003-11-05,12832.0,9281.0
2003-11-06,12439.0,9135.0
2003-11-07,12035.0,9189.0
2003-11-08,12162.0,8961.0
2003-11-09,11907.0,9025.0
2003-11-10,11876.0,9014.0
2003-11-11,11441.0,8980.0
2003-11-12,4774.0,8768.0
2003-11-13,11121.0,8726.0
2003-11-14,11422.0,8931.0
2003-11-15,11580.0,9096.0
2003-11-16,11866.0,9434.0
2003-11-17,13921.0,9277.0
2003-11-18,13916.0,9675.0
2003-11-19,14482.0,10325.0
2003-11-20,15464.0,11111.0
2003-11-21,17194.0,11940.0
2003-11-22,16634.0,12541.0
2003-11-23,16331.0,12628.0
2003-11-24,17326.0,12944.0
2003-11-25,17410.0,13325.0
2003-11-26,17188.0,13645.0
2003-11-27,19953.0,14133.0
2003-11-28,20445.0,14161.0
2003-11-29,19991.0,14461.0
2003-11-30,20658.0,14666.0
2003-12-01,20397.0,14832.0
2003-12-02,20778.0,14820.0
2003-12-03,20143.0,14856.0
2003-12-04,20671.0,15079.0
2003-12-05,20692.0,15860.0
2003-12-06,20543.0,16787.0
2003-12-07,21638.0,18072.0
2003-12-08,25190.0,19314.0
2003-12-09,26691.0,20880.0
2003-12-10,26881.0,22196.0
2003-12-11,28390.0,23301.0
2003-12-12,30687.0,23720.0
2003-12-13,30848.0,23664.0
2003-12-14,31810.0,21963.0
2003-12-15,31870.0,20470.0
2003-12-16,30555.0,19555.0
2003-12-17,27611.0,20036.0
2003-12-18,24796.0,18676.0
2003-12-19,22934.0,17497.0
2003-12-20,22232.0,15501.0
2003-12-21,20908.0,13838.0
2003-12-22,18774.0,14414.0
2003-12-23,19390.0,14072.0
2003-12-24,19045.0,13360.0
2003-12-25,18548.0,12265.0
2003-12-26,18667.0,13531.0
2003-12-27,17958.0,12916.0
2003-12-28,17403.0,12574.0
2003-12-29,16084.0,12906.0
2003-12-30,16359.0,12809.0
2003-12-31,6963.0,11630.0
2004-01-01,15086.0,11038.0
2004-01-02,15362.0,11376.0
2004-01-03,17999.0,12866.0
2004-01-04,18425.0,14297.0
2004-01-05,18815.0,15057.0
2004-01-06,20534.0,15577.0
2004-01-07,21539.0,15980.0
2004-01-08,20765.0,16467.0
2004-01-09,21020.0,17052.0
2004-01-10,21215.0,17383.0
2004-01-11,22417.0,17643.0
2004-01-12,23137.0,18601.0
2004-01-13,23685.0,19295.0
2004-01-14,24708.0,19676.0
2004-01-15,23359.0,19752.0
2004-01-16,23507.0,19781.0
2004-01-17,22925.0,19963.0
2004-01-18,23385.0,20326.0
2004-01-19,24475.0,20504.0
2004-01-20,23595.0,20156.0
2004-01-21,22485.0,19448.0
2004-01-22,21919.0,18913.0
2004-01-23,21254.0,18447.0
2004-01-24,20854.0,17904.0
2004-01-25,21157.0,17459.0
2004-01-26,21813.0,17602.0
2004-01-27,21410.0,18154.0
2004-01-28,4149.0,19883.0
2004-01-29,25631.0,22390.0
2004-01-30,27069.0,24437.0
2004-01-31,28918.0,25253.0
2004-02-01,29380.0,25469.0
2004-02-02,28787.0,25739.0
2004-02-03,30319.0,26105.0
2004-02-04,29372.0,26175.0
2004-02-05,30016.0,26287.0
2004-02-06,28813.0,25837.0
2004-02-07,28287.0,25122.0
2004-02-08,28359.0,24509.0
2004-02-09,27205.0,24048.0
2004-02-10,28298.0,24122.0
2004-02-11,27569.0,24260.0
2004-02-12,27706.0,24224.0
2004-02-13,27396.0,24309.0
2004-02-14,26708.0,24356.0
2004-02-15,27117.0,24496.0
2004-02-16,27547.0,24969.0
2004-02-17,27964.0,25171.0
2004-02-18,28686.0,25413.0
2004-02-19,28243.0,25543.0
2004-02-20,27787.0,25765.0
2004-02-21,28966.0,25967.0
2004-02-22,28843.0,25559.0
2004-02-23,29364.0,26237.0
2004-02-24,30556.0,27253.0
2004-02-25,31401.0,28315.0
2004-02-26,32976.0,29587.0
2004-02-27,33985.0,30892.0
2004-02-28,35521.0,31503.0
2004-02-29,35358.0,32216.0
2004-03-01,37799.0,34574.0
2004-03-02,37589.0,34400.0
2004-03-03,40323.0,34484.0
2004-03-04,37159.0,33757.0
2004-03-05,36152.0,32438.0
2004-03-06,35064.0,30490.0
2004-03-07,34199.0,28406.0
2004-03-08,32645.0,27781.0
2004-03-09,31105.0,26418.0
2004-03-10,29554.0,25257.0
2004-03-11,29157.0,24741.0
2004-03-12,29350.0,25393.0
2004-03-13,28365.0,26332.0
2004-03-14,27729.0,25892.0
2004-03-15,27132.0,25060.0
2004-03-16,29068.0,24407.0
2004-03-17,27899.0,23937.0
2004-03-18,27236.0,23528.0
2004-03-19,26744.0,22618.0
2004-03-20,25838.0,22101.0
2004-03-21,25188.0,21487.0
2004-03-22,25993.0,21801.0
2004-03-23,26031.0,21591.0
2004-03-24,24408.0,20826.0
2004-03-25,24069.0,20100.0
2004-03-26,22852.0,19872.0
2004-03-27,22094.0,19872.0
2004-03-28,21137.0,19325.0
2004-03-29,20606.0,18873.0
2004-03-30,21072.0,18606.0
2004-03-31,20689.0,18343.0
2004-04-01,20555.0,18262.0
2004-04-02,20177.0,18038.0
2004-04-03,21046.0,17720.0
2004-04-04,19968.0,17391.0
2004-04-05,20220.0,17154.0
2004-04-06,19600.0,16993.0
2004-04-07,18558.0,16951.0
2004-04-08,19587.0,17171.0
2004-04-09,20377.0,17123.0
2004-04-10,19042.0,17239.0
2004-04-11,21278.0,17751.0
2004-04-12,20409.0,18398.0
2004-04-13,21184.0,18687.0
2004-04-14,22164.0,18410.0
2004-04-15,22692.0,18032.0
2004-04-16,23535.0,17972.0
2004-04-17,24717.0,18609.0
2004-04-18,24931.0,18580.0
2004-04-19,25074.0,19764.0
2004-04-20,25715.0,20579.0
2004-04-21,25434.0,19855.0
2004-04-22,25382.0,19722.0
2004-04-23,25901.0,19373.0
2004-04-24,23868.0,18624.0
2004-04-25,23568.0,16477.0
2004-04-26,22963.0,17790.0
2004-04-27,22298.0,17590.0
2004-04-28,22353.0,17133.0
2004-04-29,20147.0,16426.0
2004-04-30,20855.0,15352.0
2004-05-01,21001.0,12663.0
2004-05-02,19135.0,10562.0
2004-05-03,20606.0,13822.0
2004-05-04,17781.0,15114.0
2004-05-05,17443.0,14806.0
2004-05-06,18960.0,14789.0
2004-05-07,20234.0,15023.0
2004-05-08,19731.0,15635.0
2004-05-09,20191.0,16259.0
2004-05-10,21403.0,16356.0
2004-05-11,20421.0,16840.0
2004-05-12,22852.0,17187.0
2004-05-13,21716.0,17683.0
2004-05-14,23732.0,17222.0
2004-05-15,23042.0,17282.0
2004-05-16,23799.0,14822.0
2004-05-17,23958.0,17337.0
2004-05-18,24295.0,17846.0
2004-05-19,22888.0,17752.0
2004-05-20,22577.0,17532.0
2004-05-21,22081.0,17506.0
2004-05-22,22442.0,17658.0
2004-05-23,22857.0,16047.0
2004-05-24,24927.0,18487.0
2004-05-25,27434.0,19377.0
2004-05-26,28453.0,19427.0
2004-05-27,31968.0,18960.0
2004-05-28,35369.0,18917.0
2004-05-29,33593.0,17486.0
2004-05-30,32249.0,15784.0
2004-05-31,30822.0,16905.0
2004-06-01,30792.0,16790.0
2004-06-02,28058.0,17106.0
2004-06-03,27338.0,17237.0
2004-06-04,27107.0,16988.0
2004-06-05,26348.0,15580.0
2004-06-06,26957.0,15517.0
2004-06-07,25011.0,16318.0
2004-06-08,25139.0,16704.0
2004-06-09,24323.0,16906.0
2004-06-10,22984.0,15290.0
2004-06-11,22989.0,16185.0
2004-06-12,24003.0,15974.0
2004-06-13,23710.0,14298.0
2004-06-14,25303.0,16071.0
2004-06-15,26814.0,15584.0
2004-06-16,24252.0,14962.0
2004-06-17,24901.0,14927.0
2004-06-18,22232.0,15667.0
2004-06-19,21537.0,14941.0
2004-06-20,20091.0,13046.0
2004-06-21,19367.0,14674.0
2004-06-22,19639.0,14841.0
2004-06-23,18831.0,14736.0
2004-06-24,18572.0,14687.0
2004-06-25,18827.0,14631.0
2004-06-26,20364.0,14518.0
2004-06-27,20045.0,14624.0
2004-06-28,19783.0,14700.0
2004-06-29,20486.0,14756.0
2004-06-30,20319.0,14498.0
2004-07-01,18961.0,14230.0
2004-07-02,19420.0,13973.0
2004-07-03,19091.0,13779.0
2004-07-04,18861.0,13528.0
2004-07-05,17997.0,13650.0
2004-07-06,18059.0,13165.0
2004-07-07,17987.0,12707.0
2004-07-08,18271.0,13076.0
2004-07-09,18320.0,13026.0
2004-07-10,17864.0,13295.0
2004-07-11,18434.0,13399.0
2004-07-12,19450.0,13891.0
2004-07-13,21053.0,14205.0
2004-07-14,20677.0,14731.0
2004-07-15,20672.0,15226.0
2004-07-16,20894.0,15833.0
2004-07-17,22937.0,15045.0
2004-07-18,23573.0,12615.0
2004-07-19,22736.0,12589.0
2004-07-20,23021.0,12921.0
2004-07-21,24495.0,12990.0
2004-07-22,23532.0,13361.0
2004-07-23,23175.0,13028.0
2004-07-24,23145.0,11816.0
2004-07-25,21224.0,10073.0
2004-07-26,20059.0,12149.0
2004-07-27,20247.0,13106.0
2004-07-28,18422.0,13287.0
2004-07-29,18246.0,12628.0
2004-07-30,16322.0,12662.0
2004-07-31,16689.0,11807.0
2004-08-01,16005.0,10604.0
2004-08-02,16218.0,11861.0
2004-08-03,16134.0,12163.0
2004-08-04,15899.0,11833.0
2004-08-05,15461.0,11781.0
2004-08-06,15187.0,11283.0
2004-08-07,14229.0,10906.0
2004-08-08,14937.0,10738.0
2004-08-09,14116.0,10544.0
2004-08-10,14359.0,10279.0
2004-08-11,13577.0,10335.0
2004-08-12,13289.0,10182.0
2004-08-13,13585.0,10171.0
2004-08-14,12732.0,10032.0
2004-08-15,13585.0,9739.0
2004-08-16,12437.0,9577.0
2004-08-17,12927.0,9413.0
2004-08-18,12070.0,9238.0
2004-08-19,11508.0,9197.0
2004-08-20,11904.0,9114.0
2004-08-21,11982.0,9054.0
2004-08-22,11802.0,9066.0
2004-08-23,12565.0,9211.0
2004-08-24,12997.0,9199.0
2004-08-25,11917.0,9016.0
2004-08-26,12075.0,9007.0
2004-08-27,12744.0,9054.0
2004-08-28,12033.0,9125.0
2004-08-29,12354.0,9157.0
2004-08-30,11772.0,8977.0
2004-08-31,12322.0,8797.0
2004-09-01,11956.0,8966.0
2004-09-02,11442.0,8733.0
2004-09-03,11666.0,8707.0
2004-09-04,11934.0,8546.0
2004-09-05,11368.0,8316.0
2004-09-06,10785.0,8162.0
2004-09-07,11844.0,8097.0
2004-09-08,10211.0,7715.0
2004-09-09,10117.0,7729.0
2004-09-10,9477.0,7491.0
2004-09-11,9436.0,7278.0
2004-09-12,11251.0,7385.0
2004-09-13,9007.0,7263.0
2004-09-14,10872.0,7208.0
2004-09-15,9552.0,7460.0
2004-09-16,10128.0,7542.0
2004-09-17,11817.0,7805.0
2004-09-18,10982.0,8011.0
2004-09-19,10708.0,8012.0
2004-09-20,10602.0,8210.0
2004-09-21,10264.0,8115.0
2004-09-22,10026.0,7874.0
2004-09-23,10572.0,7804.0
2004-09-24,9749.0,7771.0
2004-09-25,9694.0,7591.0
2004-09-26,10391.0,7505.0
2004-09-27,9671.0,7246.0
2004-09-28,10124.0,7166.0
2004-09-29,9822.0,7202.0
2004-09-30,10012.0,7114.0
2004-10-01,9609.0,6517.0
2004-10-02,9359.0,6661.0
2004-10-03,8309.0,6538.0
2004-10-04,4287.0,6656.0
2004-10-05,9287.0,6663.0
2004-10-06,8547.0,6599.0
2004-10-07,8480.0,6578.0
2004-10-08,9269.0,6754.0
2004-10-09,9188.0,6578.0
2004-10-10,9778.0,7125.0
2004-10-11,10026.0,7485.0
2004-10-12,10481.0,7880.0
2004-10-13,12253.0,8461.0
2004-10-14,12676.0,9396.0
2004-10-15,14490.0,10279.0
2004-10-16,16948.0,11635.0
2004-10-17,18105.0,12223.0
2004-10-18,20301.0,13314.0
2004-10-19,22223.0,13166.0
2004-10-20,22759.0,13833.0
2004-10-21,23769.0,12860.0
2004-10-22,24936.0,12658.0
2004-10-23,24462.0,13899.0
2004-10-24,23703.0,12922.0
2004-10-25,23873.0,15130.0
2004-10-26,23795.0,14583.0
2004-10-27,26012.0,14030.0
2004-10-28,27547.0,13542.0
2004-10-29,28018.0,13513.0
2004-10-30,23771.0,12140.0
2004-10-31,22930.0,10945.0
2004-11-01,21573.0,12257.0
2004-11-02,20498.0,12427.0
2004-11-03,21901.0,13370.0
2004-11-04,21713.0,13173.0
2004-11-05,19694.0,12802.0
2004-11-06,20479.0,11456.0
2004-11-07,22561.0,9894.0
2004-11-08,21739.0,9820.0
2004-11-09,21378.0,11275.0
2004-11-10,21684.0,12105.0
2004-11-11,21340.0,11468.0
2004-11-12,21181.0,12422.0
2004-11-13,21887.0,11733.0
2004-11-14,22580.0,12165.0
2004-11-15,23604.0,12754.0
2004-11-16,24108.0,13290.0
2004-11-17,23269.0,13642.0
2004-11-18,22036.0,14842.0
2004-11-19,22088.0,15441.0
2004-11-20,22172.0,15398.0
2004-11-21,21632.0,14501.0
2004-11-22,21923.0,14362.0
2004-11-23,21260.0,13557.0
2004-11-24,21132.0,13355.0
2004-11-25,19149.0,13864.0
2004-11-26,19706.0,13662.0
2004-11-27,19184.0,11682.0
2004-11-28,18644.0,9930.0
2004-11-29,18461.0,11590.0
2004-11-30,17972.0,12315.0
2004-12-01,17305.0,12377.0
2004-12-02,16948.0,12388.0
2004-12-03,16218.0,12256.0
2004-12-04,16752.0,12421.0
2004-12-05,17198.0,12580.0
2004-12-06,18043.0,13004.0
2004-12-07,18213.0,13605.0
2004-12-08,19327.0,14258.0
2004-12-09,19605.0,14732.0
2004-12-10,20286.0,15140.0
2004-12-11,20709.0,15561.0
2004-12-12,20274.0,15860.0
2004-12-13,20122.0,15957.0
2004-12-14,20887.0,16047.0
2004-12-15,20855.0,15846.0
2004-12-16,20218.0,16200.0
2004-12-17,20427.0,16230.0
2004-12-18,20014.0,15823.0
2004-12-19,20623.0,16290.0
2004-12-20,20782.0,17122.0
2004-12-21,23569.0,17500.0
2004-12-22,23090.0,18100.0
2004-12-23,23466.0,18740.0
2004-12-24,25670.0,20059.0
2004-12-25,25901.0,19322.0
2004-12-26,26894.0,20843.0
2004-12-27,29186.0,23281.0
2004-12-28,28456.0,24331.0
2004-12-29,28889.0,25183.0
2004-12-30,30198.0,25207.0
2004-12-31,30314.0,23766.0
2005-01-01,27981.0,20837.0
2005-01-02,27900.0,21554.0
2005-01-03,29210.0,23224.0
2005-01-04,27749.0,22805.0
2005-01-05,26233.0,21935.0
2005-01-06,25916.0,21534.0
2005-01-07,26517.0,21420.0
2005-01-08,28176.0,21920.0
2005-01-09,29143.0,21735.0
2005-01-10,28957.0,23041.0
2005-01-11,29713.0,24237.0
2005-01-12,30913.0,25365.0
2005-01-13,32523.0,24429.0
2005-01-14,32240.0,22015.0
2005-01-15,32490.0,21539.0
2005-01-16,34856.0,21577.0
2005-01-17,33243.0,23510.0
2005-01-18,33305.0,23695.0
2005-01-19,35590.0,25375.0
2005-01-20,37555.0,25063.0
2005-01-21,39812.0,24807.0
2005-01-22,39728.0,22934.0
2005-01-23,40812.0,24162.0
2005-01-24,42254.0,26248.0
2005-01-25,42661.0,26860.0
2005-01-26,43252.0,25649.0
2005-01-27,43056.0,22756.0
2005-01-28,44436.0,22370.0
2005-01-29,45257.0,21333.0
2005-01-30,43875.0,19704.0
2005-01-31,44278.0,22293.0
2005-02-01,44908.0,24004.0
2005-02-02,46576.0,23024.0
2005-02-03,45867.0,22168.0
2005-02-04,46417.0,22461.0
2005-02-05,45340.0,21669.0
2005-02-06,44335.0,20314.0
2005-02-07,42700.0,19886.0
2005-02-08,44042.0,19860.0
2005-02-09,42193.0,19655.0
2005-02-10,40733.0,19996.0
2005-02-11,35035.0,20478.0
2005-02-12,33912.0,18360.0
2005-02-13,30052.0,15556.0
2005-02-14,30485.0,19201.0
2005-02-15,29648.0,20208.0
2005-02-16,13635.0,20448.0
2005-02-17,26165.0,20595.0
2005-02-18,24994.0,20336.0
2005-02-19,23673.0,19253.0
2005-02-20,22525.0,18332.0
2005-02-21,21370.0,17861.0
2005-02-22,21136.0,17684.0
2005-02-23,20056.0,17394.0
2005-02-24,21627.0,17139.0
2005-02-25,20055.0,16878.0
2005-02-26,19407.0,16807.0
2005-02-27,18880.0,16428.0
2005-02-28,19816.0,16594.0
2005-03-01,19485.0,16782.0
2005-03-02,21693.0,17109.0
2005-03-03,20460.0,17306.0
2005-03-04,20808.0,17598.0
2005-03-05,21066.0,18156.0
2005-03-06,21318.0,18837.0
2005-03-07,21529.0,19175.0
2005-03-08,22562.0,19472.0
2005-03-09,22972.0,19727.0
2005-03-10,24390.0,20212.0
2005-03-11,22799.0,19998.0
2005-03-12,22066.0,19858.0
2005-03-13,21012.0,18929.0
2005-03-14,21630.0,19017.0
2005-03-15,21712.0,19028.0
2005-03-16,21515.0,19246.0
2005-03-17,21953.0,19029.0
2005-03-18,22366.0,19509.0
2005-03-19,22349.0,20441.0
2005-03-20,24322.0,21284.0
2005-03-21,26213.0,22038.0
2005-03-22,25814.0,23011.0
2005-03-23,26899.0,24033.0
2005-03-24,28850.0,23923.0
2005-03-25,29490.0,24923.0
2005-03-26,30123.0,24918.0
2005-03-27,30097.0,24166.0
2005-03-28,30835.0,24719.0
2005-03-29,30834.0,24597.0
2005-03-30,29519.0,24349.0
2005-03-31,29678.0,24689.0
2005-04-01,28825.0,24969.0
2005-04-02,26638.0,24636.0
2005-04-03,25851.0,22422.0
2005-04-04,26447.0,22046.0
2005-04-05,26979.0,22514.0
2005-04-06,24922.0,21749.0
2005-04-07,24515.0,20986.0
2005-04-08,22780.0,19636.0
2005-04-09,21993.0,18541.0
2005-04-10,21399.0,17031.0
2005-04-11,19812.0,17341.0
2005-04-12,19702.0,16626.0
2005-04-13,18517.0,15837.0
2005-04-14,17329.0,15245.0
2005-04-15,16900.0,14693.0
2005-04-16,16347.0,14203.0
2005-04-17,16053.0,13746.0
2005-04-18,15943.0,13641.0
2005-04-19,16054.0,13333.0
2005-04-20,15891.0,13133.0
2005-04-21,15964.0,12958.0
2005-04-22,14800.0,12909.0
2005-04-23,14777.0,12768.0
2005-04-24,16088.0,12259.0
2005-04-25,16236.0,13223.0
2005-04-26,17466.0,13497.0
2005-04-27,16404.0,13926.0
2005-04-28,18254.0,14208.0
2005-04-29,18487.0,14242.0
2005-04-30,19265.0,14463.0
2005-05-01,18394.0,14024.0
2005-05-02,17582.0,14706.0
2005-05-03,18349.0,14596.0
2005-05-04,17568.0,14422.0
2005-05-05,17000.0,14500.0
2005-05-06,17093.0,14115.0
2005-05-07,17892.0,14090.0
2005-05-08,17432.0,14021.0
2005-05-09,17417.0,13677.0
2005-05-10,16333.0,13191.0
2005-05-11,15026.0,12779.0
2005-05-12,15153.0,12712.0
2005-05-13,13762.0,12146.0
2005-05-14,14701.0,12235.0
2005-05-15,14529.0,11952.0
2005-05-16,16978.0,12040.0
2005-05-17,14841.0,11877.0
2005-05-18,15460.0,11959.0
2005-05-19,14473.0,11359.0
2005-05-20,14577.0,11565.0
2005-05-21,14630.0,11592.0
2005-05-22,15051.0,11885.0
2005-05-23,15032.0,12116.0
2005-05-24,15711.0,12252.0
2005-05-25,16987.0,12965.0
2005-05-26,19121.0,14682.0
2005-05-27,20674.0,15727.0
2005-05-28,23553.0,17312.0
2005-05-29,25610.0,17766.0
2005-05-30,24289.0,19521.0
2005-05-31,23592.0,19403.0
2005-06-01,23541.0,19723.0
2005-06-02,23495.0,19511.0
2005-06-03,22886.0,19383.0
2005-06-04,22018.0,18797.0
2005-06-05,19991.0,17729.0
2005-06-06,19389.0,16675.0
2005-06-07,18883.0,15418.0
2005-06-08,17936.0,14350.0
2005-06-09,16889.0,13768.0
2005-06-10,15884.0,13098.0
2005-06-11,15025.0,12686.0
2005-06-12,15788.0,12383.0
2005-06-13,16100.0,12263.0
2005-06-14,15606.0,12315.0
2005-06-15,16169.0,12437.0
2005-06-16,16785.0,12819.0
2005-06-17,18956.0,12962.0
2005-06-18,18730.0,13380.0
2005-06-19,18548.0,12812.0
2005-06-20,18987.0,12958.0
2005-06-21,18363.0,12557.0
2005-06-22,18279.0,12492.0
2005-06-23,19692.0,12755.0
2005-06-24,19836.0,12569.0
2005-06-25,19422.0,13402.0
2005-06-26,18306.0,13347.0
2005-06-27,17712.0,13043.0
2005-06-28,17971.0,12880.0
2005-06-29,17437.0,13378.0
2005-06-30,17018.0,13217.0
2005-07-01,16297.0,12896.0
2005-07-02,15689.0,12612.0
2005-07-03,16443.0,12054.0
2005-07-04,15117.0,11584.0
2005-07-05,13880.0,11336.0
2005-07-06,13449.0,11162.0
2005-07-07,13868.0,10913.0
2005-07-08,13560.0,10817.0
2005-07-09,13778.0,10788.0
2005-07-10,13467.0,10655.0
2005-07-11,13190.0,10426.0
2005-07-12,13009.0,10143.0
2005-07-13,11988.0,10116.0
2005-07-14,11700.0,9858.0
2005-07-15,12958.0,9709.0
2005-07-16,12573.0,9639.0
2005-07-17,12170.0,9573.0
2005-07-18,12445.0,9511.0
2005-07-19,12791.0,9820.0
2005-07-20,12491.0,9839.0
2005-07-21,12126.0,9736.0
2005-07-22,13433.0,9950.0
2005-07-23,12632.0,10070.0
2005-07-24,12919.0,10359.0
2005-07-25,12558.0,10414.0
2005-07-26,13356.0,10649.0
2005-07-27,14669.0,10736.0
2005-07-28,15066.0,10946.0
2005-07-29,14682.0,11031.0
2005-07-30,13788.0,10825.0
2005-07-31,13775.0,10744.0
2005-08-01,13182.0,10445.0
2005-08-02,12738.0,10089.0
2005-08-03,12998.0,9981.0
2005-08-04,11970.0,9997.0
2005-08-05,11502.0,9345.0
2005-08-06,11815.0,9091.0
2005-08-07,10755.0,8842.0
2005-08-08,10498.0,8627.0
2005-08-09,10892.0,8267.0
2005-08-10,10272.0,8185.0
2005-08-11,10387.0,8211.0
2005-08-12,10785.0,8189.0
2005-08-13,10564.0,8208.0
2005-08-14,10507.0,8449.0
2005-08-15,10295.0,8004.0
2005-08-16,10796.0,7896.0
2005-08-17,11175.0,7990.0
2005-08-18,10231.0,8205.0
2005-08-19,10091.0,7983.0
2005-08-20,10231.0,8146.0
2005-08-21,10681.0,8230.0
2005-08-22,10435.0,8231.0
2005-08-23,10480.0,8156.0
2005-08-24,10439.0,7996.0
2005-08-25,10209.0,7840.0
2005-08-26,9285.0,7822.0
2005-08-27,10651.0,7670.0
2005-08-28,9739.0,7748.0
2005-08-29,9848.0,7903.0
2005-08-30,10504.0,7762.0
2005-08-31,11688.0,7776.0
2005-09-01,10204.0,8069.0
2005-09-02,10719.0,8126.0
2005-09-03,11341.0,8398.0
2005-09-04,11651.0,8587.0
2005-09-05,12863.0,9060.0
2005-09-06,11915.0,8913.0
2005-09-07,13297.0,9384.0
2005-09-08,11519.0,9308.0
2005-09-09,13207.0,9433.0
2005-09-10,13262.0,9184.0
2005-09-11,12528.0,9494.0
2005-09-12,12154.0,9232.0
2005-09-13,12994.0,9378.0
2005-09-14,13875.0,9639.0
2005-09-15,14001.0,10206.0
2005-09-16,15181.0,10671.0
2005-09-17,15615.0,10897.0
2005-09-18,15477.0,11077.0
2005-09-19,14979.0,11031.0
2005-09-20,14700.0,10869.0
2005-09-21,13964.0,10715.0
2005-09-22,14578.0,10737.0
2005-09-23,15410.0,10908.0
2005-09-24,16294.0,11248.0
2005-09-25,16440.0,11421.0
2005-09-26,17487.0,11823.0
2005-09-27,17543.0,11761.0
2005-09-28,16502.0,12164.0
2005-09-29,17598.0,11379.0
2005-09-30,18542.0,11290.0
2005-10-01,18764.0,10393.0
2005-10-02,17490.0,8676.0
2005-10-03,19004.0,11328.0
2005-10-04,18307.0,10225.0
2005-10-05,17965.0,6178.0
2005-10-06,21299.0,8093.0
2005-10-07,22147.0,8279.0
2005-10-08,25831.0,11248.0
2005-10-09,25830.0,10101.0
2005-10-10,27816.0,13471.0
2005-10-11,24456.0,11636.0
2005-10-12,20262.0,9164.0
2005-10-13,19792.0,9077.0
2005-10-14,17291.0,10077.0
2005-10-15,17042.0,9015.0
2005-10-16,16568.0,8541.0
2005-10-17,19948.0,10458.0
2005-10-18,23537.0,13954.0
2005-10-19,23440.0,14144.0
2005-10-20,21504.0,12308.0
2005-10-21,21237.0,10568.0
2005-10-22,19322.0,8499.0
2005-10-23,19965.0,8081.0
2005-10-24,19720.0,10268.0
2005-10-25,23561.0,11286.0
2005-10-26,21898.0,11861.0
2005-10-27,20519.0,10556.0
2005-10-28,24386.0,12080.0
2005-10-29,23251.0,10125.0
2005-10-30,24642.0,9789.0
2005-10-31,27830.0,10754.0
2005-11-01,29435.0,11765.0
2005-11-02,26972.0,10888.0
2005-11-03,25040.0,11436.0
2005-11-04,23784.0,11241.0
2005-11-05,21562.0,11490.0
2005-11-06,20513.0,11355.0
2005-11-07,19413.0,13083.0
2005-11-08,19409.0,13881.0
2005-11-09,18926.0,13413.0
2005-11-10,19037.0,11441.0
2005-11-11,17592.0,10397.0
2005-11-12,17434.0,10101.0
2005-11-13,17081.0,8481.0
2005-11-14,16979.0,10291.0
2005-11-15,17147.0,10644.0
2005-11-16,16009.0,11563.0
2005-11-17,16650.0,11567.0
2005-11-18,15884.0,11343.0
2005-11-19,15435.0,11436.0
2005-11-20,14889.0,11052.0
2005-11-21,15947.0,11391.0
2005-11-22,15520.0,11534.0
2005-11-23,14996.0,11560.0
2005-11-24,15648.0,11737.0
2005-11-25,16012.0,11922.0
2005-11-26,16761.0,12438.0
2005-11-27,17326.0,13353.0
2005-11-28,18992.0,14309.0
2005-11-29,18976.0,15210.0
2005-11-30,20011.0,16386.0
2005-12-01,21567.0,17438.0
2005-12-02,23170.0,18562.0
2005-12-03,24554.0,20212.0
2005-12-04,27154.0,22184.0
2005-12-05,27871.0,23635.0
2005-12-06,29519.0,24496.0
2005-12-07,12572.0,25017.0
2005-12-08,11745.0,25151.0
2005-12-09,11180.0,25441.0
2005-12-10,33047.0,25659.0
2005-12-11,11606.0,23697.0
2005-12-12,11678.0,25291.0
2005-12-13,29956.0,25432.0
2005-12-14,30139.0,25225.0
2005-12-15,30917.0,23594.0
2005-12-16,31255.0,23156.0
2005-12-17,31633.0,22014.0
2005-12-18,31755.0,22100.0
2005-12-19,32819.0,24154.0
2005-12-20,30854.0,22643.0
2005-12-21,34768.0,22419.0
2005-12-22,31598.0,21408.0
2005-12-23,30719.0,19554.0
2005-12-24,29422.0,18192.0
2005-12-25,29197.0,16427.0
2005-12-26,26851.0,16425.0
2005-12-27,28543.0,17094.0
2005-12-28,26096.0,17685.0
2005-12-29,24402.0,17730.0
2005-12-30,24457.0,18529.0
2005-12-31,23363.0,17484.0
2006-01-01,19941.0,16194.0
2006-01-02,19566.0,18048.0
2006-01-03,19455.0,19199.0
2006-01-04,19855.0,19855.0
2006-01-05,20770.0,19584.0
2006-01-06,22192.0,20187.0
2006-01-07,23843.0,20496.0
2006-01-08,25113.0,20645.0
2006-01-09,26333.0,23625.0
2006-01-10,27662.0,24692.0
2006-01-11,29122.0,25174.0
2006-01-12,30534.0,27835.0
2006-01-13,30755.0,28007.0
2006-01-14,29866.0,26240.0
2006-01-15,28472.0,23307.0
2006-01-16,26785.0,23635.0
2006-01-17,24693.0,23347.0
2006-01-18,22691.0,21510.0
2006-01-19,20896.0,19457.0
2006-01-20,19418.0,18373.0
2006-01-21,18146.0,18062.0
2006-01-22,17283.0,16621.0
2006-01-23,16690.0,16690.0
2006-01-24,16283.0,16283.0
2006-01-25,15878.0,15878.0
2006-01-26,15505.0,15505.0
2006-01-27,15058.0,15058.0
2006-01-28,15037.0,15037.0
2006-01-29,14981.0,13835.0
2006-01-30,15479.0,15041.0
2006-01-31,15911.0,15911.0
2006-02-01,16433.0,16433.0
2006-02-02,16787.0,16787.0
2006-02-03,17030.0,17030.0
2006-02-04,17290.0,17290.0
2006-02-05,17630.0,17193.0
2006-02-06,17931.0,17931.0
2006-02-07,18101.0,18101.0
2006-02-08,18176.0,18176.0
2006-02-09,18381.0,18381.0
2006-02-10,18601.0,18601.0
2006-02-11,18967.0,18967.0
2006-02-12,19770.0,19770.0
2006-02-13,20401.0,20401.0
2006-02-14,21106.0,21106.0
2006-02-15,22036.0,22036.0
2006-02-16,23293.0,23293.0
2006-02-17,24483.0,24463.0
2006-02-18,25642.0,25550.0
2006-02-19,26607.0,25974.0
2006-02-20,27507.0,27399.0
2006-02-21,28356.0,28146.0
2006-02-22,29279.0,27708.0
2006-02-23,29838.0,27964.0
2006-02-24,29924.0,27875.0
2006-02-25,29621.0,27105.0
2006-02-26,29185.0,24547.0
2006-02-27,28889.0,24226.0
2006-02-28,28640.0,24817.0
2006-03-01,28308.0,24631.0
2006-03-02,27529.0,24688.0
2006-03-03,26859.0,24514.0
2006-03-04,26174.0,23220.0
2006-03-05,25514.0,21537.0
2006-03-06,25242.0,23173.0
2006-03-07,25174.0,22925.0
2006-03-08,25155.0,22639.0
2006-03-09,25200.0,20628.0
2006-03-10,25323.0,19783.0
2006-03-11,25357.0,18169.0
2006-03-12,25562.0,17368.0
2006-03-13,25783.0,19238.0
2006-03-14,26047.0,20983.0
2006-03-15,26445.0,20826.0
2006-03-16,26762.0,20743.0
2006-03-17,27226.0,21362.0
2006-03-18,27281.0,20002.0
2006-03-19,27169.0,17796.0
2006-03-20,27142.0,19934.0
2006-03-21,27220.0,19684.0
2006-03-22,27289.0,19418.0
2006-03-23,27354.0,19794.0
2006-03-24,27406.0,20495.0
2006-03-25,27681.0,20228.0
2006-03-26,27770.0,20411.0
2006-03-27,27996.0,22652.0
2006-03-28,28086.0,24781.0
2006-03-29,27644.0,24799.0
2006-03-30,27771.0,25691.0
2006-03-31,27336.0,22871.0
2006-04-01,26744.0,19241.0
2006-04-02,26488.0,19442.0
2006-04-03,26425.0,22598.0
2006-04-04,26303.0,22986.0
2006-04-05,26369.0,23730.0
2006-04-06,26328.0,24223.0
2006-04-07,26068.0,23662.0
2006-04-08,25678.0,22222.0
2006-04-09,25589.0,21209.0
2006-04-10,25763.0,22744.0
2006-04-11,25964.0,23685.0
2006-04-12,26234.0,23766.0
2006-04-13,26506.0,21766.0
2006-04-14,26661.0,20149.0
2006-04-15,26515.0,17367.0
2006-04-16,26050.0,18033.0
2006-04-17,25292.0,21199.0
2006-04-18,24393.0,21301.0
2006-04-19,23611.0,18828.0
2006-04-20,22750.0,17666.0
2006-04-21,21937.0,15918.0
2006-04-22,21167.0,17006.0
2006-04-23,20738.0,16394.0
2006-04-24,20321.0,18184.0
2006-04-25,19845.0,18312.0
2006-04-26,19246.0,18526.0
2006-04-27,18555.0,18022.0
2006-04-28,17757.0,17348.0
2006-04-29,16997.0,15918.0
2006-04-30,16255.0,14106.0
2006-05-01,15614.0,14571.0
2006-05-02,15072.0,14281.0
2006-05-03,14723.0,13832.0
2006-05-04,14559.0,14328.0
2006-05-05,14370.0,14370.0
2006-05-06,14206.0,14025.0
2006-05-07,14224.0,13912.0
2006-05-08,14138.0,14138.0
2006-05-09,14130.0,14130.0
2006-05-10,14066.0,14066.0
2006-05-11,13848.0,13848.0
2006-05-12,13622.0,13622.0
2006-05-13,13442.0,13442.0
2006-05-14,13221.0,13221.0
2006-05-15,13142.0,13142.0
2006-05-16,13093.0,13093.0
2006-05-17,12904.0,12904.0
2006-05-18,12803.0,12803.0
2006-05-19,12761.0,12761.0
2006-05-20,12965.0,12965.0
2006-05-21,13318.0,13318.0
2006-05-22,13686.0,13686.0
2006-05-23,13928.0,13846.0
2006-05-24,14240.0,14240.0
2006-05-25,14515.0,14485.0
2006-05-26,14587.0,14496.0
2006-05-27,14545.0,14545.0
2006-05-28,14574.0,14574.0
2006-05-29,14358.0,14286.0
2006-05-30,13907.0,13828.0
2006-05-31,13606.0,13517.0
2006-06-01,13295.0,13185.0
2006-06-02,13002.0,12911.0
2006-06-03,12733.0,12733.0
2006-06-04,12541.0,12541.0
2006-06-05,12375.0,12375.0
2006-06-06,12361.0,12348.0
2006-06-07,12302.0,12302.0
2006-06-08,12263.0,12263.0
2006-06-09,12214.0,12214.0
2006-06-10,12133.0,12133.0
2006-06-11,12164.0,12109.0
2006-06-12,12102.0,12102.0
2006-06-13,11926.0,11834.0
2006-06-14,11732.0,11732.0
2006-06-15,11630.0,11630.0
2006-06-16,11509.0,11509.0
2006-06-17,11396.0,11396.0
2006-06-18,11302.0,11066.0
2006-06-19,11210.0,11210.0
2006-06-20,11220.0,11220.0
2006-06-21,11175.0,11175.0
2006-06-22,11140.0,10912.0
2006-06-23,11060.0,11060.0
2006-06-24,10919.0,10919.0
2006-06-25,10760.0,10760.0
2006-06-26,10641.0,10641.0
2006-06-27,10579.0,10436.0
2006-06-28,10454.0,10454.0
2006-06-29,10392.0,10392.0
2006-06-30,10407.0,10407.0
2006-07-01,10548.0,10441.0
2006-07-02,10699.0,10699.0
2006-07-03,10867.0,10867.0
2006-07-04,11026.0,11026.0
2006-07-05,11199.0,11199.0
2006-07-06,11312.0,11312.0
2006-07-07,11372.0,11372.0
2006-07-08,11325.0,11325.0
2006-07-09,11219.0,11219.0
2006-07-10,10760.0,10707.0
2006-07-11,10726.0,10685.0
2006-07-12,10450.0,10450.0
2006-07-13,10357.0,10357.0
2006-07-14,10214.0,10214.0
2006-07-15,10149.0,10149.0
2006-07-16,10134.0,10134.0
2006-07-17,10148.0,10148.0
2006-07-18,10132.0,10132.0
2006-07-19,10181.0,10181.0
2006-07-20,10198.0,10198.0
2006-07-21,10214.0,10214.0
2006-07-22,10198.0,10198.0
2006-07-23,10095.0,10095.0
2006-07-24,9994.0,9905.0
2006-07-25,9938.0,9877.0
2006-07-26,9729.0,9578.0
2006-07-27,9459.0,9302.0
2006-07-28,9245.0,9122.0
2006-07-29,9024.0,9024.0
2006-07-30,8919.0,8919.0
2006-07-31,8871.0,8871.0
2006-08-01,8865.0,8865.0
2006-08-02,8814.0,8814.0
2006-08-03,8845.0,8845.0
2006-08-04,8936.0,8936.0
2006-08-05,9082.0,9082.0
2006-08-06,9337.0,9337.0
2006-08-07,9577.0,9577.0
2006-08-08,9643.0,9508.0
2006-08-09,9631.0,9456.0
2006-08-10,9610.0,9550.0
2006-08-11,9520.0,9520.0
2006-08-12,9435.0,9435.0
2006-08-13,9371.0,9371.0
2006-08-14,9235.0,9235.0
2006-08-15,9084.0,9084.0
2006-08-16,8899.0,8899.0
2006-08-17,8746.0,8746.0
2006-08-18,8607.0,8607.0
2006-08-19,8544.0,8544.0
2006-08-20,8524.0,8524.0
2006-08-21,8558.0,8558.0
2006-08-22,8533.0,8533.0
2006-08-23,8489.0,8489.0
2006-08-24,8407.0,8407.0
2006-08-25,8265.0,8265.0
2006-08-26,8122.0,8122.0
2006-08-27,8186.0,8186.0
2006-08-28,8306.0,8306.0
2006-08-29,8410.0,8410.0
2006-08-30,8632.0,8632.0
2006-08-31,8746.0,8746.0
2006-09-01,8623.0,8373.0
2006-09-02,8726.0,6591.0
2006-09-03,9061.0,7990.0
2006-09-04,9320.0,9320.0
2006-09-05,9696.0,9696.0
2006-09-06,10067.0,10067.0
2006-09-07,10252.0,10252.0
2006-09-08,10164.0,10164.0
2006-09-09,10024.0,10024.0
2006-09-10,9948.0,9948.0
2006-09-11,9888.0,9888.0
2006-09-12,9715.0,9715.0
2006-09-13,9482.0,9482.0
2006-09-14,9154.0,9154.0
2006-09-15,8827.0,8827.0
2006-09-16,8539.0,8539.0
2006-09-17,8482.0,8482.0
2006-09-18,8641.0,8641.0
2006-09-19,8745.0,8745.0
2006-09-20,8826.0,8826.0
2006-09-21,9093.0,9093.0
2006-09-22,9392.0,9392.0
2006-09-23,9807.0,9807.0
2006-09-24,10193.0,10193.0
2006-09-25,10530.0,10530.0
2006-09-26,10802.0,10802.0
2006-09-27,10856.0,10856.0
2006-09-28,10955.0,10955.0
2006-09-29,10931.0,10931.0
2006-09-30,10919.0,10860.0
2006-10-01,10914.0,10565.0
2006-10-02,10994.0,10767.0
2006-10-03,11084.0,11084.0
2006-10-04,11329.0,11329.0
2006-10-05,11559.0,11559.0
2006-10-06,11820.0,11820.0
2006-10-07,12035.0,12035.0
2006-10-08,12311.0,12311.0
2006-10-09,12639.0,12639.0
2006-10-10,12850.0,12850.0
2006-10-11,12826.0,12826.0
2006-10-12,12903.0,12903.0
2006-10-13,12969.0,12969.0
2006-10-14,13016.0,13016.0
2006-10-15,12983.0,12983.0
2006-10-16,13024.0,13024.0
2006-10-17,13008.0,13008.0
2006-10-18,12982.0,12982.0
2006-10-19,13031.0,13031.0
2006-10-20,13261.0,13261.0
2006-10-21,13465.0,13465.0
2006-10-22,13657.0,13657.0
2006-10-23,13678.0,13678.0
2006-10-24,13583.0,13583.0
2006-10-25,13404.0,13404.0
2006-10-26,13275.0,13275.0
2006-10-27,12933.0,12933.0
2006-10-28,12569.0,12503.0
2006-10-29,12136.0,11963.0
2006-10-30,11710.0,11596.0
2006-10-31,11214.0,11179.0
2006-11-01,10970.0,10970.0
2006-11-02,10912.0,10912.0
2006-11-03,11030.0,11030.0
2006-11-04,11231.0,11231.0
2006-11-05,11837.0,11837.0
2006-11-06,12374.0,12374.0
2006-11-07,12881.0,12881.0
2006-11-08,13350.0,13350.0
2006-11-09,13755.0,13755.0
2006-11-10,13915.0,13915.0
2006-11-11,14201.0,14201.0
2006-11-12,14453.0,14453.0
2006-11-13,14564.0,14564.0
2006-11-14,14317.0,14317.0
2006-11-15,14072.0,14072.0
2006-11-16,13807.0,13807.0
2006-11-17,13367.0,13231.0
2006-11-18,12702.0,12649.0
2006-11-19,11960.0,11960.0
2006-11-20,11217.0,11217.0
2006-11-21,10713.0,10692.0
2006-11-22,10370.0,10266.0
2006-11-23,10119.0,9963.0
2006-11-24,10010.0,9976.0
2006-11-25,10108.0,10108.0
2006-11-26,10480.0,10469.0
2006-11-27,10995.0,10995.0
2006-11-28,11603.0,11603.0
2006-11-29,12450.0,12450.0
2006-11-30,13197.0,13197.0
2006-12-01,14119.0,14119.0
2006-12-02,15115.0,15115.0
2006-12-03,15947.0,15925.0
2006-12-04,16676.0,16676.0
2006-12-05,17637.0,17605.0
2006-12-06,18658.0,18646.0
2006-12-07,19682.0,19682.0
2006-12-08,20574.0,20574.0
2006-12-09,21508.0,21508.0
2006-12-10,22689.0,22689.0
2006-12-11,23684.0,23684.0
2006-12-12,23913.0,23913.0
2006-12-13,23471.0,23471.0
2006-12-14,23294.0,23294.0
2006-12-15,23893.0,23893.0
2006-12-16,24760.0,24760.0
2006-12-17,25276.0,25276.0
2006-12-18,25750.0,25750.0
2006-12-19,26663.0,26663.0
2006-12-20,27727.0,27727.0
2006-12-21,28608.0,28608.0
2006-12-22,29055.0,29055.0
2006-12-23,29746.0,29746.0
2006-12-24,30741.0,30714.0
2006-12-25,30803.0,27871.0
2006-12-26,32173.0,29510.0
2006-12-27,31373.0,28946.0
2006-12-28,29235.0,26080.0
2006-12-29,29012.0,25804.0
2006-12-30,28264.0,24487.0
2006-12-31,26437.0,22119.0
2007-01-01,26716.0,22663.0
2007-01-02,27130.0,26273.0
2007-01-03,28276.0,28276.0
2007-01-04,29471.0,29409.0
2007-01-05,31197.0,30091.0
2007-01-06,33438.0,32416.0
2007-01-07,36284.0,34358.0
2007-01-08,39222.0,37435.0
2007-01-09,41761.0,38781.0
2007-01-10,43509.0,39313.0
2007-01-11,45047.0,40310.0
2007-01-12,45743.0,39722.0
2007-01-13,45883.0,37702.0
2007-01-14,45744.0,36050.0
2007-01-15,45889.0,37270.0
2007-01-16,45864.0,35144.0
2007-01-17,46103.0,34815.0
2007-01-18,46376.0,35716.0
2007-01-19,46756.0,36199.0
2007-01-20,47246.0,34741.0
2007-01-21,47899.0,32454.0
2007-01-22,48365.0,34601.0
2007-01-23,48534.0,34943.0
2007-01-24,48680.0,34326.0
2007-01-25,48002.0,32772.0
2007-01-26,46901.0,32054.0
2007-01-27,46172.0,29072.0
2007-01-28,46136.0,27423.0
2007-01-29,46152.0,30327.0
2007-01-30,45676.0,28635.0
2007-01-31,45556.0,28814.0
2007-02-01,45747.0,28006.0
2007-02-02,46033.0,28856.0
2007-02-03,45913.0,28724.0
2007-02-04,45615.0,24609.0
2007-02-05,45732.0,27914.0
2007-02-06,45854.0,28889.0
2007-02-07,45614.0,29036.0
2007-02-08,44971.0,26923.0
2007-02-09,44860.0,26462.0
2007-02-10,44714.0,26537.0
2007-02-11,44139.0,23471.0
2007-02-12,43523.0,24647.0
2007-02-13,43174.0,23786.0
2007-02-14,43228.0,23995.0
2007-02-15,43087.0,24189.0
2007-02-16,42411.0,24367.0
2007-02-17,41314.0,24056.0
2007-02-18,40340.0,21344.0
2007-02-19,39584.0,21312.0
2007-02-20,38846.0,19846.0
2007-02-21,38254.0,20035.0
2007-02-22,37828.0,19974.0
2007-02-23,37281.0,19947.0
2007-02-24,36690.0,18981.0
2007-02-25,36039.0,16944.0
2007-02-26,34991.0,17238.0
2007-02-27,33693.0,15601.0
2007-02-28,32598.0,15185.0
2007-03-01,31505.0,13830.0
2007-03-02,30400.0,12901.0
2007-03-03,29451.0,12209.0
2007-03-04,28825.0,10396.0
2007-03-05,28349.0,12965.0
2007-03-06,27954.0,13599.0
2007-03-07,27372.0,14754.0
2007-03-08,27018.0,16932.0
2007-03-09,26784.0,19183.0
2007-03-10,26048.0,19597.0
2007-03-11,24593.0,17038.0
2007-03-12,23688.0,18706.0
2007-03-13,22499.0,19571.0
2007-03-14,21673.0,20281.0
2007-03-15,21374.0,20324.0
2007-03-16,21432.0,20503.0
2007-03-17,21934.0,19803.0
2007-03-18,22532.0,19739.0
2007-03-19,23446.0,22029.0
2007-03-20,24532.0,23264.0
2007-03-21,25827.0,23426.0
2007-03-22,26360.0,23833.0
2007-03-23,26363.0,24848.0
2007-03-24,26392.0,24900.0
2007-03-25,26713.0,24415.0
2007-03-26,26579.0,26040.0
2007-03-27,25824.0,25824.0
2007-03-28,24610.0,24610.0
2007-03-29,23432.0,23432.0
2007-03-30,22275.0,22275.0
2007-03-31,21265.0,21142.0
2007-04-01,20410.0,20353.0
2007-04-02,19623.0,19623.0
2007-04-03,18805.0,18805.0
2007-04-04,18116.0,18116.0
2007-04-05,17566.0,17524.0
2007-04-06,17275.0,17204.0
2007-04-07,17055.0,17055.0
2007-04-08,16879.0,16879.0
2007-04-09,16828.0,16828.0
2007-04-10,16822.0,16822.0
2007-04-11,16855.0,16855.0
2007-04-12,16977.0,16977.0
2007-04-13,17095.0,17095.0
2007-04-14,17189.0,17189.0
2007-04-15,17243.0,17243.0
2007-04-16,17108.0,17108.0
2007-04-17,16905.0,16905.0
2007-04-18,16675.0,16675.0
2007-04-19,16423.0,16423.0
2007-04-20,16159.0,16159.0
2007-04-21,15903.0,15903.0
2007-04-22,15742.0,15742.0
2007-04-23,15772.0,15772.0
2007-04-24,15968.0,15968.0
2007-04-25,16332.0,16332.0
2007-04-26,16697.0,16697.0
2007-04-27,17429.0,16824.0
2007-04-28,18870.0,14973.0
2007-04-29,18131.0,10431.0
2007-04-30,17772.0,14221.0
2007-05-01,17294.0,13245.0
2007-05-02,16719.0,15858.0
2007-05-03,16153.0,16153.0
2007-05-04,15723.0,15175.0
2007-05-05,15399.0,12902.0
2007-05-06,15082.0,12553.0
2007-05-07,14821.0,14400.0
2007-05-08,14623.0,14623.0
2007-05-09,14341.0,14231.0
2007-05-10,14209.0,13939.0
2007-05-11,14113.0,13274.0
2007-05-12,14005.0,13224.0
2007-05-13,13885.0,12516.0
2007-05-14,13832.0,13433.0
2007-05-15,13629.0,13274.0
2007-05-16,13510.0,13510.0
2007-05-17,13469.0,13187.0
2007-05-18,13445.0,12776.0
2007-05-19,13762.0,12625.0
2007-05-20,14269.0,11412.0
2007-05-21,14649.0,13515.0
2007-05-22,14968.0,14251.0
2007-05-23,15473.0,15473.0
2007-05-24,16056.0,15141.0
2007-05-25,16624.0,15037.0
2007-05-26,17058.0,12410.0
2007-05-27,17255.0,13058.0
2007-05-28,17225.0,15209.0
2007-05-29,17084.0,16185.0
2007-05-30,16780.0,16345.0
2007-05-31,16272.0,15543.0
2007-06-01,15791.0,14857.0
2007-06-02,15489.0,14832.0
2007-06-03,15182.0,13793.0
2007-06-04,14869.0,14344.0
2007-06-05,14464.0,14464.0
2007-06-06,14190.0,14190.0
2007-06-07,13904.0,12833.0
2007-06-08,13614.0,12315.0
2007-06-09,13415.0,11946.0
2007-06-10,13383.0,11313.0
2007-06-11,13296.0,12792.0
2007-06-12,13132.0,13132.0
2007-06-13,12982.0,12982.0
2007-06-14,12870.0,12870.0
2007-06-15,12710.0,12710.0
2007-06-16,12553.0,12553.0
2007-06-17,12318.0,12318.0
2007-06-18,12214.0,12214.0
2007-06-19,12090.0,12090.0
2007-06-20,11909.0,11909.0
2007-06-21,11712.0,11712.0
2007-06-22,11519.0,11519.0
2007-06-23,11316.0,11316.0
2007-06-24,11183.0,11183.0
2007-06-25,11041.0,11041.0
2007-06-26,10850.0,10850.0
2007-06-27,10689.0,10689.0
2007-06-28,10509.0,10509.0
2007-06-29,10398.0,10398.0
2007-06-30,10458.0,10458.0
2007-07-01,10556.0,10556.0
2007-07-02,10671.0,10671.0
2007-07-03,10709.0,10709.0
2007-07-04,10674.0,10674.0
2007-07-05,10474.0,10474.0
2007-07-06,10317.0,10317.0
2007-07-07,10127.0,10127.0
2007-07-08,9896.0,9896.0
2007-07-09,9667.0,9667.0
2007-07-10,9563.0,9563.0
2007-07-11,9413.0,9413.0
2007-07-12,9338.0,9338.0
2007-07-13,9454.0,9454.0
2007-07-14,9695.0,9695.0
2007-07-15,10004.0,10004.0
2007-07-16,10120.0,10091.0
2007-07-17,10559.0,10518.0
2007-07-18,11009.0,10990.0
2007-07-19,11841.0,11841.0
2007-07-20,12439.0,12439.0
2007-07-21,12823.0,12823.0
2007-07-22,13013.0,13013.0
2007-07-23,13037.0,13034.0
2007-07-24,13144.0,13144.0
2007-07-25,13426.0,13426.0
2007-07-26,14564.0,14564.0
2007-07-27,15874.0,15874.0
2007-07-28,17385.0,17300.0
2007-07-29,18081.0,15853.0
2007-07-30,17799.0,16302.0
2007-07-31,17109.0,16666.0
2007-08-01,16285.0,16285.0
2007-08-02,15516.0,15516.0
2007-08-03,15002.0,15002.0
2007-08-04,14629.0,13725.0
2007-08-05,14204.0,13618.0
2007-08-06,13517.0,13437.0
2007-08-07,12761.0,12761.0
2007-08-08,12012.0,12012.0
2007-08-09,11407.0,11407.0
2007-08-10,10961.0,10961.0
2007-08-11,10700.0,10700.0
2007-08-12,10473.0,10473.0
2007-08-13,10235.0,10235.0
2007-08-14,9964.0,9824.0
2007-08-15,9633.0,9476.0
2007-08-16,9355.0,9326.0
2007-08-17,9130.0,9130.0
2007-08-18,8959.0,8959.0
2007-08-19,8930.0,8930.0
2007-08-20,8921.0,8921.0
2007-08-21,8835.0,8835.0
2007-08-22,8638.0,8638.0
2007-08-23,8421.0,8421.0
2007-08-24,8200.0,8200.0
2007-08-25,8053.0,8053.0
2007-08-26,7967.0,7967.0
2007-08-27,7957.0,7957.0
2007-08-28,7950.0,7950.0
2007-08-29,7969.0,7969.0
2007-08-30,7964.0,7964.0
2007-08-31,7995.0,7995.0
2007-09-01,8069.0,8069.0
2007-09-02,8138.0,8138.0
2007-09-03,8164.0,8164.0
2007-09-04,8097.0,8097.0
2007-09-05,7923.0,7923.0
2007-09-06,7703.0,7703.0
2007-09-07,7553.0,7553.0
2007-09-08,7332.0,7332.0
2007-09-09,7224.0,7224.0
2007-09-10,7114.0,7114.0
2007-09-11,7026.0,7026.0
2007-09-12,6970.0,6970.0
2007-09-13,6964.0,6964.0
2007-09-14,6945.0,6945.0
2007-09-15,7021.0,7021.0
2007-09-16,7028.0,7028.0
2007-09-17,6962.0,6962.0
2007-09-18,6880.0,6880.0
2007-09-19,6725.0,6725.0
2007-09-20,6480.0,6480.0
2007-09-21,6306.0,6306.0
2007-09-22,6143.0,6143.0
2007-09-23,6053.0,6053.0
2007-09-24,6097.0,6026.0
2007-09-25,6287.0,6128.0
2007-09-26,6390.0,6206.0
2007-09-27,6515.0,6474.0
2007-09-28,6651.0,6651.0
2007-09-29,6808.0,6808.0
2007-09-30,6877.0,6599.0
2007-10-01,6950.0,6846.0
2007-10-02,6941.0,6941.0
2007-10-03,6861.0,6861.0
2007-10-04,6768.0,6768.0
2007-10-05,6687.0,6426.0
2007-10-06,6624.0,6624.0
2007-10-07,6558.0,6558.0
2007-10-08,6471.0,6471.0
2007-10-09,6264.0,6264.0
2007-10-10,6014.0,6014.0
2007-10-11,5721.0,5721.0
2007-10-12,5556.0,5556.0
2007-10-13,5636.0,5636.0
2007-10-14,5705.0,5705.0
2007-10-15,5754.0,5754.0
2007-10-16,5831.0,5363.0
2007-10-17,5872.0,5872.0
2007-10-18,5886.0,5886.0
2007-10-19,5979.0,5979.0
2007-10-20,6125.0,6125.0
2007-10-21,6456.0,6313.0
2007-10-22,6715.0,6715.0
2007-10-23,6959.0,6959.0
2007-10-24,7154.0,7154.0
2007-10-25,7468.0,7468.0
2007-10-26,7756.0,7756.0
2007-10-27,8130.0,8130.0
2007-10-28,8388.0,8388.0
2007-10-29,8657.0,8657.0
2007-10-30,8853.0,8853.0
2007-10-31,8934.0,8934.0
2007-11-01,8913.0,8913.0
2007-11-02,8963.0,8963.0
2007-11-03,9065.0,9065.0
2007-11-04,9254.0,9254.0
2007-11-05,9553.0,9553.0
2007-11-06,9804.0,9804.0
2007-11-07,10193.0,10193.0
2007-11-08,10589.0,10589.0
2007-11-09,10966.0,10966.0
2007-11-10,11588.0,11588.0
2007-11-11,12451.0,12451.0
2007-11-12,13556.0,13556.0
2007-11-13,14860.0,14860.0
2007-11-14,16165.0,16165.0
2007-11-15,16267.0,16267.0
2007-11-16,15593.0,15593.0
2007-11-17,14852.0,14852.0
2007-11-18,14400.0,13686.0
2007-11-19,14050.0,14050.0
2007-11-20,13719.0,13719.0
2007-11-21,13271.0,13271.0
2007-11-22,12717.0,12717.0
2007-11-23,12039.0,12039.0
2007-11-24,11451.0,11451.0
2007-11-25,10936.0,10079.0
2007-11-26,10494.0,10494.0
2007-11-27,10094.0,10094.0
2007-11-28,9848.0,9848.0
2007-11-29,9597.0,9597.0
2007-11-30,9349.0,9349.0
2007-12-01,9088.0,9088.0
2007-12-02,8910.0,8910.0
2007-12-03,8922.0,8922.0
2007-12-04,8902.0,8902.0
2007-12-05,8870.0,8870.0
2007-12-06,8828.0,8828.0
2007-12-07,8774.0,8774.0
2007-12-08,9280.0,9280.0
2007-12-09,9963.0,9963.0
2007-12-10,10612.0,10612.0
2007-12-11,11327.0,11327.0
2007-12-12,11822.0,11822.0
2007-12-13,12396.0,12396.0
2007-12-14,12978.0,12978.0
2007-12-15,13375.0,13375.0
2007-12-16,13665.0,13665.0
2007-12-17,14121.0,14121.0
2007-12-18,14447.0,14447.0
2007-12-19,14258.0,14258.0
2007-12-20,14176.0,14176.0
2007-12-21,14342.0,14342.0
2007-12-22,14946.0,14946.0
2007-12-23,15737.0,15737.0
2007-12-24,16326.0,16326.0
2007-12-25,16738.0,16738.0
2007-12-26,17056.0,17056.0
2007-12-27,17452.0,17452.0
2007-12-28,17723.0,17723.0
2007-12-29,17763.0,17763.0
2007-12-30,17440.0,17440.0
2007-12-31,16850.0,16850.0
2008-01-01,16134.0,16134.0
2008-01-02,14971.0,14971.0
2008-01-03,13903.0,13903.0
2008-01-04,13192.0,13192.0
2008-01-05,12777.0,12777.0
2008-01-06,12557.0,12557.0
2008-01-07,12441.0,12441.0
2008-01-08,12392.0,12392.0
2008-01-09,12319.0,12319.0
2008-01-10,12279.0,12279.0
2008-01-11,12303.0,12303.0
2008-01-12,12528.0,12528.0
2008-01-13,12894.0,12894.0
2008-01-14,13405.0,13405.0
2008-01-15,14030.0,14030.0
2008-01-16,14892.0,14892.0
2008-01-17,15804.0,15804.0
2008-01-18,16569.0,16569.0
2008-01-19,17152.0,17152.0
2008-01-20,17372.0,17372.0
2008-01-21,18095.0,18095.0
2008-01-22,18811.0,18811.0
2008-01-23,19800.0,19800.0
2008-01-24,21133.0,21133.0
2008-01-25,22025.0,22025.0
2008-01-26,22509.0,22509.0
2008-01-27,23057.0,23057.0
2008-01-28,23953.0,23953.0
2008-01-29,24849.0,24849.0
2008-01-30,26394.0,26394.0
2008-01-31,27975.0,27975.0
2008-02-01,29107.0,29107.0
2008-02-02,29804.0,29804.0
2008-02-03,30081.0,30081.0
2008-02-04,30472.0,30472.0
2008-02-05,30764.0,30764.0
2008-02-06,30906.0,30906.0
2008-02-07,30711.0,30711.0
2008-02-08,30673.0,30673.0
2008-02-09,31071.0,31071.0
2008-02-10,31730.0,31730.0
2008-02-11,32080.0,32080.0
2008-02-12,31865.0,31865.0
2008-02-13,31385.0,31385.0
2008-02-14,30786.0,30786.0
2008-02-15,30055.0,30055.0
2008-02-16,28906.0,28906.0
2008-02-17,27616.0,27616.0
2008-02-18,26313.0,26313.0
2008-02-19,25322.0,25322.0
2008-02-20,24530.0,24530.0
2008-02-21,23966.0,23966.0
2008-02-22,23911.0,23911.0
2008-02-23,24292.0,24292.0
2008-02-24,24696.0,24696.0
2008-02-25,25241.0,25241.0
2008-02-26,25851.0,25851.0
2008-02-27,26946.0,26946.0
2008-02-28,28229.0,28229.0
2008-02-29,29064.0,29064.0
2008-03-01,29371.0,29371.0
2008-03-02,29442.0,29442.0
2008-03-03,29361.0,29361.0
2008-03-04,28970.0,28970.0
2008-03-05,28296.0,28296.0
2008-03-06,27453.0,27453.0
2008-03-07,26478.0,26478.0
2008-03-08,25415.0,25415.0
2008-03-09,24599.0,24539.0
2008-03-10,24153.0,24153.0
2008-03-11,24166.0,24166.0
2008-03-12,24335.0,24335.0
2008-03-13,24630.0,24630.0
2008-03-14,25176.0,25091.0
2008-03-15,26229.0,25596.0
2008-03-16,27281.0,26285.0
2008-03-17,28194.0,27274.0
2008-03-18,28883.0,28270.0
2008-03-19,29884.0,29465.0
2008-03-20,30859.0,30452.0
2008-03-21,31886.0,30415.0
2008-03-22,32877.0,31649.0
2008-03-23,33720.0,32493.0
2008-03-24,34169.0,31926.0
2008-03-25,33971.0,32345.0
2008-03-26,33208.0,31576.0
2008-03-27,31997.0,30730.0
2008-03-28,30561.0,29431.0
2008-03-29,28926.0,26602.0
2008-03-30,27188.0,22899.0
2008-03-31,25575.0,23943.0
2008-04-01,24299.0,23517.0
2008-04-02,23384.0,22395.0
2008-04-03,22608.0,20941.0
2008-04-04,21958.0,20077.0
2008-04-05,21474.0,19999.0
2008-04-06,21196.0,15828.0
2008-04-07,21116.0,17756.0
2008-04-08,21231.0,18862.0
2008-04-09,21603.0,19862.0
2008-04-10,21960.0,20819.0
2008-04-11,22416.0,21067.0
2008-04-12,22937.0,20428.0
2008-04-13,23635.0,19665.0
2008-04-14,24154.0,21959.0
2008-04-15,24596.0,23098.0
2008-04-16,24882.0,20776.0
2008-04-17,25317.0,20143.0
2008-04-18,25649.0,19883.0
2008-04-19,25763.0,18601.0
2008-04-20,25843.0,17692.0
2008-04-21,26063.0,17307.0
2008-04-22,26320.0,19891.0
2008-04-23,26364.0,20580.0
2008-04-24,26145.0,19304.0
2008-04-25,25686.0,19410.0
2008-04-26,25202.0,18751.0
2008-04-27,24559.0,17018.0
2008-04-28,23782.0,19049.0
2008-04-29,22989.0,18738.0
2008-04-30,22296.0,18349.0
2008-05-01,21861.0,17225.0
2008-05-02,21478.0,18003.0
2008-05-03,21903.0,18451.0
2008-05-04,22299.0,17792.0
2008-05-05,22627.0,20878.0
2008-05-06,23067.0,21861.0
2008-05-07,23426.0,21830.0
2008-05-08,22650.0,21815.0
2008-05-09,21674.0,21389.0
2008-05-10,20815.0,19057.0
2008-05-11,20161.0,17511.0
2008-05-12,19601.0,19040.0
2008-05-13,18986.0,18137.0
2008-05-14,18305.0,18182.0
2008-05-15,17645.0,17621.0
2008-05-16,17024.0,17024.0
2008-05-17,16497.0,16497.0
2008-05-18,16207.0,16207.0
2008-05-19,16043.0,16043.0
2008-05-20,15934.0,15934.0
2008-05-21,15681.0,15681.0
2008-05-22,15407.0,15407.0
2008-05-23,15236.0,15236.0
2008-05-24,15073.0,15073.0
2008-05-25,14830.0,14830.0
2008-05-26,14658.0,14658.0
2008-05-27,14401.0,14401.0
2008-05-28,14263.0,14263.0
2008-05-29,14186.0,14186.0
2008-05-30,14222.0,14222.0
2008-05-31,14440.0,14440.0
2008-06-01,14793.0,14793.0
2008-06-02,15220.0,15220.0
2008-06-03,15613.0,15613.0
2008-06-04,15823.0,15823.0
2008-06-05,15905.0,15905.0
2008-06-06,15848.0,15848.0
2008-06-07,15705.0,15705.0
2008-06-08,15506.0,15506.0
2008-06-09,15374.0,15170.0
2008-06-10,15284.0,15034.0
2008-06-11,15244.0,14980.0
2008-06-12,15104.0,15030.0
2008-06-13,14941.0,14941.0
2008-06-14,14834.0,14834.0
2008-06-15,14744.0,14744.0
2008-06-16,14599.0,14599.0
2008-06-17,14325.0,14325.0
2008-06-18,14091.0,14091.0
2008-06-19,13846.0,13846.0
2008-06-20,13594.0,13594.0
2008-06-21,13243.0,13243.0
2008-06-22,13010.0,13010.0
2008-06-23,12885.0,12866.0
2008-06-24,12830.0,12776.0
2008-06-25,12795.0,12749.0
2008-06-26,12783.0,12781.0
2008-06-27,12804.0,12804.0
2008-06-28,12833.0,12833.0
2008-06-29,12822.0,12822.0
2008-06-30,12794.0,12794.0
2008-07-01,12749.0,12749.0
2008-07-02,12571.0,12571.0
2008-07-03,12498.0,12498.0
2008-07-04,12448.0,12448.0
2008-07-05,12293.0,12293.0
2008-07-06,12156.0,12156.0
2008-07-07,12033.0,12033.0
2008-07-08,11832.0,11832.0
2008-07-09,11724.0,11724.0
2008-07-10,11477.0,11477.0
2008-07-11,11210.0,11210.0
2008-07-12,10990.0,10990.0
2008-07-13,10766.0,10766.0
2008-07-14,10529.0,10529.0
2008-07-15,10359.0,10326.0
2008-07-16,10245.0,10245.0
2008-07-17,10173.0,10173.0
2008-07-18,10036.0,10036.0
2008-07-19,9981.0,9981.0
2008-07-20,9908.0,9908.0
2008-07-21,9894.0,9894.0
2008-07-22,9920.0,9920.0
2008-07-23,10009.0,10009.0
2008-07-24,10187.0,10187.0
2008-07-25,10580.0,10580.0
2008-07-26,11002.0,11002.0
2008-07-27,11341.0,11341.0
2008-07-28,11452.0,11452.0
2008-07-29,11366.0,11366.0
2008-07-30,11058.0,11058.0
2008-07-31,10624.0,10624.0
2008-08-01,10282.0,10282.0
2008-08-02,10088.0,10088.0
2008-08-03,10013.0,10013.0
2008-08-04,10150.0,10150.0
2008-08-05,10432.0,10432.0
2008-08-06,10988.0,10988.0
2008-08-07,11651.0,11651.0
2008-08-08,12433.0,12433.0
2008-08-09,13202.0,13202.0
2008-08-10,14320.0,13497.0
2008-08-11,15435.0,13726.0
2008-08-12,16825.0,15328.0
2008-08-13,16502.0,15755.0
2008-08-14,15359.0,13873.0
2008-08-15,14830.0,12259.0
2008-08-16,15473.0,12544.0
2008-08-17,16747.0,13732.0
2008-08-18,18006.0,14614.0
2008-08-19,17783.0,15426.0
2008-08-20,15953.0,13882.0
2008-08-21,14004.0,13309.0
2008-08-22,12777.0,12777.0
2008-08-23,11946.0,11946.0
2008-08-24,11334.0,11334.0
2008-08-25,10876.0,10876.0
2008-08-26,10467.0,10467.0
2008-08-27,10165.0,10165.0
2008-08-28,9901.0,9901.0
2008-08-29,9607.0,9607.0
2008-08-30,9320.0,9320.0
2008-08-31,9083.0,9083.0
2008-09-01,8943.0,8943.0
2008-09-02,8806.0,8806.0
2008-09-03,8684.0,8684.0
2008-09-04,8585.0,8585.0
2008-09-05,8507.0,8507.0
2008-09-06,8437.0,8437.0
2008-09-07,8342.0,8342.0
2008-09-08,8247.0,8189.0
2008-09-09,8220.0,8044.0
2008-09-10,8179.0,8042.0
2008-09-11,8060.0,8060.0
2008-09-12,8002.0,8002.0
2008-09-13,7967.0,7967.0
2008-09-14,7939.0,7939.0
2008-09-15,7999.0,7999.0
2008-09-16,8002.0,8002.0
2008-09-17,8051.0,8051.0
2008-09-18,8115.0,8115.0
2008-09-19,8179.0,8179.0
2008-09-20,8213.0,8213.0
2008-09-21,8267.0,8267.0
2008-09-22,8319.0,8319.0
2008-09-23,8456.0,8456.0
2008-09-24,8597.0,8597.0
2008-09-25,8704.0,8704.0
2008-09-26,8781.0,8781.0
2008-09-27,8812.0,8812.0
2008-09-28,8870.0,8870.0
2008-09-29,8928.0,8928.0
2008-09-30,9095.0,9095.0
2008-10-01,9435.0,9435.0
2008-10-02,10020.0,10020.0
2008-10-03,10915.0,10915.0
2008-10-04,11953.0,11953.0
2008-10-05,13746.0,13746.0
2008-10-06,15458.0,15186.0
2008-10-07,16143.0,16143.0
2008-10-08,15737.0,15737.0
2008-10-09,15673.0,15673.0
2008-10-10,15066.0,15066.0
2008-10-11,14069.0,14069.0
2008-10-12,13129.0,13129.0
2008-10-13,12310.0,12310.0
2008-10-14,11665.0,11665.0
2008-10-15,11152.0,11152.0
2008-10-16,10751.0,10751.0
2008-10-17,10400.0,10400.0
2008-10-18,10066.0,10066.0
2008-10-19,9826.0,9826.0
2008-10-20,9643.0,9643.0
2008-10-21,9555.0,9555.0
2008-10-22,9540.0,9540.0
2008-10-23,9579.0,9579.0
2008-10-24,9596.0,9596.0
2008-10-25,9652.0,9652.0
2008-10-26,9716.0,9716.0
2008-10-27,9766.0,9766.0
2008-10-28,9840.0,9840.0
2008-10-29,9944.0,9944.0
2008-10-30,10058.0,10058.0
2008-10-31,10254.0,10254.0
2008-11-01,10642.0,9629.0
2008-11-02,11047.0,8244.0
2008-11-03,11555.0,10721.0
2008-11-04,12225.0,12225.0
2008-11-05,12572.0,12572.0
2008-11-06,13681.0,13681.0
2008-11-07,13592.0,12519.0
2008-11-08,13318.0,11664.0
2008-11-09,14163.0,11614.0
2008-11-10,14298.0,13009.0
2008-11-11,14549.0,14045.0
2008-11-12,13993.0,12813.0
2008-11-13,14021.0,12428.0
2008-11-14,14097.0,11990.0
2008-11-15,14076.0,12051.0
2008-11-16,14043.0,11517.0
2008-11-17,13921.0,13544.0
2008-11-18,13799.0,13799.0
2008-11-19,13607.0,13125.0
2008-11-20,13394.0,12908.0
2008-11-21,13102.0,12925.0
2008-11-22,12739.0,12471.0
2008-11-23,12476.0,11777.0
2008-11-24,12313.0,12313.0
2008-11-25,12071.0,12071.0
2008-11-26,11686.0,11686.0
2008-11-27,11203.0,11203.0
2008-11-28,10660.0,10660.0
2008-11-29,10117.0,10117.0
2008-11-30,9677.0,9677.0
2008-12-01,9349.0,9349.0
2008-12-02,9226.0,9226.0
2008-12-03,9278.0,9278.0
2008-12-04,9407.0,9407.0
2008-12-05,9531.0,9531.0
2008-12-06,9640.0,9640.0
2008-12-07,9707.0,9707.0
2008-12-08,9726.0,9726.0
2008-12-09,9688.0,9688.0
2008-12-10,9623.0,9623.0
2008-12-11,9545.0,9545.0
2008-12-12,9512.0,9512.0
2008-12-13,9519.0,9519.0
2008-12-14,9643.0,9643.0
2008-12-15,9909.0,9909.0
2008-12-16,10379.0,10379.0
2008-12-17,11261.0,11261.0
2008-12-18,12048.0,12048.0
2008-12-19,12878.0,12878.0
2008-12-20,13908.0,13908.0
2008-12-21,15152.0,15152.0
2008-12-22,16260.0,16260.0
2008-12-23,16937.0,16937.0
2008-12-24,17287.0,17287.0
2008-12-25,17589.0,17589.0
2008-12-26,17964.0,17964.0
2008-12-27,18220.0,18220.0
2008-12-28,18451.0,18451.0
2008-12-29,19171.0,19171.0
2008-12-30,20143.0,20143.0
2008-12-31,20839.0,20839.0
2009-01-01,21512.0,21512.0
2009-01-02,22390.0,22390.0
2009-01-03,23258.0,23258.0
2009-01-04,23539.0,23539.0
2009-01-05,23542.0,23542.0
2009-01-06,23390.0,23390.0
2009-01-07,22949.0,22949.0
2009-01-08,22278.0,22278.0
2009-01-09,21555.0,21555.0
2009-01-10,20881.0,20881.0
2009-01-11,20198.0,20198.0
2009-01-12,19534.0,19534.0
2009-01-13,18807.0,18807.0
2009-01-14,18095.0,18095.0
2009-01-15,17484.0,17484.0
2009-01-16,16977.0,16977.0
2009-01-17,16627.0,16627.0
2009-01-18,16543.0,16543.0
2009-01-19,16812.0,16812.0
2009-01-20,17607.0,17607.0
2009-01-21,18706.0,18706.0
2009-01-22,19596.0,19596.0
2009-01-23,20300.0,20300.0
2009-01-24,20957.0,20957.0
2009-01-25,21753.0,21753.0
2009-01-26,22532.0,22532.0
2009-01-27,23486.0,23486.0
2009-01-28,25078.0,25078.0
2009-01-29,27130.0,27130.0
2009-01-30,28813.0,28813.0
2009-01-31,30242.0,30242.0
2009-02-01,31435.0,31435.0
2009-02-02,32515.0,32515.0
2009-02-03,32777.0,32777.0
2009-02-04,32155.0,32155.0
2009-02-05,31158.0,31158.0
2009-02-06,30108.0,30108.0
2009-02-07,29076.0,29076.0
2009-02-08,28173.0,28173.0
2009-02-09,27613.0,27613.0
2009-02-10,27144.0,27144.0
2009-02-11,26729.0,26729.0
2009-02-12,26343.0,26343.0
2009-02-13,26616.0,26616.0
2009-02-14,26935.0,26935.0
2009-02-15,27400.0,27400.0
2009-02-16,27861.0,27861.0
2009-02-17,28479.0,28420.0
2009-02-18,29078.0,28742.0
2009-02-19,29922.0,29248.0
2009-02-20,31128.0,29847.0
2009-02-21,32306.0,31061.0
2009-02-22,32361.0,31071.0
2009-02-23,31321.0,29689.0
2009-02-24,29759.0,28385.0
2009-02-25,28521.0,26887.0
2009-02-26,27473.0,25088.0
2009-02-27,26466.0,23316.0
2009-02-28,25660.0,21727.0
2009-03-01,24981.0,19282.0
2009-03-02,24502.0,20220.0
2009-03-03,23998.0,21431.0
2009-03-04,23169.0,21368.0
2009-03-05,22070.0,21915.0
2009-03-06,20961.0,20961.0
2009-03-07,19913.0,19913.0
2009-03-08,19046.0,19046.0
2009-03-09,18408.0,18408.0
2009-03-10,17988.0,17988.0
2009-03-11,17860.0,17860.0
2009-03-12,17999.0,17999.0
2009-03-13,18457.0,18457.0
2009-03-14,19112.0,19112.0
2009-03-15,19844.0,19844.0
2009-03-16,20487.0,20487.0
2009-03-17,20979.0,20979.0
2009-03-18,21202.0,21202.0
2009-03-19,21454.0,21454.0
2009-03-20,21564.0,21564.0
2009-03-21,21564.0,21564.0
2009-03-22,21384.0,21384.0
2009-03-23,21177.0,20516.0
2009-03-24,20932.0,19137.0
2009-03-25,20898.0,19169.0
2009-03-26,20904.0,19958.0
2009-03-27,21110.0,20434.0
2009-03-28,21381.0,19625.0
2009-03-29,21663.0,19475.0
2009-03-30,21939.0,19936.0
2009-03-31,22477.0,20266.0
2009-04-01,23069.0,20888.0
2009-04-02,23505.0,21538.0
2009-04-03,23721.0,22217.0
2009-04-04,23778.0,22947.0
2009-04-05,23776.0,19702.0
2009-04-06,23755.0,22198.0
2009-04-07,23691.0,22701.0
2009-04-08,23627.0,21573.0
2009-04-09,23466.0,20137.0
2009-04-10,23175.0,20221.0
2009-04-11,22871.0,21280.0
2009-04-12,22558.0,17896.0
2009-04-13,22070.0,20516.0
2009-04-14,21436.0,20646.0
2009-04-15,20734.0,19137.0
2009-04-16,20187.0,18753.0
2009-04-17,19783.0,19163.0
2009-04-18,19516.0,19142.0
2009-04-19,19269.0,17832.0
2009-04-20,18990.0,17709.0
2009-04-21,18694.0,17177.0
2009-04-22,18299.0,17012.0
2009-04-23,17896.0,17148.0
2009-04-24,17368.0,16933.0
2009-04-25,16752.0,16615.0
2009-04-26,16079.0,16016.0
2009-04-27,15430.0,15404.0
2009-04-28,14783.0,14783.0
2009-04-29,14223.0,14223.0
2009-04-30,13836.0,13836.0
2009-05-01,13681.0,13606.0
2009-05-02,13604.0,13604.0
2009-05-03,13649.0,13649.0
2009-05-04,13718.0,13718.0
2009-05-05,13865.0,13865.0
2009-05-06,14057.0,14057.0
2009-05-07,14229.0,14229.0
2009-05-08,14316.0,14316.0
2009-05-09,14380.0,14380.0
2009-05-10,14420.0,14420.0
2009-05-11,14423.0,14423.0
2009-05-12,14431.0,14426.0
2009-05-13,14387.0,14387.0
2009-05-14,14364.0,14364.0
2009-05-15,14230.0,14184.0
2009-05-16,14133.0,14133.0
2009-05-17,13969.0,13771.0
2009-05-18,13784.0,13784.0
2009-05-19,13459.0,13459.0
2009-05-20,13219.0,13219.0
2009-05-21,13065.0,13065.0
2009-05-22,12977.0,12977.0
2009-05-23,12893.0,12893.0
2009-05-24,12858.0,12858.0
2009-05-25,12845.0,12845.0
2009-05-26,12876.0,12876.0
2009-05-27,12877.0,12877.0
2009-05-28,12873.0,12873.0
2009-05-29,12860.0,12860.0
2009-05-30,12775.0,12775.0
2009-05-31,12655.0,12655.0
2009-06-01,12555.0,12555.0
2009-06-02,12448.0,12448.0
2009-06-03,12313.0,12313.0
2009-06-04,12167.0,12167.0
2009-06-05,11993.0,11993.0
2009-06-06,11850.0,11850.0
2009-06-07,11736.0,11736.0
2009-06-08,11678.0,11678.0
2009-06-09,11632.0,11632.0
2009-06-10,11603.0,11603.0
2009-06-11,11581.0,11581.0
2009-06-12,11549.0,11549.0
2009-06-13,11591.0,11591.0
2009-06-14,11681.0,11681.0
2009-06-15,11771.0,11610.0
2009-06-16,11842.0,11685.0
2009-06-17,11942.0,11786.0
2009-06-18,12028.0,12028.0
2009-06-19,12173.0,12173.0
2009-06-20,12292.0,12292.0
2009-06-21,12421.0,12421.0
2009-06-22,12567.0,12567.0
2009-06-23,12594.0,12594.0
2009-06-24,12536.0,12536.0
2009-06-25,12467.0,12467.0
2009-06-26,12369.0,12369.0
2009-06-27,12329.0,12329.0
2009-06-28,12393.0,12393.0
2009-06-29,12503.0,12503.0
2009-06-30,12611.0,12611.0
2009-07-01,12754.0,12754.0
2009-07-02,12936.0,12936.0
2009-07-03,13182.0,13182.0
2009-07-04,13471.0,13471.0
2009-07-05,13817.0,13817.0
2009-07-06,14125.0,14125.0
2009-07-07,14176.0,14176.0
2009-07-08,14001.0,14001.0
2009-07-09,13715.0,13715.0
2009-07-10,13519.0,13519.0
2009-07-11,13106.0,13106.0
2009-07-12,13206.0,12156.0
2009-07-13,15839.0,14566.0
2009-07-14,18164.0,16198.0
2009-07-15,19183.0,17367.0
2009-07-16,17959.0,16468.0
2009-07-17,16093.0,15404.0
2009-07-18,14768.0,14768.0
2009-07-19,13965.0,13965.0
2009-07-20,13412.0,13412.0
2009-07-21,13129.0,13129.0
2009-07-22,12930.0,12930.0
2009-07-23,12705.0,12705.0
2009-07-24,12409.0,12409.0
2009-07-25,12313.0,12313.0
2009-07-26,12771.0,12771.0
2009-07-27,13764.0,13764.0
2009-07-28,14646.0,14646.0
2009-07-29,15127.0,15127.0
2009-07-30,15634.0,15634.0
2009-07-31,16532.0,16532.0
2009-08-01,17088.0,17088.0
2009-08-02,16665.0,14032.0
2009-08-03,15902.0,15522.0
2009-08-04,15248.0,15248.0
2009-08-05,14617.0,14617.0
2009-08-06,14018.0,14018.0
2009-08-07,13421.0,13421.0
2009-08-08,12879.0,12879.0
2009-08-09,12370.0,11997.0
2009-08-10,11829.0,11573.0
2009-08-11,11376.0,11376.0
2009-08-12,11003.0,11003.0
2009-08-13,10771.0,10771.0
2009-08-14,10612.0,10612.0
2009-08-15,10525.0,10525.0
2009-08-16,10481.0,10481.0
2009-08-17,10590.0,10590.0
2009-08-18,10778.0,10778.0
2009-08-19,11033.0,11033.0
2009-08-20,11354.0,11354.0
2009-08-21,11977.0,11977.0
2009-08-22,12871.0,12871.0
2009-08-23,13657.0,12426.0
2009-08-24,14183.0,13842.0
2009-08-25,14576.0,14389.0
2009-08-26,14606.0,14399.0
2009-08-27,14609.0,14573.0
2009-08-28,14519.0,14519.0
2009-08-29,14268.0,14268.0
2009-08-30,14001.0,14001.0
2009-08-31,13730.0,13730.0
2009-09-01,13468.0,13468.0
2009-09-02,13194.0,13194.0
2009-09-03,12829.0,12829.0
2009-09-04,12582.0,12582.0
2009-09-05,12711.0,12711.0
2009-09-06,12958.0,12958.0
2009-09-07,14381.0,14323.0
2009-09-08,16050.0,15674.0
2009-09-09,17238.0,15843.0
2009-09-10,18184.0,15922.0
2009-09-11,19118.0,16144.0
2009-09-12,20253.0,15101.0
2009-09-13,21216.0,14311.0
2009-09-14,21263.0,17152.0
2009-09-15,20578.0,16743.0
2009-09-16,19512.0,17693.0
2009-09-17,18763.0,17038.0
2009-09-18,18183.0,16419.0
2009-09-19,17681.0,15123.0
2009-09-20,17220.0,13915.0
2009-09-21,16623.0,15199.0
2009-09-22,16104.0,15233.0
2009-09-23,15831.0,13902.0
2009-09-24,16092.0,13228.0
2009-09-25,17733.0,12724.0
2009-09-26,19663.0,12910.0
2009-09-27,21064.0,11996.0
2009-09-28,20138.0,13119.0
2009-09-29,18272.0,14255.0
2009-09-30,17537.0,14250.0
2009-10-01,16945.0,14573.0
2009-10-02,16459.0,15110.0
2009-10-03,15926.0,14775.0
2009-10-04,15329.0,13382.0
2009-10-05,14619.0,14619.0
2009-10-06,13919.0,13919.0
2009-10-07,13381.0,13381.0
2009-10-08,13092.0,13092.0
2009-10-09,13086.0,13086.0
2009-10-10,13294.0,10764.0
2009-10-11,13589.0,9767.0
2009-10-12,13805.0,11257.0
2009-10-13,13919.0,13916.0
2009-10-14,14471.0,14471.0
2009-10-15,16535.0,15693.0
2009-10-16,18057.0,15679.0
2009-10-17,19271.0,11997.0
2009-10-18,21727.0,10632.0
2009-10-19,23180.0,13263.0
2009-10-20,23669.0,12427.0
2009-10-21,24488.0,12222.0
2009-10-22,26363.0,14125.0
2009-10-23,27473.0,16069.0
2009-10-24,27200.0,13560.0
2009-10-25,27071.0,13534.0
2009-10-26,26516.0,14515.0
2009-10-27,24657.0,13130.0
2009-10-28,24063.0,14250.0
2009-10-29,23716.0,14474.0
2009-10-30,22735.0,15357.0
2009-10-31,21748.0,15394.0
2009-11-01,20671.0,14353.0
2009-11-02,19611.0,15652.0
2009-11-03,18609.0,16551.0
2009-11-04,17574.0,15931.0
2009-11-05,17136.0,14768.0
2009-11-06,16984.0,15043.0
2009-11-07,16928.0,14572.0
2009-11-08,17016.0,14109.0
2009-11-09,17074.0,16321.0
2009-11-10,17744.0,15761.0
2009-11-11,18440.0,14226.0
2009-11-12,19195.0,14730.0
2009-11-13,19632.0,15844.0
2009-11-14,19937.0,15612.0
2009-11-15,19823.0,13307.0
2009-11-16,19627.0,14523.0
2009-11-17,19574.0,15402.0
2009-11-18,19584.0,16431.0
2009-11-19,19483.0,15149.0
2009-11-20,19050.0,15665.0
2009-11-21,18497.0,13756.0
2009-11-22,18025.0,12823.0
2009-11-23,17952.0,14299.0
2009-11-24,17958.0,14714.0
2009-11-25,17957.0,13221.0
2009-11-26,18105.0,13804.0
2009-11-27,18225.0,13656.0
2009-11-28,18537.0,13649.0
2009-11-29,18752.0,12388.0
2009-11-30,19213.0,13608.0
2009-12-01,20739.0,15005.0
2009-12-02,23257.0,16383.0
2009-12-03,23299.0,16285.0
2009-12-04,23518.0,16972.0
2009-12-05,24316.0,17253.0
2009-12-06,25578.0,17526.0
2009-12-07,26820.0,19370.0
2009-12-08,27816.0,21404.0
2009-12-09,29148.0,20257.0
2009-12-10,30418.0,20352.0
2009-12-11,31435.0,19817.0
2009-12-12,32455.0,19242.0
2009-12-13,33471.0,17975.0
2009-12-14,34392.0,20287.0
2009-12-15,34737.0,20165.0
2009-12-16,34556.0,18690.0
2009-12-17,33770.0,17662.0
2009-12-18,32662.0,16111.0
2009-12-19,31636.0,14803.0
2009-12-20,30712.0,11677.0
2009-12-21,29762.0,12451.0
2009-12-22,28874.0,11977.0
2009-12-23,27910.0,11572.0
2009-12-24,27076.0,10082.0
2009-12-25,26539.0,8869.0
2009-12-26,26135.0,8769.0
2009-12-27,26366.0,9085.0
2009-12-28,26878.0,11440.0
2009-12-29,27531.0,11430.0
2009-12-30,28408.0,11104.0
2009-12-31,29839.0,10630.0
2010-01-01,31027.0,9691.0
2010-01-02,32370.0,11259.0
2010-01-03,33633.0,13519.0
2010-01-04,35314.0,16789.0
2010-01-05,36348.0,18471.0
2010-01-06,36627.0,18738.0
2010-01-07,36248.0,17786.0
2010-01-08,35492.0,17630.0
2010-01-09,34657.0,16559.0
2010-01-10,33821.0,14520.0
2010-01-11,33065.0,15946.0
2010-01-12,32745.0,16532.0
2010-01-13,33856.0,18493.0
2010-01-14,35184.0,20836.0
2010-01-15,35611.0,20150.0
2010-01-16,35145.0,17711.0
2010-01-17,34522.0,17156.0
2010-01-18,33694.0,17003.0
2010-01-19,32994.0,17064.0
2010-01-20,33317.0,17710.0
2010-01-21,32617.0,17468.0
2010-01-22,32371.0,15845.0
2010-01-23,32953.0,16044.0
2010-01-24,32734.0,13939.0
2010-01-25,32054.0,13554.0
2010-01-26,31704.0,12767.0
2010-01-27,32137.0,13215.0
2010-01-28,33203.0,12531.0
2010-01-29,34377.0,13226.0
2010-01-30,35095.0,13657.0
2010-01-31,35700.0,13429.0
2010-02-01,36690.0,14882.0
2010-02-02,38077.0,17156.0
2010-02-03,39638.0,18479.0
2010-02-04,40998.0,20593.0
2010-02-05,41744.0,22000.0
2010-02-06,41194.0,23084.0
2010-02-07,39125.0,20826.0
2010-02-08,37734.0,20487.0
2010-02-09,37085.0,20771.0
2010-02-10,35382.0,21601.0
2010-02-11,32395.0,19242.0
2010-02-12,29513.0,17783.0
2010-02-13,27939.0,15872.0
2010-02-14,27722.0,15338.0
2010-02-15,27816.0,15957.0
2010-02-16,27918.0,14891.0
2010-02-17,27895.0,16884.0
2010-02-18,27697.0,16478.0
2010-02-19,27696.0,16412.0
2010-02-20,28045.0,16565.0
2010-02-21,27716.0,15354.0
2010-02-22,28038.0,16555.0
2010-02-23,28189.0,19392.0
2010-02-24,28169.0,19581.0
2010-02-25,27026.0,20390.0
2010-02-26,26357.0,20768.0
2010-02-27,25645.0,19706.0
2010-02-28,25444.0,18182.0
2010-03-01,25408.0,18739.0
2010-03-02,26002.0,20111.0
2010-03-03,26371.0,22080.0
2010-03-04,26906.0,22555.0
2010-03-05,27596.0,21792.0
2010-03-06,28701.0,20506.0
2010-03-07,29698.0,17385.0
2010-03-08,30003.0,18458.0
2010-03-09,29733.0,17676.0
2010-03-10,28983.0,18401.0
2010-03-11,28051.0,19159.0
2010-03-12,27107.0,19069.0
2010-03-13,26384.0,18464.0
2010-03-14,25733.0,17732.0
2010-03-15,25024.0,18425.0
2010-03-16,24275.0,18134.0
2010-03-17,23639.0,18598.0
2010-03-18,23164.0,18855.0
2010-03-19,22695.0,17983.0
2010-03-20,22222.0,17344.0
2010-03-21,21862.0,16959.0
2010-03-22,21809.0,16803.0
2010-03-23,22152.0,16861.0
2010-03-24,22648.0,18418.0
2010-03-25,23096.0,19030.0
2010-03-26,23608.0,19161.0
2010-03-27,24164.0,18648.0
2010-03-28,24784.0,17785.0
2010-03-29,25330.0,19242.0
2010-03-30,26149.0,20229.0
2010-03-31,27072.0,17403.0
2010-04-01,27603.0,16547.0
2010-04-02,27453.0,14838.0
2010-04-03,27010.0,14815.0
2010-04-04,26885.0,15170.0
2010-04-05,26855.0,15474.0
2010-04-06,26658.0,14379.0
2010-04-07,26843.0,13811.0
2010-04-08,27236.0,14994.0
2010-04-09,27998.0,15684.0
2010-04-10,28337.0,15917.0
2010-04-11,27788.0,14122.0
2010-04-12,26686.0,15376.0
2010-04-13,25222.0,15528.0
2010-04-14,23755.0,14703.0
2010-04-15,22335.0,13773.0
2010-04-16,21339.0,13762.0
2010-04-17,20536.0,14156.0
2010-04-18,19870.0,13385.0
2010-04-19,19381.0,14952.0
2010-04-20,18962.0,15651.0
2010-04-21,18770.0,15785.0
2010-04-22,18540.0,14161.0
2010-04-23,18415.0,13758.0
2010-04-24,18472.0,14289.0
2010-04-25,18740.0,14420.0
2010-04-26,18758.0,13923.0
2010-04-27,18738.0,13619.0
2010-04-28,18884.0,14915.0
2010-04-29,19076.0,13623.0
2010-04-30,19052.0,13924.0
2010-05-01,18610.0,13902.0
2010-05-02,17668.0,12436.0
2010-05-03,17274.0,13141.0
2010-05-04,16802.0,13948.0
2010-05-05,16249.0,15299.0
2010-05-06,15757.0,15009.0
2010-05-07,15334.0,13485.0
2010-05-08,15052.0,11815.0
2010-05-09,14890.0,12256.0
2010-05-10,14856.0,13170.0
2010-05-11,14882.0,13044.0
2010-05-12,15039.0,13300.0
2010-05-13,15163.0,13937.0
2010-05-14,15214.0,13980.0
2010-05-15,15184.0,12670.0
2010-05-16,15147.0,13087.0
2010-05-17,15170.0,12785.0
2010-05-18,15352.0,12568.0
2010-05-19,15631.0,13136.0
2010-05-20,15983.0,14160.0
2010-05-21,16044.0,13452.0
2010-05-22,15922.0,12103.0
2010-05-23,15716.0,12179.0
2010-05-24,15592.0,12805.0
2010-05-25,15361.0,13201.0
2010-05-26,15129.0,13900.0
2010-05-27,14879.0,13600.0
2010-05-28,14678.0,13262.0
2010-05-29,14499.0,13069.0
2010-05-30,14209.0,11892.0
2010-05-31,13982.0,12432.0
2010-06-01,13748.0,12737.0
2010-06-02,13679.0,12728.0
2010-06-03,13604.0,11717.0
2010-06-04,13619.0,11087.0
2010-06-05,13591.0,11195.0
2010-06-06,13661.0,10887.0
2010-06-07,13704.0,12069.0
2010-06-08,13763.0,13718.0
2010-06-09,13855.0,13855.0
2010-06-10,13859.0,13859.0
2010-06-11,13793.0,13793.0
2010-06-12,13646.0,13646.0
2010-06-13,13452.0,12027.0
2010-06-14,13260.0,13260.0
2010-06-15,12978.0,12832.0
2010-06-16,12751.0,12751.0
2010-06-17,12530.0,12530.0
2010-06-18,12265.0,12265.0
2010-06-19,12016.0,12016.0
2010-06-20,11768.0,11583.0
2010-06-21,11616.0,11616.0
2010-06-22,11508.0,11508.0
2010-06-23,11431.0,11356.0
2010-06-24,11320.0,11320.0
2010-06-25,11260.0,11200.0
2010-06-26,11248.0,11248.0
2010-06-27,11253.0,11253.0
2010-06-28,11239.0,11143.0
2010-06-29,11187.0,11148.0
2010-06-30,11127.0,11101.0
2010-07-01,11038.0,11025.0
2010-07-02,10881.0,10820.0
2010-07-03,10832.0,10575.0
2010-07-04,10701.0,10554.0
2010-07-05,10687.0,10687.0
2010-07-06,10558.0,10558.0
2010-07-07,10500.0,10500.0
2010-07-08,10421.0,10421.0
2010-07-09,10362.0,10362.0
2010-07-10,10251.0,10251.0
2010-07-11,10187.0,10187.0
2010-07-12,10075.0,10075.0
2010-07-13,10012.0,10012.0
2010-07-14,9961.0,9961.0
2010-07-15,10119.0,10119.0
2010-07-16,10391.0,10391.0
2010-07-17,10866.0,10866.0
2010-07-18,11269.0,11269.0
2010-07-19,11722.0,11722.0
2010-07-20,12153.0,12153.0
2010-07-21,12373.0,12373.0
2010-07-22,12435.0,12435.0
2010-07-23,12292.0,12292.0
2010-07-24,12102.0,12102.0
2010-07-25,11800.0,11800.0
2010-07-26,11500.0,11500.0
2010-07-27,11152.0,11152.0
2010-07-28,10789.0,10789.0
2010-07-29,10460.0,10460.0
2010-07-30,10195.0,10195.0
2010-07-31,9956.0,9956.0
2010-08-01,9745.0,8999.0
2010-08-02,9567.0,9557.0
2010-08-03,9405.0,9405.0
2010-08-04,9269.0,9269.0
2010-08-05,9143.0,9143.0
2010-08-06,9062.0,9062.0
2010-08-07,9125.0,9125.0
2010-08-08,9232.0,9232.0
2010-08-09,9243.0,9243.0
2010-08-10,9197.0,9197.0
2010-08-11,9215.0,9215.0
2010-08-12,9167.0,9167.0
2010-08-13,9081.0,9081.0
2010-08-14,8935.0,8935.0
2010-08-15,8761.0,8761.0
2010-08-16,8648.0,8648.0
2010-08-17,8572.0,8572.0
2010-08-18,8487.0,8487.0
2010-08-19,8435.0,8435.0
2010-08-20,8377.0,8377.0
2010-08-21,8283.0,8283.0
2010-08-22,8248.0,8248.0
2010-08-23,8151.0,8151.0
2010-08-24,8089.0,8089.0
2010-08-25,8002.0,8002.0
2010-08-26,7884.0,7884.0
2010-08-27,7807.0,7807.0
2010-08-28,7689.0,7689.0
2010-08-29,7658.0,7658.0
2010-08-30,7606.0,7489.0
2010-08-31,7580.0,7489.0
2010-09-01,7457.0,7306.0
2010-09-02,7358.0,7309.0
2010-09-03,7250.0,7250.0
2010-09-04,7213.0,7213.0
2010-09-05,7097.0,7097.0
2010-09-06,6959.0,6959.0
2010-09-07,6883.0,6883.0
2010-09-08,6862.0,6862.0
2010-09-09,6857.0,6857.0
2010-09-10,6853.0,6853.0
2010-09-11,6872.0,6872.0
2010-09-12,6923.0,6923.0
2010-09-13,6945.0,6945.0
2010-09-14,6931.0,6808.0
2010-09-15,6963.0,6963.0
2010-09-16,6960.0,6960.0
2010-09-17,6954.0,6954.0
2010-09-18,6934.0,6934.0
2010-09-19,6856.0,6856.0
2010-09-20,6777.0,6777.0
2010-09-21,6752.0,6752.0
2010-09-22,6802.0,6802.0
2010-09-23,6871.0,6656.0
2010-09-24,7036.0,7036.0
2010-09-25,7420.0,7420.0
2010-09-26,8072.0,7944.0
2010-09-27,8818.0,8818.0
2010-09-28,9806.0,9308.0
2010-09-29,11043.0,10417.0
2010-09-30,12282.0,11727.0
2010-10-01,13231.0,12599.0
2010-10-02,13791.0,11158.0
2010-10-03,14024.0,11174.0
2010-10-04,14438.0,11926.0
2010-10-05,15083.0,12949.0
2010-10-06,15379.0,13408.0
2010-10-07,15379.0,11544.0
2010-10-08,15261.0,12156.0
2010-10-09,15163.0,11919.0
2010-10-10,14888.0,11141.0
2010-10-11,14428.0,13654.0
2010-10-12,13791.0,13708.0
2010-10-13,13028.0,12918.0
2010-10-14,12274.0,12192.0
2010-10-15,11624.0,11552.0
2010-10-16,11218.0,10980.0
2010-10-17,11108.0,10151.0
2010-10-18,11278.0,9095.0
2010-10-19,11685.0,10344.0
2010-10-20,11882.0,10836.0
2010-10-21,11665.0,10866.0
2010-10-22,11268.0,10468.0
2010-10-23,10848.0,9909.0
2010-10-24,10522.0,9655.0
2010-10-25,10300.0,10087.0
2010-10-26,10135.0,10043.0
2010-10-27,10078.0,9877.0
2010-10-28,10112.0,9911.0
2010-10-29,10257.0,9945.0
2010-10-30,10364.0,9121.0
2010-10-31,10427.0,7901.0
2010-11-01,10530.0,10329.0
2010-11-02,10581.0,10381.0
2010-11-03,10909.0,10709.0
2010-11-04,11022.0,10821.0
2010-11-05,11102.0,10901.0
2010-11-06,11124.0,10924.0
2010-11-07,11224.0,10677.0
2010-11-08,11416.0,11215.0
2010-11-09,11590.0,11163.0
2010-11-10,11618.0,9631.0
2010-11-11,11555.0,9474.0
2010-11-12,11617.0,11416.0
2010-11-13,11776.0,11576.0
2010-11-14,11924.0,11724.0
2010-11-15,12007.0,11812.0
2010-11-16,12084.0,12015.0
2010-11-17,12329.0,12329.0
2010-11-18,12588.0,12588.0
2010-11-19,12989.0,12989.0
2010-11-20,13504.0,13504.0
2010-11-21,14061.0,14061.0
2010-11-22,14381.0,14381.0
2010-11-23,14532.0,14532.0
2010-11-24,14673.0,14673.0
2010-11-25,14818.0,14818.0
2010-11-26,14904.0,14904.0
2010-11-27,14941.0,14941.0
2010-11-28,15021.0,14686.0
2010-11-29,15174.0,15174.0
2010-11-30,15384.0,15384.0
2010-12-01,15577.0,15577.0
2010-12-02,15816.0,15816.0
2010-12-03,16057.0,16039.0
2010-12-04,16323.0,14723.0
2010-12-05,16519.0,14142.0
2010-12-06,16899.0,15339.0
2010-12-07,17414.0,14386.0
2010-12-08,19056.0,15624.0
2010-12-09,19603.0,17541.0
2010-12-10,19364.0,17387.0
2010-12-11,18966.0,16202.0
2010-12-12,18561.0,14041.0
2010-12-13,18065.0,17240.0
2010-12-14,17916.0,17434.0
2010-12-15,18017.0,17841.0
2010-12-16,18347.0,17171.0
2010-12-17,18771.0,17627.0
2010-12-18,19231.0,15666.0
2010-12-19,19290.0,15345.0
2010-12-20,19147.0,17578.0
2010-12-21,19110.0,18866.0
2010-12-22,19765.0,19263.0
2010-12-23,20770.0,20770.0
2010-12-24,21468.0,21204.0
2010-12-25,21665.0,18898.0
2010-12-26,21702.0,20692.0
2010-12-27,21822.0,21822.0
2010-12-28,21920.0,21920.0
2010-12-29,21710.0,21710.0
2010-12-30,21584.0,21584.0
2010-12-31,21593.0,21593.0
2011-01-01,21492.0,20778.0
2011-01-02,21964.0,21964.0
2011-01-03,22594.0,22594.0
2011-01-04,23032.0,23032.0
2011-01-05,23693.0,23693.0
2011-01-06,24659.0,24659.0
2011-01-07,25836.0,25836.0
2011-01-08,26565.0,26565.0
2011-01-09,27522.0,27522.0
2011-01-10,28658.0,28658.0
2011-01-11,30072.0,30072.0
2011-01-12,31642.0,31642.0
2011-01-13,33041.0,33041.0
2011-01-14,34333.0,34062.0
2011-01-15,35357.0,34245.0
2011-01-16,35906.0,33483.0
2011-01-17,36208.0,34643.0
2011-01-18,36345.0,34933.0
2011-01-19,36349.0,33156.0
2011-01-20,36564.0,33228.0
2011-01-21,36557.0,32925.0
2011-01-22,36584.0,31831.0
2011-01-23,36573.0,29373.0
2011-01-24,36726.0,30435.0
2011-01-25,36990.0,32037.0
2011-01-26,36815.0,32509.0
2011-01-27,35584.0,31845.0
2011-01-28,33858.0,31461.0
2011-01-29,31993.0,29376.0
2011-01-30,30120.0,26137.0
2011-01-31,28510.0,26203.0
2011-02-01,27300.0,25709.0
2011-02-02,26288.0,24718.0
2011-02-03,25456.0,23559.0
2011-02-04,24787.0,22988.0
2011-02-05,24463.0,22974.0
2011-02-06,24321.0,21582.0
2011-02-07,24376.0,21668.0
2011-02-08,24369.0,21923.0
2011-02-09,24465.0,21409.0
2011-02-10,24488.0,20633.0
2011-02-11,24692.0,21660.0
2011-02-12,25153.0,21136.0
2011-02-13,26051.0,17906.0
2011-02-14,26733.0,20370.0
2011-02-15,26650.0,20253.0
2011-02-16,25923.0,19547.0
2011-02-17,25012.0,18800.0
2011-02-18,24530.0,18962.0
2011-02-19,24167.0,19169.0
2011-02-20,23680.0,17241.0
2011-02-21,23702.0,19894.0
2011-02-22,24028.0,21128.0
2011-02-23,24718.0,21772.0
2011-02-24,25291.0,22213.0
2011-02-25,25223.0,21529.0
2011-02-26,24970.0,20898.0
2011-02-27,24902.0,19297.0
2011-02-28,24836.0,20437.0
2011-03-01,25614.0,22276.0
2011-03-02,26778.0,23449.0
2011-03-03,27736.0,24276.0
2011-03-04,29435.0,23918.0
2011-03-05,31684.0,20979.0
2011-03-06,34527.0,20726.0
2011-03-07,37133.0,24144.0
2011-03-08,39475.0,24068.0
2011-03-09,41749.0,29459.0
2011-03-10,44086.0,31248.0
2011-03-11,45927.0,32447.0
2011-03-12,46985.0,32226.0
2011-03-13,47496.0,28354.0
2011-03-14,47430.0,31468.0
2011-03-15,47057.0,29351.0
2011-03-16,46609.0,27768.0
2011-03-17,45835.0,26587.0
2011-03-18,44920.0,25435.0
2011-03-19,44242.0,21270.0
2011-03-20,43795.0,19785.0
2011-03-21,43709.0,20835.0
2011-03-22,42893.0,22513.0
2011-03-23,42081.0,23073.0
2011-03-24,41603.0,24012.0
2011-03-25,41323.0,25349.0
2011-03-26,41184.0,24101.0
2011-03-27,41236.0,24627.0
2011-03-28,40835.0,25846.0
2011-03-29,39942.0,26248.0
2011-03-30,38616.0,24451.0
2011-03-31,37248.0,24221.0
2011-04-01,36008.0,24630.0
2011-04-02,34615.0,23945.0
2011-04-03,33497.0,21428.0
2011-04-04,32581.0,22003.0
2011-04-05,31920.0,22774.0
2011-04-06,31234.0,22969.0
2011-04-07,30617.0,22138.0
2011-04-08,30168.0,21632.0
2011-04-09,30191.0,20484.0
2011-04-10,29880.0,18002.0
2011-04-11,29507.0,20552.0
2011-04-12,28965.0,19212.0
2011-04-13,28421.0,19653.0
2011-04-14,28120.0,19704.0
2011-04-15,27823.0,16816.0
2011-04-16,27477.0,17519.0
2011-04-17,27644.0,16470.0
2011-04-18,27272.0,19417.0
2011-04-19,26602.0,20935.0
2011-04-20,25758.0,20065.0
2011-04-21,24920.0,16435.0
2011-04-22,24275.0,15134.0
2011-04-23,23640.0,17183.0
2011-04-24,22782.0,15756.0
2011-04-25,22005.0,18506.0
2011-04-26,21169.0,19391.0
2011-04-27,20700.0,19639.0
2011-04-28,20279.0,18924.0
2011-04-29,20060.0,18252.0
2011-04-30,20003.0,17798.0
2011-05-01,20117.0,16780.0
2011-05-02,20282.0,19345.0
2011-05-03,20562.0,20360.0
2011-05-04,20818.0,20485.0
2011-05-05,21117.0,20837.0
2011-05-06,21176.0,20921.0
2011-05-07,21051.0,17202.0
2011-05-08,20610.0,15907.0
2011-05-09,20094.0,16610.0
2011-05-10,19521.0,18951.0
2011-05-11,18903.0,18181.0
2011-05-12,18347.0,18060.0
2011-05-13,17848.0,17420.0
2011-05-14,17532.0,16822.0
2011-05-15,17201.0,16269.0
2011-05-16,16845.0,15983.0
2011-05-17,16448.0,16340.0
2011-05-18,16143.0,15911.0
2011-05-19,15834.0,15603.0
2011-05-20,15600.0,15368.0
2011-05-21,15279.0,15216.0
2011-05-22,15081.0,13682.0
2011-05-23,14912.0,14849.0
2011-05-24,14765.0,14739.0
2011-05-25,14679.0,14679.0
2011-05-26,14579.0,14579.0
2011-05-27,14481.0,14481.0
2011-05-28,14346.0,14346.0
2011-05-29,14245.0,13404.0
2011-05-30,14150.0,14150.0
2011-05-31,14024.0,14024.0
2011-06-01,13888.0,13870.0
2011-06-02,13756.0,13616.0
2011-06-03,13707.0,13707.0
2011-06-04,13645.0,13645.0
2011-06-05,13645.0,13645.0
2011-06-06,13733.0,13498.0
2011-06-07,13884.0,13634.0
2011-06-08,14082.0,13832.0
2011-06-09,14347.0,14090.0
2011-06-10,14712.0,14654.0
2011-06-11,15126.0,15126.0
2011-06-12,15609.0,15056.0
2011-06-13,16152.0,16152.0
2011-06-14,16738.0,16738.0
2011-06-15,17103.0,17103.0
2011-06-16,17107.0,17107.0
2011-06-17,16817.0,16817.0
2011-06-18,16487.0,16487.0
2011-06-19,16139.0,16139.0
2011-06-20,15648.0,15616.0
2011-06-21,15095.0,15069.0
2011-06-22,14552.0,14533.0
2011-06-23,14188.0,13237.0
2011-06-24,13836.0,13836.0
2011-06-25,13453.0,13453.0
2011-06-26,13119.0,12755.0
2011-06-27,12839.0,12839.0
2011-06-28,12681.0,12681.0
2011-06-29,12483.0,12483.0
2011-06-30,12520.0,12520.0
2011-07-01,12668.0,12668.0
2011-07-02,13168.0,12433.0
2011-07-03,13983.0,13667.0
2011-07-04,15150.0,15002.0
2011-07-05,15928.0,14722.0
2011-07-06,16168.0,13890.0
2011-07-07,15844.0,14778.0
2011-07-08,15418.0,14625.0
2011-07-09,14925.0,13971.0
2011-07-10,14371.0,12108.0
2011-07-11,13908.0,13588.0
2011-07-12,13558.0,13558.0
2011-07-13,13207.0,13155.0
2011-07-14,12895.0,12895.0
2011-07-15,12598.0,12598.0
2011-07-16,12495.0,12495.0
2011-07-17,12842.0,12546.0
2011-07-18,12964.0,12964.0
2011-07-19,13027.0,13027.0
2011-07-20,12725.0,12532.0
2011-07-21,12782.0,12763.0
2011-07-22,12924.0,12777.0
2011-07-23,13096.0,11034.0
2011-07-24,13283.0,10256.0
2011-07-25,13412.0,11147.0
2011-07-26,13435.0,13028.0
2011-07-27,13135.0,12685.0
2011-07-28,12716.0,11942.0
2011-07-29,12234.0,11877.0
2011-07-30,11756.0,10619.0
2011-07-31,11482.0,10231.0
2011-08-01,11460.0,9669.0
2011-08-02,13911.0,10888.0
2011-08-03,16316.0,11110.0
2011-08-04,18830.0,12368.0
2011-08-05,20103.0,13511.0
2011-08-06,20239.0,14223.0
2011-08-07,20220.0,14075.0
2011-08-08,18929.0,14239.0
2011-08-09,16416.0,13286.0
2011-08-10,14458.0,13336.0
2011-08-11,13535.0,13496.0
2011-08-12,12904.0,12472.0
2011-08-13,12528.0,11956.0
2011-08-14,12252.0,9915.0
2011-08-15,11929.0,9871.0
2011-08-16,11736.0,11448.0
2011-08-17,11734.0,11709.0
2011-08-18,12180.0,11673.0
2011-08-19,12958.0,9656.0
2011-08-20,14336.0,10840.0
2011-08-21,15089.0,9247.0
2011-08-22,16882.0,11071.0
2011-08-23,16438.0,11281.0
2011-08-24,15618.0,12404.0
2011-08-25,14573.0,12404.0
2011-08-26,13692.0,11689.0
2011-08-27,13084.0,10298.0
2011-08-28,12548.0,8236.0
2011-08-29,12068.0,10077.0
2011-08-30,11720.0,11496.0
2011-08-31,11396.0,11396.0
2011-09-01,11197.0,11187.0
2011-09-02,11003.0,9949.0
2011-09-03,10837.0,8085.0
2011-09-04,10710.0,7680.0
2011-09-05,10613.0,9830.0
2011-09-06,10526.0,9693.0
2011-09-07,10382.0,7611.0
2011-09-08,10277.0,9091.0
2011-09-09,10213.0,9610.0
2011-09-10,10299.0,10299.0
2011-09-11,10472.0,10472.0
2011-09-12,10527.0,10527.0
2011-09-13,10414.0,10414.0
2011-09-14,10170.0,10170.0
2011-09-15,9883.0,9883.0
2011-09-16,9614.0,9358.0
2011-09-17,9379.0,8591.0
2011-09-18,9174.0,8402.0
2011-09-19,9035.0,8851.0
2011-09-20,8940.0,8940.0
2011-09-21,8841.0,8841.0
2011-09-22,8789.0,8789.0
2011-09-23,8809.0,8809.0
2011-09-24,8811.0,8811.0
2011-09-25,8766.0,8766.0
2011-09-26,8678.0,8678.0
2011-09-27,8551.0,8551.0
2011-09-28,8503.0,8503.0
2011-09-29,8337.0,8337.0
2011-09-30,8243.0,8224.0
2011-10-01,8095.0,7877.0
2011-10-02,8102.0,7801.0
2011-10-03,8159.0,8159.0
2011-10-04,8314.0,8314.0
2011-10-05,8412.0,8412.0
2011-10-06,8516.0,8447.0
2011-10-07,8635.0,8419.0
2011-10-08,8774.0,8774.0
2011-10-09,8932.0,8865.0
2011-10-10,9282.0,9282.0
2011-10-11,9748.0,9748.0
2011-10-12,10268.0,10125.0
2011-10-13,10905.0,10905.0
2011-10-14,11732.0,11732.0
2011-10-15,12678.0,12321.0
2011-10-16,13745.0,12050.0
2011-10-17,14997.0,13636.0
2011-10-18,16554.0,13506.0
2011-10-19,18063.0,12849.0
2011-10-20,19146.0,12408.0
2011-10-21,19683.0,15258.0
2011-10-22,19589.0,15956.0
2011-10-23,18781.0,16341.0
2011-10-24,17865.0,17245.0
2011-10-25,17177.0,17177.0
2011-10-26,16624.0,16624.0
2011-10-27,16090.0,15576.0
2011-10-28,15428.0,14872.0
2011-10-29,14828.0,11825.0
2011-10-30,14401.0,9106.0
2011-10-31,14210.0,10638.0
2011-11-01,13946.0,11323.0
2011-11-02,13665.0,10434.0
2011-11-03,13320.0,10624.0
2011-11-04,12990.0,11924.0
2011-11-05,12609.0,11146.0
2011-11-06,12184.0,9313.0
2011-11-07,11797.0,10934.0
2011-11-08,11404.0,11362.0
2011-11-09,11103.0,10835.0
2011-11-10,10788.0,10153.0
2011-11-11,10569.0,9608.0
2011-11-12,10547.0,8743.0
2011-11-13,10820.0,6849.0
2011-11-14,11474.0,6599.0
2011-11-15,11851.0,9782.0
2011-11-16,12401.0,12401.0
2011-11-17,12794.0,12755.0
2011-11-18,13329.0,13329.0
2011-11-19,14079.0,11521.0
2011-11-20,14703.0,10803.0
2011-11-21,15690.0,13618.0
2011-11-22,16383.0,14904.0
2011-11-23,16792.0,15877.0
2011-11-24,16711.0,15226.0
2011-11-25,16572.0,15230.0
2011-11-26,16285.0,12367.0
2011-11-27,15709.0,11709.0
2011-11-28,14872.0,12009.0
2011-11-29,14134.0,12158.0
2011-11-30,13624.0,12148.0
2011-12-01,13229.0,12135.0
2011-12-02,12889.0,12389.0
2011-12-03,12578.0,10045.0
2011-12-04,12447.0,10243.0
2011-12-05,12490.0,11598.0
2011-12-06,12631.0,12248.0
2011-12-07,12839.0,12280.0
2011-12-08,13068.0,12012.0
2011-12-09,13405.0,11672.0
2011-12-10,13831.0,12035.0
2011-12-11,14340.0,10944.0
2011-12-12,14756.0,13410.0
2011-12-13,15244.0,14898.0
2011-12-14,15759.0,15612.0
2011-12-15,16127.0,15402.0
2011-12-16,16826.0,16690.0
2011-12-17,17503.0,15641.0
2011-12-18,18241.0,16002.0
2011-12-19,18795.0,18017.0
2011-12-20,19212.0,19037.0
2011-12-21,19454.0,19101.0
2011-12-22,19532.0,19140.0
2011-12-23,19421.0,19253.0
2011-12-24,19244.0,16954.0
2011-12-25,19232.0,16394.0
2011-12-26,19278.0,18031.0
2011-12-27,19150.0,18983.0
2011-12-28,18814.0,18710.0
2011-12-29,18564.0,18564.0
2011-12-30,18564.0,18564.0
2011-12-31,18759.0,18611.0
2012-01-01,19223.0,17602.0
2012-01-02,19337.0,19337.0
2012-01-03,19779.0,19779.0
2012-01-04,20240.0,20240.0
2012-01-05,20909.0,20909.0
2012-01-06,21868.0,21868.0
2012-01-07,22904.0,22904.0
2012-01-08,23829.0,23829.0
2012-01-09,24584.0,24529.0
2012-01-10,25323.0,25194.0
2012-01-11,26186.0,26083.0
2012-01-12,27038.0,26877.0
2012-01-13,28026.0,27913.0
2012-01-14,29099.0,28996.0
2012-01-15,30146.0,30043.0
2012-01-16,31162.0,31051.0
2012-01-17,32177.0,31872.0
2012-01-18,33303.0,32142.0
2012-01-19,33928.0,31999.0
2012-01-20,33956.0,31812.0
2012-01-21,33539.0,30941.0
2012-01-22,32935.0,28807.0
2012-01-23,32317.0,29146.0
2012-01-24,31750.0,29638.0
2012-01-25,31281.0,29034.0
2012-01-26,31163.0,28859.0
2012-01-27,31152.0,27741.0
2012-01-28,31440.0,25552.0
2012-01-29,31278.0,22942.0
2012-01-30,30852.0,24192.0
2012-01-31,30221.0,24961.0
2012-02-01,29260.0,25871.0
2012-02-02,28172.0,25331.0
2012-02-03,27050.0,25874.0
2012-02-04,26149.0,25834.0
2012-02-05,25369.0,23520.0
2012-02-06,24660.0,24185.0
2012-02-07,23886.0,23720.0
2012-02-08,23131.0,22955.0
2012-02-09,22341.0,22173.0
2012-02-10,21470.0,21441.0
2012-02-11,20453.0,20453.0
2012-02-12,19297.0,19205.0
2012-02-13,18315.0,18315.0
2012-02-14,17820.0,17820.0
2012-02-15,17575.0,17575.0
2012-02-16,17810.0,17810.0
2012-02-17,18138.0,18076.0
2012-02-18,18700.0,17246.0
2012-02-19,19421.0,18577.0
2012-02-20,20328.0,20328.0
2012-02-21,21044.0,21044.0
2012-02-22,21339.0,21044.0
2012-02-23,21147.0,21002.0
2012-02-24,20701.0,20701.0
2012-02-25,20067.0,19431.0
2012-02-26,19529.0,19310.0
2012-02-27,19217.0,19217.0
2012-02-28,19257.0,19257.0
2012-02-29,19580.0,19580.0
2012-03-01,19881.0,19881.0
2012-03-02,19869.0,19869.0
2012-03-03,19604.0,19604.0
2012-03-04,19212.0,18872.0
2012-03-05,18686.0,18686.0
2012-03-06,17990.0,17990.0
2012-03-07,17237.0,17237.0
2012-03-08,16572.0,16572.0
2012-03-09,15941.0,15910.0
2012-03-10,15260.0,15157.0
2012-03-11,14663.0,14560.0
2012-03-12,14267.0,14164.0
2012-03-13,14049.0,13947.0
2012-03-14,13919.0,13816.0
2012-03-15,13798.0,13695.0
2012-03-16,13801.0,13653.0
2012-03-17,13997.0,13760.0
2012-03-18,14362.0,14195.0
2012-03-19,14697.0,14527.0
2012-03-20,15045.0,14853.0
2012-03-21,15440.0,15084.0
2012-03-22,15926.0,15609.0
2012-03-23,16291.0,15999.0
2012-03-24,16551.0,16320.0
2012-03-25,16684.0,16185.0
2012-03-26,16871.0,16678.0
2012-03-27,16892.0,16485.0
2012-03-28,16895.0,16756.0
2012-03-29,16906.0,16609.0
2012-03-30,16921.0,16750.0
2012-03-31,16812.0,16739.0
2012-04-01,16672.0,16672.0
2012-04-02,16504.0,16504.0
2012-04-03,16316.0,16316.0
2012-04-04,16035.0,16035.0
2012-04-05,15677.0,15476.0
2012-04-06,15303.0,15303.0
2012-04-07,15045.0,15045.0
2012-04-08,14872.0,14845.0
2012-04-09,14679.0,14576.0
2012-04-10,14442.0,14339.0
2012-04-11,14310.0,14208.0
2012-04-12,14382.0,14230.0
2012-04-13,14535.0,14144.0
2012-04-14,14544.0,14281.0
2012-04-15,14374.0,14047.0
2012-04-16,14187.0,13889.0
2012-04-17,14159.0,13968.0
2012-04-18,14148.0,13910.0
2012-04-19,14078.0,13627.0
2012-04-20,13893.0,13558.0
2012-04-21,13696.0,13348.0
2012-04-22,13677.0,13476.0
2012-04-23,13777.0,13612.0
2012-04-24,14063.0,13897.0
2012-04-25,14494.0,14300.0
2012-04-26,15051.0,14884.0
2012-04-27,15772.0,15662.0
2012-04-28,16623.0,16623.0
2012-04-29,17887.0,17887.0
2012-04-30,18807.0,18807.0
2012-05-01,19543.0,19543.0
2012-05-02,19287.0,19287.0
2012-05-03,18676.0,18650.0
2012-05-04,18000.0,18000.0
2012-05-05,17271.0,17271.0
2012-05-06,16666.0,16666.0
2012-05-07,16333.0,16333.0
2012-05-08,16043.0,16043.0
2012-05-09,15834.0,15834.0
2012-05-10,15737.0,15737.0
2012-05-11,15420.0,15420.0
2012-05-12,14855.0,14855.0
2012-05-13,14303.0,14303.0
2012-05-14,14149.0,14149.0
2012-05-15,14306.0,14306.0
2012-05-16,14416.0,14416.0
2012-05-17,14382.0,14382.0
2012-05-18,14399.0,14399.0
2012-05-19,14467.0,14448.0
2012-05-20,14482.0,14460.0
2012-05-21,14450.0,14432.0
2012-05-22,14429.0,14246.0
2012-05-23,14399.0,14399.0
2012-05-24,14388.0,14388.0
2012-05-25,14203.0,14130.0
2012-05-26,14017.0,13911.0
2012-05-27,13828.0,13757.0
2012-05-28,13833.0,13807.0
2012-05-29,13900.0,13727.0
2012-05-30,14153.0,14001.0
2012-05-31,14269.0,13864.0
2012-06-01,14274.0,13969.0
2012-06-02,14136.0,13523.0
2012-06-03,14333.0,14134.0
2012-06-04,14896.0,14312.0
2012-06-05,15663.0,15524.0
2012-06-06,16845.0,16741.0
2012-06-07,19190.0,19087.0
2012-06-08,20602.0,19201.0
2012-06-09,21552.0,19036.0
2012-06-10,20567.0,17801.0
2012-06-11,20122.0,19077.0
2012-06-12,19604.0,18231.0
2012-06-13,19263.0,18961.0
2012-06-14,19313.0,19171.0
2012-06-15,19559.0,19328.0
2012-06-16,19328.0,19129.0
2012-06-17,18942.0,16217.0
2012-06-18,18618.0,16157.0
2012-06-19,20343.0,17383.0
2012-06-20,22922.0,20439.0
2012-06-21,23792.0,18307.0
2012-06-22,25362.0,18446.0
2012-06-23,28292.0,21757.0
2012-06-24,30216.0,21227.0
2012-06-25,29736.0,21743.0
2012-06-26,27140.0,20118.0
2012-06-27,25047.0,19668.0
2012-06-28,24305.0,19526.0
2012-06-29,23871.0,19742.0
2012-06-30,23096.0,18714.0
2012-07-01,22303.0,18211.0
2012-07-02,21311.0,18712.0
2012-07-03,20233.0,19587.0
2012-07-04,19066.0,18879.0
2012-07-05,17909.0,17015.0
2012-07-06,16861.0,16320.0
2012-07-07,16004.0,15786.0
2012-07-08,15316.0,13413.0
2012-07-09,14768.0,14768.0
2012-07-10,14526.0,14526.0
2012-07-11,14497.0,14497.0
2012-07-12,14518.0,14518.0
2012-07-13,14228.0,14228.0
2012-07-14,13820.0,13820.0
2012-07-15,13527.0,12305.0
2012-07-16,13442.0,13442.0
2012-07-17,13263.0,13263.0
2012-07-18,13341.0,13341.0
2012-07-19,13183.0,13183.0
2012-07-20,13090.0,13070.0
2012-07-21,12977.0,12977.0
2012-07-22,12924.0,12924.0
2012-07-23,12862.0,12862.0
2012-07-24,12750.0,12750.0
2012-07-25,12690.0,12690.0
2012-07-26,12607.0,12607.0
2012-07-27,12714.0,12714.0
2012-07-28,12717.0,12717.0
2012-07-29,12676.0,11861.0
2012-07-30,12442.0,12413.0
2012-07-31,12121.0,12081.0
2012-08-01,11769.0,11739.0
2012-08-02,11461.0,11461.0
2012-08-03,11199.0,11199.0
2012-08-04,10947.0,10838.0
2012-08-05,10721.0,10618.0
2012-08-06,10551.0,10551.0
2012-08-07,10377.0,10377.0
2012-08-08,10166.0,10166.0
2012-08-09,9969.0,9969.0
2012-08-10,9811.0,9811.0
2012-08-11,9719.0,9719.0
2012-08-12,9615.0,9615.0
2012-08-13,9533.0,9395.0
2012-08-14,9451.0,9303.0
2012-08-15,9351.0,9222.0
2012-08-16,9248.0,9199.0
2012-08-17,9123.0,9123.0
2012-08-18,8958.0,8958.0
2012-08-19,8845.0,8845.0
2012-08-20,8736.0,8736.0
2012-08-21,8629.0,8629.0
2012-08-22,8469.0,8469.0
2012-08-23,8345.0,8345.0
2012-08-24,8266.0,8266.0
2012-08-25,8209.0,8202.0
2012-08-26,8170.0,8168.0
2012-08-27,8140.0,8140.0
2012-08-28,8098.0,8098.0
2012-08-29,8036.0,8036.0
2012-08-30,7930.0,7930.0
2012-08-31,7859.0,7859.0
2012-09-01,7796.0,7796.0
2012-09-02,7690.0,7437.0
2012-09-03,7576.0,7547.0
2012-09-04,7504.0,7504.0
2012-09-05,7508.0,7508.0
2012-09-06,7469.0,7469.0
2012-09-07,7427.0,7427.0
2012-09-08,7320.0,7320.0
2012-09-09,7315.0,6882.0
2012-09-10,7316.0,7316.0
2012-09-11,7300.0,7029.0
2012-09-12,7239.0,7239.0
2012-09-13,7231.0,7231.0
2012-09-14,7175.0,7175.0
2012-09-15,7135.0,7135.0
2012-09-16,7073.0,7073.0
2012-09-17,7116.0,7116.0
2012-09-18,7124.0,7124.0
2012-09-19,7148.0,7148.0
2012-09-20,7192.0,7192.0
2012-09-21,7311.0,7311.0
2012-09-22,7578.0,7578.0
2012-09-23,7947.0,7947.0
2012-09-24,8437.0,8437.0
2012-09-25,8971.0,8971.0
2012-09-26,9415.0,9415.0
2012-09-27,9744.0,9680.0
2012-09-28,9942.0,9561.0
2012-09-29,9964.0,9584.0
2012-09-30,10003.0,9669.0
2012-10-01,9882.0,9851.0
2012-10-02,9765.0,9765.0
2012-10-03,9661.0,9598.0
2012-10-04,9477.0,9477.0
2012-10-05,9111.0,9111.0
2012-10-06,8599.0,8599.0
2012-10-07,8121.0,7186.0
2012-10-08,7804.0,7804.0
2012-10-09,7652.0,7652.0
2012-10-10,7500.0,7500.0
2012-10-11,7277.0,7277.0
2012-10-12,6960.0,6960.0
2012-10-13,6731.0,6731.0
2012-10-14,6719.0,6719.0
2012-10-15,6800.0,6800.0
2012-10-16,6846.0,6846.0
2012-10-17,6787.0,6787.0
2012-10-18,6765.0,6765.0
2012-10-19,6904.0,6904.0
2012-10-20,7327.0,7327.0
2012-10-21,7790.0,7790.0
2012-10-22,8308.0,8308.0
2012-10-23,8429.0,8429.0
2012-10-24,8447.0,8447.0
2012-10-25,8360.0,8360.0
2012-10-26,8545.0,8545.0
2012-10-27,8685.0,8554.0
2012-10-28,8808.0,8808.0
2012-10-29,8826.0,8826.0
2012-10-30,8927.0,8927.0
2012-10-31,9030.0,9030.0
2012-11-01,9078.0,9078.0
2012-11-02,9083.0,9083.0
2012-11-03,8916.0,8916.0
2012-11-04,8669.0,8669.0
2012-11-05,8578.0,8578.0
2012-11-06,8630.0,8630.0
2012-11-07,8777.0,8777.0
2012-11-08,8920.0,8920.0
2012-11-09,9190.0,9190.0
2012-11-10,9603.0,9603.0
2012-11-11,10121.0,10121.0
2012-11-12,10589.0,10589.0
2012-11-13,11183.0,11183.0
2012-11-14,11582.0,11582.0
2012-11-15,11985.0,11985.0
2012-11-16,12339.0,12339.0
2012-11-17,12576.0,12576.0
2012-11-18,12511.0,12511.0
2012-11-19,12270.0,12270.0
2012-11-20,11987.0,11987.0
2012-11-21,11809.0,11809.0
2012-11-22,11630.0,11630.0
2012-11-23,11413.0,11413.0
2012-11-24,11185.0,11185.0
2012-11-25,10847.0,10847.0
2012-11-26,10543.0,10543.0
2012-11-27,10323.0,10323.0
2012-11-28,10219.0,10219.0
2012-11-29,10251.0,10251.0
2012-11-30,10375.0,10375.0
2012-12-01,10477.0,10477.0
2012-12-02,10593.0,10593.0
2012-12-03,10801.0,10801.0
2012-12-04,11102.0,11102.0
2012-12-05,11307.0,11307.0
2012-12-06,11387.0,11387.0
2012-12-07,11364.0,11364.0
2012-12-08,11269.0,11269.0
2012-12-09,11240.0,11240.0
2012-12-10,11264.0,11264.0
2012-12-11,11260.0,11260.0
2012-12-12,11263.0,11263.0
2012-12-13,11226.0,11226.0
2012-12-14,11474.0,11474.0
2012-12-15,11621.0,11621.0
2012-12-16,11966.0,11966.0
2012-12-17,12525.0,12525.0
2012-12-18,13253.0,13253.0
2012-12-19,14172.0,14172.0
2012-12-20,15356.0,15356.0
2012-12-21,15607.0,15607.0
2012-12-22,15334.0,15334.0
2012-12-23,15337.0,15337.0
2012-12-24,15534.0,15534.0
2012-12-25,15450.0,15450.0
2012-12-26,15334.0,15334.0
2012-12-27,14875.0,14875.0
2012-12-28,14380.0,14380.0
2012-12-29,13832.0,13832.0
2012-12-30,13440.0,13440.0
2012-12-31,13563.0,13563.0
2013-01-01,13947.0,13947.0
2013-01-02,14311.0,14311.0
2013-01-03,14530.0,14530.0
2013-01-04,14504.0,14504.0
2013-01-05,14467.0,14467.0
2013-01-06,14401.0,14401.0
2013-01-07,14459.0,14459.0
2013-01-08,14825.0,14825.0
2013-01-09,15546.0,15546.0
2013-01-10,17071.0,17071.0
2013-01-11,17525.0,17525.0
2013-01-12,17366.0,17366.0
2013-01-13,16811.0,16811.0
2013-01-14,16987.0,16987.0
2013-01-15,17200.0,17200.0
2013-01-16,17745.0,17745.0
2013-01-17,18605.0,18605.0
2013-01-18,19886.0,19886.0
2013-01-19,21556.0,21519.0
2013-01-20,23325.0,23252.0
2013-01-21,24652.0,24652.0
2013-01-22,25501.0,25501.0
2013-01-23,26123.0,26123.0
2013-01-24,26411.0,26411.0
2013-01-25,26158.0,26158.0
2013-01-26,25265.0,25265.0
2013-01-27,24109.0,24109.0
2013-01-28,23181.0,23181.0
2013-01-29,22698.0,22698.0
2013-01-30,22628.0,22628.0
2013-01-31,22582.0,22582.0
2013-02-01,22553.0,22553.0
2013-02-02,22928.0,22928.0
2013-02-03,23576.0,23576.0
2013-02-04,24431.0,24312.0
2013-02-05,25123.0,25123.0
2013-02-06,25819.0,25819.0
2013-02-07,26560.0,26560.0
2013-02-08,26846.0,26846.0
2013-02-09,27057.0,27057.0
2013-02-10,27514.0,27514.0
2013-02-11,28268.0,28268.0
2013-02-12,29284.0,29284.0
2013-02-13,30068.0,30068.0
2013-02-14,31491.0,31491.0
2013-02-15,32226.0,32204.0
2013-02-16,32608.0,32394.0
2013-02-17,32612.0,32578.0
2013-02-18,31854.0,31647.0
2013-02-19,30145.0,30145.0
2013-02-20,28017.0,28017.0
2013-02-21,26117.0,26117.0
2013-02-22,24935.0,24935.0
2013-02-23,23791.0,23791.0
2013-02-24,22864.0,22864.0
2013-02-25,22116.0,22116.0
2013-02-26,21443.0,21443.0
2013-02-27,20880.0,20880.0
2013-02-28,20388.0,20388.0
2013-03-01,20111.0,20111.0
2013-03-02,20047.0,20047.0
2013-03-03,19969.0,19969.0
2013-03-04,19862.0,19823.0
2013-03-05,19806.0,19484.0
2013-03-06,19768.0,19660.0
2013-03-07,19714.0,19449.0
2013-03-08,19762.0,19635.0
2013-03-09,19796.0,19660.0
2013-03-10,19873.0,19842.0
2013-03-11,20406.0,20347.0
2013-03-12,21418.0,21314.0
2013-03-13,22797.0,22719.0
2013-03-14,24717.0,24717.0
2013-03-15,26918.0,26918.0
2013-03-16,27053.0,27053.0
2013-03-17,26432.0,26432.0
2013-03-18,26005.0,26005.0
2013-03-19,25970.0,25970.0
2013-03-20,25825.0,25825.0
2013-03-21,26221.0,26221.0
2013-03-22,26541.0,26541.0
2013-03-23,27312.0,27291.0
2013-03-24,27233.0,27233.0
2013-03-25,27039.0,27039.0
2013-03-26,26957.0,26957.0
2013-03-27,26964.0,26964.0
2013-03-28,27244.0,27244.0
2013-03-29,27469.0,26871.0
2013-03-30,27376.0,27376.0
2013-03-31,27371.0,27210.0
2013-04-01,27314.0,27314.0
2013-04-02,27211.0,27211.0
2013-04-03,27065.0,27065.0
2013-04-04,26785.0,26785.0
2013-04-05,26499.0,26499.0
2013-04-06,26230.0,26230.0
2013-04-07,26082.0,26082.0
2013-04-08,26102.0,26102.0
2013-04-09,26454.0,26454.0
2013-04-10,26610.0,26610.0
2013-04-11,26358.0,26358.0
2013-04-12,26305.0,26305.0
2013-04-13,26859.0,26719.0
2013-04-14,27865.0,26403.0
2013-04-15,29099.0,29099.0
2013-04-16,29881.0,29881.0
2013-04-17,30622.0,29913.0
2013-04-18,30442.0,29315.0
2013-04-19,29650.0,29650.0
2013-04-20,28498.0,28498.0
2013-04-21,27147.0,27147.0
2013-04-22,25842.0,25842.0
2013-04-23,24718.0,24718.0
2013-04-24,23575.0,23575.0
2013-04-25,22266.0,22266.0
2013-04-26,20970.0,20970.0
2013-04-27,19834.0,19834.0
2013-04-28,18932.0,18932.0
2013-04-29,18199.0,18199.0
2013-04-30,17628.0,17628.0
2013-05-01,17119.0,17119.0
2013-05-02,16645.0,16645.0
2013-05-03,16271.0,16271.0
2013-05-04,15978.0,15978.0
2013-05-05,15766.0,15766.0
2013-05-06,15553.0,15553.0
2013-05-07,15357.0,15357.0
2013-05-08,15177.0,15177.0
2013-05-09,14969.0,14969.0
2013-05-10,14755.0,14755.0
2013-05-11,14535.0,14535.0
2013-05-12,14401.0,14401.0
2013-05-13,14445.0,14445.0
2013-05-14,14626.0,14626.0
2013-05-15,16103.0,16103.0
2013-05-16,16234.0,16234.0
2013-05-17,15574.0,15574.0
2013-05-18,15272.0,15272.0
2013-05-19,14980.0,14980.0
2013-05-20,14723.0,14723.0
2013-05-21,14405.0,14398.0
2013-05-22,14159.0,14159.0
2013-05-23,13873.0,13873.0
2013-05-24,13638.0,13638.0
2013-05-25,13499.0,13499.0
2013-05-26,13638.0,13638.0
2013-05-27,13896.0,13896.0
2013-05-28,14254.0,14254.0
2013-05-29,14672.0,14672.0
2013-05-30,15207.0,15207.0
2013-05-31,16182.0,16182.0
2013-06-01,17696.0,17548.0
2013-06-02,19025.0,18472.0
2013-06-03,20887.0,20569.0
2013-06-04,22745.0,22721.0
2013-06-05,23875.0,23677.0
2013-06-06,24681.0,23832.0
2013-06-07,24202.0,24202.0
2013-06-08,23024.0,23024.0
2013-06-09,21525.0,20287.0
2013-06-10,20011.0,20011.0
2013-06-11,18738.0,18738.0
2013-06-12,17797.0,17797.0
2013-06-13,17290.0,17290.0
2013-06-14,17078.0,17078.0
2013-06-15,17067.0,17067.0
2013-06-16,17152.0,17152.0
2013-06-17,17034.0,17034.0
2013-06-18,16783.0,16783.0
2013-06-19,17691.0,17691.0
2013-06-20,18749.0,18002.0
2013-06-21,19247.0,18395.0
2013-06-22,20328.0,17322.0
2013-06-23,22787.0,17304.0
2013-06-24,23923.0,15360.0
2013-06-25,25409.0,14765.0
2013-06-26,27738.0,14476.0
2013-06-27,30210.0,15592.0
2013-06-28,30899.0,17815.0
2013-06-29,30734.0,18385.0
2013-06-30,31465.0,17950.0
2013-07-01,30328.0,17209.0
2013-07-02,29080.0,16557.0
2013-07-03,26592.0,17424.0
2013-07-04,24843.0,15917.0
2013-07-05,24374.0,17839.0
2013-07-06,23725.0,18985.0
2013-07-07,22531.0,17518.0
2013-07-08,21300.0,19311.0
2013-07-09,20337.0,19050.0
2013-07-10,19492.0,18892.0
2013-07-11,18598.0,15458.0
2013-07-12,17861.0,16135.0
2013-07-13,17111.0,14995.0
2013-07-14,16409.0,13110.0
2013-07-15,15724.0,14950.0
2013-07-16,15227.0,15227.0
2013-07-17,14579.0,14579.0
2013-07-18,14069.0,14069.0
2013-07-19,13878.0,13446.0
2013-07-20,13802.0,13058.0
2013-07-21,13892.0,13140.0
2013-07-22,14066.0,12012.0
2013-07-23,14793.0,12229.0
2013-07-24,15380.0,13316.0
2013-07-25,15895.0,12840.0
2013-07-26,16367.0,12669.0
2013-07-27,16085.0,12695.0
2013-07-28,15503.0,12358.0
2013-07-29,14934.0,13163.0
2013-07-30,14391.0,14391.0
2013-07-31,14065.0,14065.0
2013-08-01,13791.0,13791.0
2013-08-02,13613.0,13613.0
2013-08-03,13377.0,13377.0
2013-08-04,13196.0,13063.0
2013-08-05,12989.0,12989.0
2013-08-06,12729.0,12729.0
2013-08-07,12423.0,12423.0
2013-08-08,12055.0,12055.0
2013-08-09,11697.0,11697.0
2013-08-10,11373.0,11373.0
2013-08-11,11089.0,10384.0
2013-08-12,10885.0,10606.0
2013-08-13,10759.0,10737.0
2013-08-14,10666.0,10633.0
2013-08-15,10609.0,10584.0
2013-08-16,10494.0,10491.0
2013-08-17,10366.0,10366.0
2013-08-18,10262.0,10262.0
2013-08-19,10144.0,10144.0
2013-08-20,10087.0,10087.0
2013-08-21,9994.0,9994.0
2013-08-22,9924.0,9924.0
2013-08-23,9781.0,9781.0
2013-08-24,9704.0,9704.0
2013-08-25,9569.0,9569.0
2013-08-26,9604.0,9604.0
2013-08-27,9552.0,9552.0
2013-08-28,9514.0,9514.0
2013-08-29,9345.0,9345.0
2013-08-30,9223.0,9223.0
2013-08-31,9185.0,9185.0
2013-09-01,9319.0,9319.0
2013-09-02,9434.0,9369.0
2013-09-03,9486.0,9411.0
2013-09-04,9418.0,9260.0
2013-09-05,9329.0,9151.0
2013-09-06,9306.0,9147.0
2013-09-07,9306.0,9306.0
2013-09-08,9345.0,9345.0
2013-09-09,9326.0,9142.0
2013-09-10,9163.0,8980.0
2013-09-11,9000.0,9000.0
2013-09-12,8869.0,8869.0
2013-09-13,8844.0,8844.0
2013-09-14,8873.0,8873.0
2013-09-15,8969.0,8969.0
2013-09-16,8968.0,8929.0
2013-09-17,8845.0,8788.0
2013-09-18,8675.0,8556.0
2013-09-19,8623.0,8580.0
2013-09-20,8761.0,8761.0
2013-09-21,8949.0,8949.0
2013-09-22,9166.0,9166.0
2013-09-23,9443.0,9443.0
2013-09-24,9853.0,9853.0
2013-09-25,10230.0,10183.0
2013-09-26,10633.0,10570.0
2013-09-27,11024.0,11024.0
2013-09-28,11289.0,11289.0
2013-09-29,11371.0,11371.0
2013-09-30,11222.0,11222.0
2013-10-01,11189.0,11189.0
2013-10-02,11142.0,11142.0
2013-10-03,11581.0,11581.0
2013-10-04,12592.0,12592.0
2013-10-05,14100.0,14100.0
2013-10-06,15118.0,15118.0
2013-10-07,15710.0,15710.0
2013-10-08,16249.0,16249.0
2013-10-09,16283.0,16084.0
2013-10-10,15683.0,15683.0
2013-10-11,15074.0,15074.0
2013-10-12,14544.0,14544.0
2013-10-13,14102.0,13662.0
2013-10-14,13724.0,13723.0
2013-10-15,13343.0,13343.0
2013-10-16,12971.0,12971.0
2013-10-17,12537.0,12537.0
2013-10-18,12108.0,12108.0
2013-10-19,11770.0,11770.0
2013-10-20,11603.0,11603.0
2013-10-21,11619.0,11619.0
2013-10-22,11678.0,11678.0
2013-10-23,11778.0,11776.0
2013-10-24,12077.0,12077.0
2013-10-25,12363.0,12363.0
2013-10-26,12568.0,12568.0
2013-10-27,12476.0,11776.0
2013-10-28,12444.0,12444.0
2013-10-29,12168.0,12168.0
2013-10-30,11614.0,11614.0
2013-10-31,10953.0,10953.0
2013-11-01,10508.0,10508.0
2013-11-02,10228.0,10228.0
2013-11-03,10231.0,10231.0
2013-11-04,10119.0,10119.0
2013-11-05,10045.0,10045.0
2013-11-06,9993.0,9993.0
2013-11-07,10162.0,10162.0
2013-11-08,10268.0,10268.0
2013-11-09,10399.0,10399.0
2013-11-10,10563.0,10563.0
2013-11-11,10790.0,10790.0
2013-11-12,11073.0,11073.0
2013-11-13,11251.0,11251.0
2013-11-14,11465.0,11465.0
2013-11-15,11501.0,11501.0
2013-11-16,11421.0,11421.0
2013-11-17,11219.0,11219.0
2013-11-18,11073.0,11073.0
2013-11-19,10998.0,10998.0
2013-11-20,10990.0,10990.0
2013-11-21,11074.0,11074.0
2013-11-22,11078.0,11078.0
2013-11-23,10938.0,10938.0
2013-11-24,11107.0,11107.0
2013-11-25,11129.0,11129.0
2013-11-26,11413.0,11413.0
2013-11-27,11782.0,11782.0
2013-11-28,12151.0,12151.0
2013-11-29,12473.0,12473.0
2013-11-30,12901.0,12901.0
2013-12-01,13526.0,13526.0
2013-12-02,14057.0,14057.0
2013-12-03,14463.0,14463.0
2013-12-04,14851.0,14851.0
2013-12-05,15214.0,15214.0
2013-12-06,15523.0,15523.0
2013-12-07,15663.0,15663.0
2013-12-08,15817.0,15817.0
2013-12-09,16052.0,16052.0
2013-12-10,16180.0,16180.0
2013-12-11,16247.0,16247.0
2013-12-12,16317.0,16317.0
2013-12-13,16584.0,16584.0
2013-12-14,16774.0,16774.0
2013-12-15,16819.0,16819.0
2013-12-16,16763.0,16763.0
2013-12-17,16728.0,16728.0
2013-12-18,16692.0,16692.0
2013-12-19,16568.0,16568.0
2013-12-20,16325.0,16325.0
2013-12-21,15961.0,15961.0
2013-12-22,15664.0,15664.0
2013-12-23,15342.0,15342.0
2013-12-24,15077.0,15077.0
2013-12-25,14800.0,14800.0
2013-12-26,14536.0,14536.0
2013-12-27,14384.0,14384.0
2013-12-28,14279.0,14279.0
2013-12-29,14245.0,14245.0
2013-12-30,14404.0,14404.0
2013-12-31,14646.0,14646.0
2014-01-01,14894.0,14894.0
2014-01-02,15026.0,15026.0
2014-01-03,15233.0,15233.0
2014-01-04,15487.0,15487.0
2014-01-05,15390.0,15390.0
2014-01-06,15574.0,15574.0
2014-01-07,15710.0,15710.0
2014-01-08,15652.0,15652.0
2014-01-09,15316.0,15316.0
2014-01-10,14797.0,14797.0
2014-01-11,14158.0,14158.0
2014-01-12,13461.0,13461.0
2014-01-13,12996.0,12996.0
2014-01-14,12763.0,12763.0
2014-01-15,12793.0,12793.0
2014-01-16,12919.0,12919.0
2014-01-17,13095.0,13095.0
2014-01-18,13056.0,13056.0
2014-01-19,12848.0,12846.0
2014-01-20,12690.0,12690.0
2014-01-21,12696.0,12696.0
2014-01-22,12650.0,12650.0
2014-01-23,12524.0,12524.0
2014-01-24,12420.0,12420.0
2014-01-25,12341.0,12341.0
2014-01-26,12336.0,12336.0
2014-01-27,12377.0,12377.0
2014-01-28,12334.0,12273.0
2014-01-29,12249.0,12105.0
2014-01-30,12095.0,12018.0
2014-01-31,11985.0,11985.0
2014-02-01,11800.0,11800.0
2014-02-02,11523.0,11523.0
2014-02-03,11159.0,11159.0
2014-02-04,10712.0,10712.0
2014-02-05,10233.0,10233.0
2014-02-06,9701.0,9701.0
2014-02-07,9174.0,9174.0
2014-02-08,8740.0,8740.0
2014-02-09,8368.0,8368.0
2014-02-10,8085.0,8085.0
2014-02-11,7847.0,7847.0
2014-02-12,7652.0,7652.0
2014-02-13,7489.0,7464.0
2014-02-14,7469.0,7435.0
2014-02-15,7503.0,7503.0
2014-02-16,7638.0,7638.0
2014-02-17,7876.0,7876.0
2014-02-18,8317.0,8317.0
2014-02-19,8897.0,8897.0
2014-02-20,9499.0,9499.0
2014-02-21,10145.0,10145.0
2014-02-22,10852.0,10852.0
2014-02-23,11714.0,11714.0
2014-02-24,12648.0,12648.0
2014-02-25,13332.0,13332.0
2014-02-26,13805.0,13805.0
2014-02-27,14078.0,14078.0
2014-02-28,14296.0,14296.0
2014-03-01,14099.0,14099.0
2014-03-02,13908.0,13908.0
2014-03-03,13964.0,13964.0
2014-03-04,14020.0,14020.0
2014-03-05,14044.0,14044.0
2014-03-06,14089.0,14089.0
2014-03-07,14188.0,14188.0
2014-03-08,14536.0,14536.0
2014-03-09,15205.0,15205.0
2014-03-10,15934.0,15934.0
2014-03-11,16448.0,16448.0
2014-03-12,16722.0,16722.0
2014-03-13,17044.0,17044.0
2014-03-14,17603.0,17603.0
2014-03-15,18068.0,18068.0
2014-03-16,18173.0,18173.0
2014-03-17,17888.0,17888.0
2014-03-18,17520.0,17520.0
2014-03-19,17205.0,17205.0
2014-03-20,16822.0,16822.0
2014-03-21,16740.0,16740.0
2014-03-22,17139.0,17139.0
2014-03-23,18653.0,18653.0
2014-03-24,19233.0,19233.0
2014-03-25,18837.0,18837.0
2014-03-26,17551.0,17551.0
2014-03-27,16578.0,16578.0
2014-03-28,15789.0,15789.0
2014-03-29,15440.0,15440.0
2014-03-30,15122.0,15122.0
2014-03-31,14987.0,14987.0
2014-04-01,15136.0,15136.0
2014-04-02,15587.0,15587.0
2014-04-03,16186.0,16186.0
2014-04-04,16487.0,16487.0
2014-04-05,16359.0,16359.0
2014-04-06,16000.0,16000.0
2014-04-07,15520.0,15520.0
2014-04-08,15056.0,15056.0
2014-04-09,14724.0,14724.0
2014-04-10,14600.0,14595.0
2014-04-11,14651.0,14651.0
2014-04-12,14700.0,14700.0
2014-04-13,14834.0,14834.0
2014-04-14,14961.0,14961.0
2014-04-15,14838.0,14838.0
2014-04-16,14680.0,14680.0
2014-04-17,14800.0,14800.0
2014-04-18,15308.0,15308.0
2014-04-19,15970.0,15970.0
2014-04-20,16556.0,16556.0
2014-04-21,17150.0,17150.0
2014-04-22,18136.0,18136.0
2014-04-23,18524.0,18524.0
2014-04-24,18616.0,18616.0
2014-04-25,18361.0,18361.0
2014-04-26,17498.0,17498.0
2014-04-27,16741.0,16741.0
2014-04-28,16047.0,16047.0
2014-04-29,15427.0,15427.0
2014-04-30,15194.0,15194.0
2014-05-01,15064.0,15064.0
2014-05-02,14879.0,14879.0
2014-05-03,14424.0,14424.0
2014-05-04,13797.0,13797.0
2014-05-05,13247.0,13247.0
2014-05-06,12689.0,12689.0
2014-05-07,12162.0,12162.0
2014-05-08,11678.0,11678.0
2014-05-09,11321.0,11321.0
2014-05-10,11032.0,11032.0
2014-05-11,10783.0,10783.0
2014-05-12,10608.0,10608.0
2014-05-13,10443.0,10443.0
2014-05-14,10337.0,10337.0
2014-05-15,10180.0,10180.0
2014-05-16,10019.0,10019.0
2014-05-17,9861.0,9861.0
2014-05-18,9749.0,9749.0
2014-05-19,9702.0,9702.0
2014-05-20,9555.0,9555.0
2014-05-21,9421.0,9421.0
2014-05-22,9306.0,9306.0
2014-05-23,9423.0,9423.0
2014-05-24,10029.0,10029.0
2014-05-25,11310.0,11310.0
2014-05-26,13392.0,13392.0
2014-05-27,15027.0,15027.0
2014-05-28,16099.0,16099.0
2014-05-29,16282.0,16282.0
2014-05-30,15408.0,15408.0
2014-05-31,14337.0,14337.0
2014-06-01,13741.0,13741.0
2014-06-02,13145.0,13145.0
2014-06-03,13762.0,13762.0
2014-06-04,12866.0,12866.0
2014-06-05,12789.0,12789.0
2014-06-06,12701.0,12701.0
2014-06-07,15081.0,14710.0
2014-06-08,19079.0,15460.0
2014-06-09,22709.0,14646.0
2014-06-10,25829.0,15248.0
2014-06-11,29133.0,16755.0
2014-06-12,29409.0,19355.0
2014-06-13,25507.0,19337.0
2014-06-14,21169.0,12492.0
2014-06-15,17858.0,10293.0
2014-06-16,16692.0,14123.0
2014-06-17,15960.0,14898.0
2014-06-18,15316.0,15031.0
2014-06-19,14634.0,14634.0
2014-06-20,14030.0,14030.0
2014-06-21,13150.0,13150.0
2014-06-22,12628.0,11981.0
2014-06-23,12388.0,12134.0
2014-06-24,12182.0,12182.0
2014-06-25,11966.0,11966.0
2014-06-26,11804.0,11804.0
2014-06-27,12149.0,12149.0
2014-06-28,12609.0,12609.0
2014-06-29,12365.0,12365.0
2014-06-30,11616.0,11616.0
2014-07-01,11185.0,11185.0
2014-07-02,10844.0,10844.0
2014-07-03,10666.0,10666.0
2014-07-04,10482.0,10482.0
2014-07-05,10332.0,10332.0
2014-07-06,10151.0,10151.0
2014-07-07,10083.0,10083.0
2014-07-08,10011.0,10011.0
2014-07-09,9976.0,9976.0
2014-07-10,9934.0,9934.0
2014-07-11,9851.0,9851.0
2014-07-12,9813.0,9813.0
2014-07-13,9661.0,9661.0
2014-07-14,9559.0,9559.0
2014-07-15,9444.0,9444.0
2014-07-16,9417.0,9417.0
2014-07-17,9481.0,9481.0
2014-07-18,9693.0,9693.0
2014-07-19,9918.0,9918.0
2014-07-20,10037.0,10037.0
2014-07-21,10060.0,10060.0
2014-07-22,10121.0,10121.0
2014-07-23,10367.0,10367.0
2014-07-24,10623.0,10623.0
2014-07-25,10879.0,10879.0
2014-07-26,11160.0,11160.0
2014-07-27,11800.0,11800.0
2014-07-28,12799.0,12799.0
2014-07-29,13115.0,13115.0
2014-07-30,12926.0,12926.0
2014-07-31,12566.0,12566.0
2014-08-01,12220.0,12220.0
2014-08-02,12044.0,12044.0
2014-08-03,11836.0,11836.0
2014-08-04,11581.0,11581.0
2014-08-05,11256.0,11256.0
2014-08-06,10867.0,10867.0
2014-08-07,10442.0,10442.0
2014-08-08,10089.0,10089.0
2014-08-09,9753.0,9753.0
2014-08-10,9418.0,9418.0
2014-08-11,9056.0,9056.0
2014-08-12,8852.0,8852.0
2014-08-13,8737.0,8737.0
2014-08-14,8678.0,8678.0
2014-08-15,8583.0,8583.0
2014-08-16,8427.0,8427.0
2014-08-17,8320.0,8320.0
2014-08-18,8203.0,8203.0
2014-08-19,8117.0,8117.0
2014-08-20,8056.0,8056.0
2014-08-21,7977.0,7977.0
2014-08-22,7981.0,7981.0
2014-08-23,7967.0,7967.0
2014-08-24,7858.0,7858.0
2014-08-25,7684.0,7684.0
2014-08-26,7579.0,7579.0
2014-08-27,7525.0,7525.0
2014-08-28,7476.0,7476.0
2014-08-29,7395.0,7395.0
2014-08-30,7311.0,7311.0
2014-08-31,7380.0,7380.0
2014-09-01,7352.0,7352.0
2014-09-02,7365.0,7365.0
2014-09-03,7402.0,7402.0
2014-09-04,7488.0,7488.0
2014-09-05,7772.0,7772.0
2014-09-06,8012.0,8012.0
2014-09-07,8247.0,8247.0
2014-09-08,8395.0,8395.0
2014-09-09,8211.0,8211.0
2014-09-10,8017.0,8017.0
2014-09-11,7864.0,7864.0
2014-09-12,7772.0,7772.0
2014-09-13,7620.0,7620.0
2014-09-14,7450.0,7450.0
2014-09-15,7231.0,7231.0
2014-09-16,7052.0,7052.0
2014-09-17,6932.0,6932.0
2014-09-18,7402.0,7402.0
2014-09-19,7670.0,7670.0
2014-09-20,7747.0,7747.0
2014-09-21,7635.0,7635.0
2014-09-22,7745.0,7745.0
2014-09-23,8587.0,8587.0
2014-09-24,8780.0,8780.0
2014-09-25,9222.0,9222.0
2014-09-26,10617.0,10617.0
2014-09-27,11999.0,11999.0
2014-09-28,13518.0,13518.0
2014-09-29,15090.0,15090.0
2014-09-30,15983.0,15983.0
2014-10-01,15513.0,15513.0
2014-10-02,15725.0,15725.0
2014-10-03,16495.0,16495.0
2014-10-04,16447.0,16447.0
2014-10-05,14831.0,14831.0
2014-10-06,13170.0,13170.0
2014-10-07,11785.0,11785.0
2014-10-08,10649.0,10649.0
2014-10-09,9762.0,9762.0
2014-10-10,9126.0,9126.0
2014-10-11,8451.0,8451.0
2014-10-12,7993.0,7993.0
2014-10-13,7569.0,7569.0
2014-10-14,7215.0,7215.0
2014-10-15,7035.0,7035.0
2014-10-16,6789.0,6789.0
2014-10-17,6582.0,6582.0
2014-10-18,6416.0,6416.0
2014-10-19,6396.0,6396.0
2014-10-20,6696.0,6696.0
2014-10-21,6668.0,6668.0
2014-10-22,6482.0,6482.0
2014-10-23,6275.0,6275.0
2014-10-24,6298.0,6298.0
2014-10-25,6400.0,6400.0
2014-10-26,6304.0,6304.0
2014-10-27,6485.0,6485.0
2014-10-28,6659.0,6659.0
2014-10-29,6906.0,6906.0
2014-10-30,6883.0,6883.0
2014-10-31,6980.0,6980.0
2014-11-01,7091.0,7091.0
2014-11-02,7393.0,7393.0
2014-11-03,7626.0,7626.0
2014-11-04,7831.0,7831.0
2014-11-05,8195.0,8195.0
2014-11-06,8561.0,8561.0
2014-11-07,8811.0,8811.0
2014-11-08,8931.0,8931.0
2014-11-09,9230.0,9230.0
2014-11-10,9646.0,9646.0
2014-11-11,10012.0,10012.0
2014-11-12,10042.0,10042.0
2014-11-13,9861.0,9861.0
2014-11-14,9657.0,9657.0
2014-11-15,9604.0,9604.0
2014-11-16,9520.0,9520.0
2014-11-17,9452.0,9452.0
2014-11-18,9352.0,9352.0
2014-11-19,9310.0,9310.0
2014-11-20,9319.0,9319.0
2014-11-21,9299.0,9299.0
2014-11-22,9470.0,9470.0
2014-11-23,9706.0,9706.0
2014-11-24,9943.0,9943.0
2014-11-25,10048.0,10048.0
2014-11-26,10212.0,10212.0
2014-11-27,10447.0,10447.0
2014-11-28,10732.0,10732.0
2014-11-29,11079.0,11079.0
2014-11-30,11664.0,11664.0
2014-12-01,12347.0,12347.0
2014-12-02,13163.0,13163.0
2014-12-03,13978.0,13978.0
2014-12-04,14793.0,14793.0
2014-12-05,15560.0,15560.0
2014-12-06,16211.0,16211.0
2014-12-07,16632.0,16632.0
2014-12-08,16733.0,16733.0
2014-12-09,16532.0,16532.0
2014-12-10,16103.0,16103.0
2014-12-11,15622.0,15622.0
2014-12-12,15207.0,15207.0
2014-12-13,15031.0,15031.0
2014-12-14,14972.0,14972.0
2014-12-15,15135.0,15135.0
2014-12-16,15462.0,15462.0
2014-12-17,15993.0,15993.0
2014-12-18,16698.0,16698.0
2014-12-19,17088.0,17024.0
2014-12-20,17113.0,17113.0
2014-12-21,17015.0,17015.0
2014-12-22,17020.0,17020.0
2014-12-23,17170.0,17170.0
2014-12-24,17857.0,17857.0
2014-12-25,19284.0,19284.0
2014-12-26,20486.0,20486.0
2014-12-27,20447.0,20447.0
2014-12-28,19869.0,19869.0
2014-12-29,19526.0,19526.0
2014-12-30,19491.0,19491.0
2014-12-31,19448.0,19448.0
2015-01-01,19001.0,19001.0
2015-01-02,18565.0,18565.0
2015-01-03,17919.0,17919.0
2015-01-04,17070.0,17070.0
2015-01-05,15957.0,15957.0
2015-01-06,15149.0,15149.0
2015-01-07,14761.0,14761.0
2015-01-08,14727.0,14727.0
2015-01-09,14609.0,14609.0
2015-01-10,14206.0,14206.0
2015-01-11,13653.0,13653.0
2015-01-12,13118.0,13118.0
2015-01-13,12651.0,12651.0
2015-01-14,12256.0,12256.0
2015-01-15,11816.0,11816.0
2015-01-16,11389.0,11389.0
2015-01-17,10901.0,10901.0
2015-01-18,10484.0,10482.0
2015-01-19,10102.0,10102.0
2015-01-20,9644.0,9644.0
2015-01-21,9282.0,9282.0
2015-01-22,8844.0,8844.0
2015-01-23,8642.0,8642.0
2015-01-24,8245.0,8245.0
2015-01-25,8532.0,8532.0
2015-01-26,9022.0,9022.0
2015-01-27,9269.0,9269.0
2015-01-28,9222.0,9222.0
2015-01-29,9299.0,9299.0
2015-01-30,10096.0,10096.0
2015-01-31,10653.0,10653.0
2015-02-01,10620.0,10620.0
2015-02-02,11483.0,11483.0
2015-02-03,11955.0,11955.0
2015-02-04,12835.0,12835.0
2015-02-05,12561.0,12561.0
2015-02-06,12579.0,12579.0
2015-02-07,12571.0,12571.0
2015-02-08,12762.0,12762.0
2015-02-09,13196.0,13196.0
2015-02-10,13497.0,13497.0
2015-02-11,13944.0,13944.0
2015-02-12,14504.0,14504.0
2015-02-13,15382.0,15382.0
2015-02-14,16047.0,16047.0
2015-02-15,16949.0,16949.0
2015-02-16,18231.0,18231.0
2015-02-17,19434.0,19434.0
2015-02-18,20149.0,20149.0
2015-02-19,20632.0,20632.0
2015-02-20,20773.0,20764.0
2015-02-21,21002.0,21002.0
2015-02-22,21489.0,21489.0
2015-02-23,21068.0,21068.0
2015-02-24,23129.0,23129.0
2015-02-25,21141.0,21141.0
2015-02-26,20909.0,20909.0
2015-02-27,20333.0,20333.0
2015-02-28,19482.0,19482.0
2015-03-01,18695.0,18695.0
2015-03-02,18353.0,18353.0
2015-03-03,17676.0,17676.0
2015-03-04,17172.0,17172.0
2015-03-05,16436.0,16436.0
2015-03-06,16405.0,16405.0
2015-03-07,16306.0,16306.0
2015-03-08,16859.0,16859.0
2015-03-09,17885.0,17885.0
2015-03-10,19213.0,19213.0
2015-03-11,18604.0,18604.0
2015-03-12,19234.0,19234.0
2015-03-13,19849.0,19849.0
2015-03-14,19699.0,19699.0
2015-03-15,19738.0,19738.0
2015-03-16,20543.0,20543.0
2015-03-17,21364.0,21364.0
2015-03-18,22046.0,22046.0
2015-03-19,21956.0,21956.0
2015-03-20,22333.0,22333.0
2015-03-21,22313.0,22313.0
2015-03-22,22382.0,22382.0
2015-03-23,22672.0,22672.0
2015-03-24,22609.0,22609.0
2015-03-25,22776.0,22776.0
2015-03-26,22757.0,22757.0
2015-03-27,23145.0,23145.0
2015-03-28,23114.0,23114.0
2015-03-29,23024.0,23024.0
2015-03-30,23076.0,23076.0
2015-03-31,22566.0,22566.0
2015-04-01,22079.0,22079.0
2015-04-02,21380.0,21380.0
2015-04-03,21132.0,21132.0
2015-04-04,21083.0,21083.0
2015-04-05,20482.0,20482.0
2015-04-06,20512.0,20512.0
2015-04-07,19734.0,19734.0
2015-04-08,19681.0,19681.0
2015-04-09,19193.0,19193.0
2015-04-10,19073.0,19073.0
2015-04-11,18817.0,18817.0
2015-04-12,18655.0,18655.0
2015-04-13,18510.0,18510.0
2015-04-14,18241.0,18241.0
2015-04-15,18036.0,18036.0
2015-04-16,17638.0,17638.0
2015-04-17,17503.0,17503.0
2015-04-18,16761.0,16761.0
2015-04-19,16662.0,16662.0
2015-04-20,16585.0,16585.0
2015-04-21,16865.0,16865.0
2015-04-22,16708.0,16708.0
2015-04-23,16266.0,16266.0
2015-04-24,16280.0,16280.0
2015-04-25,16396.0,16396.0
2015-04-26,16706.0,16706.0
2015-04-27,16870.0,16870.0
2015-04-28,16678.0,16678.0
2015-04-29,16401.0,16401.0
2015-04-30,15947.0,15947.0
2015-05-01,15768.0,15768.0
2015-05-02,15796.0,15796.0
2015-05-03,15660.0,15660.0
2015-05-04,15632.0,15632.0
2015-05-05,15503.0,15503.0
2015-05-06,15480.0,15480.0
2015-05-07,15380.0,15380.0
2015-05-08,15398.0,15398.0
2015-05-09,15477.0,15477.0
2015-05-10,15536.0,15536.0
2015-05-11,15935.0,15935.0
2015-05-12,16451.0,16451.0
2015-05-13,17039.0,17039.0
2015-05-14,17458.0,17458.0
2015-05-15,17916.0,17916.0
2015-05-16,17606.0,17606.0
2015-05-17,17346.0,17346.0
2015-05-18,16748.0,16748.0
2015-05-19,16616.0,16616.0
2015-05-20,16019.0,16019.0
2015-05-21,15537.0,15537.0
2015-05-22,15096.0,15096.0
2015-05-23,14749.0,14749.0
2015-05-24,14578.0,14578.0
2015-05-25,14480.0,14480.0
2015-05-26,14529.0,14529.0
2015-05-27,14710.0,14710.0
2015-05-28,14977.0,14977.0
2015-05-29,15787.0,15787.0
2015-05-30,16313.0,16313.0
2015-05-31,16154.0,16154.0
2015-06-01,15793.0,15793.0
2015-06-02,15334.0,15334.0
2015-06-03,14920.0,14920.0
2015-06-04,14648.0,14648.0
2015-06-05,14527.0,14527.0
2015-06-06,14495.0,14495.0
2015-06-07,14411.0,14411.0
2015-06-08,14450.0,14450.0
2015-06-09,14156.0,14156.0
2015-06-10,14067.0,14067.0
2015-06-11,13778.0,13778.0
2015-06-12,13706.0,13706.0
2015-06-13,13410.0,13410.0
2015-06-14,13121.0,13121.0
2015-06-15,12902.0,12902.0
2015-06-16,12756.0,12756.0
2015-06-17,12636.0,12636.0
2015-06-18,12518.0,12518.0
2015-06-19,12453.0,12453.0
2015-06-20,12369.0,12369.0
2015-06-21,12219.0,12219.0
2015-06-22,11985.0,11985.0
2015-06-23,11721.0,11721.0
2015-06-24,11492.0,11492.0
2015-06-25,11286.0,11286.0
2015-06-26,11074.0,11074.0
2015-06-27,10909.0,10909.0
2015-06-28,10704.0,10704.0
2015-06-29,10499.0,10499.0
2015-06-30,10336.0,10336.0
2015-07-01,10690.0,10690.0
2015-07-02,11653.0,11653.0
2015-07-03,13460.0,13460.0
2015-07-04,14945.0,14945.0
2015-07-05,16893.0,16893.0
2015-07-06,18266.0,18266.0
2015-07-07,19283.0,19283.0
2015-07-08,18755.0,18755.0
2015-07-09,18254.0,18254.0
2015-07-10,18954.0,18839.0
2015-07-11,20108.0,18773.0
2015-07-12,21146.0,16053.0
2015-07-13,22371.0,18356.0
2015-07-14,24105.0,18579.0
2015-07-15,24837.0,20221.0
2015-07-16,24448.0,22612.0
2015-07-17,23800.0,21334.0
2015-07-18,23339.0,19451.0
2015-07-19,22758.0,16007.0
2015-07-20,22066.0,18705.0
2015-07-21,21408.0,19552.0
2015-07-22,20860.0,18156.0
2015-07-23,19742.0,17572.0
2015-07-24,18475.0,17230.0
2015-07-25,17099.0,16472.0
2015-07-26,16117.0,13691.0
2015-07-27,15298.0,14643.0
2015-07-28,14701.0,14701.0
2015-07-29,14247.0,14247.0
2015-07-30,13894.0,13894.0
2015-07-31,13455.0,13455.0
2015-08-01,13145.0,13145.0
2015-08-02,12738.0,12738.0
2015-08-03,12490.0,12490.0
2015-08-04,12143.0,12143.0
2015-08-05,11775.0,11775.0
2015-08-06,11485.0,11485.0
2015-08-07,11299.0,11299.0
2015-08-08,10900.0,10900.0
2015-08-09,10577.0,10577.0
2015-08-10,10293.0,10293.0
2015-08-11,10203.0,10203.0
2015-08-12,10034.0,10034.0
2015-08-13,9890.0,9890.0
2015-08-14,9696.0,9696.0
2015-08-15,9599.0,9599.0
2015-08-16,9432.0,9432.0
2015-08-17,9317.0,9317.0
2015-08-18,9177.0,9177.0
2015-08-19,9093.0,9093.0
2015-08-20,8961.0,8961.0
2015-08-21,8906.0,8906.0
2015-08-22,8808.0,8808.0
2015-08-23,8759.0,8759.0
2015-08-24,8700.0,8700.0
2015-08-25,8698.0,8698.0
2015-08-26,8755.0,8755.0
2015-08-27,8828.0,8828.0
2015-08-28,8893.0,8893.0
2015-08-29,8865.0,8865.0
2015-08-30,8812.0,8812.0
2015-08-31,8757.0,8757.0
2015-09-01,8702.0,8702.0
2015-09-02,8640.0,8640.0
2015-09-03,8574.0,8574.0
2015-09-04,8467.0,8467.0
2015-09-05,8419.0,8419.0
2015-09-06,8404.0,8404.0
2015-09-07,8498.0,8498.0
2015-09-08,8892.0,8892.0
2015-09-09,9660.0,9660.0
2015-09-10,10677.0,10677.0
2015-09-11,12350.0,12350.0
2015-09-12,14125.0,14125.0
2015-09-13,15898.0,15898.0
2015-09-14,16731.0,16731.0
2015-09-15,16708.0,16708.0
2015-09-16,16454.0,16454.0
2015-09-17,16042.0,16042.0
2015-09-18,15750.0,15750.0
2015-09-19,15504.0,15504.0
2015-09-20,15130.0,15130.0
2015-09-21,14786.0,14786.0
2015-09-22,13938.0,13938.0
2015-09-23,12864.0,12864.0
2015-09-24,11698.0,11698.0
2015-09-25,11026.0,11026.0
2015-09-26,10748.0,10748.0
2015-09-27,10624.0,10624.0
2015-09-28,10715.0,10715.0
2015-09-29,10735.0,10735.0
2015-09-30,10650.0,10650.0
2015-10-01,11456.0,11456.0
2015-10-02,11723.0,11723.0
2015-10-03,12364.0,12364.0
2015-10-04,11169.0,11169.0
2015-10-05,12639.0,12639.0
2015-10-06,13322.0,13322.0
2015-10-07,12324.0,12324.0
2015-10-08,12483.0,12483.0
2015-10-09,12396.0,12396.0
2015-10-10,12296.0,12296.0
2015-10-11,12488.0,12488.0
2015-10-12,13085.0,13085.0
2015-10-13,14262.0,14262.0
2015-10-14,16433.0,16433.0
2015-10-15,18200.0,18178.0
2015-10-16,18130.0,17915.0
2015-10-17,16983.0,14731.0
2015-10-18,15258.0,12416.0
2015-10-19,13751.0,12318.0
2015-10-20,12264.0,12264.0
2015-10-21,11267.0,11267.0
2015-10-22,10833.0,10833.0
2015-10-23,10503.0,10503.0
2015-10-24,10264.0,10264.0
2015-10-25,9960.0,9878.0
2015-10-26,10073.0,10073.0
2015-10-27,10306.0,10306.0
2015-10-28,10309.0,10309.0
2015-10-29,10438.0,10438.0
2015-10-30,10680.0,10680.0
2015-10-31,11271.0,11271.0
2015-11-01,11725.0,10832.0
2015-11-02,12190.0,11133.0
2015-11-03,12805.0,12349.0
2015-11-04,13640.0,12975.0
2015-11-05,14927.0,13621.0
2015-11-06,15487.0,15080.0
2015-11-07,15850.0,13623.0
2015-11-08,16360.0,13167.0
2015-11-09,16919.0,16184.0
2015-11-10,17025.0,16846.0
2015-11-11,16481.0,16481.0
2015-11-12,15910.0,15910.0
2015-11-13,15532.0,15532.0
2015-11-14,15294.0,14909.0
2015-11-15,15225.0,14254.0
2015-11-16,16835.0,16835.0
2015-11-17,17195.0,17125.0
2015-11-18,16238.0,14374.0
2015-11-19,17732.0,12726.0
2015-11-20,19333.0,12648.0
2015-11-21,20531.0,12794.0
2015-11-22,21920.0,11245.0
2015-11-23,22881.0,13358.0
2015-11-24,23565.0,14916.0
2015-11-25,23557.0,15173.0
2015-11-26,24123.0,14720.0
2015-11-27,25548.0,15606.0
2015-11-28,27512.0,17046.0
2015-11-29,29078.0,18657.0
2015-11-30,28583.0,17351.0
2015-12-01,27829.0,17356.0
2015-12-02,27618.0,18537.0
2015-12-03,28238.0,19068.0
2015-12-04,27177.0,19025.0
2015-12-05,27162.0,18463.0
2015-12-06,26495.0,17036.0
2015-12-07,26296.0,18690.0
2015-12-08,26777.0,20119.0
2015-12-09,26121.0,19417.0
2015-12-10,24902.0,18555.0
2015-12-11,25634.0,20648.0
2015-12-12,26553.0,18500.0
2015-12-13,26896.0,15936.0
2015-12-14,27115.0,18569.0
2015-12-15,27025.0,18630.0
2015-12-16,26467.0,18219.0
2015-12-17,25791.0,17645.0
2015-12-18,25240.0,17776.0
2015-12-19,25195.0,17568.0
2015-12-20,25535.0,17695.0
2015-12-21,24834.0,18120.0
2015-12-22,24661.0,18008.0
2015-12-23,23251.0,18079.0
2015-12-24,22309.0,16332.0
2015-12-25,21345.0,13615.0
2015-12-26,21421.0,15631.0
2015-12-27,21588.0,15823.0
2015-12-28,22641.0,17593.0
2015-12-29,23026.0,17529.0
2015-12-30,23784.0,16873.0
2015-12-31,24661.0,17227.0
2016-01-01,25654.0,15869.0
2016-01-02,26925.0,15849.0
2016-01-03,28225.0,17473.0
2016-01-04,28457.0,17854.0
2016-01-05,28370.0,19075.0
2016-01-06,28450.0,18841.0
2016-01-07,28526.0,19503.0
2016-01-08,28562.0,19501.0
2016-01-09,28557.0,19328.0
2016-01-10,29185.0,18705.0
2016-01-11,31067.0,24424.0
2016-01-12,33454.0,26343.0
2016-01-13,35643.0,25230.0
2016-01-14,37540.0,26657.0
2016-01-15,40076.0,28573.0
2016-01-16,43460.0,32831.0
2016-01-17,45130.0,34254.0
2016-01-18,45594.0,36082.0
2016-01-19,45526.0,35529.0
2016-01-20,45763.0,35761.0
2016-01-21,46442.0,36875.0
2016-01-22,46891.0,37644.0
2016-01-23,46534.0,38035.0
2016-01-24,45439.0,36807.0
2016-01-25,43658.0,37039.0
2016-01-26,41806.0,37629.0
2016-01-27,39841.0,35605.0
2016-01-28,38403.0,35077.0
2016-01-29,37451.0,33592.0
2016-01-30,36430.0,34366.0
2016-01-31,35473.0,30172.0
2016-02-01,34236.0,32057.0
2016-02-02,32727.0,32104.0
2016-02-03,31211.0,31211.0
2016-02-04,29972.0,29972.0
2016-02-05,29170.0,29170.0
2016-02-06,28203.0,26868.0
2016-02-07,27408.0,24638.0
2016-02-08,26802.0,25306.0
2016-02-09,26151.0,24296.0
2016-02-10,25546.0,24749.0
2016-02-11,24739.0,23145.0
2016-02-12,24076.0,23688.0
2016-02-13,23754.0,23754.0
2016-02-14,23516.0,22545.0
2016-02-15,23318.0,23318.0
2016-02-16,23464.0,23464.0
2016-02-17,23469.0,23469.0
2016-02-18,23775.0,23775.0
2016-02-19,23891.0,23891.0
2016-02-20,23980.0,23953.0
2016-02-21,24537.0,22084.0
2016-02-22,25528.0,24930.0
2016-02-23,26229.0,22958.0
2016-02-24,27202.0,21470.0
2016-02-25,28432.0,19380.0
2016-02-26,29523.0,18839.0
2016-02-27,30740.0,19281.0
2016-02-28,31634.0,20473.0
2016-02-29,33123.0,23265.0
2016-03-01,34513.0,22289.0
2016-03-02,35594.0,22195.0
2016-03-03,36297.0,22464.0
2016-03-04,34698.0,20451.0
2016-03-05,32672.0,16679.0
2016-03-06,31440.0,15485.0
2016-03-07,31053.0,20094.0
2016-03-08,30643.0,20498.0
2016-03-09,31325.0,22148.0
2016-03-10,33056.0,25445.0
2016-03-11,32531.0,24564.0
2016-03-12,32028.0,24480.0
2016-03-13,31558.0,23862.0
2016-03-14,31237.0,25882.0
2016-03-15,30740.0,25880.0
2016-03-16,30119.0,25673.0
2016-03-17,29282.0,24608.0
2016-03-18,28794.0,25034.0
2016-03-19,28443.0,22845.0
2016-03-20,28267.0,22057.0
2016-03-21,28088.0,25765.0
2016-03-22,27815.0,23537.0
2016-03-23,27095.0,21886.0
2016-03-24,26313.0,22236.0
2016-03-25,25532.0,18745.0
2016-03-26,24950.0,19262.0
2016-03-27,24339.0,18885.0
2016-03-28,23956.0,21302.0
2016-03-29,23732.0,21890.0
2016-03-30,23514.0,23195.0
2016-03-31,23100.0,21942.0
2016-04-01,22571.0,21527.0
2016-04-02,22227.0,19605.0
2016-04-03,22084.0,18251.0
2016-04-04,21871.0,21410.0
2016-04-05,21459.0,21459.0
2016-04-06,20893.0,20893.0
2016-04-07,20156.0,20156.0
2016-04-08,19358.0,19358.0
2016-04-09,18655.0,18627.0
2016-04-10,17957.0,16797.0
2016-04-11,17276.0,17276.0
2016-04-12,16604.0,16604.0
2016-04-13,16007.0,15988.0
2016-04-14,15458.0,15448.0
2016-04-15,14996.0,14996.0
2016-04-16,14569.0,14569.0
2016-04-17,14082.0,13620.0
2016-04-18,13720.0,13720.0
2016-04-19,13422.0,13422.0
2016-04-20,13260.0,13260.0
2016-04-21,13076.0,13076.0
2016-04-22,12898.0,12898.0
2016-04-23,12794.0,12794.0
2016-04-24,12789.0,12789.0
2016-04-25,12875.0,12875.0
2016-04-26,13163.0,13163.0
2016-04-27,13490.0,13490.0
2016-04-28,13877.0,13877.0
2016-04-29,14262.0,14262.0
2016-04-30,14505.0,14505.0
2016-05-01,14645.0,14129.0
2016-05-02,14662.0,14662.0
2016-05-03,14535.0,14535.0
2016-05-04,14359.0,14358.0
2016-05-05,14186.0,14186.0
2016-05-06,14057.0,14057.0
2016-05-07,14058.0,14058.0
2016-05-08,14247.0,14247.0
2016-05-09,15749.0,15749.0
2016-05-10,16505.0,16505.0
2016-05-11,17515.0,17515.0
2016-05-12,18123.0,18123.0
2016-05-13,18217.0,18076.0
2016-05-14,17726.0,17510.0
2016-05-15,17021.0,16341.0
2016-05-16,16434.0,15483.0
2016-05-17,15955.0,15732.0
2016-05-18,15493.0,15493.0
2016-05-19,15564.0,15564.0
2016-05-20,15499.0,15471.0
2016-05-21,15509.0,14535.0
2016-05-22,15839.0,13835.0
2016-05-23,16161.0,15915.0
2016-05-24,16753.0,16753.0
2016-05-25,17393.0,17366.0
2016-05-26,18011.0,16685.0
2016-05-27,18627.0,18137.0
2016-05-28,18693.0,16993.0
2016-05-29,18566.0,14992.0
2016-05-30,19253.0,18717.0
2016-05-31,19638.0,19485.0
2016-06-01,20294.0,18431.0
2016-06-02,20665.0,17517.0
2016-06-03,20879.0,17131.0
2016-06-04,20894.0,16375.0
2016-06-05,20651.0,13037.0
2016-06-06,20470.0,13070.0
2016-06-07,20698.0,12001.0
2016-06-08,21671.0,11923.0
2016-06-09,22600.0,12532.0
2016-06-10,23347.0,14951.0
2016-06-11,23463.0,15529.0
2016-06-12,23192.0,14376.0
2016-06-13,22657.0,16116.0
2016-06-14,22154.0,17641.0
2016-06-15,21775.0,18559.0
2016-06-16,21444.0,18026.0
2016-06-17,20998.0,18277.0
2016-06-18,20815.0,19915.0
2016-06-19,20424.0,18944.0
2016-06-20,19993.0,19993.0
2016-06-21,19246.0,19246.0
2016-06-22,18695.0,18695.0
2016-06-23,18635.0,18635.0
2016-06-24,19214.0,19052.0
2016-06-25,18855.0,17612.0
2016-06-26,17850.0,13553.0
2016-06-27,16782.0,16246.0
2016-06-28,16144.0,16144.0
2016-06-29,15566.0,15566.0
2016-06-30,14965.0,14965.0
2016-07-01,14561.0,14561.0
2016-07-02,14227.0,14227.0
2016-07-03,14024.0,12572.0
2016-07-04,13740.0,13740.0
2016-07-05,13526.0,13526.0
2016-07-06,13300.0,13300.0
2016-07-07,13095.0,13095.0
2016-07-08,12848.0,12848.0
2016-07-09,12641.0,12641.0
2016-07-10,12448.0,12448.0
2016-07-11,12296.0,12296.0
2016-07-12,12168.0,12168.0
2016-07-13,12151.0,12137.0
2016-07-14,12345.0,12345.0
2016-07-15,12706.0,12706.0
2016-07-16,13302.0,13302.0
2016-07-17,13679.0,13679.0
2016-07-18,13921.0,13921.0
2016-07-19,13882.0,13882.0
2016-07-20,13694.0,13694.0
2016-07-21,13133.0,13133.0
2016-07-22,12695.0,12695.0
2016-07-23,12253.0,12253.0
2016-07-24,11998.0,11998.0
2016-07-25,11766.0,11766.0
2016-07-26,11582.0,11582.0
2016-07-27,11369.0,11369.0
2016-07-28,11185.0,11185.0
2016-07-29,11010.0,11010.0
2016-07-30,10816.0,10816.0
2016-07-31,10639.0,10639.0
2016-08-01,10464.0,10464.0
2016-08-02,10335.0,10335.0
2016-08-03,10230.0,10230.0
2016-08-04,10126.0,10126.0
2016-08-05,10017.0,10017.0
2016-08-06,10014.0,10014.0
2016-08-07,10017.0,10017.0
2016-08-08,10102.0,10102.0
2016-08-09,10159.0,10159.0
2016-08-10,10207.0,10207.0
2016-08-11,10321.0,10321.0
2016-08-12,10519.0,10519.0
2016-08-13,10815.0,10815.0
2016-08-14,11079.0,11079.0
2016-08-15,11036.0,11036.0
2016-08-16,10881.0,10881.0
2016-08-17,10780.0,10780.0
2016-08-18,10853.0,10853.0
2016-08-19,10988.0,10988.0
2016-08-20,11817.0,11817.0
2016-08-21,13246.0,12443.0
2016-08-22,15949.0,15197.0
2016-08-23,17615.0,15941.0
2016-08-24,17783.0,14811.0
2016-08-25,17385.0,14225.0
2016-08-26,16710.0,14637.0
2016-08-27,15438.0,13701.0
2016-08-28,14378.0,12526.0
2016-08-29,14060.0,13766.0
2016-08-30,14325.0,14056.0
2016-08-31,13876.0,13876.0
2016-09-01,13346.0,13346.0
2016-09-02,12867.0,12867.0
2016-09-03,12695.0,12695.0
2016-09-04,12942.0,12168.0
2016-09-05,13141.0,13141.0
2016-09-06,13122.0,13122.0
2016-09-07,12919.0,12493.0
2016-09-08,12939.0,12939.0
2016-09-09,13071.0,13037.0
2016-09-10,12972.0,12051.0
2016-09-11,12779.0,11996.0
2016-09-12,12375.0,12290.0
2016-09-13,11870.0,11721.0
2016-09-14,11456.0,11356.0
2016-09-15,11044.0,10877.0
2016-09-16,10675.0,10518.0
2016-09-17,10357.0,10357.0
2016-09-18,10177.0,9884.0
2016-09-19,10037.0,9924.0
2016-09-20,9960.0,9941.0
2016-09-21,9735.0,9731.0
2016-09-22,9545.0,9542.0
2016-09-23,9293.0,9293.0
2016-09-24,9102.0,9102.0
2016-09-25,8897.0,8897.0
2016-09-26,8746.0,8746.0
2016-09-27,8600.0,8600.0
2016-09-28,8505.0,8505.0
2016-09-29,8372.0,8372.0
2016-09-30,8284.0,8284.0
2016-10-01,8161.0,8161.0
2016-10-02,8178.0,8178.0
2016-10-03,8180.0,8180.0
2016-10-04,8179.0,8179.0
2016-10-05,8128.0,8128.0
2016-10-06,8121.0,8121.0
2016-10-07,8167.0,8167.0
2016-10-08,8287.0,8287.0
2016-10-09,8413.0,8413.0
2016-10-10,8574.0,8574.0
2016-10-11,8942.0,8942.0
2016-10-12,9458.0,9458.0
2016-10-13,10081.0,10081.0
2016-10-14,10658.0,10658.0
2016-10-15,11078.0,11078.0
2016-10-16,11330.0,10884.0
2016-10-17,11395.0,11381.0
2016-10-18,11476.0,11476.0
2016-10-19,11465.0,11465.0
2016-10-20,11335.0,11335.0
2016-10-21,11057.0,11057.0
2016-10-22,10953.0,10953.0
2016-10-23,11032.0,11032.0
2016-10-24,11445.0,11445.0
2016-10-25,11999.0,11999.0
2016-10-26,12530.0,12530.0
2016-10-27,13457.0,13444.0
2016-10-28,14804.0,14741.0
2016-10-29,16071.0,16045.0
2016-10-30,15926.0,13419.0
2016-10-31,14570.0,14570.0
2016-11-01,13054.0,13045.0
2016-11-02,12782.0,12087.0
2016-11-03,12675.0,12675.0
2016-11-04,12638.0,12638.0
2016-11-05,12431.0,12431.0
2016-11-06,12059.0,11763.0
2016-11-07,11600.0,11600.0
2016-11-08,11190.0,11190.0
2016-11-09,10863.0,10863.0
2016-11-10,10843.0,10843.0
2016-11-11,11064.0,11064.0
2016-11-12,11060.0,11060.0
2016-11-13,10793.0,10793.0
2016-11-14,10588.0,10588.0
2016-11-15,10726.0,10726.0
2016-11-16,11077.0,11077.0
2016-11-17,11456.0,11456.0
2016-11-18,11894.0,11878.0
2016-11-19,12409.0,12331.0
2016-11-20,13031.0,12980.0
2016-11-21,13779.0,13779.0
2016-11-22,14308.0,14308.0
2016-11-23,14596.0,14596.0
2016-11-24,14578.0,14578.0
2016-11-25,14624.0,14624.0
2016-11-26,14557.0,14557.0
2016-11-27,14234.0,14234.0
2016-11-28,13656.0,13656.0
2016-11-29,13045.0,13045.0
2016-11-30,12726.0,12726.0
2016-12-01,12560.0,12560.0
2016-12-02,12626.0,12626.0
2016-12-03,12778.0,12778.0
2016-12-04,13058.0,13058.0
2016-12-05,13306.0,13306.0
2016-12-06,13666.0,13666.0
2016-12-07,14019.0,14019.0
2016-12-08,14422.0,14422.0
2016-12-09,14947.0,14947.0
2016-12-10,15406.0,15406.0
2016-12-11,15866.0,15866.0
2016-12-12,16291.0,16291.0
2016-12-13,16863.0,16863.0
2016-12-14,17376.0,17376.0
2016-12-15,17635.0,17635.0
2016-12-16,17802.0,17802.0
2016-12-17,17956.0,17956.0
2016-12-18,18120.0,18120.0
2016-12-19,18322.0,18322.0
2016-12-20,18491.0,18491.0
2016-12-21,18615.0,18615.0
2016-12-22,18974.0,18974.0
2016-12-23,19155.0,19155.0
2016-12-24,19104.0,19104.0
2016-12-25,18756.0,18756.0
2016-12-26,18143.0,18143.0
2016-12-27,17388.0,17388.0
2016-12-28,16696.0,16696.0
2016-12-29,16031.0,16031.0
2016-12-30,15483.0,15483.0
2016-12-31,15030.0,15030.0
2017-01-01,14720.0,14720.0
2017-01-02,14580.0,14580.0
2017-01-03,14641.0,14641.0
2017-01-04,14754.0,14754.0
2017-01-05,14919.0,14919.0
2017-01-06,14935.0,14935.0
2017-01-07,14934.0,14934.0
2017-01-08,15096.0,15096.0
2017-01-09,15402.0,15402.0
2017-01-10,15261.0,15261.0
2017-01-11,14724.0,14724.0
2017-01-12,14483.0,14483.0
2017-01-13,14566.0,14566.0
2017-01-14,15099.0,15099.0
2017-01-15,15722.0,15722.0
2017-01-16,16254.0,16254.0
2017-01-17,16889.0,16889.0
2017-01-18,17421.0,17421.0
2017-01-19,18035.0,18035.0
2017-01-20,18929.0,18929.0
2017-01-21,20121.0,20121.0
2017-01-22,21281.0,21281.0
2017-01-23,22056.0,22056.0
2017-01-24,22550.0,22550.0
2017-01-25,23159.0,23159.0
2017-01-26,23967.0,23967.0
2017-01-27,25078.0,25060.0
2017-01-28,26187.0,26060.0
2017-01-29,26900.0,26709.0
2017-01-30,27050.0,26907.0
2017-01-31,26973.0,26846.0
2017-02-01,26797.0,26648.0
2017-02-02,26464.0,26274.0
2017-02-03,25601.0,25427.0
2017-02-04,24521.0,24441.0
2017-02-05,23628.0,23565.0
2017-02-06,22925.0,22902.0
2017-02-07,22352.0,22352.0
2017-02-08,22003.0,22003.0
2017-02-09,21875.0,21875.0
2017-02-10,21922.0,21922.0
2017-02-11,22092.0,22092.0
2017-02-12,22094.0,22094.0
2017-02-13,22112.0,22112.0
2017-02-14,22216.0,22216.0
2017-02-15,22337.0,22337.0
2017-02-16,23081.0,23081.0
2017-02-17,23211.0,23211.0
2017-02-18,22664.0,22664.0
2017-02-19,21281.0,21281.0
2017-02-20,19696.0,19696.0
2017-02-21,18439.0,18439.0
2017-02-22,17399.0,17399.0
2017-02-23,16525.0,16525.0
2017-02-24,15846.0,15846.0
2017-02-25,15312.0,15312.0
2017-02-26,14905.0,14905.0
2017-02-27,14632.0,14632.0
2017-02-28,14547.0,14547.0
2017-03-01,14591.0,14591.0
2017-03-02,14735.0,14735.0
2017-03-03,15092.0,15092.0
2017-03-04,15620.0,15620.0
2017-03-05,16359.0,16359.0
2017-03-06,17355.0,17355.0
2017-03-07,18205.0,18205.0
2017-03-08,19040.0,19040.0
2017-03-09,19451.0,19451.0
2017-03-10,19435.0,19435.0
2017-03-11,19295.0,19295.0
2017-03-12,19162.0,19162.0
2017-03-13,19097.0,19097.0
2017-03-14,18969.0,18969.0
2017-03-15,18579.0,18579.0
2017-03-16,18098.0,18098.0
2017-03-17,17490.0,17490.0
2017-03-18,16939.0,16939.0
2017-03-19,16418.0,16418.0
2017-03-20,15922.0,15922.0
2017-03-21,15645.0,15645.0
2017-03-22,15454.0,15454.0
2017-03-23,15394.0,15394.0
2017-03-24,15331.0,15331.0
2017-03-25,15500.0,15500.0
2017-03-26,15763.0,15763.0
2017-03-27,16061.0,16061.0
2017-03-28,16332.0,16332.0
2017-03-29,16411.0,16411.0
2017-03-30,16218.0,16218.0
2017-03-31,15894.0,15894.0
2017-04-01,15521.0,15521.0
2017-04-02,15248.0,15248.0
2017-04-03,14905.0,14905.0
2017-04-04,14403.0,14403.0
2017-04-05,14021.0,14021.0
2017-04-06,13618.0,13618.0
2017-04-07,13697.0,13697.0
2017-04-08,14225.0,14225.0
2017-04-09,14637.0,14637.0
2017-04-10,14978.0,14978.0
2017-04-11,14965.0,14965.0
2017-04-12,14622.0,14622.0
2017-04-13,14417.0,14417.0
2017-04-14,14288.0,14288.0
2017-04-15,14679.0,14679.0
2017-04-16,14995.0,14995.0
2017-04-17,15266.0,15266.0
2017-04-18,15083.0,15083.0
2017-04-19,14638.0,14638.0
2017-04-20,14347.0,14347.0
2017-04-21,14102.0,14102.0
2017-04-22,14082.0,14082.0
2017-04-23,14001.0,14001.0
2017-04-24,13882.0,13882.0
2017-04-25,13809.0,13809.0
2017-04-26,13947.0,13947.0
2017-04-27,14678.0,14678.0
2017-04-28,15314.0,15314.0
2017-04-29,15664.0,15664.0
2017-04-30,15490.0,15490.0
2017-05-01,15226.0,15226.0
2017-05-02,14926.0,14926.0
2017-05-03,14827.0,14827.0
2017-05-04,14732.0,14732.0
2017-05-05,14520.0,14520.0
2017-05-06,14323.0,14323.0
2017-05-07,14049.0,14049.0
2017-05-08,13916.0,13916.0
2017-05-09,13810.0,13810.0
2017-05-10,13744.0,13744.0
2017-05-11,13570.0,13554.0
2017-05-12,13332.0,13256.0
2017-05-13,13139.0,13139.0
2017-05-14,13020.0,13020.0
2017-05-15,12903.0,12903.0
2017-05-16,12769.0,12769.0
2017-05-17,12886.0,12886.0
2017-05-18,13435.0,13435.0
2017-05-19,14038.0,14038.0
2017-05-20,15086.0,15064.0
2017-05-21,17121.0,15578.0
2017-05-22,20043.0,17728.0
2017-05-23,22504.0,18703.0
2017-05-24,23996.0,20328.0
2017-05-25,24523.0,20718.0
2017-05-26,24599.0,20618.0
2017-05-27,23952.0,20432.0
2017-05-28,23108.0,18122.0
2017-05-29,22675.0,19620.0
2017-05-30,21793.0,20231.0
2017-05-31,20622.0,18924.0
2017-06-01,19400.0,18207.0
2017-06-02,18139.0,16004.0
2017-06-03,16901.0,13027.0
2017-06-04,15742.0,10562.0
2017-06-05,15011.0,11707.0
2017-06-06,15595.0,13677.0
2017-06-07,17038.0,13386.0
2017-06-08,19718.0,13566.0
2017-06-09,21971.0,16925.0
2017-06-10,22331.0,14953.0
2017-06-11,22197.0,15082.0
2017-06-12,21288.0,16259.0
2017-06-13,19659.0,14739.0
2017-06-14,18161.0,13617.0
2017-06-15,17420.0,12750.0
2017-06-16,16724.0,12478.0
2017-06-17,16289.0,11139.0
2017-06-18,16082.0,11429.0
2017-06-19,15636.0,14399.0
2017-06-20,14991.0,14748.0
2017-06-21,14337.0,14209.0
2017-06-22,13828.0,13368.0
2017-06-23,13510.0,12406.0
2017-06-24,13237.0,11272.0
2017-06-25,12977.0,11372.0
2017-06-26,12690.0,12164.0
2017-06-27,12386.0,11930.0
2017-06-28,12111.0,11477.0
2017-06-29,11809.0,11797.0
2017-06-30,11569.0,11560.0
2017-07-01,11352.0,11352.0
2017-07-02,11146.0,11146.0
2017-07-03,10910.0,10760.0
2017-07-04,10710.0,10614.0
2017-07-05,10523.0,10523.0
2017-07-06,10394.0,10394.0
2017-07-07,10317.0,10317.0
2017-07-08,10170.0,10170.0
2017-07-09,10124.0,10062.0
2017-07-10,9957.0,9957.0
2017-07-11,9920.0,9920.0
2017-07-12,9800.0,9800.0
2017-07-13,9722.0,9722.0
2017-07-14,9648.0,9648.0
2017-07-15,9522.0,9522.0
2017-07-16,9449.0,9449.0
2017-07-17,9385.0,9385.0
2017-07-18,9300.0,9300.0
2017-07-19,9223.0,9223.0
2017-07-20,9141.0,9141.0
2017-07-21,9064.0,9064.0
2017-07-22,9057.0,9057.0
2017-07-23,8978.0,8978.0
2017-07-24,8942.0,8942.0
2017-07-25,8848.0,8848.0
2017-07-26,8804.0,8804.0
2017-07-27,8722.0,8722.0
2017-07-28,8721.0,8721.0
2017-07-29,8678.0,8678.0
2017-07-30,8600.0,8600.0
2017-07-31,8541.0,8541.0
2017-08-01,8505.0,8505.0
2017-08-02,8450.0,8450.0
2017-08-03,8396.0,8351.0
2017-08-04,8340.0,8340.0
2017-08-05,8277.0,8277.0
2017-08-06,8230.0,8230.0
2017-08-07,8191.0,8191.0
2017-08-08,8176.0,8176.0
2017-08-09,8131.0,8131.0
2017-08-10,8121.0,8121.0
2017-08-11,8093.0,8093.0
2017-08-12,8147.0,8147.0
2017-08-13,8226.0,8226.0
2017-08-14,8357.0,8357.0
2017-08-15,8551.0,8551.0
2017-08-16,8812.0,8812.0
2017-08-17,9047.0,9047.0
2017-08-18,9230.0,9230.0
2017-08-19,9440.0,9440.0
2017-08-20,9627.0,9627.0
2017-08-21,10017.0,9984.0
2017-08-22,10457.0,10444.0
2017-08-23,10830.0,10828.0
2017-08-24,11152.0,11126.0
2017-08-25,11195.0,11195.0
2017-08-26,10968.0,10968.0
2017-08-27,10614.0,10614.0
2017-08-28,10259.0,10259.0
2017-08-29,9882.0,9882.0
2017-08-30,9531.0,9531.0
2017-08-31,9164.0,9164.0
2017-09-01,8840.0,8840.0
2017-09-02,8470.0,8470.0
2017-09-03,8134.0,8134.0
2017-09-04,7856.0,7856.0
2017-09-05,7652.0,7652.0
2017-09-06,7400.0,7400.0
2017-09-07,7228.0,7228.0
2017-09-08,7106.0,7106.0
2017-09-09,7232.0,7232.0
2017-09-10,7082.0,7082.0
2017-09-11,6928.0,6928.0
2017-09-12,6819.0,6819.0
2017-09-13,6801.0,6801.0
2017-09-14,6751.0,6751.0
2017-09-15,6660.0,6660.0
2017-09-16,6548.0,6548.0
2017-09-17,6429.0,6429.0
2017-09-18,6339.0,6339.0
2017-09-19,6338.0,6338.0
2017-09-20,6299.0,6299.0
2017-09-21,6212.0,6212.0
2017-09-22,5983.0,5983.0
2017-09-23,6033.0,6033.0
2017-09-24,5844.0,5844.0
2017-09-25,5790.0,5790.0
2017-09-26,5890.0,5890.0
2017-09-27,5960.0,5960.0
2017-09-28,5997.0,5997.0
2017-09-29,6102.0,6102.0
2017-09-30,6092.0,6092.0
2017-10-01,6336.0,6336.0
2017-10-02,6669.0,6669.0
2017-10-03,7031.0,7031.0
2017-10-04,7376.0,7376.0
2017-10-05,7696.0,7691.0
2017-10-06,8094.0,8094.0
2017-10-07,8370.0,8370.0
2017-10-08,8765.0,8743.0
2017-10-09,9016.0,9016.0
2017-10-10,9179.0,9179.0
2017-10-11,9352.0,9352.0
2017-10-12,9440.0,9440.0
2017-10-13,9343.0,9343.0
2017-10-14,9147.0,9147.0
2017-10-15,8805.0,8805.0
2017-10-16,8351.0,8351.0
2017-10-17,8037.0,8037.0
2017-10-18,7721.0,7721.0
2017-10-19,7529.0,7529.0
2017-10-20,7402.0,7402.0
2017-10-21,7555.0,7555.0
2017-10-22,7302.0,7302.0
2017-10-23,7537.0,7537.0
2017-10-24,7887.0,7887.0
2017-10-25,7939.0,7931.0
2017-10-26,8028.0,8027.0
2017-10-27,8597.0,8597.0
2017-10-28,9815.0,9815.0
2017-10-29,10771.0,10771.0
2017-10-30,13853.0,13853.0
2017-10-31,17125.0,17125.0
2017-11-01,18886.0,18886.0
2017-11-02,18981.0,18981.0
2017-11-03,18628.0,18208.0
2017-11-04,18669.0,17215.0
2017-11-05,18646.0,18646.0
2017-11-06,18940.0,18940.0
2017-11-07,18590.0,18588.0
2017-11-08,18121.0,18121.0
2017-11-09,17695.0,17695.0
2017-11-10,17540.0,17540.0
2017-11-11,17321.0,17321.0
2017-11-12,17104.0,17104.0
2017-11-13,16788.0,16788.0
2017-11-14,16317.0,16317.0
2017-11-15,15862.0,15862.0
2017-11-16,15290.0,15290.0
2017-11-17,14711.0,14711.0
2017-11-18,14233.0,14233.0
2017-11-19,14153.0,14153.0
2017-11-20,14228.0,14228.0
2017-11-21,14297.0,14297.0
2017-11-22,14231.0,14231.0
2017-11-23,14500.0,14500.0
2017-11-24,14808.0,14808.0
2017-11-25,15147.0,15147.0
2017-11-26,15598.0,15598.0
2017-11-27,16162.0,16162.0
2017-11-28,16954.0,16954.0
2017-11-29,17761.0,17761.0
2017-11-30,18831.0,18831.0
2017-12-01,19670.0,19670.0
2017-12-02,20196.0,20196.0
2017-12-03,20267.0,20267.0
2017-12-04,20361.0,20361.0
2017-12-05,20652.0,20652.0
2017-12-06,20897.0,20897.0
2017-12-07,21202.0,21202.0
2017-12-08,21303.0,21303.0
2017-12-09,21408.0,21408.0
2017-12-10,21434.0,21434.0
2017-12-11,21273.0,21273.0
2017-12-12,20932.0,20932.0
2017-12-13,20493.0,20493.0
2017-12-14,19843.0,19843.0
2017-12-15,19202.0,19202.0
2017-12-16,18473.0,18473.0
2017-12-17,17889.0,17889.0
2017-12-18,17409.0,17409.0
2017-12-19,17185.0,17185.0
2017-12-20,17072.0,17072.0
2017-12-21,17032.0,17032.0
2017-12-22,17358.0,17358.0
2017-12-23,17952.0,17952.0
2017-12-24,18822.0,18822.0
2017-12-25,19943.0,18450.0
2017-12-26,21231.0,21037.0
2017-12-27,22415.0,22415.0
2017-12-28,23363.0,23363.0
2017-12-29,24055.0,24055.0
2017-12-30,24649.0,22146.0
2017-12-31,24519.0,21563.0
2018-01-01,25158.90429688,21320.72460938
2018-01-02,26066.0078125,23849.85546875
2018-01-03,27645.92773438,24839.75976563
2018-01-04,29098.29296875,26643.66796875
2018-01-05,29741.6953125,28114.53125
2018-01-06,29743.51367188,28671.4140625
2018-01-07,29840.8515625,26648.19335938
2018-01-08,29799.36914063,28704.65625
2018-01-09,30110.953125,29910.51367188
2018-01-10,30626.27734375,30626.27734375
2018-01-11,31159.58398438,30168.68945313
2018-01-12,31440.03710938,30180.859375
2018-01-13,31685.671875,27668.63867188
2018-01-14,32149.1015625,25909.74804688
2018-01-15,32795.9140625,28042.90625
2018-01-16,33213.01171875,29580.4140625
2018-01-17,33276.08984375,29813.09375
2018-01-18,33080.9921875,28752.40820313
2018-01-19,32777.80078125,26788.5625
2018-01-20,32427.13085938,24458.15625
2018-01-21,31937.640625,23036.703125
2018-01-22,31352.65625,23935.40625
2018-01-23,30470.91015625,25112.46679688
2018-01-24,29292.84765625,25688.00390625
2018-01-25,27903.15429688,24263.359375
2018-01-26,26427.35742188,22434.99414063
2018-01-27,24982.15625,21133.69726563
2018-01-28,23758.3046875,19105.00195313
2018-01-29,22785.98242188,20028.12695313
2018-01-30,22375.59765625,21114.36328125
2018-01-31,22114.13085938,21202.3828125
2018-02-01,21953.41015625,21208.18359375
2018-02-02,21725.77539063,20980.54882813
2018-02-03,21508.22460938,20992.21875
2018-02-04,21341.87695313,21099.29296875
2018-02-05,21295.04101563,21295.04101563
2018-02-06,21277.93359375,21277.93359375
2018-02-07,21264.53515625,21264.53515625
2018-02-08,21287.46484375,21287.46484375
2018-02-09,21443.75,21443.75
2018-02-10,21716.80078125,21716.80078125
2018-02-11,22048.32617188,22048.32617188
2018-02-12,22379.38671875,22379.38671875
2018-02-13,22472.8984375,22472.8984375
2018-02-14,22249.42578125,22249.42578125
2018-02-15,21769.51367188,21769.51367188
2018-02-16,21248.17773438,21248.17773438
2018-02-17,20848.14257813,20848.14257813
2018-02-18,20628.12109375,20628.12109375
2018-02-19,20737.22265625,20737.22265625
2018-02-20,21060.1796875,21060.1796875
2018-02-21,21458.76367188,21458.76367188
2018-02-22,21562.92578125,21562.92578125
2018-02-23,21333.71679688,21333.71679688
2018-02-24,20987.51757813,20987.51757813
2018-02-25,20701.70117188,20701.70117188
2018-02-26,20609.67773438,20609.67773438
2018-02-27,20739.7734375,20739.7734375
2018-02-28,21134.62695313,21134.62695313
2018-03-01,21616.97851563,21616.97851563
2018-03-02,22134.83398438,22134.83398438
2018-03-03,22669.01171875,22669.01171875
2018-03-04,23075.70507813,23075.70507813
2018-03-05,23468.18554688,23468.18554688
2018-03-06,23627.0,23592.05078125
2018-03-07,23672.41210938,22212.79492188
2018-03-08,23575.9453125,22410.30664063
2018-03-09,23382.94921875,22953.28710938
2018-03-10,23163.77929688,22900.63671875
2018-03-11,22957.97265625,21986.60546875
2018-03-12,22783.24609375,22783.24609375
2018-03-13,22582.64453125,22582.64453125
2018-03-14,22469.140625,22469.140625
2018-03-15,22308.3984375,22308.3984375
2018-03-16,22232.8125,22232.8125
2018-03-17,22071.74804688,22071.74804688
2018-03-18,21868.32421875,21868.32421875
2018-03-19,21584.203125,21584.203125
2018-03-20,21273.546875,21273.546875
2018-03-21,20941.95507813,20932.59570313
2018-03-22,20568.50976563,20568.50976563
2018-03-23,20199.1328125,20199.1328125
2018-03-24,20018.89257813,20018.89257813
2018-03-25,20296.31835938,20296.31835938
2018-03-26,20689.16992188,20689.16992188
2018-03-27,20988.35546875,20988.35546875
2018-03-28,21098.359375,21027.43359375
2018-03-29,21387.94140625,20651.96484375
2018-03-30,21811.80078125,19000.49414063
2018-03-31,22279.515625,19640.89648438
2018-04-01,22542.62109375,18847.3203125
2018-04-02,22512.84960938,21947.50585938
2018-04-03,22175.63867188,22175.63867188
2018-04-04,21545.90234375,21545.90234375
2018-04-05,20943.5234375,20943.5234375
2018-04-06,20408.44140625,20408.44140625
2018-04-07,19984.30859375,19984.30859375
2018-04-08,19555.45117188,18981.8828125
2018-04-09,19179.78320313,19179.78320313
2018-04-10,18835.76757813,18835.76757813
2018-04-11,18516.56054688,18516.56054688
2018-04-12,18151.09765625,18151.09765625
2018-04-13,17714.35546875,17714.35546875
2018-04-14,17265.8125,17265.8125
2018-04-15,16560.36914063,16403.1015625
2018-04-16,16382.50488281,16382.50488281
2018-04-17,16099.76367188,16099.76367188
2018-04-18,15760.87988281,15760.87988281
2018-04-19,15552.65722656,15552.65722656
2018-04-20,15303.48339844,15303.48339844
2018-04-21,15095.99609375,15095.99609375
2018-04-22,14863.31835938,14863.31835938
2018-04-23,14688.94726563,14688.94726563
2018-04-24,14517.63085938,14517.63085938
2018-04-25,14301.34863281,14301.34863281
2018-04-26,14051.98632813,14051.98632813
2018-04-27,13723.69335938,13723.69335938
2018-04-28,13348.86425781,13348.86425781
2018-04-29,13004.19238281,13004.19238281
2018-04-30,12683.671875,12683.671875
2018-05-01,12383.35742188,12383.35742188
2018-05-02,12166.31054688,12166.31054688
2018-05-03,11940.45703125,11940.45703125
2018-05-04,11815.11230469,11815.11230469
2018-05-05,11614.65527344,11589.22363281
2018-05-06,11433.8828125,11433.8828125
2018-05-07,11217.21191406,11217.21191406
2018-05-08,11074.3515625,11074.3515625
2018-05-09,10917.22363281,10917.22363281
2018-05-10,10791.84082031,10791.84082031
2018-05-11,10711.03320313,10711.03320313
2018-05-12,10659.45898438,10659.45898438
2018-05-13,10652.0234375,10652.0234375
2018-05-14,10545.02441406,10545.02441406
2018-05-15,10493.09863281,10493.09863281
2018-05-16,10416.90917969,10416.90917969
2018-05-17,10461.69726563,10461.69726563
2018-05-18,10492.27539063,10492.27539063
2018-05-19,10563.06640625,10563.06640625
2018-05-20,10663.49316406,10663.49316406
2018-05-21,10731.54785156,10731.54785156
2018-05-22,10702.82714844,10702.82714844
2018-05-23,10693.26855469,10693.26855469
2018-05-24,10700.29394531,10700.29394531
2018-05-25,10766.90332031,10766.90332031
2018-05-26,10770.02539063,10770.02539063
2018-05-27,10774.28125,10774.28125
2018-05-28,10726.68066406,10726.68066406
2018-05-29,10683.80273438,10665.32421875
2018-05-30,10644.91796875,10635.5078125
2018-05-31,10577.94628906,10577.94628906
2018-06-01,10548.63769531,10548.63769531
2018-06-02,10545.55859375,10545.55859375
2018-06-03,10556.29785156,10556.29785156
2018-06-04,10498.10253906,10498.10253906
2018-06-05,10342.69140625,10342.69140625
2018-06-06,10162.18554688,10162.18554688
2018-06-07,10019.27246094,10019.27246094
2018-06-08,9906.94628906,9906.94628906
2018-06-09,9845.00390625,9845.00390625
2018-06-10,9829.40820313,9829.40820313
2018-06-11,9781.13183594,9781.13183594
2018-06-12,9777.85742188,9777.85742188
2018-06-13,9803.88574219,9803.88574219
2018-06-14,9922.18164063,9922.18164063
2018-06-15,10034.77148438,10034.77148438
2018-06-16,10027.25878906,10027.25878906
2018-06-17,9989.62890625,9989.62890625
2018-06-18,9899.73046875,9899.73046875
2018-06-19,9894.09863281,9894.09863281
2018-06-20,9835.421875,9835.421875
2018-06-21,9799.53808594,9799.53808594
2018-06-22,9712.60253906,9712.60253906
2018-06-23,9610.89257813,9610.89257813
2018-06-24,9480.34765625,9425.08203125
2018-06-25,9340.48535156,9340.48535156
2018-06-26,9252.76757813,9252.76757813
2018-06-27,9161.08398438,9161.08398438
2018-06-28,9073.39355469,9073.39355469
2018-06-29,9006.99511719,9006.99511719
2018-06-30,8923.83398438,8923.83398438
2018-07-01,8824.94042969,8824.94042969
2018-07-02,8695.66601563,8695.66601563
2018-07-03,8600.97753906,8600.97753906
2018-07-04,8509.15625,8509.15625
2018-07-05,8439.54785156,8439.54785156
2018-07-06,8380.56933594,8380.56933594
2018-07-07,8353.26660156,8353.26660156
2018-07-08,8311.78710938,8311.78710938
2018-07-09,8249.64453125,8249.64453125
2018-07-10,8158.40478516,8158.40478516
2018-07-11,8072.72119141,8072.72119141
2018-07-12,7987.52001953,7987.52001953
2018-07-13,7988.63085938,7988.63085938
2018-07-14,7925.85107422,7925.85107422
2018-07-15,7928.26220703,7928.26220703
2018-07-16,7858.37988281,7858.37988281
2018-07-17,7848.81884766,7848.81884766
2018-07-18,7803.36523438,7803.36523438
2018-07-19,7731.60595703,7731.60595703
2018-07-20,7705.15185547,7705.15185547
2018-07-21,7658.49414063,7658.49414063
2018-07-22,7647.43896484,7647.43896484
2018-07-23,7593.06298828,7593.06298828
2018-07-24,7550.40380859,7550.40380859
2018-07-25,7491.85107422,7491.85107422
2018-07-26,7505.38476563,7505.38476563
2018-07-27,7416.92578125,7416.92578125
2018-07-28,7417.90576172,7417.90576172
2018-07-29,7325.82714844,7325.82714844
2018-07-30,7365.34179688,7365.34179688
2018-07-31,7233.99804688,7233.99804688
2018-08-01,7220.47216797,7220.47216797
2018-08-02,7237.91210938,7237.91210938
2018-08-03,7498.53076172,7498.53076172
2018-08-04,7860.30712891,7860.30712891
2018-08-05,8121.37207031,8121.37207031
2018-08-06,8121.55175781,8121.55175781
2018-08-07,8121.67382813,8121.67382813
2018-08-08,8289.79003906,8289.79003906
2018-08-09,8475.58984375,8475.58984375
2018-08-10,8676.50195313,8676.50195313
2018-08-11,8779.91015625,8779.91015625
2018-08-12,8730.11328125,8730.11328125
2018-08-13,8684.93457031,8684.93457031
2018-08-14,8632.42285156,8632.42285156
2018-08-15,8551.89746094,8551.89746094
2018-08-16,8488.06347656,8488.06347656
2018-08-17,8370.60742188,8370.60742188
2018-08-18,8244.58789063,8244.58789063
2018-08-19,8064.45117188,8064.45117188
2018-08-20,7933.03320313,7933.03320313
2018-08-21,7809.81103516,7809.81103516
2018-08-22,7738.09716797,7738.09716797
2018-08-23,7629.99023438,7629.99023438
2018-08-24,7611.66113281,7611.66113281
2018-08-25,7612.06689453,7612.06689453
2018-08-26,7543.49121094,7543.49121094
2018-08-27,7554.45703125,7554.45703125
2018-08-28,7453.82324219,7453.82324219
2018-08-29,7507.74121094,7507.74121094
2018-08-30,7504.79296875,7504.79296875
2018-08-31,7613.671875,7613.671875
2018-09-01,7783.57714844,7783.57714844
2018-09-02,8039.8359375,8039.8359375
2018-09-03,8125.98583984,8125.98583984
2018-09-04,7972.27490234,7972.27490234
2018-09-05,7691.72705078,7691.72705078
2018-09-06,7476.26220703,7476.26220703
2018-09-07,7272.18310547,7272.18310547
2018-09-08,7130.01416016,7130.01416016
2018-09-09,6958.45996094,6958.45996094
2018-09-10,6887.31103516,6887.31103516
2018-09-11,6844.55908203,6844.55908203
2018-09-12,6796.05517578,6796.05517578
2018-09-13,6790.80322266,6790.80322266
2018-09-14,6956.16796875,6956.16796875
2018-09-15,7162.05322266,7162.05322266
2018-09-16,7358.56103516,7358.56103516
2018-09-17,7637.72509766,7632.55419922
2018-09-18,7931.95507813,7928.01904297
2018-09-19,8306.11621094,8291.06933594
2018-09-20,8774.75292969,8730.859375
2018-09-21,9530.90234375,9528.58789063
2018-09-22,10162.79003906,10162.79003906
2018-09-23,10441.546875,10441.546875
2018-09-24,10657.68164063,10449.1171875
2018-09-25,10787.33984375,10663.89746094
2018-09-26,10768.51660156,10768.51660156
2018-09-27,10700.83496094,10700.83496094
2018-09-28,10556.28613281,10556.28613281
2018-09-29,10393.80957031,10393.80957031
2018-09-30,10111.99902344,10008.46777344
2018-10-01,10038.15234375,10038.15234375
2018-10-02,10033.296875,10033.296875
2018-10-03,9882.70019531,9882.70019531
2018-10-04,9717.16699219,9717.16699219
2018-10-05,9528.54394531,9528.54394531
2018-10-06,9391.50488281,9391.50488281
2018-10-07,9468.27929688,9468.27929688
2018-10-08,9977.2421875,9977.2421875
2018-10-09,10978.45800781,10978.45800781
2018-10-10,12113.40136719,12113.40136719
2018-10-11,13054.59570313,13054.59570313
2018-10-12,13606.19628906,13606.19628906
2018-10-13,13957.88183594,13957.88183594
2018-10-14,13935.22460938,13935.22460938
2018-10-15,13823.85058594,13823.85058594
2018-10-16,13692.91113281,13692.91113281
2018-10-17,13686.9765625,13686.9765625
2018-10-18,14202.69140625,14202.69140625
2018-10-19,15119.00390625,15119.00390625
2018-10-20,15730.87109375,15730.87109375
2018-10-21,15810.65820313,15810.65820313
2018-10-22,15409.43554688,15409.43554688
2018-10-23,15205.72167969,15205.72167969
2018-10-24,15093.47070313,15093.47070313
2018-10-25,15199.55957031,15199.55957031
2018-10-26,15534.02539063,15534.02539063
2018-10-27,16269.62207031,16224.40820313
2018-10-28,17045.68945313,15940.07519531
2018-10-29,17509.63867188,17246.453125
2018-10-30,17460.50585938,17416.51367188
2018-10-31,17450.98046875,17416.7265625
2018-11-01,17404.1953125,17364.57617188
2018-11-02,17275.1640625,17240.33789063
2018-11-03,16774.484375,16746.68359375
2018-11-04,16201.52636719,16038.23730469
2018-11-05,15675.515625,15648.32714844
2018-11-06,15295.34277344,15262.34863281
2018-11-07,14942.05371094,14909.36523438
2018-11-08,14750.87207031,14722.765625
2018-11-09,14650.94238281,14622.53027344
2018-11-10,14946.17675781,14918.68164063
2018-11-11,15313.89746094,15285.79101563
2018-11-12,15737.2890625,15710.7109375
2018-11-13,16043.39257813,16016.20410156
2018-11-14,16564.24023438,16539.80078125
2018-11-15,16957.94726563,16929.84179688
2018-11-16,17307.67382813,17274.06835938
2018-11-17,17452.99804688,17396.78710938
2018-11-18,17440.60742188,17314.38867188
2018-11-19,17374.41210938,17322.171875
2018-11-20,17327.88867188,17288.78515625
2018-11-21,17319.91992188,17284.17578125
2018-11-22,17312.28515625,17274.70898438
2018-11-23,17461.09375,17423.515625
2018-11-24,17836.74609375,17794.58789063
2018-11-25,18561.83984375,18503.79492188
2018-11-26,19415.60742188,19353.28515625
2018-11-27,20194.61132813,20148.78515625
2018-11-28,20945.359375,20905.03320313
2018-11-29,21654.84960938,21614.5234375
2018-11-30,22235.95507813,22198.07226563
2018-12-01,22410.6484375,22360.8515625
2018-12-02,22506.14648438,22452.37890625
2018-12-03,22324.83984375,22272.59765625
2018-12-04,22100.8125,22050.40625
2018-12-05,21813.32617188,21770.25195313
2018-12-06,21393.18554688,21354.38671875
2018-12-07,20905.97070313,20870.53125
2018-12-08,20355.77734375,20320.94921875
2018-12-09,19865.8671875,19819.13671875
2018-12-10,19335.3671875,19300.234375
2018-12-11,18994.48242188,18959.65429688
2018-12-12,18642.90625,18609.30273438
2018-12-13,18259.02734375,18226.64453125
2018-12-14,17587.15429688,17552.0234375
2018-12-15,16845.015625,16810.80078125
2018-12-16,15972.32421875,15933.21972656
2018-12-17,15242.25488281,15204.984375
2018-12-18,14527.18261719,14492.05078125
2018-12-19,13986.31054688,13955.76074219
2018-12-20,13524.921875,13487.65136719
2018-12-21,13197.20996094,13164.21582031
2018-12-22,12866.37597656,12829.71582031
2018-12-23,12623.24902344,12585.97753906
2018-12-24,12415.46972656,12377.28320313
2018-12-25,12330.83007813,12288.05957031
2018-12-26,12352.30175781,12302.81054688
2018-12-27,12407.16308594,12357.36621094
2018-12-28,12624.51953125,12580.22265625
2018-12-29,12865.87988281,12822.49902344
2018-12-30,13259.98925781,13201.63769531
2018-12-31,13657.46386719,13601.25195313
2019-01-01,14198.48242188,14185.34570313
2019-01-02,14844.60058594,14836.96289063
2019-01-03,15361.90234375,15360.06933594
2019-01-04,15552.76464844,15550.93164063
2019-01-05,16115.55273438,16113.71972656
2019-01-06,16833.47265625,16831.63867188
2019-01-07,17385.56640625,17383.73242188
2019-01-08,17644.97851563,17637.03515625
2019-01-09,17695.91210938,17694.078125
2019-01-10,17561.953125,17556.45507813
2019-01-11,17206.54296875,17202.87695313
2019-01-12,16854.67578125,16849.48242188
2019-01-13,16330.55273438,16328.71972656
2019-01-14,15904.81738281,15902.984375
2019-01-15,15561.16699219,15559.33398438
2019-01-16,15325.49511719,15323.66210938
2019-01-17,15063.02636719,15061.19335938
2019-01-18,14628.49902344,14626.66601563
2019-01-19,14340.77734375,14338.94433594
2019-01-20,13946.95800781,13893.20410156
2019-01-21,13474.50976563,13471.45507813
2019-01-22,13065.671875,13063.83886719
2019-01-23,12708.00195313,12706.16894531
2019-01-24,12408.06640625,12404.09472656
2019-01-25,12133.01074219,12125.37304688
2019-01-26,11913.77734375,11911.94433594
2019-01-27,11770.27929688,11729.77148438
2019-01-28,11765.97363281,11764.140625
2019-01-29,11757.29003906,11754.54003906
2019-01-30,11832.79199219,11822.09863281
2019-01-31,11865.99804688,11864.16503906
2019-02-01,11917.59472656,11915.76171875
2019-02-02,12058.23535156,12056.40234375
2019-02-03,12204.80566406,12202.97265625
2019-02-04,11800.65234375,11798.81933594
2019-02-05,11981.64453125,11979.81152344
2019-02-06,11507.2109375,11505.37792969
2019-02-07,11355.69433594,11353.86132813
2019-02-08,11219.2421875,11217.40917969
2019-02-09,11181.25,11179.41699219
2019-02-10,11293.54394531,11291.7109375
2019-02-11,11687.67578125,11685.84277344
2019-02-12,12069.0546875,12067.22167969
2019-02-13,12444.90136719,12442.15234375
2019-02-14,12897.73339844,12895.90039063
2019-02-15,13334.83105469,13325.97167969
2019-02-16,13961.25097656,13958.19628906
2019-02-17,14535.54882813,14528.828125
2019-02-18,15029.1953125,15027.36230469
2019-02-19,15470.55761719,15468.72460938
2019-02-20,15920.68554688,15918.85253906
2019-02-21,16461.47070313,16459.63671875
2019-02-22,17112.140625,17110.30664063
2019-02-23,17731.39648438,17729.5625
2019-02-24,18283.078125,18281.24609375
2019-02-25,18868.58398438,18866.75195313
2019-02-26,19244.6484375,19241.8984375
2019-02-27,20107.09765625,20105.26367188
2019-02-28,20539.9296875,20538.09765625
2019-03-01,20890.83007813,20887.77539063
2019-03-02,21029.54101563,21023.125
2019-03-03,21016.36132813,21002.30859375
2019-03-04,21128.94921875,21107.56445313
2019-03-05,21240.8515625,21219.16015625
2019-03-06,21484.59960938,21481.84960938
2019-03-07,22146.81445313,22144.98242188
2019-03-08,22885.6015625,22883.76757813
2019-03-09,23926.26367188,23924.43164063
2019-03-10,24524.484375,24522.65234375
2019-03-11,25311.359375,25309.52539063
2019-03-12,25993.18164063,25991.34765625
2019-03-13,26050.63476563,26046.96875
2019-03-14,25818.33789063,25816.50585938
2019-03-15,25722.29492188,25720.4609375
2019-03-16,25059.54882813,25053.1328125
2019-03-17,24882.5390625,24874.2890625
2019-03-18,24689.71289063,24687.88085938
2019-03-19,24267.26953125,24265.4375
2019-03-20,24092.91796875,24091.0859375
2019-03-21,24043.32421875,24041.4921875
2019-03-22,24344.01757813,24342.18359375
2019-03-23,24032.13476563,24028.16210938
2019-03-24,23824.05859375,23820.0859375
2019-03-25,23248.00976563,23246.17773438
2019-03-26,22768.91210938,22763.109375
2019-03-27,22160.13867188,22152.80664063
2019-03-28,21601.5390625,21593.59765625
2019-03-29,21103.25585938,21101.42382813
2019-03-30,20479.55664063,20477.72460938
2019-03-31,19829.81054688,19827.3671875
2019-04-01,19190.17578125,19179.50976563
2019-04-02,18439.32617188,18437.49414063
2019-04-03,17743.82226563,17741.99023438
2019-04-04,17112.82226563,17110.07421875
2019-04-05,16667.75585938,16665.92382813
2019-04-06,16325.50585938,16322.75585938
2019-04-07,16051.62988281,16049.796875
2019-04-08,15623.55273438,15621.71972656
2019-04-09,15274.53125,15272.69824219
2019-04-10,15356.96582031,15355.1328125
2019-04-11,15500.37988281,15497.01953125
2019-04-12,15832.87695313,15831.04394531
2019-04-13,16260.60253906,16258.76953125
2019-04-14,16824.26367188,16822.43164063
2019-04-15,17441.59179688,17439.75976563
2019-04-16,18152.80664063,18150.97460938
2019-04-17,18819.72265625,18817.88867188
2019-04-18,19443.24804688,19441.41601563
2019-04-19,19830.21484375,19828.38085938
2019-04-20,20214.45117188,20212.6171875
2019-04-21,20362.57421875,20360.7421875
2019-04-22,20316.16796875,20314.33398438
2019-04-23,20073.71875,20070.96875
2019-04-24,19670.63867188,19641.921875
2019-04-25,19181.22460938,19173.89257813
2019-04-26,18708.26171875,18706.4296875
2019-04-27,18215.84570313,18214.01171875
2019-04-28,17597.0625,17595.22851563
2019-04-29,17053.15039063,17045.1484375
2019-04-30,16546.56640625,16544.734375
2019-05-01,16080.84472656,16071.49316406
2019-05-02,15601.64160156,15599.80859375
2019-05-03,15218.48144531,15205.46484375
2019-05-04,14859.49902344,14857.66601563
2019-05-05,14594.58105469,14592.74804688
2019-05-06,14409.21386719,14397.29882813
2019-05-07,14276.38183594,14252.62304688
2019-05-08,14097.40625,14090.37890625
2019-05-09,13946.203125,13933.36230469
2019-05-10,13853.81933594,13849.54199219
2019-05-11,14014.54199219,14012.70898438
2019-05-12,14451.65625,14449.82324219
2019-05-13,15006.62207031,14998.37304688
2019-05-14,15192.66308594,15180.74902344
2019-05-15,14847.81347656,14842.62011719
2019-05-16,14095.73632813,14093.29199219
2019-05-17,13761.29980469,13757.63378906
2019-05-18,13368.99316406,13367.16015625
2019-05-19,13205.74804688,13180.13183594
2019-05-20,13012.15136719,13009.70703125
2019-05-21,12850.61621094,12847.86621094
2019-05-22,12739.453125,12737.62011719
2019-05-23,12893.98144531,12892.1484375
2019-05-24,13172.31933594,13170.48632813
2019-05-25,13439.31152344,13437.47851563
2019-05-26,13531.72851563,13529.89648438
2019-05-27,13597.84765625,13596.01464844
2019-05-28,13801.375,13799.54199219
2019-05-29,14289.78613281,14287.953125
2019-05-30,14787.41210938,14785.57910156
2019-05-31,15254.06835938,15252.23535156
2019-06-01,15981.80761719,14732.16210938
2019-06-02,16767.78710938,15020.58007813
2019-06-03,17062.5234375,14579.33886719
2019-06-04,16771.03125,15060.82910156
2019-06-05,16520.86914063,11603.61914063
2019-06-06,16411.81835938,12472.09960938
2019-06-07,16137.5703125,13302.84472656
2019-06-08,15705.63183594,13060.04101563
2019-06-09,15118.91894531,12552.47460938
2019-06-10,14542.83300781,13819.4140625
2019-06-11,13986.83007813,13740.35644531
2019-06-12,13616.8359375,13227.484375
2019-06-13,13251.25,13105.51074219
2019-06-14,12767.22851563,12504.30957031
2019-06-15,12469.67480469,12230.39746094
2019-06-16,12151.87109375,11651.50585938
2019-06-17,11863.16503906,11861.33203125
2019-06-18,11539.81347656,11523.92675781
2019-06-19,11324.03125,11322.19824219
2019-06-20,11115.68554688,11113.85253906
2019-06-21,10849.75390625,10847.92089844
2019-06-22,10677.00683594,10675.17382813
2019-06-23,10530.80761719,10528.97460938
2019-06-24,10393.45214844,10391.61914063
2019-06-25,10160.96386719,10159.13085938
2019-06-26,10070.67871094,10068.84570313
2019-06-27,9968.48046875,9966.64746094
2019-06-28,9648.38769531,9646.5546875
2019-06-29,9549.57617188,9547.74316406
2019-06-30,9559.12011719,9544.45410156
2019-07-01,9757.96777344,9743.30273438
2019-07-02,9813.17773438,9811.34472656
2019-07-03,9540.91308594,9539.08007813
2019-07-04,9243.37304688,9241.54003906
2019-07-05,9290.2890625,9288.45605469
2019-07-06,9783.86132813,9782.02832031
2019-07-07,9936.70507813,9934.87207031
2019-07-08,10048.22167969,10046.38867188
2019-07-09,10098.09570313,10096.26269531
2019-07-10,10158.57519531,10156.7421875
2019-07-11,10138.20605469,10136.37304688
2019-07-12,10135.05566406,10133.22265625
2019-07-13,10231.14648438,10229.31347656
2019-07-14,10359.31445313,10357.48144531
2019-07-15,10567.36621094,10565.53320313
2019-07-16,10684.81933594,10682.98632813
2019-07-17,10587.92285156,10586.08984375
2019-07-18,10411.57617188,10409.74316406
2019-07-19,9996.57910156,9994.74609375
2019-07-20,9709.76367188,9707.93066406
2019-07-21,9337.52148438,9326.21679688
2019-07-22,9128.70996094,9126.87695313
2019-07-23,8909.67675781,8907.84375
2019-07-24,8808.26953125,8806.43652344
2019-07-25,8674.69238281,8672.859375
2019-07-26,8573.08007813,8571.24707031
2019-07-27,8538.05859375,8536.22558594
2019-07-28,8435.58886719,8433.75585938
2019-07-29,8378.12011719,8376.28710938
2019-07-30,8292.65527344,8290.82226563
2019-07-31,8294.43652344,8292.60351563
2019-08-01,8227.17578125,8225.34277344
2019-08-02,8120.85498047,8119.02197266
2019-08-03,8112.77880859,8110.94580078
2019-08-04,8071.38818359,8069.55517578
2019-08-05,8001.92285156,8000.08984375
2019-08-06,8026.57519531,8024.7421875
2019-08-07,8016.79589844,8014.96289063
2019-08-08,8052.72021484,8050.88720703
2019-08-09,7953.45214844,7951.61914063
2019-08-10,8037.953125,8036.12011719
2019-08-11,8020.77783203,8018.94482422
2019-08-12,7981.61621094,7979.78320313
2019-08-13,7996.33691406,7992.67089844
2019-08-14,7983.29492188,7981.46191406
2019-08-15,7931.99902344,7930.16601563
2019-08-16,7840.66894531,7838.8359375
2019-08-17,7814.35888672,7812.52587891
2019-08-18,7727.14208984,7725.30908203
2019-08-19,7472.53710938,7470.70410156
2019-08-20,7396.45703125,7394.62402344
2019-08-21,7315.50683594,7313.67382813
2019-08-22,7260.60693359,7258.77392578
2019-08-23,7190.00195313,7188.16894531
2019-08-24,7204.81884766,7202.98583984
2019-08-25,7129.33398438,7127.50097656
2019-08-26,7031.89111328,7030.05810547
2019-08-27,6994.80615234,6992.97314453
2019-08-28,6973.65576172,6971.82324219
2019-08-29,6950.37890625,6948.54589844
2019-08-30,6809.76123047,6807.92822266
2019-08-31,6910.48486328,6908.65185547
2019-09-01,6886.76708984,6884.93408203
2019-09-02,6866.60302734,6864.77001953
2019-09-03,6909.38623047,6907.55322266
2019-09-04,7006.84814453,7005.01513672
2019-09-05,7126.33203125,7124.49902344
2019-09-06,7046.09179688,7044.25878906
2019-09-07,7155.03076172,7153.19824219
2019-09-08,7253.25683594,7251.42382813
2019-09-09,7227.01513672,7225.18212891
2019-09-10,7189.67382813,7187.84082031
2019-09-11,7157.06787109,7155.23486328
2019-09-12,7156.10693359,7154.27392578
2019-09-13,6945.04003906,6943.20703125
2019-09-14,6951.96484375,6950.13183594
2019-09-15,6797.54199219,6795.70898438
2019-09-16,6662.04882813,6660.21582031
2019-09-17,6465.41894531,6463.5859375
2019-09-18,6375.36181641,6373.52880859
2019-09-19,6274.2578125,6272.42480469
2019-09-20,6201.31689453,6199.7890625
2019-09-21,6192.23681641,6188.87695313
2019-09-22,6062.34912109,6060.2109375
2019-09-23,5951.5390625,5748.74609375
2019-09-24,5907.03710938,5589.19580078
2019-09-25,5856.31689453,5559.52880859
2019-09-26,5880.77685547,5620.53808594
2019-09-27,5872.39501953,5653.32910156
2019-09-28,5925.59179688,5848.49023438
2019-09-29,5937.55810547,5908.84082031
2019-09-30,6021.40185547,5994.82324219
2019-10-01,6026.52978516,5999.33984375
2019-10-02,6040.61914063,6013.12402344
2019-10-03,6055.76904297,6029.80175781
2019-10-04,6161.27001953,6131.63623047
2019-10-05,6258.08105469,6227.53076172
2019-10-06,6231.47900391,6201.23388672
2019-10-07,6218.30615234,6188.671875
2019-10-08,6114.02001953,6080.07177734
2019-10-09,6095.2421875,6060.21923828
2019-10-10,6038.43408203,6007.73681641
2019-10-11,5984.625,5955.296875
2019-10-12,5946.34912109,5917.32617188
2019-10-13,5986.02001953,5958.52490234
2019-10-14,5995.63720703,5968.44824219
2019-10-15,5976.01416016,5948.82421875
2019-10-16,5982.6328125,5954.52685547
2019-10-17,6019.21386719,5990.49707031
2019-10-18,6077.07177734,6049.88183594
2019-10-19,6073.80908203,6046.62011719
2019-10-20,6087.77978516,6060.28515625
2019-10-21,6129.56396484,6099.01416016
2019-10-22,6116.40185547,6085.24121094
2019-10-23,6130.78515625,6099.62402344
2019-10-24,6118.0859375,6087.53613281
2019-10-25,6118.41601563,6088.78222656
2019-10-26,6117.68310547,6088.96582031
2019-10-27,6044.68896484,6019.02685547
2019-10-28,6049.82910156,6025.08300781
2019-10-29,6000.38623047,5971.97509766
2019-10-30,6046.35400391,6017.33105469
2019-10-31,6067.12207031,6040.23779297
2019-11-01,6106.09179688,6077.06884766
2019-11-02,6160.22607422,6132.73095703
2019-11-03,6136.52099609,6109.33105469
2019-11-04,6163.18798828,6135.08203125
2019-11-05,6064.4921875,6037.30175781
2019-11-06,6119.02099609,6091.83105469
2019-11-07,6165.29492188,6138.10498047
2019-11-08,6346.26904297,6315.71923828
2019-11-09,6540.38818359,6506.78320313
2019-11-10,6805.49316406,6770.97119141
2019-11-11,6970.78222656,6937.78808594
2019-11-12,7151.70996094,7119.6328125
2019-11-13,7359.875,7326.57519531
2019-11-14,7578.8671875,7545.87304688
2019-11-15,7882.01416016,7849.32519531
2019-11-16,8142.67919922,8110.29589844
2019-11-17,8427.72265625,8396.25585938
2019-11-18,8563.40039063,8534.37695313
2019-11-19,8628.13867188,8597.89453125
2019-11-20,8759.73828125,8729.49414063
2019-11-21,8628.66503906,8598.11523438
2019-11-22,8325.66699219,8294.20019531
2019-11-23,8201.66699219,8171.1171875
2019-11-24,8118.03613281,8075.97314453
2019-11-25,8259.08496094,8226.09082031
2019-11-26,8330.82617188,8302.71972656
2019-11-27,8586.99902344,8553.69921875
2019-11-28,8769.64355469,8735.12207031
2019-11-29,9125.49707031,9092.19824219
2019-11-30,9333.46289063,9299.85839844
2019-12-01,9587.16503906,9548.9765625
2019-12-02,9961.90429688,9924.6328125
2019-12-03,10549.92871094,10516.62890625
2019-12-04,11200.04296875,11166.43847656
2019-12-05,12079.44921875,12005.43066406
2019-12-06,12918.50976563,12881.84960938
2019-12-07,13593.5859375,13556.92578125
2019-12-08,14044.49804688,14007.53222656
2019-12-09,14284.61035156,14247.95019531
2019-12-10,14329.00878906,14292.34863281
2019-12-11,14486.25683594,14456.62304688
2019-12-12,14590.14453125,14547.6796875
2019-12-13,14757.59277344,14713.29492188
2019-12-14,14939.953125,14894.43261719
2019-12-15,15403.05175781,15356.00488281
2019-12-16,16170.78417969,16121.90429688
2019-12-17,17450.13671875,17414.69921875
2019-12-18,18868.453125,18821.40625
2019-12-19,20044.05273438,20003.421875
2019-12-20,20641.25976563,20595.13085938
2019-12-21,21089.13867188,21053.08984375
2019-12-22,21203.68554688,21163.0546875
2019-12-23,21073.01367188,21033.91015625
2019-12-24,20608.91992188,20574.703125
2019-12-25,19919.6796875,19911.43164063
2019-12-26,18952.60546875,18951.078125
2019-12-27,17958.89453125,17957.3671875
2019-12-28,17153.44140625,17151.9140625
2019-12-29,16470.76757813,16467.71289063
2019-12-30,15780.67871094,15777.92871094
2019-12-31,15146.90039063,15145.37207031
2020-01-01,14519.08886719,14517.25585938
2020-01-02,13909.04980469,13907.21679688
2020-01-03,13556.30566406,13554.47265625
2020-01-04,13336.63085938,13333.88085938
2020-01-05,13112.10742188,13110.27441406
2020-01-06,13030.0703125,13028.23730469
2020-01-07,13319.32519531,13317.4921875
2020-01-08,13641.94433594,13640.11132813
2020-01-09,14124.06152344,14120.70117188
2020-01-10,14522.85742188,14520.41308594
2020-01-11,15180.32714844,15178.49414063
2020-01-12,16072.57617188,16045.08105469
2020-01-13,16989.05273438,16961.25195313
2020-01-14,17717.1171875,17703.98242188
2020-01-15,18022.171875,18008.73046875
2020-01-16,17923.2421875,17903.68945313
2020-01-17,17804.84375,17787.125
2020-01-18,17863.02929688,17844.39453125
2020-01-19,17716.20703125,17706.73828125
2020-01-20,17376.87695313,17365.87890625
2020-01-21,16885.00585938,16874.6171875
2020-01-22,16519.42773438,16510.26367188
2020-01-23,16240.90625,16231.43554688
2020-01-24,16145.37792969,16137.74121094
2020-01-25,16099.44921875,16096.69921875
2020-01-26,16318.18164063,16316.34863281
2020-01-27,16588.515625,16572.93359375
2020-01-28,17016.16796875,17001.19726563
2020-01-29,17576.00195313,17559.80859375
2020-01-30,18230.15820313,18217.02148438
2020-01-31,18934.046875,18926.71484375
2020-02-01,19476.38671875,19473.33203125
2020-02-02,19744.30664063,19742.47460938
2020-02-03,20102.10742188,20093.859375
2020-02-04,20404.07617188,20391.85546875
2020-02-05,20705.96289063,20694.04882813
2020-02-06,20978.12695313,20964.68554688
2020-02-07,21233.44140625,21223.359375
2020-02-08,21400.86328125,21399.02929688
2020-02-09,21614.50976563,21612.67578125
2020-02-10,21257.44140625,21240.63867188
2020-02-11,22127.44726563,22114.6171875
2020-02-12,22733.21679688,22720.99609375
2020-02-13,23320.02539063,23304.44335938
2020-02-14,24036.15429688,24024.23828125
2020-02-15,24953.8203125,24951.98632813
2020-02-16,25851.22460938,25849.390625
2020-02-17,26510.3125,26496.86914063
2020-02-18,26963.62890625,26949.57617188
2020-02-19,27319.84375,27307.01367188
2020-02-20,27651.4296875,27638.59765625
2020-02-21,27761.31445313,27751.84375
2020-02-22,27660.51953125,27658.6875
2020-02-23,27438.14648438,27436.3125
2020-02-24,27148.38085938,27139.52148438
2020-02-25,26975.3203125,26953.62890625
2020-02-26,26759.83789063,26740.89648438
2020-02-27,26821.02734375,26806.97460938
2020-02-28,26746.42578125,26741.23242188
2020-02-29,26721.65039063,26710.04101563
2020-03-01,26779.94726563,26778.11328125
2020-03-02,26938.39453125,26921.28710938
2020-03-03,27247.58203125,27229.55859375
2020-03-04,27600.95507813,27588.734375
2020-03-05,28013.74023438,28001.52148438
2020-03-06,28376.23632813,28366.765625
2020-03-07,28666.921875,28665.08789063
2020-03-08,28686.18164063,28684.34960938
2020-03-09,28643.55859375,28629.50585938
2020-03-10,28284.76367188,28269.79492188
2020-03-11,27743.5390625,27726.43164063
2020-03-12,27003.92578125,26991.70507813
2020-03-13,26122.80078125,26115.16210938
2020-03-14,25070.77929688,25068.9453125
2020-03-15,23861.85742188,23860.0234375
2020-03-16,22638.34179688,22627.03710938
2020-03-17,21395.31640625,21383.40234375
2020-03-18,20231.09375,20216.4296875
2020-03-19,19262.578125,19248.52539063
2020-03-20,18510.4375,18498.21679688
2020-03-21,17879.63085938,17862.828125
2020-03-22,17362.91796875,17361.08398438
2020-03-23,17069.61914063,17059.84375
2020-03-24,16896.1953125,16883.97460938
2020-03-25,16787.87890625,16774.4375
2020-03-26,16787.28125,16773.22851563
2020-03-27,16960.11132813,16949.72460938
2020-03-28,17142.06445313,17140.23242188
2020-03-29,17258.66601563,17256.83203125
2020-03-30,17267.32226563,17265.48828125
2020-03-31,17253.61328125,17251.78125
2020-04-01,17093.72460938,17091.890625
2020-04-02,16921.91015625,16920.07617188
2020-04-03,16745.0390625,16743.20703125
2020-04-04,16564.78320313,16562.95117188
2020-04-05,16329.07714844,16327.24414063
2020-04-06,16120.98632813,16119.15332031
2020-04-07,15912.81445313,15910.98144531
2020-04-08,15763.66699219,15761.83398438
2020-04-09,15495.9453125,15494.11230469
2020-04-10,15162.05566406,15160.22265625
2020-04-11,14803.01757813,14801.18457031
2020-04-12,14448.13378906,14446.30078125
2020-04-13,14204.87792969,14203.04492188
2020-04-14,13972.2890625,13970.45605469
2020-04-15,13728.87011719,13727.03710938
2020-04-16,13558.63769531,13556.8046875
2020-04-17,13293.58007813,13291.74707031
2020-04-18,13115.45019531,13113.6171875
2020-04-19,12984.00292969,12982.16992188
2020-04-20,12861.34960938,12859.51660156
2020-04-21,12854.46582031,12852.6328125
2020-04-22,12802.70214844,12800.86914063
2020-04-23,12695.86035156,12694.02734375
2020-04-24,12592.16601563,12590.33300781
2020-04-25,12472.5390625,12470.70605469
2020-04-26,12511.09472656,12509.26171875
2020-04-27,12557.6953125,12555.86230469
2020-04-28,12576.42285156,12574.58984375
2020-04-29,12511.38867188,12509.55566406
2020-04-30,12302.89648438,12301.06347656
2020-05-01,12111.875,12110.04199219
2020-05-02,11923.85546875,11922.02246094
2020-05-03,11776.17871094,11773.4296875
2020-05-04,11476.29296875,11474.45996094
2020-05-05,11253.11621094,11251.28320313
2020-05-06,11022.14746094,11020.31445313
2020-05-07,10794.98828125,10793.15527344
2020-05-08,10645.34667969,10643.51367188
2020-05-09,10481.53808594,10479.70507813
2020-05-10,10335.89453125,10334.06152344
2020-05-11,10200.77148438,10198.93847656
2020-05-12,10206.13867188,10204.30566406
2020-05-13,10334.40429688,10332.57128906
2020-05-14,10430.109375,10428.27636719
2020-05-15,10404.90332031,10403.0703125
2020-05-16,10355.04980469,10353.21679688
2020-05-17,10290.74707031,10288.9140625
2020-05-18,10224.66015625,9731.49121094
2020-05-19,10142.27539063,9638.82714844
2020-05-20,10111.85546875,9824.265625
2020-05-21,10180.07421875,9649.90136719
2020-05-22,10347.9609375,9873.29394531
2020-05-23,10646.67089844,9116.35058594
2020-05-24,10916.21191406,9419.81152344
2020-05-25,10990.53222656,10406.90722656
2020-05-26,11015.72363281,10792.89257813
2020-05-27,11035.6015625,11033.76855469
2020-05-28,11079.59863281,10910.21875
2020-05-29,11033.75585938,10579.64746094
2020-05-30,10984.96875,10714.85351563
2020-05-31,10857.0078125,10855.17480469
2020-06-01,10729.54296875,10727.70996094
2020-06-02,10625.50585938,10623.67285156
2020-06-03,10545.72851563,10543.89648438
2020-06-04,10460.06542969,10458.23242188
2020-06-05,10329.40136719,10327.56835938
2020-06-06,10258.73046875,10256.89746094
2020-06-07,10151.87695313,10150.04394531
2020-06-08,10154.71484375,10152.88183594
2020-06-09,10116.26855469,10114.43554688
2020-06-10,10108.04101563,10106.20800781
2020-06-11,10152.5703125,10150.73730469
2020-06-12,10456.19824219,10452.83789063
2020-06-13,10420.84765625,10402.76074219
2020-06-14,10415.86914063,10407.53417969
2020-06-15,10289.79199219,10287.95898438
2020-06-16,10146.51953125,10144.68652344
2020-06-17,9989.49902344,9987.66601563
2020-06-18,9841.45214844,9839.61914063
2020-06-19,9665.65625,9663.82324219
2020-06-20,9560.484375,9558.65136719
2020-06-21,9393.08007813,9391.24707031
2020-06-22,9234.39746094,9232.56445313
2020-06-23,9010.15820313,9008.32519531
2020-06-24,11272.07128906,11270.23828125
2020-06-25,8798.16699219,8796.33398438
2020-06-26,8856.41015625,8854.57714844
2020-06-27,8819.36035156,8817.52734375
2020-06-28,9387.73144531,9385.8984375
2020-06-29,9635.65917969,9633.82617188
2020-06-30,9505.62792969,9503.79492188
2020-07-01,10042.26855469,10040.43554688
2020-07-02,10511.2578125,10509.42480469
2020-07-03,10816.97167969,10815.13867188
2020-07-04,10819.26074219,10817.42773438
2020-07-05,10734.12207031,10732.2890625
2020-07-06,10524.73242188,10522.89941406
2020-07-07,10413.77636719,10411.94335938
2020-07-08,10242.24121094,10240.71289063
2020-07-09,9986.40917969,9984.88085938
2020-07-10,9638.70214844,9636.56445313
2020-07-11,9312.50878906,9307.62109375
2020-07-12,9021.17089844,9016.28320313
2020-07-13,8748.17089844,8743.28320313
2020-07-14,8513.15625,8507.96289063
2020-07-15,8293.39746094,8286.67578125
2020-07-16,8087.17578125,8080.45507813
2020-07-17,7992.54394531,7986.43408203
2020-07-18,7879.06787109,7875.70800781
2020-07-19,7840.30419922,7836.94287109
2020-07-20,7763.56787109,7760.20703125
2020-07-21,7619.23876953,7615.87792969
2020-07-22,7562.70507813,7559.34521484
2020-07-23,7401.43896484,7398.07910156
2020-07-24,7297.19482422,7293.83398438
2020-07-25,7261.45800781,7258.09716797
2020-07-26,7214.93603516,7212.18603516
2020-07-27,7115.82177734,7114.29394531
2020-07-28,6986.0859375,6984.55810547
2020-07-29,6919.26513672,6917.12695313
2020-07-30,6838.49804688,6835.13818359
2020-07-31,6841.78320313,6838.421875
2020-08-01,6824.41503906,6821.05419922
2020-08-02,6836.94921875,6833.58789063
2020-08-03,6775.38476563,6772.02392578
2020-08-04,6785.86181641,6782.50097656
2020-08-05,6788.31591797,6784.95507813
2020-08-06,6767.34619141,6763.98486328
2020-08-07,6758.3828125,6755.02294922
2020-08-08,6747.87988281,6744.82519531
2020-08-09,6798.90917969,6797.38183594
2020-08-10,6756.37109375,6754.84277344
2020-08-11,6759.27685547,6755.0
2020-08-12,6625.60107422,6621.93505859
2020-08-13,6551.84277344,6547.87109375
2020-08-14,6516.28417969,6510.78515625
2020-08-15,6526.51806641,6524.99023438
2020-08-16,6558.33984375,6556.81298828
2020-08-17,6780.01318359,6774.20800781
2020-08-18,7310.84814453,7307.48681641
2020-08-19,8281.09082031,8233.76953125
2020-08-20,9613.59472656,9610.84570313
2020-08-21,11044.56933594,11042.43066406
2020-08-22,12140.05078125,12137.91210938
2020-08-23,12454.52539063,12452.69238281
2020-08-24,11978.12792969,11974.76757813
2020-08-25,11226.85839844,11223.49804688
2020-08-26,10515.62988281,10512.26953125
2020-08-27,10022.71386719,10019.35351563
2020-08-28,9648.88476563,9645.52539063
2020-08-29,9326.91699219,9323.55566406
2020-08-30,9003.30761719,8999.94824219
2020-08-31,8623.31054688,8620.25585938
2020-09-01,8340.73046875,8339.20214844
2020-09-02,8056.12792969,8054.29492188
2020-09-03,7737.95117188,7736.42285156
2020-09-04,7453.08203125,7451.55517578
2020-09-05,7191.42675781,7189.89990234
2020-09-06,6979.54296875,6978.01513672
2020-09-07,6744.04101563,6742.51416016
2020-09-08,6543.28515625,6541.75683594
2020-09-09,6368.54589844,6366.10205078
2020-09-10,6192.85888672,6189.49804688
2020-09-11,6040.66308594,6038.83007813
2020-09-12,5978.28222656,5976.75488281
2020-09-13,5796.86376953,5773.94921875
2020-09-14,5652.60205078,5372.06396484
2020-09-15,5537.33691406,5242.33300781
2020-09-16,5390.36523438,5135.76806641
2020-09-17,5257.63085938,5010.01318359
2020-09-18,5182.37402344,5047.87011719
2020-09-19,5204.22900391,5202.70117188
2020-09-20,5142.53515625,5141.00683594
2020-09-21,5043.77490234,5042.24707031
2020-09-22,4849.03613281,4847.203125
2020-09-23,4906.64208984,4902.36523438
2020-09-24,4850.66308594,4849.13476563
2020-09-25,4925.23388672,4923.70703125
2020-09-26,4992.09521484,4990.26220703
2020-09-27,5109.43310547,5062.16601563
2020-09-28,5183.34423828,5181.81591797
2020-09-29,5188.12695313,5186.29394531
2020-09-30,5193.89111328,5192.36376953
2020-10-01,5172.35009766,5170.82324219
2020-10-02,5234.77587891,5233.24902344
2020-10-03,5271.07080078,5269.54296875
2020-10-04,5304.64111328,5242.18701172
2020-10-05,5241.05175781,5239.52392578
2020-10-06,5152.06591797,5150.53808594
2020-10-07,5030.51123047,5028.98388672
2020-10-08,4879.30419922,4877.39208984
2020-10-09,4790.41601563,4788.88916016
2020-10-10,4730.95019531,4729.42285156
2020-10-11,4729.16015625,4727.63183594
2020-10-12,4663.58007813,4662.05175781
2020-10-13,4665.97216797,4664.44384766
2020-10-14,4641.89990234,4640.37304688
2020-10-15,4805.6640625,4804.13720703
2020-10-16,4982.73486328,4981.20703125
2020-10-17,5178.55078125,5177.02392578
2020-10-18,5241.35302734,5239.82519531
2020-10-19,5249.96777344,5248.43994141
2020-10-20,5210.27685547,5208.74902344
2020-10-21,5203.51611328,5201.68310547
2020-10-22,5253.54589844,5252.01806641
2020-10-23,5361.15576172,5359.32324219
2020-10-24,5458.00097656,5452.50195313
2020-10-25,5610.95019531,5607.28417969
2020-10-26,5793.52880859,5792.00195313
2020-10-27,6019.19384766,6017.05517578
2020-10-28,6240.23291016,6238.39990234
2020-10-29,6481.76611328,6480.23876953
2020-10-30,6621.07617188,6619.24316406
2020-10-31,6908.39892578,6897.40087891
2020-11-01,7063.48291016,7048.51416016
2020-11-02,7104.08691406,7090.33984375
2020-11-03,7140.51708984,7138.98876953
2020-11-04,7172.01416016,7170.48583984
2020-11-05,7166.37792969,7160.87890625
2020-11-06,7098.26904297,7090.49414063
2020-11-07,6961.60986328,6959.77685547
2020-11-08,6775.40087891,6772.34619141
2020-11-09,6609.45703125,6606.70703125
2020-11-10,6482.82177734,6480.68310547
2020-11-11,6396.12597656,6394.59814453
2020-11-12,6289.21777344,6272.52490234
2020-11-13,6140.12792969,6134.62890625
2020-11-14,6083.55078125,6078.05175781
2020-11-15,6022.89599609,6019.22998047
2020-11-16,6133.17822266,6131.65087891
2020-11-17,6167.17382813,6165.64599609
2020-11-18,6329.40820313,6323.29785156
2020-11-19,6608.85400391,6607.02099609
2020-11-20,6983.15917969,6981.32617188
2020-11-21,7257.58789063,7256.06005859
2020-11-22,7581.50976563,7579.67675781
2020-11-23,7904.47705078,7902.64404297
2020-11-24,8099.02978516,8097.50195313
2020-11-25,7907.35791016,7905.52490234
2020-11-26,7812.52197266,7810.99511719
2020-11-27,7984.83007813,7983.30322266
2020-11-28,8426.25292969,8424.72558594
2020-11-29,8397.42773438,8395.59472656
2020-11-30,8267.95800781,8266.4296875
2020-12-01,7457.51220703,7455.98486328
2020-12-02,6945.86914063,6944.34179688
2020-12-03,6580.06103516,6578.53417969
2020-12-04,6796.79394531,6795.26708984
2020-12-05,6574.57910156,6573.05078125
2020-12-06,7094.12402344,7092.59619141
2020-12-07,7591.6328125,7590.10498047
2020-12-08,8053.68310547,8052.15576172
2020-12-09,7974.73583984,7973.20898438
2020-12-10,7751.40820313,7749.87988281
2020-12-11,8436.41308594,8434.88476563
2020-12-12,9090.52734375,9088.99902344
2020-12-13,9857.78710938,9856.25976563
2020-12-14,10596.71582031,10594.8828125
2020-12-15,11059.11425781,11057.28125
2020-12-16,11903.92285156,11901.78515625
2020-12-17,12067.74707031,12064.08105469
2020-12-18,12890.69921875,12887.95019531
2020-12-19,13088.86816406,13087.34082031
2020-12-20,13622.31347656,13620.78515625
2020-12-21,13614.71289063,13613.18457031
2020-12-22,13435.93652344,13433.49316406
2020-12-23,12911.17089844,12904.14355469
2020-12-24,12714.7890625,12710.20703125
2020-12-25,12574.15917969,12572.63183594
2020-12-26,12533.50585938,12531.97851563
2020-12-27,12492.84863281,12491.32128906
2020-12-28,12480.86816406,12479.34082031
2020-12-29,12461.62109375,12459.78808594
2020-12-30,12824.44335938,12822.61035156
2020-12-31,13216.64453125,13214.81152344
2021-01-01,13779.828125,13777.98632813
2021-01-02,14347.54199219,14345.69921875
2021-01-03,14822.08398438,14820.24121094
2021-01-04,15173.58007813,15171.73828125
2021-01-05,15513.07226563,15511.22851563
2021-01-06,15855.02148438,15853.17773438
2021-01-07,16046.86132813,16045.01757813
2021-01-08,16236.85546875,16235.01269531
2021-01-09,16083.2890625,16081.44628906
2021-01-10,15696.51953125,15694.67773438
2021-01-11,15352.55078125,15350.70800781
2021-01-12,14937.63964844,14935.79785156
2021-01-13,14659.20703125,14657.36523438
2021-01-14,14671.359375,14669.82324219
2021-01-15,14484.22265625,14482.68847656
2021-01-16,14366.04394531,14364.20214844
2021-01-17,14608.88867188,14606.73925781
2021-01-18,15502.62304688,15500.47265625
2021-01-19,16888.25585938,16886.10742188
2021-01-20,19184.41210938,19182.26171875
2021-01-21,21894.49414063,21890.80859375
2021-01-22,23563.72070313,23561.87695313
2021-01-23,23726.81640625,23724.97460938
2021-01-24,23867.2265625,23865.38476563
2021-01-25,23681.31835938,23679.4765625
2021-01-26,23332.91992188,23331.07617188
2021-01-27,22960.96875,22959.12695313
2021-01-28,21872.0859375,21870.24414063
2021-01-29,20370.35351563,20368.51171875
2021-01-30,19484.93164063,19483.08789063
2021-01-31,19907.6796875,19905.83789063
2021-02-01,21080.06640625,21078.22265625
2021-02-02,21258.13476563,21256.29296875
2021-02-03,20400.41601563,20398.57226563
2021-02-04,19298.72265625,19296.88085938
2021-02-05,18061.24414063,18059.40234375
2021-02-06,17039.66796875,17037.82421875
2021-02-07,16065.88085938,16064.03808594
2021-02-08,15261.49414063,15259.65136719
2021-02-09,14718.83984375,14716.99707031
2021-02-10,14429.546875,14427.70410156
2021-02-11,14246.90332031,14245.05957031
2021-02-12,14203.39453125,14201.55273438
2021-02-13,14275.03613281,14273.19335938
2021-02-14,14515.26855469,14513.42675781
2021-02-15,14872.41992188,14870.578125
2021-02-16,15237.22460938,15234.76855469
2021-02-17,15547.20703125,15542.90820313
2021-02-18,15959.75488281,15957.91210938
2021-02-19,16218.48535156,16216.64160156
2021-02-20,16393.74804688,16391.90429688
2021-02-21,16473.6328125,16471.79101563
2021-02-22,16498.32617188,16496.484375
2021-02-23,16463.68945313,16461.84765625
2021-02-24,16401.48632813,16399.64453125
2021-02-25,16241.73632813,16239.89257813
2021-02-26,15960.44042969,15958.59667969
2021-02-27,15623.19238281,15621.34863281
2021-02-28,15373.7734375,15371.9296875
2021-03-01,15215.87792969,15214.03613281
2021-03-02,15129.70214844,15126.93945313
2021-03-03,15283.28222656,15281.44042969
2021-03-04,16013.84082031,16011.99902344
2021-03-05,17069.08789063,17067.24414063
2021-03-06,17835.17578125,17833.33203125
2021-03-07,18106.15625,18104.31445313
2021-03-08,18214.56054688,18212.71875
2021-03-09,18261.265625,18259.421875
2021-03-10,18194.0078125,18192.1640625
2021-03-11,17866.859375,17865.015625
2021-03-12,17433.703125,17431.86132813
2021-03-13,17013.6015625,17011.75976563
2021-03-14,16637.9140625,16636.07226563
2021-03-15,16369.13378906,16367.29199219
2021-03-16,16105.34667969,16103.50488281
2021-03-17,15972.75,15970.90820313
2021-03-18,16143.82128906,16141.97753906
2021-03-19,16014.77246094,16012.9296875
2021-03-20,15510.45410156,15508.61230469
2021-03-21,15227.67871094,15225.8359375
2021-03-22,15053.41308594,15051.57128906
2021-03-23,14908.33984375,14906.49804688
2021-03-24,14707.87402344,14706.03222656
2021-03-25,14355.46582031,14353.62304688
2021-03-26,13921.65722656,13919.81445313
2021-03-27,13453.7578125,13451.91601563
2021-03-28,12971.42871094,12969.58691406
2021-03-29,12512.31738281,12510.47363281
2021-03-30,12043.29296875,12041.45117188
2021-03-31,11617.47363281,11615.63183594
2021-04-01,11198.16992188,11195.40625
2021-04-02,10837.94628906,10833.03320313
2021-04-03,10480.22460938,10476.84667969
2021-04-04,10169.35351563,10167.81933594
2021-04-05,9929.36328125,9927.51953125
2021-04-06,9703.3828125,9688.94921875
2021-04-07,9554.09082031,9542.72753906
2021-04-08,9456.01855469,9449.87695313
2021-04-09,9458.77832031,9455.09277344
2021-04-10,9451.32226563,9449.47851563
2021-04-11,9446.22167969,9442.84375
2021-04-12,9393.37792969,9388.15722656
2021-04-13,9319.23925781,9317.703125
2021-04-14,9266.63769531,9264.79589844
2021-04-15,9213.08105469,9211.23828125
2021-04-16,9117.29199219,9115.45019531
2021-04-17,9070.19238281,9068.34863281
2021-04-18,8873.92871094,8869.62988281
2021-04-19,8689.64746094,8685.34765625
2021-04-20,8466.7890625,8463.71777344
2021-04-21,8254.41601563,8252.57421875
2021-04-22,8160.05908203,8157.90917969
2021-04-23,8072.56494141,8067.34423828
2021-04-24,8044.35693359,8040.97900391
2021-04-25,8087.97412109,8085.20996094
2021-04-26,8181.60205078,8178.83789063
2021-04-27,8090.71191406,8087.94824219
2021-04-28,7965.6328125,7962.86914063
2021-04-29,7809.94384766,7807.18017578
2021-04-30,7683.19384766,7680.43017578
2021-05-01,7601.70800781,7598.94384766
2021-05-02,7493.62304688,7490.85888672
2021-05-03,7404.36181641,7401.59912109
2021-05-04,7309.11621094,7306.35205078
2021-05-05,7234.27099609,7230.58496094
2021-05-06,7147.63476563,7144.25683594
2021-05-07,7103.43310547,7100.97607422
2021-05-08,7025.35693359,7023.51513672
2021-05-09,7003.25292969,7001.41015625
2021-05-10,6989.19384766,6986.12304688
2021-05-11,6917.76318359,6914.69189453
2021-05-12,6838.79003906,6837.25390625
2021-05-13,6789.01611328,6787.17382813
2021-05-14,6798.83789063,6796.99609375
2021-05-15,6791.32421875,6789.7890625
2021-05-16,6764.98388672,6761.60498047
2021-05-17,6733.20507813,6730.44091797
2021-05-18,6725.11914063,6722.97021484
2021-05-19,6718.21484375,6716.06591797
2021-05-20,6724.48486328,6722.33496094
2021-05-21,6730.203125,6728.36083984
2021-05-22,6753.05615234,6751.21386719
2021-05-23,6794.98583984,6793.14306641
2021-05-24,6879.90478516,6878.06201172
2021-05-25,6953.16894531,6947.94921875
2021-05-26,7031.53320313,7023.85595703
2021-05-27,7102.80810547,7099.73681641
2021-05-28,7214.18408203,7205.89306641
2021-05-29,7257.72119141,7255.87792969
2021-05-30,7356.40087891,7354.55810547
2021-05-31,7484.12597656,7481.66894531
2021-06-01,7608.64697266,7605.26904297
2021-06-02,7638.47119141,7635.39990234
2021-06-03,7651.68212891,7648.61083984
2021-06-04,7645.26416016,7641.88623047
2021-06-05,7578.02392578,7574.64599609
2021-06-06,7470.92382813,7466.00976563
2021-06-07,7419.63378906,7417.79199219
2021-06-08,7384.54199219,7382.70019531
2021-06-09,7332.70996094,7330.86816406
2021-06-10,7385.85595703,7383.09179688
2021-06-11,7472.28613281,7470.44384766
2021-06-12,7423.56591797,7421.72412109
2021-06-13,7403.02685547,7401.18408203
2021-06-14,7430.93115234,7429.08886719
2021-06-15,7454.99023438,7453.45410156
2021-06-16,7490.01611328,7487.25195313
2021-06-17,7464.69384766,7462.85205078
2021-06-18,7433.44580078,7431.91015625
2021-06-19,7396.65917969,7395.12402344
2021-06-20,7362.84423828,7361.30908203
2021-06-21,7305.26123047,7303.72607422
2021-06-22,7227.32324219,7225.78808594
2021-06-23,7115.66699219,7112.90283203
2021-06-24,7030.79882813,7029.26318359
2021-06-25,6998.40722656,6996.87109375
2021-06-26,7005.10791016,7003.57324219
2021-06-27,6999.46191406,6997.92675781
2021-06-28,6878.97509766,6877.43994141
2021-06-29,6812.71679688,6811.18212891
2021-06-30,6738.34912109,6736.81396484
2021-07-01,6660.84619141,6659.31103516
2021-07-02,6588.04589844,6586.50976563
2021-07-03,6504.57910156,6503.04394531
2021-07-04,6448.90722656,6447.37109375
2021-07-05,6406.45117188,6404.91503906
2021-07-06,6348.53613281,6347.00097656
2021-07-07,6297.98193359,6296.44677734
2021-07-08,6245.63818359,6243.79492188
2021-07-09,6204.31201172,6202.46923828
2021-07-10,6128.01611328,6126.17285156
2021-07-11,6094.68896484,6092.84716797
2021-07-12,6013.77783203,6011.93603516
2021-07-13,5980.60986328,5978.76806641
2021-07-14,5931.18798828,5929.34619141
2021-07-15,5903.43505859,5901.59277344
2021-07-16,5882.10205078,5880.25976563
2021-07-17,6013.88183594,6012.04003906
2021-07-18,6030.78808594,6028.94580078
2021-07-19,6016.7421875,6014.89892578
2021-07-20,5931.53076172,5929.68798828
2021-07-21,5906.80078125,5904.95898438
2021-07-22,5899.00292969,5897.16015625
2021-07-23,5867.58300781,5865.74023438
2021-07-24,5858.8828125,5857.04003906
2021-07-25,5837.12207031,5818.69580078
2021-07-26,5751.64599609,5749.80419922
2021-07-27,5684.42822266,5682.5859375
2021-07-28,5592.69677734,5590.85498047
2021-07-29,5533.10791016,5531.26611328
2021-07-30,5476.01220703,5473.86181641
2021-07-31,5474.95996094,5472.81005859
2021-08-01,5453.14501953,5450.68798828
2021-08-02,5451.828125,5449.37207031
2021-08-03,5464.55419922,5462.09814453
2021-08-04,5434.04199219,5431.58496094
2021-08-05,5456.10693359,5453.95703125
2021-08-06,5486.33398438,5484.4921875
2021-08-07,5517.68408203,5515.84082031
2021-08-08,5553.87792969,5552.03613281
2021-08-09,5547.11621094,5545.27294922
2021-08-10,5544.95507813,5543.11279297
2021-08-11,5543.62890625,5541.78613281
2021-08-12,5530.49316406,5528.64990234
2021-08-13,5486.73681641,5484.89404297
2021-08-14,5444.52490234,5442.68212891
2021-08-15,5438.44091797,5436.59814453
2021-08-16,5369.05908203,5367.21679688
2021-08-17,5359.69824219,5357.85595703
2021-08-18,5363.27587891,5361.43310547
2021-08-19,5336.40820313,5334.56591797
2021-08-20,5291.09716797,5289.25488281
2021-08-21,5275.20605469,5265.37890625
2021-08-22,5220.03515625,5209.89990234
2021-08-23,5185.99023438,5176.77685547
2021-08-24,5159.77099609,5157.92822266
2021-08-25,5142.42822266,5140.5859375
2021-08-26,5121.55322266,5119.70996094
2021-08-27,5144.71289063,5142.87109375
2021-08-28,5159.46777344,5157.62597656
2021-08-29,5209.98681641,5208.14404297
2021-08-30,5171.61279297,5169.77001953
2021-08-31,5140.06298828,5138.22119141
2021-09-01,5172.04492188,5167.43896484
2021-09-02,5223.88916016,5220.81787109
2021-09-03,5267.82324219,5265.98095703
2021-09-04,5283.9609375,5282.11816406
2021-09-05,5272.0859375,5270.24414063
2021-09-06,5250.32177734,5248.47998047
2021-09-07,5252.08398438,5250.24121094
2021-09-08,5210.86816406,5209.33203125
2021-09-09,5156.8671875,5155.33105469
2021-09-10,5149.42382813,5147.88916016
2021-09-11,5119.06396484,5117.52880859
2021-09-12,5058.04101563,5056.19824219
2021-09-13,5024.69824219,5022.85498047
2021-09-14,4997.0,4995.15722656
2021-09-15,5004.06982422,5002.22705078
2021-09-16,5024.87695313,5023.03515625
2021-09-17,5042.86181641,5041.02001953
2021-09-18,5065.68701172,5063.84521484
2021-09-19,5116.03076172,5114.18896484
2021-09-20,5132.51708984,5130.67480469
2021-09-21,5167.94824219,5166.10498047
2021-09-22,5188.07910156,5186.54296875
2021-09-23,5148.73583984,5147.20019531
2021-09-24,5127.72900391,5125.88623047
2021-09-25,4969.35986328,4967.51806641
2021-09-26,4978.86523438,4977.02197266
2021-09-27,4924.05322266,4922.20996094
2021-09-28,4885.62109375,4883.77783203
2021-09-29,4850.6328125,4848.79101563
2021-09-30,4832.05175781,4830.20898438
2021-10-01,4799.80810547,4797.96582031
2021-10-02,4772.57177734,4623.66894531
2021-10-03,4881.3359375,4660.25390625
2021-10-04,5671.33984375,5451.87695313
2021-10-05,6594.08984375,6374.01318359
2021-10-06,7603.296875,7288.43408203
2021-10-07,8255.76074219,7896.38916016
2021-10-08,8581.02441406,8217.50878906
2021-10-09,8822.22167969,8425.6015625
2021-10-10,9454.28027344,9039.18652344
2021-10-11,9720.69921875,9320.69726563
2021-10-12,9571.71679688,9217.61425781
2021-10-13,9477.98242188,9112.359375
2021-10-14,9806.94238281,9463.09960938
2021-10-15,10691.76074219,10350.43847656
2021-10-16,11763.69824219,11504.45507813
2021-10-17,12919.62011719,12709.69824219
2021-10-18,13948.06835938,13831.86132813
2021-10-19,13853.109375,13672.29296875
2021-10-20,13430.99316406,13228.04589844
2021-10-21,13168.015625,12893.52539063
2021-10-22,12973.21289063,12753.20996094
2021-10-23,12691.56640625,11998.51367188
2021-10-24,12788.10839844,12683.66503906
2021-10-25,13276.47558594,13111.55273438
2021-10-26,14002.29296875,13869.76953125
2021-10-27,14402.7265625,14238.34472656
2021-10-28,14231.25390625,14143.91113281
2021-10-29,13841.95214844,13643.18945313
2021-10-30,13366.50878906,13278.98632813
2021-10-31,12927.98730469,12926.14355469
2021-11-01,12470.9140625,12469.07128906
2021-11-02,12112.38183594,12110.84667969
2021-11-03,11881.83984375,11880.30371094
2021-11-04,11766.34472656,11764.80859375
2021-11-05,11584.70214844,11583.16601563
2021-11-06,11434.17675781,11432.64160156
2021-11-07,11345.015625,11343.48144531
2021-11-08,11183.04003906,11181.19824219
2021-11-09,11059.0234375,11057.18066406
2021-11-10,10881.62402344,10880.08886719
2021-11-11,10755.70117188,10754.16503906
2021-11-12,10689.23925781,10687.70410156
2021-11-13,10604.21679688,10602.68164063
2021-11-14,10320.20214844,10318.66699219
2021-11-15,10122.84570313,10121.31054688
2021-11-16,10075.83105469,10074.29589844
2021-11-17,10197.40234375,10195.25195313
2021-11-18,10189.87792969,10188.34179688
2021-11-19,10271.11816406,10269.27539063
2021-11-20,10506.05078125,10504.20800781
2021-11-21,10727.98535156,10718.77246094
2021-11-22,11036.81152344,11034.96972656
2021-11-23,11364.38183594,11362.5390625
2021-11-24,11636.57910156,11634.73632813
2021-11-25,11773.17089844,11725.37597656
2021-11-26,11932.63964844,11884.53808594
2021-11-27,12017.93261719,12011.79101563
2021-11-28,11955.93554688,11952.86523438
2021-11-29,11923.88183594,11921.42480469
2021-11-30,11933.41210938,11931.56933594
2021-12-01,11996.15039063,11991.84960938
2021-12-02,11939.1484375,11930.24316406
2021-12-03,11722.41113281,11668.82324219
2021-12-04,11470.73925781,11459.99121094
2021-12-05,11252.30078125,11238.17382813
2021-12-06,11024.14941406,11019.84960938
2021-12-07,10727.88378906,10726.04101563
2021-12-08,10581.42675781,10579.58496094
2021-12-09,10446.00878906,10444.16699219
2021-12-10,10195.2578125,10193.41503906
2021-12-11,9911.90722656,9910.06445313
2021-12-12,9689.10058594,9687.2578125
2021-12-13,9514.73632813,9512.89355469
2021-12-14,9539.78320313,9537.94042969
2021-12-15,9640.734375,9638.89160156
2021-12-16,9838.93652344,9837.09472656
2021-12-17,10163.50585938,10161.66308594
2021-12-18,10584.49511719,10577.125
2021-12-19,11110.42480469,11000.96289063
2021-12-20,11786.05664063,11780.22167969
2021-12-21,12585.75878906,12577.16015625
2021-12-22,13384.95605469,13376.04980469
2021-12-23,14081.37988281,14079.23046875
2021-12-24,14558.93164063,14557.08886719
2021-12-25,14893.19433594,14891.35058594
2021-12-26,15097.88769531,15096.04589844
2021-12-27,15096.45605469,15094.61425781
2021-12-28,14948.15429688,14946.31054688
2021-12-29,14588.64160156,14586.79980469
2021-12-30,14074.97363281,14073.13085938
2021-12-31,13566.78320313,13564.94042969
2022-01-01,13659.4140625,13648.97167969
2022-01-02,13371.07519531,13369.23242188
2022-01-03,13285.69726563,13283.85351563
2022-01-04,13367.66503906,13365.82324219
2022-01-05,13562.54980469,13560.70800781
2022-01-06,13947.30175781,13945.45996094
2022-01-07,14503.9921875,14502.15039063
2022-01-08,15457.35839844,15455.515625
2022-01-09,16708.47460938,16706.63085938
2022-01-10,18014.48828125,18012.64648438
2022-01-11,19117.66796875,19115.82421875
2022-01-12,20358.12109375,20356.27929688
2022-01-13,21647.75195313,21645.90820313
2022-01-14,22925.12890625,22923.28515625
2022-01-15,23901.97851563,23900.13671875
2022-01-16,24470.77929688,24468.93554688
2022-01-17,24801.19335938,24799.34960938
2022-01-18,25001.234375,24999.390625
2022-01-19,25084.06835938,25075.77734375
2022-01-20,25000.84960938,24990.71679688
2022-01-21,24731.55273438,24721.72460938
2022-01-22,24210.49609375,24200.9765625
2022-01-23,23436.38671875,23426.86523438
2022-01-24,22438.30273438,22431.546875
2022-01-25,21394.65625,21387.90039063
2022-01-26,20502.94921875,20495.88476563
2022-01-27,19768.36132813,19759.45507813
2022-01-28,19128.4140625,19114.28710938
2022-01-29,18513.81445313,18505.21484375
2022-01-30,18150.26757813,18140.43945313
2022-01-31,17749.67773438,17717.73828125
2022-02-01,17677.62109375,17650.2890625
2022-02-02,18193.7734375,18160.9140625
2022-02-03,18954.51367188,18918.58203125
2022-02-04,19855.83007813,19812.8359375
2022-02-05,20866.609375,20835.59375
2022-02-06,22042.53710938,22011.21289063
2022-02-07,23025.61328125,22992.75390625
2022-02-08,24252.37890625,24237.94335938
2022-02-09,25431.04296875,25414.45703125
2022-02-10,26487.82617188,26479.84179688
2022-02-11,27177.10351563,27168.19726563
2022-02-12,27551.21484375,27532.78710938
2022-02-13,27654.83789063,27634.5703125
2022-02-14,27679.45703125,27659.49609375
2022-02-15,27663.29492188,27636.57617188
2022-02-16,27581.4375,27566.69726563
2022-02-17,27432.62304688,27423.71875
2022-02-18,27220.84765625,27211.94140625
2022-02-19,26963.77148438,26954.86523438
2022-02-20,26607.2421875,26593.42382813
2022-02-21,26065.93945313,26056.41992188
2022-02-22,25428.58984375,25419.68359375
2022-02-23,24725.078125,24715.86523438
2022-02-24,24075.02148438,24065.80859375
2022-02-25,23408.78515625,23399.87890625
2022-02-26,22658.10742188,22649.20117188
2022-02-27,21886.11914063,21876.90625
2022-02-28,21123.1640625,21113.95117188
2022-03-01,20452.24414063,20436.88867188
2022-03-02,19892.93359375,19874.19921875
2022-03-03,19263.92382813,19245.18945313
2022-03-04,18694.81640625,18676.08203125
2022-03-05,18101.02929688,18087.2109375
2022-03-06,17529.86523438,17520.9609375
2022-03-07,16897.703125,16888.79882813
2022-03-08,16309.67382813,16300.76757813
2022-03-09,15732.58300781,15723.67675781
2022-03-10,15229.65234375,15220.74609375
2022-03-11,14806.71484375,14797.80859375
2022-03-12,14445.59765625,14436.69238281
2022-03-13,14442.53710938,14432.40332031
2022-03-14,14456.34179688,14437.30175781
2022-03-15,14560.51269531,14537.48144531
2022-03-16,14672.27246094,14659.37402344
2022-03-17,15054.05371094,15041.15625
2022-03-18,15444.81347656,15432.8359375
2022-03-19,15883.90039063,15872.84472656
2022-03-20,16280.57714844,16271.97753906
2022-03-21,16522.35742188,16512.22265625
2022-03-22,16836.79882813,16824.20703125
2022-03-23,17131.52148438,17120.15820313
2022-03-24,17214.18164063,17205.27539063
2022-03-25,17381.82617188,17372.921875
2022-03-26,17525.30859375,17509.33984375
2022-03-27,17195.796875,17174.91210938
2022-03-28,16679.49609375,16665.984375
2022-03-29,16016.38378906,16001.02929688
2022-03-30,15411.44042969,15395.47070313
2022-03-31,14944.76660156,14932.48339844
2022-04-01,14657.84082031,14650.46972656
2022-04-02,14339.70605469,14334.79199219
2022-04-03,14089.35546875,14083.21289063
2022-04-04,14016.09667969,14010.26171875
2022-04-05,14038.3515625,14036.50878906
2022-04-06,13957.55957031,13955.71679688
2022-04-07,13823.9140625,13822.07128906
2022-04-08,13629.74023438,13627.8984375
2022-04-09,13430.6328125,13428.79101563
2022-04-10,13169.3203125,13167.47753906
2022-04-11,12879.1953125,12877.35253906
2022-04-12,12831.7109375,12829.86914063
2022-04-13,13957.72753906,13955.88476563
2022-04-14,14676.71191406,14674.86914063
2022-04-15,14548.77539063,14546.93164063
2022-04-16,14325.12011719,14323.27832031
2022-04-17,14034.91601563,14032.15234375
2022-04-18,13712.27832031,13710.43457031
2022-04-19,13400.22265625,13398.37988281
2022-04-20,13041.66113281,13039.81835938
2022-04-21,12708.46679688,12706.62402344
2022-04-22,12363.40917969,12361.56738281
2022-04-23,12154.41699219,12152.57421875
2022-04-24,12237.80761719,12235.96484375
2022-04-25,12316.16796875,12314.32617188
2022-04-26,11955.82910156,11953.98632813
2022-04-27,11533.94824219,11532.10644531
2022-04-28,11237.27929688,11235.43554688
2022-04-29,10897.49511719,10895.65234375
2022-04-30,10488.16992188,10486.32714844
2022-05-01,10206.11914063,10204.27734375
2022-05-02,9955.87109375,9954.02929688
2022-05-03,9766.80078125,9764.95898438
2022-05-04,9796.57714844,9794.73535156
2022-05-05,9839.5,9837.65820313
2022-05-06,9736.20996094,9734.3671875
2022-05-07,9578.82617188,9576.984375
2022-05-08,9440.51757813,9435.91113281
2022-05-09,9370.37304688,9368.53125
2022-05-10,9282.703125,9280.86132813
2022-05-11,9235.56542969,9233.72167969
2022-05-12,9174.92675781,9173.08496094
2022-05-13,9062.38183594,9060.5390625
2022-05-14,8951.20800781,8949.36621094
2022-05-15,9205.73632813,9203.89257813
2022-05-16,9368.48242188,9366.63964844
2022-05-17,9300.71777344,9284.74902344
2022-05-18,9302.29101563,9288.77832031
2022-05-19,9363.92285156,9355.63183594
2022-05-20,9392.61914063,9387.70605469
2022-05-21,9427.3984375,9416.65039063
2022-05-22,9433.70800781,9429.40917969
2022-05-23,9438.54980469,9433.63671875
2022-05-24,9411.15820313,9401.9453125
2022-05-25,9316.02539063,9311.72558594
2022-05-26,9186.72363281,9182.1171875
2022-05-27,9043.27246094,9038.97265625
2022-05-28,8883.82421875,8880.44628906
2022-05-29,8738.21582031,8736.37304688
2022-05-30,8629.16113281,8627.31835938
2022-05-31,8673.1953125,8670.73828125
2022-06-01,8759.62890625,8754.71484375
2022-06-02,8835.09277344,8828.03027344
2022-06-03,9372.46875,9368.4765625
2022-06-04,10129.99902344,10125.08496094
2022-06-05,10265.37402344,10259.84667969
2022-06-06,10069.453125,10065.15429688
2022-06-07,10103.18261719,10100.11230469
2022-06-08,10169.49316406,10164.2734375
2022-06-09,10225.65527344,10218.89941406
2022-06-10,10351.49511719,10346.88867188
2022-06-11,10514.046875,10512.51171875
2022-06-12,10656.71679688,10655.18066406
2022-06-13,10931.02246094,10929.17871094
2022-06-14,11016.48144531,11014.63867188
2022-06-15,10866.38183594,10864.5390625
2022-06-16,10659.77636719,10657.93261719
2022-06-17,10438.34277344,10436.50097656
2022-06-18,10279.79882813,10277.95703125
2022-06-19,10150.36230469,10148.51953125
2022-06-20,10101.59960938,10099.75683594
2022-06-21,10077.96972656,10076.12792969
2022-06-22,10088.27636719,10086.43261719
2022-06-23,9987.625,9985.78222656
2022-06-24,9820.73242188,9818.88867188
2022-06-25,9626.06445313,9624.22070313
2022-06-26,9395.0703125,9393.53417969
2022-06-27,9161.18457031,9155.34960938
2022-06-28,8911.07324219,8908.00195313
2022-06-29,8697.29199219,8694.44824219
2022-06-30,8499.38867188,8497.85351563
2022-07-01,8342.86621094,8341.33007813
2022-07-02,8194.51367188,8188.98583984
2022-07-03,8061.27783203,8059.43603516
2022-07-04,7966.68603516,7963.61523438
2022-07-05,7896.87011719,7894.10595703
2022-07-06,7800.15087891,7798.61621094
2022-07-07,7700.81396484,7697.43603516
2022-07-08,7607.99414063,7605.84423828
2022-07-09,7543.93701172,7541.78710938
2022-07-10,7464.89404297,7461.51611328
2022-07-11,7400.53808594,7398.38818359
2022-07-12,7319.11083984,7317.57617188
2022-07-13,7235.32519531,7232.25390625
2022-07-14,7203.99707031,7200.61914063
2022-07-15,7146.15478516,7144.00488281
2022-07-16,7078.99804688,7077.46191406
2022-07-17,7004.19384766,7002.65820313
2022-07-18,6943.08886719,6940.6328125
2022-07-19,6947.85595703,6943.55615234
2022-07-20,6885.85888672,6882.78808594
2022-07-21,6820.33105469,6817.56689453
2022-07-22,6798.70410156,6796.24707031
2022-07-23,6759.35595703,6757.20605469
2022-07-24,6705.76904297,6703.31298828
2022-07-25,6665.35107422,6662.27978516
2022-07-26,6632.06298828,6628.9921875
2022-07-27,6588.31787109,6585.24707031
2022-07-28,6548.00390625,6544.93310547
2022-07-29,6508.07324219,6505.30908203
2022-07-30,6436.19384766,6433.43017578
2022-07-31,6400.55322266,6397.48193359
2022-08-01,6381.02783203,6376.11523438
2022-08-02,6328.36914063,6326.52685547
2022-08-03,6304.39404297,6302.85888672
2022-08-04,6292.23583984,6290.39306641
2022-08-05,6276.31884766,6274.47705078
2022-08-06,6240.97607422,6239.1328125
2022-08-07,6262.02197266,6258.64404297
2022-08-08,6329.72900391,6326.96484375
2022-08-09,6360.39306641,6356.70800781
2022-08-10,6400.92822266,6399.08496094
2022-08-11,6489.00585938,6487.16308594
2022-08-12,6643.55712891,6641.71386719
2022-08-13,6930.06982422,6928.22802734
2022-08-14,7177.77978516,7175.93701172
2022-08-15,7281.16601563,7279.32324219
2022-08-16,7273.18603516,7271.03613281
2022-08-17,7696.27197266,7692.89404297
2022-08-18,8299.4453125,8296.06738281
2022-08-19,9231.34960938,9229.81445313
2022-08-20,9606.61816406,9604.77636719
2022-08-21,9732.84570313,9731.00390625
2022-08-22,9847.67578125,9845.83300781
2022-08-23,9679.37011719,9675.68359375
2022-08-24,9391.12109375,9388.66503906
2022-08-25,9004.58496094,9002.74316406
2022-08-26,8548.21484375,8546.37207031
2022-08-27,8111.87207031,8109.10791016
2022-08-28,7741.69677734,7739.85498047
2022-08-29,7440.68505859,7439.14892578
2022-08-30,7201.58789063,7200.05322266
2022-08-31,6997.91992188,6996.38378906
2022-09-01,6792.90283203,6791.3671875
2022-09-02,6552.15820313,6550.62207031
2022-09-03,6361.26220703,6359.72705078
2022-09-04,6238.88720703,6234.27978516
2022-09-05,6152.52685547,6148.84179688
2022-09-06,6077.23486328,6075.69921875
2022-09-07,6075.52587891,6073.99121094
2022-09-08,6100.60986328,6098.45996094
2022-09-09,6220.62304688,6217.24511719
2022-09-10,6309.25292969,6306.48876953
2022-09-11,6416.56591797,6415.02978516
2022-09-12,6742.93115234,6741.39599609
2022-09-13,6935.63476563,6934.10009766
2022-09-14,7195.72314453,7194.18798828
2022-09-15,7082.93505859,7081.39892578
2022-09-16,7064.55419922,7063.01806641
2022-09-17,6995.98193359,6994.44677734
2022-09-18,7103.52880859,7101.99316406
2022-09-19,7170.59277344,7169.05810547
2022-09-20,7247.2421875,7245.35595703
2022-09-21,7488.53808594,7487.00195313
2022-09-22,7917.625,7914.16015625
2022-09-23,8237.28222656,8234.38574219
2022-09-24,8566.04785156,8564.20507813
2022-09-25,9175.49804688,9173.65527344
2022-09-26,9509.65429688,9507.81054688
2022-09-27,9907.9609375,9906.11914063
2022-09-28,10807.06347656,10805.21972656
2022-09-29,11849.46679688,11847.62402344
2022-09-30,12566.83300781,12564.99121094
2022-10-01,12777.32714844,12775.484375
2022-10-02,12629.41503906,12625.11621094
2022-10-03,12567.95898438,12566.1171875
2022-10-04,12377.26269531,12375.42089844
2022-10-05,12101.67382813,12099.83203125
2022-10-06,12051.55859375,12049.71582031
2022-10-07,12487.82519531,12485.98242188
2022-10-08,12951.48242188,12949.63867188
2022-10-09,13241.27246094,13239.42871094
2022-10-10,13447.61523438,13445.7734375
2022-10-11,13467.86230469,13466.01953125
2022-10-12,14666.79296875,14664.95117188
2022-10-13,16019.62988281,16017.78808594
2022-10-14,16432.72070313,16430.87890625
2022-10-15,16467.23046875,16465.38671875
2022-10-16,15518.97753906,15506.08007813
2022-10-17,14551.29492188,14549.45214844
2022-10-18,13747.98339844,13746.13964844
2022-10-19,13249.46484375,13247.62207031
2022-10-20,12669.81445313,12667.97167969
2022-10-21,12873.91894531,12872.07617188
2022-10-22,13742.31835938,13740.78320313
2022-10-23,14141.72070313,14140.18554688
2022-10-24,13849.62695313,13848.09179688
2022-10-25,13209.49023438,13207.95507813
2022-10-26,12446.87402344,12445.33886719
2022-10-27,11657.15234375,11655.30859375
2022-10-28,10965.078125,10958.93554688
2022-10-29,10376.39453125,10373.63085938
2022-10-30,10013.57519531,10011.42480469
2022-10-31,9833.17773438,9828.87890625
2022-11-01,10948.82910156,10946.98632813
2022-11-02,12745.29199219,12743.75683594
2022-11-03,13553.91894531,13549.92675781
2022-11-04,13413.38574219,13407.85839844
2022-11-05,13229.45117188,13227.91503906
2022-11-06,12665.86621094,12664.33007813
2022-11-07,11922.93164063,11921.08984375
2022-11-08,11143.67382813,11142.13769531
2022-11-09,10506.48535156,10504.95019531
2022-11-10,9961.42773438,9959.89160156
2022-11-11,9583.04492188,9581.50976563
2022-11-12,9292.11230469,9281.36425781
2022-11-13,9241.44921875,9239.91308594
2022-11-14,10043.68164063,10041.83886719
2022-11-15,10534.58886719,10524.76171875
2022-11-16,10156.07226563,10150.23730469
2022-11-17,9582.48632813,9577.57324219
2022-11-18,9296.296875,9294.45507813
2022-11-19,9165.30273438,9163.76660156
2022-11-20,9052.27734375,9050.7421875
2022-11-21,9009.12597656,9007.59082031
2022-11-22,9212.55273438,9211.01757813
2022-11-23,9323.25976563,9321.72460938
2022-11-24,9325.14648438,9322.07519531
2022-11-25,9278.58789063,9271.83105469
2022-11-26,9211.13574219,9209.29296875
2022-11-27,9132.34375,9130.50195313
2022-11-28,9059.47363281,9057.63085938
2022-11-29,9035.38476563,9033.54296875
2022-11-30,8983.64746094,8981.8046875
2022-12-01,9016.39941406,9014.55566406
2022-12-02,9049.64453125,9047.80273438
2022-12-03,9199.38085938,9197.53808594
2022-12-04,9419.73339844,9417.58300781
2022-12-05,9812.89746094,9807.36914063
2022-12-06,10285.8671875,10276.9609375
2022-12-07,11040.94335938,11033.87890625
2022-12-08,11775.66015625,11773.81835938
2022-12-09,12645.37207031,12643.53027344
2022-12-10,13457.59960938,13455.75683594
2022-12-11,14130.125,14128.28320313
2022-12-12,14558.06738281,14556.22363281
2022-12-13,14702.79882813,14700.95703125
2022-12-14,15140.04785156,15135.13378906
2022-12-15,15599.46875,15597.62597656
2022-12-16,15885.98535156,15882.60742188
2022-12-17,16144.65527344,16140.66308594
2022-12-18,16365.24609375,16363.40429688
2022-12-19,16490.18554688,16486.80664063
2022-12-20,16550.93164063,16540.49023438
2022-12-21,16509.14453125,16507.30078125
2022-12-22,16465.83398438,16463.99023438
2022-12-23,16323.17285156,16321.33007813
2022-12-24,16079.82519531,16077.06054688
2022-12-25,15829.72363281,15827.88183594
2022-12-26,15668.18457031,15666.34277344
2022-12-27,15597.66992188,15595.828125
2022-12-28,15516.75585938,15514.9140625
2022-12-29,15517.3515625,15515.50878906
2022-12-30,15559.80371094,15557.9609375
2022-12-31,15780.88574219,15779.04394531
2023-01-01,16226.90820313,16225.06542969
2023-01-02,16954.67578125,16952.83203125
2023-01-03,17869.76757813,17867.92578125
2023-01-04,19000.4453125,18448.8828125
2023-01-05,20173.80273438,19135.16015625
2023-01-06,21043.015625,20074.39257813
2023-01-07,21881.53710938,21046.65429688
2023-01-08,23075.52929688,22173.68554688
2023-01-09,24403.3203125,23386.81835938
2023-01-10,26035.953125,24943.671875
2023-01-11,27386.63476563,26256.19140625
2023-01-12,28399.90625,27425.16210938
2023-01-13,29250.82421875,28420.62109375
2023-01-14,30239.328125,28287.62890625
2023-01-15,31283.4296875,27627.47851563
2023-01-16,32017.4296875,28150.88671875
2023-01-17,32321.51171875,28250.41210938
2023-01-18,32545.17578125,28231.61328125
2023-01-19,32561.62109375,28160.09375
2023-01-20,32248.2265625,26980.19726563
2023-01-21,31755.68164063,25794.87890625
2023-01-22,31214.2265625,22976.3515625
2023-01-23,30971.18164063,22765.671875
2023-01-24,30667.11132813,22883.43359375
2023-01-25,30428.03515625,23283.27929688
2023-01-26,30014.32421875,23448.04882813
2023-01-27,29517.87695313,23944.85742188
2023-01-28,29042.59570313,22401.328125
2023-01-29,28609.38671875,20940.49023438
2023-01-30,28182.34570313,23216.34570313
2023-01-31,27761.52539063,23523.67773438
2023-02-01,27745.96289063,24176.1953125
2023-02-02,27497.24414063,25174.40820313
2023-02-03,27343.78125,25003.4140625
2023-02-04,27094.71679688,23592.47851563
2023-02-05,26711.5,22900.48046875
2023-02-06,26346.75,23514.46679688
2023-02-07,26233.09960938,22940.87304688
2023-02-08,26321.74804688,22394.70703125
2023-02-09,26350.69726563,22382.44921875
2023-02-10,26164.03320313,21750.52929688
2023-02-11,25951.015625,21024.54101563
2023-02-12,25802.56445313,17242.09765625
2023-02-13,25881.02539063,18303.21289063
2023-02-14,25946.81445313,18172.5546875
2023-02-15,25977.1171875,15957.19140625
2023-02-16,26450.99023438,14934.92089844
2023-02-17,27571.30664063,14864.91894531
2023-02-18,28244.90625,15031.74902344
2023-02-19,28958.47265625,13928.20703125
2023-02-20,29233.81835938,16385.13867188
2023-02-21,28915.04492188,15726.57421875
2023-02-22,29053.75195313,18719.265625
2023-02-23,29017.515625,18797.37109375
2023-02-24,29271.33203125,17659.2578125
2023-02-25,29850.65429688,16665.68945313
2023-02-26,30278.32617188,15412.83105469
2023-02-27,31215.25390625,17115.8125
2023-02-28,31749.13085938,18652.5078125
2023-03-01,31983.36132813,20909.83984375
2023-03-02,31892.49804688,21382.00390625
2023-03-03,31509.07421875,21672.32421875
2023-03-04,30753.59570313,21550.640625
2023-03-05,29920.18554688,22630.50390625
2023-03-06,29192.94921875,24713.60351563
2023-03-07,28177.4140625,25220.84375
2023-03-08,27084.19140625,24706.58984375
2023-03-09,26487.29882813,24174.67578125
2023-03-10,25990.76953125,23555.80664063
2023-03-11,25829.8515625,22143.9453125
2023-03-12,25708.06445313,19456.36328125
2023-03-13,25747.51171875,17990.33789063
2023-03-14,26145.43554688,16630.27929688
2023-03-15,26790.796875,14581.80957031
2023-03-16,27488.0625,15223.18359375
2023-03-17,28645.2265625,15684.06054688
2023-03-18,29536.03125,16167.50976563
2023-03-19,30051.30859375,15067.98144531
2023-03-20,30206.11328125,15969.7265625
2023-03-21,30109.48242188,17854.14453125
2023-03-22,29867.05273438,18207.76367188
2023-03-23,29455.11523438,17697.83984375
2023-03-24,28875.72851563,18045.22070313
2023-03-25,28058.05078125,18247.18359375
2023-03-26,27112.52734375,17502.87109375
2023-03-27,26280.41210938,19265.79296875
2023-03-28,25221.8359375,20069.875
2023-03-29,23813.48046875,19429.98828125
2023-03-30,22537.828125,19501.953125
2023-03-31,21266.1875,19116.96875
2023-04-01,20228.71484375,18325.2734375
2023-04-02,19354.52148438,17144.78320313
2023-04-03,18695.13085938,17888.64257813
2023-04-04,18153.83007813,17663.6484375
2023-04-05,17738.93945313,17264.77734375
2023-04-06,17546.6640625,17114.26171875
2023-04-07,17444.0546875,17011.65234375
2023-04-08,17237.6796875,16805.27539063
2023-04-09,17150.70117188,16713.2578125
2023-04-10,17147.24414063,16723.12109375
2023-04-11,17225.39257813,16793.890625
2023-04-12,17370.52148438,16042.43554688
2023-04-13,17620.37695313,14343.03613281
2023-04-14,17953.72070313,15082.25585938
2023-04-15,18298.33789063,15773.10839844
2023-04-16,18570.58398438,14116.546875
2023-04-17,18944.58398438,14765.08496094
2023-04-18,19646.4609375,14567.48339844
2023-04-19,19995.91015625,12296.75683594
2023-04-20,20403.20117188,10990.10253906
2023-04-21,20641.44726563,8511.33203125
2023-04-22,20590.25,8223.61523438
2023-04-23,20688.84179688,10168.08398438
2023-04-24,20772.7109375,12378.44335938
2023-04-25,21045.63671875,14894.76074219
2023-04-26,21281.9453125,16307.95703125
2023-04-27,21262.54882813,16126.87109375
2023-04-28,21028.75585938,15113.57226563
2023-04-29,20736.67382813,12927.79980469
2023-04-30,20310.06640625,11402.23535156
2023-05-01,19781.19921875,11274.22460938
2023-05-02,19161.89453125,12628.16015625
2023-05-03,18935.74414063,13914.89257813
2023-05-04,18298.35546875,14390.54003906
2023-05-05,17514.03710938,14601.62011719
2023-05-06,16640.74023438,13993.81347656
2023-05-07,15886.02929688,13534.82910156
2023-05-08,15300.06347656,14867.66015625
2023-05-09,14818.75976563,14388.69726563
2023-05-10,14413.94238281,13983.70019531
2023-05-11,14057.20019531,13378.87011719
2023-05-12,13720.30664063,12726.24121094
2023-05-13,13432.88671875,12513.8984375
2023-05-14,13140.58984375,12281.04785156
2023-05-15,12876.79589844,12289.12109375
2023-05-16,12638.37207031,12114.12597656
2023-05-17,12440.59472656,12019.73242188
2023-05-18,12262.75097656,11980.96484375
2023-05-19,12103.80664063,11824.51367188
2023-05-20,11948.67871094,11525.96191406
2023-05-21,11789.23535156,11378.49511719
2023-05-22,11675.70019531,11313.56054688
2023-05-23,11581.12988281,11457.32324219
2023-05-24,11437.37695313,11435.84082031
2023-05-25,11310.01464844,11308.48046875
2023-05-26,11163.41308594,11161.87792969
2023-05-27,11068.890625,11067.04882813
2023-05-28,11103.39257813,11094.1796875
2023-05-29,11379.22753906,11377.38574219
2023-05-30,11319.96484375,11318.12207031
2023-05-31,11226.125,11224.28222656
2023-06-01,11382.13671875,11380.29394531
2023-06-02,11609.95214844,11608.109375
2023-06-03,11887.98242188,11866.79199219
2023-06-04,12209.30761719,12182.89746094
2023-06-05,12509.32128906,12507.47753906
2023-06-06,12750.04003906,12748.19726563
2023-06-07,12918.91796875,12917.07617188
2023-06-08,13011.1328125,12995.1640625
2023-06-09,13028.58007813,13019.3671875
2023-06-10,12925.73046875,12923.88769531
2023-06-11,12755.49023438,12745.96972656
2023-06-12,12560.41503906,12546.90234375
2023-06-13,12599.69824219,12597.85546875
2023-06-14,12556.27832031,12554.43457031
2023-06-15,12468.80273438,12462.96777344
2023-06-16,12451.48828125,12449.64648438
2023-06-17,12780.76660156,12772.78222656
2023-06-18,13424.47265625,13413.41699219
2023-06-19,13991.67773438,13981.23730469
2023-06-20,14292.13183594,14289.98242188
2023-06-21,14358.28710938,14349.66503906
2023-06-22,14264.65820313,14262.81542969
2023-06-23,14089.20214844,14087.359375
2023-06-24,13773.94628906,13772.10351563
2023-06-25,13470.41699219,13460.89746094
2023-06-26,13124.27636719,13122.43359375
2023-06-27,12786.23339844,12784.390625
2023-06-28,12461.31738281,12459.47363281
2023-06-29,12158.45800781,12156.61523438
2023-06-30,11831.91601563,11830.07324219
2023-07-01,11499.44042969,11497.59765625
2023-07-02,11180.52636719,11173.46191406
2023-07-03,10891.99609375,10883.70507813
2023-07-04,10647.44824219,10636.08496094
2023-07-05,10451.59375,10441.15332031
2023-07-06,10294.00488281,10283.25683594
2023-07-07,10158.64453125,10147.89648438
2023-07-08,10058.91113281,10047.85644531
2023-07-09,9955.94921875,9941.51464844
2023-07-10,10081.95605469,10071.82226563
2023-07-11,10551.37109375,10540.62304688
2023-07-12,10820.38769531,10810.86816406
2023-07-13,10974.85644531,10961.65136719
2023-07-14,11064.09570313,11053.34667969
2023-07-15,11055.29785156,11044.24316406
2023-07-16,10968.63574219,10956.96582031
2023-07-17,10833.73632813,10824.21582031
2023-07-18,10663.89746094,10657.75488281
2023-07-19,10490.09375,10486.71582031
2023-07-20,10309.21582031,10182.18652344
2023-07-21,10152.43066406,10020.84863281
2023-07-22,9982.0390625,9980.19726563
2023-07-23,9853.3828125,9851.54101563
2023-07-24,9714.62011719,9567.32910156
2023-07-25,9580.43847656,9367.77636719
2023-07-26,9461.72558594,9231.125
2023-07-27,9359.43261719,9199.3359375
2023-07-28,9287.66308594,9125.13867188
2023-07-29,9281.06152344,9279.21972656
2023-07-30,9241.27832031,9239.7421875
2023-07-31,9157.02929688,9155.49414063
2023-08-01,9060.38183594,9058.84570313
2023-08-02,8955.45605469,8948.39160156
2023-08-03,8870.10742188,8861.81542969
2023-08-04,8768.13769531,8761.99609375
2023-08-05,8658.96386719,8657.12109375
2023-08-06,8559.68847656,8546.79003906
2023-08-07,8482.62988281,8480.78710938
2023-08-08,8399.58789063,8397.74511719
2023-08-09,8374.90039063,8373.05664063
2023-08-10,8378.71875,8374.11328125
2023-08-11,8474.94140625,8469.72070313
2023-08-12,8511.87597656,8509.41894531
2023-08-13,8796.99023438,8781.94238281
2023-08-14,9040.72558594,9037.04101563
2023-08-15,9030.01171875,9024.79199219
2023-08-16,8920.53222656,8913.77539063
2023-08-17,8818.95507813,8812.19921875
2023-08-18,8719.66015625,8713.82519531
2023-08-19,8755.3828125,8750.16308594
2023-08-20,8755.48632813,8735.04882813
2023-08-21,8582.41699219,8577.50390625
2023-08-22,8445.10839844,8439.88671875
2023-08-23,8374.54003906,8367.4765625
2023-08-24,8375.11230469,8366.8203125
2023-08-25,8356.10644531,8349.34960938
2023-08-26,8311.80664063,8304.43554688
2023-08-27,8270.98046875,8261.15332031
2023-08-28,8225.63085938,8218.56835938
2023-08-29,8235.53808594,8230.62402344
2023-08-30,8246.43554688,8240.60058594
2023-08-31,8209.74511719,8208.20996094
2023-09-01,8406.15917969,8402.47363281
2023-09-02,8460.03808594,8453.28125
2023-09-03,8435.19824219,8429.36328125
2023-09-04,8670.78808594,8665.25976563
2023-09-05,9017.79394531,9013.18847656
2023-09-06,9305.97460938,9300.75488281
2023-09-07,9655.94238281,9650.72070313
2023-09-08,9826.70605469,9822.71386719
2023-09-09,10070.83203125,10069.29589844
2023-09-10,10262.81152344,10258.8203125
2023-09-11,10269.1953125,10264.28222656
2023-09-12,10054.22363281,10049.00292969
2023-09-13,9827.95214844,9823.03808594
2023-09-14,9679.21972656,9674.30664063
2023-09-15,9530.03125,9525.1171875
2023-09-16,9314.65429688,9309.74121094
2023-09-17,8963.76074219,8958.84765625
2023-09-18,8581.06738281,8577.38183594
2023-09-19,8306.97460938,8301.13964844
2023-09-20,8112.51123047,8110.05419922
2023-09-21,7974.2421875,7970.86376953
2023-09-22,7757.03222656,7754.88183594
2023-09-23,7604.84082031,7601.46289063
2023-09-24,7409.81591797,7406.13085938
2023-09-25,7281.27001953,7277.89208984
2023-09-26,7186.69580078,7183.625
2023-09-27,7103.51318359,7100.92578125
2023-09-28,6943.96386719,6942.42822266
2023-09-29,6761.15820313,6758.70117188
2023-09-30,6649.32324219,6647.47998047
2023-10-01,6446.35302734,6444.81787109
2023-10-02,6506.58203125,6501.66894531
2023-10-03,6493.16992188,6491.63476563
2023-10-04,6565.32080078,6563.78613281
2023-10-05,6603.61376953,6602.078125
2023-10-06,6942.92285156,6941.38818359
2023-10-07,7244.33886719,7242.80419922
2023-10-08,7610.75683594,7525.88183594
2023-10-09,8402.88574219,8400.42871094
2023-10-10,9741.92578125,9738.54785156
2023-10-11,11325.62597656,11322.24804688
2023-10-12,12487.18164063,12483.18945313
2023-10-13,13115.45507813,13110.84863281
2023-10-14,13236.70800781,13219.73535156
2023-10-15,13015.80175781,13008.43066406
2023-10-16,12534.7265625,12529.50585938
2023-10-17,12178.41796875,12169.81933594
2023-10-18,12079.19726563,12070.90527344
2023-10-19,12260.46972656,12258.62792969
2023-10-20,12383.55957031,12379.56835938
2023-10-21,12381.95410156,12378.26855469
2023-10-22,12160.53027344,12154.6953125
2023-10-23,11818.62011719,11815.54882813
2023-10-24,11430.7734375,11424.93847656
2023-10-25,11215.83300781,11212.45507813
2023-10-26,10796.515625,10777.78222656
2023-10-27,10478.45996094,10463.71875
2023-10-28,11025.22460938,11008.640625
2023-10-29,11705.21484375,11578.67285156
2023-10-30,13193.5546875,13185.87695313
2023-10-31,15943.22851563,15940.15820313
2023-11-01,18337.73828125,15700.6328125
2023-11-02,18725.48046875,12467.63378906
2023-11-03,18348.06835938,10888.19140625
2023-11-04,19214.26367188,17063.02734375
2023-11-05,20911.06835938,14373.76855469
2023-11-06,20706.6875,13117.95800781
2023-11-07,19727.85742188,13513.02929688
2023-11-08,18951.49414063,14627.70898438
2023-11-09,17768.23046875,15813.16308594
2023-11-10,16451.26953125,15354.64941406
2023-11-11,15267.20117188,14609.02539063
2023-11-12,14251.45410156,13431.32226563
2023-11-13,13328.91992188,13278.69824219
2023-11-14,12591.44824219,11611.79296875
2023-11-15,11928.04980469,9603.17480469
2023-11-16,11399.15234375,10586.29199219
2023-11-17,10820.15820313,10081.56835938
2023-11-18,10177.34375,8499.88867188
2023-11-19,9619.15136719,8748.00292969
2023-11-20,9198.52148438,9189.61523438
2023-11-21,8908.51269531,8906.05664063
2023-11-22,8708.86132813,8703.63964844
2023-11-23,8728.13671875,8721.58300781
2023-11-24,9341.69726563,9339.85351563
2023-11-25,9917.26757813,8529.41210938
2023-11-26,10558.10742188,8658.16308594
2023-11-27,11400.17773438,9794.125
2023-11-28,12278.76269531,11379.54492188
2023-11-29,13314.77246094,13312.9296875
2023-11-30,14033.15429688,13733.2109375
2023-12-01,14793.26953125,13715.80664063
2023-12-02,14601.18847656,13389.52929688
2023-12-03,14206.08789063,12387.98339844
2023-12-04,14165.33886719,12905.53417969
2023-12-05,14356.56347656,13628.42089844
2023-12-06,14460.59472656,13832.84277344
2023-12-07,14305.15136719,14303.30761719
2023-12-08,14204.65820313,14202.20117188
2023-12-09,14394.67675781,13610.19335938
2023-12-10,14397.11230469,13389.31738281
2023-12-11,14808.69628906,13282.54589844
2023-12-12,14842.81640625,14107.19628906
2023-12-13,14270.90917969,13543.48339844
2023-12-14,13511.94238281,13509.79199219
2023-12-15,12807.43652344,12553.46679688
2023-12-16,12241.26464844,11806.21484375
2023-12-17,11733.32910156,11300.61914063
2023-12-18,11201.78515625,10769.38183594
2023-12-19,10758.3828125,10325.98144531
2023-12-20,10436.84375,10004.44140625
2023-12-21,10244.06054688,9811.65917969
2023-12-22,10001.58398438,9571.70214844
2023-12-23,9643.13671875,9210.73535156
2023-12-24,9482.32421875,9049.921875
2023-12-25,9564.30273438,9136.40136719
2023-12-26,9631.91113281,9200.22753906
2023-12-27,9638.03320313,9205.62988281
2023-12-28,9711.80957031,9282.10742188
2023-12-29,9798.05175781,9359.34960938
2023-12-30,9882.84179688,9445.0390625
2023-12-31,10022.01074219,9589.609375
2024-01-01,10188.40917969,9756.00683594
2024-01-02,10467.02832031,10061.44628906
2024-01-03,10724.54199219,10548.99902344
2024-01-04,10664.88769531,10503.92480469
2024-01-05,10518.28222656,10308.0
2024-01-06,10531.203125,10529.36132813
2024-01-07,10663.80273438,10661.95996094
2024-01-08,10814.85351563,10747.8515625
2024-01-09,10966.57519531,10846.11230469
2024-01-10,11257.85351563,11256.01074219
2024-01-11,11492.18164063,11490.33984375
2024-01-12,11490.49414063,11488.65136719
2024-01-13,11680.3671875,11678.52441406
2024-01-14,11852.02246094,11847.10839844
2024-01-15,11828.94335938,11827.09960938
2024-01-16,11977.64453125,11975.80273438
2024-01-17,12221.97460938,12220.1328125
2024-01-18,12279.54589844,12277.703125
2024-01-19,12384.44433594,12382.60058594
2024-01-20,12542.17675781,12540.33496094
2024-01-21,12974.43457031,12972.59179688
2024-01-22,13480.10253906,13478.25976563
2024-01-23,13809.99023438,13808.14746094
2024-01-24,13893.36425781,13891.52148438
2024-01-25,13958.66796875,13956.82519531
2024-01-26,13690.171875,13688.32910156
2024-01-27,13537.97265625,13536.13085938
2024-01-28,13357.70703125,13349.10839844
2024-01-29,13149.06054688,13147.21875
2024-01-30,13025.47460938,13023.63183594
2024-01-31,12834.89941406,12833.05566406
2024-02-01,12635.29394531,12633.45117188
2024-02-02,12318.01269531,12316.47753906
2024-02-03,11926.38085938,11924.84472656
2024-02-04,11516.796875,11515.26171875
2024-02-05,11169.71972656,11166.64941406
2024-02-06,10884.91015625,10879.07519531
2024-02-07,10720.33007813,10714.49511719
2024-02-08,10680.61816406,10675.3984375
2024-02-09,10794.78027344,10793.24414063
2024-02-10,11007.19140625,11005.34765625
2024-02-11,11179.88671875,11178.04394531
2024-02-12,11410.76953125,11408.92675781
2024-02-13,11606.29199219,11604.45019531
2024-02-14,11817.68652344,11815.84472656
2024-02-15,11940.67675781,11938.83398438
2024-02-16,11955.48046875,11953.63769531
2024-02-17,11930.38964844,11928.546875
2024-02-18,11970.7734375,11968.93066406
2024-02-19,12163.84375,12162.00097656
2024-02-20,12226.11132813,12224.26757813
2024-02-21,12301.91113281,12300.06835938
2024-02-22,12458.86523438,12457.0234375
2024-02-23,12795.05664063,12793.21386719
2024-02-24,13280.85058594,13279.31542969
2024-02-25,13863.84765625,13862.31347656
2024-02-26,14287.63085938,14285.7890625
2024-02-27,14464.21972656,14462.37792969
2024-02-28,14508.36425781,14506.52246094
2024-02-29,14474.3984375,14472.5546875
2024-03-01,14403.17480469,14401.33300781
2024-03-02,14253.00585938,14251.47070313
2024-03-03,13921.08398438,13919.54882813
2024-03-04,13431.11328125,13429.57714844
2024-03-05,12935.08984375,12933.55371094
2024-03-06,12490.57910156,12489.04394531
2024-03-07,12011.0234375,12009.48730469
2024-03-08,11593.93945313,11592.40332031
2024-03-09,11279.72070313,11278.18457031
2024-03-10,11129.77832031,11128.24316406
2024-03-11,11108.47460938,11106.94042969
2024-03-12,11238.671875,11232.22167969
2024-03-13,11428.76464844,11413.20117188
2024-03-14,11643.54296875,11633.71582031
2024-03-15,11926.00683594,11917.71484375
2024-03-16,12279.12207031,12270.83007813
2024-03-17,12536.16894531,12527.87695313
2024-03-18,12807.12695313,12798.52832031
2024-03-19,13067.421875,13058.82324219
2024-03-20,13082.45117188,13073.8515625
2024-03-21,12870.38476563,12853.80175781
2024-03-22,12701.52832031,12682.1796875
2024-03-23,12668.32128906,12648.66699219
2024-03-24,12698.65332031,12682.99121094
2024-03-25,12873.17675781,12857.20800781
2024-03-26,13175.04003906,13166.44140625
2024-03-27,13630.80957031,13623.74707031
2024-03-28,14242.93652344,14241.09375
2024-03-29,15013.89355469,14997.31054688
2024-03-30,15866.38574219,15864.54394531
2024-03-31,16789.58203125,16777.91210938
2024-04-01,17693.27929688,17691.13085938
2024-04-02,18456.80859375,18446.36523438
2024-04-03,19104.21679688,19097.76757813
2024-04-04,19689.86914063,19688.02734375
2024-04-05,20104.12695313,20102.28320313
2024-04-06,20201.14648438,20199.30273438
2024-04-07,19975.36328125,19973.51953125
2024-04-08,19622.81835938,19620.97460938
2024-04-09,19169.84960938,19168.0078125
2024-04-10,18660.58203125,18652.90429688
2024-04-11,18051.80078125,18036.75195313
2024-04-12,17546.28320313,17533.69335938
2024-04-13,17288.53710938,17279.32421875
2024-04-14,17021.40820313,17015.88085938
2024-04-15,16775.9375,16764.57421875
2024-04-16,16881.20117188,16853.25585938
2024-04-17,17317.42773438,17302.99414063
2024-04-18,18006.04101563,17987.921875
2024-04-19,18166.01367188,18143.28710938
2024-04-20,17742.35742188,17739.59375
2024-04-21,17143.36523438,17126.78125
2024-04-22,16460.00585938,16458.16210938
2024-04-23,15617.20800781,15611.68066406
2024-04-24,14756.81542969,14748.21582031
2024-04-25,13972.86523438,13971.02246094
2024-04-26,13338.5546875,13336.71191406
2024-04-27,12679.47753906,12677.63574219
2024-04-28,11980.13671875,11977.06640625
2024-04-29,11420.13183594,11417.98242188
2024-04-30,10944.57324219,10942.73144531
2024-05-01,10504.97460938,10503.13183594
2024-05-02,10066.234375,10064.390625
2024-05-03,9735.98632813,9734.14257813
2024-05-04,9422.90234375,9421.05859375
2024-05-05,9110.2734375,9108.43066406
2024-05-06,8874.859375,8873.015625
2024-05-07,8655.27441406,8653.43066406
2024-05-08,8442.36621094,8440.5234375
2024-05-09,8271.89355469,8270.05175781
2024-05-10,8140.59716797,8138.75390625
2024-05-11,8019.79492188,8017.95214844
2024-05-12,7955.12109375,7953.27880859
2024-05-13,7858.1640625,7856.32080078
2024-05-14,7745.96777344,7744.12597656
2024-05-15,7666.31201172,7664.46923828
2024-05-16,7602.97119141,7601.12792969
2024-05-17,7518.75097656,7516.90917969
2024-05-18,7437.16992188,7435.32714844
2024-05-19,7370.2421875,7368.39990234
2024-05-20,7316.24023438,7314.39794922
2024-05-21,7275.90185547,7274.05908203
2024-05-22,7284.04492188,7282.203125
2024-05-23,7220.48095703,7218.63916016
2024-05-24,7219.29101563,7217.44824219
2024-05-25,7238.15380859,7236.31201172
2024-05-26,7281.72021484,7279.87792969
2024-05-27,7333.828125,7331.98583984
2024-05-28,7427.58984375,7425.74707031
2024-05-29,7483.83886719,7481.99707031
2024-05-30,7595.01123047,7593.16894531
2024-05-31,7679.24023438,7677.39697266
2024-06-01,7734.38085938,7732.53808594
2024-06-02,7768.12695313,7766.28417969
2024-06-03,7819.28076172,7816.20996094
2024-06-04,7838.72509766,7836.8828125
2024-06-05,7822.55175781,7820.70898438
2024-06-06,7795.29101563,7793.44824219
2024-06-07,7773.52978516,7771.68701172
2024-06-08,7699.58984375,7697.74804688
2024-06-09,7558.93212891,7557.08886719
2024-06-10,7416.17919922,7414.3359375
2024-06-11,7272.92382813,7271.08105469
2024-06-12,7162.39306641,7160.54980469
2024-06-13,7044.2109375,7041.44677734
2024-06-14,6954.87207031,6953.3359375
2024-06-15,6872.20019531,6870.05078125
2024-06-16,6795.33007813,6791.64501953
2024-06-17,6729.57519531,6723.74023438
2024-06-18,6654.01904297,6649.41210938
2024-06-19,6627.84082031,6626.30615234
2024-06-20,6558.69189453,6554.69921875
2024-06-21,6468.82617188,6462.06982422
2024-06-22,6410.80175781,6404.66015625
2024-06-23,6346.10107422,6344.56494141
2024-06-24,6302.26318359,6300.72705078
2024-06-25,6277.76123047,6273.76904297
2024-06-26,6288.92382813,6285.23876953
2024-06-27,6249.43798828,6245.44482422
2024-06-28,6257.94384766,6253.33789063
2024-06-29,6263.3828125,6259.69824219
2024-06-30,6260.74414063,6255.21679688
2024-07-01,6269.28076172,6263.13916016
2024-07-02,6229.57519531,6227.42480469
2024-07-03,6237.85302734,6236.31787109
2024-07-04,6220.80810547,6214.97314453
2024-07-05,6206.24414063,6200.71582031
2024-07-06,6173.04589844,6168.74707031
2024-07-07,6125.39990234,6120.79394531
2024-07-08,6097.51416016,6095.05712891
2024-07-09,6104.31787109,6099.09716797
2024-07-10,6101.84619141,6099.08203125
2024-07-11,6121.98388672,6119.83398438
2024-07-12,6274.87597656,6270.26904297
2024-07-13,6524.67919922,6521.30078125
2024-07-14,6810.68896484,6808.23193359
2024-07-15,6995.5859375,6991.90087891
2024-07-16,7039.39501953,7024.65380859
2024-07-17,7031.89208984,6902.82910156
2024-07-18,7041.31298828,6818.64892578
2024-07-19,6987.34619141,6828.05517578
2024-07-20,6922.58007813,6919.50878906
2024-07-21,6831.59179688,6829.75
2024-07-22,6741.89013672,6737.58984375
2024-07-23,6588.94287109,6584.64404297
2024-07-24,6450.80175781,6448.34521484
2024-07-25,6321.14306641,6192.125
2024-07-26,6218.91503906,5995.85205078
2024-07-27,6099.96289063,6098.42822266
2024-07-28,5994.07714844,5992.23388672
2024-07-29,5868.39794922,5865.63378906
2024-07-30,5799.14697266,5796.68994141
2024-07-31,5735.21386719,5732.14306641
2024-08-01,5707.62988281,5705.17285156
2024-08-02,5669.39697266,5666.32617188
2024-08-03,5579.38623047,5577.23583984
2024-08-04,5530.25097656,5443.39501953
2024-08-05,5445.93896484,5444.40283203
2024-08-06,5398.35009766,5394.66503906
2024-08-07,5335.93310547,5332.86181641
2024-08-08,5261.29003906,5258.52587891
2024-08-09,5248.94677734,5247.41210938
2024-08-10,5229.92822266,5227.77783203
2024-08-11,5202.84716797,5200.39013672
2024-08-12,5185.79785156,5182.41992188
2024-08-13,5193.42822266,5190.04882813
2024-08-14,5234.26611328,5230.88818359
2024-08-15,5292.80517578,5289.42675781
2024-08-16,5376.22314453,5372.53808594
2024-08-17,5434.01220703,5430.63378906
2024-08-18,5441.67089844,5266.79589844
2024-08-19,5418.87695313,5417.34179688
2024-08-20,5380.10302734,5378.56787109
2024-08-21,5352.26708984,5291.69189453
2024-08-22,5288.54785156,5184.64501953
2024-08-23,5198.26416016,5149.44091797
2024-08-24,5096.28808594,5093.83105469
2024-08-25,5058.33300781,4994.87890625
2024-08-26,4970.875,4965.9609375
2024-08-27,4927.05908203,4921.53076172
2024-08-28,4893.55078125,4888.63720703
2024-08-29,4916.05908203,4913.60205078
2024-08-30,4912.05908203,4910.52294922
2024-08-31,4919.19482422,4917.65917969
2024-09-01,4903.94921875,4902.4140625
2024-09-02,4854.74609375,4853.2109375
2024-09-03,4844.75683594,4843.22216797
2024-09-04,4831.01806641,4829.48193359
2024-09-05,4782.08691406,4780.55175781
2024-09-06,4763.14794922,4761.61279297
2024-09-07,4682.12304688,4678.13085938
2024-09-08,4649.17919922,4647.02880859
2024-09-09,4584.61914063,4582.77685547
2024-09-10,4538.91796875,4537.38183594
2024-09-11,4468.25878906,4466.41601563
2024-09-12,4408.34814453,4406.81298828
2024-09-13,4342.23095703,4340.69482422
2024-09-14,4287.55712891,4285.40722656
2024-09-15,4270.66601563,4266.98095703
2024-09-16,4313.30908203,4311.15917969
2024-09-17,4368.37597656,4366.84082031
2024-09-18,4445.89990234,4444.36523438
2024-09-19,4427.20703125,4425.671875
2024-09-20,4367.66699219,4362.13916016
2024-09-21,4428.13476563,4423.52880859
2024-09-22,4650.22802734,4645.62109375
2024-09-23,4848.18017578,4652.27587891
2024-09-24,4882.14794922,4610.28320313
2024-09-25,4778.13085938,4505.39599609
2024-09-26,4767.57080078,4495.57519531
2024-09-27,4767.0390625,4505.56787109
2024-09-28,4728.29003906,4466.22802734
2024-09-29,4643.45214844,4381.86279297
2024-09-30,4509.15722656,4249.71191406
2024-10-01,4390.43603516,4131.49121094
2024-10-02,4294.38720703,4034.6730957
2024-10-03,4189.41992188,3929.06396484
2024-10-04,4182.92285156,3921.80102539
2024-10-05,4153.69091797,3893.41992188
2024-10-06,4105.23193359,3840.08789063
2024-10-07,4012.62207031,3757.60498047
2024-10-08,3971.41088867,3716.95605469
2024-10-09,3947.39697266,3697.53710938
2024-10-10,3934.75292969,3684.83203125
2024-10-11,4053.62011719,4020.02294922
2024-10-12,4330.87109375,4322.88623047
2024-10-13,4594.77978516,4588.33105469
2024-10-14,4693.63623047,4689.33691406
2024-10-15,4756.35205078,4752.05322266
2024-10-16,4931.27587891,4929.12695313
2024-10-17,5131.55712891,5129.40722656
2024-10-18,5293.60595703,5290.84179688
2024-10-19,5406.73583984,5401.51513672
2024-10-20,5534.37988281,5527.62402344
2024-10-21,6147.39599609,6141.25390625
2024-10-22,5945.65283203,5935.51904297
2024-10-23,6096.21289063,6088.22802734
2024-10-24,6437.27880859,6435.74414063
2024-10-25,6720.03320313,6717.88378906
2024-10-26,7349.60009766,7341.92285156
2024-10-27,7744.17480469,7742.64013672
2024-10-28,8180.03417969,8178.49902344
2024-10-29,8768.36132813,8766.51855469
2024-10-30,9408.74511719,9406.90234375
2024-10-31,9890.30566406,9888.46289063
2024-11-01,10167.45214844,10165.609375
2024-11-02,10395.0,10393.15722656
2024-11-03,10660.77148438,10659.23535156
2024-11-04,10922.11425781,10920.578125
2024-11-05,11093.41503906,11091.87988281
2024-11-06,11261.02441406,11259.48925781
2024-11-07,11507.66503906,11506.12988281
2024-11-08,11868.52636719,11866.68359375
2024-11-09,12339.8046875,12337.96191406
2024-11-10,12715.96777344,12714.12597656
2024-11-11,13226.15429688,13224.31152344
2024-11-12,13831.8046875,13829.96191406
2024-11-13,14471.77148438,14470.23632813
2024-11-14,15099.36621094,15097.83007813
2024-11-15,15604.01855469,15602.48339844
2024-11-16,15962.15527344,15960.61914063
2024-11-17,16209.30957031,16207.77441406
2024-11-18,16341.9921875,16340.45703125
2024-11-19,16393.77539063,16392.23828125
2024-11-20,16291.79882813,16289.95605469
2024-11-21,16086.90722656,16085.06445313
2024-11-22,15995.12109375,15993.27832031
2024-11-23,15967.796875,15965.95410156
2024-11-24,15893.61621094,15877.95410156
2024-11-25,15711.0546875,15709.51855469
2024-11-26,15443.27246094,15441.73730469
2024-11-27,15191.30859375,15189.77441406
2024-11-28,14934.81445313,14933.27832031
2024-11-29,14633.23632813,14631.70019531
2024-11-30,14469.97753906,14468.44335938
2024-12-01,14116.57519531,14115.04003906
2024-12-02,13648.91308594,13636.32226563
2024-12-03,13266.25976563,13263.18945313
2024-12-04,13713.15039063,13711.61523438
2024-12-05,13647.5078125,13645.97265625
2024-12-06,13875.89160156,13874.35742188
2024-12-07,13759.84765625,13718.4140625
2024-12-08,14515.61816406,14073.515625
2024-12-09,17034.5390625,16379.68847656
2024-12-10,19778.54882813,19760.9921875
2024-12-11,21255.953125,21249.50390625
2024-12-12,21846.95898438,21843.2734375
2024-12-13,20885.25976563,20883.72460938
2024-12-14,23543.1171875,23541.58203125
2024-12-15,24044.9921875,24043.45703125
2024-12-16,23461.18554688,23459.65039063
2024-12-17,22118.6640625,22117.13085938
2024-12-18,20623.11914063,20621.5859375
2024-12-19,19308.6953125,19307.16015625
2024-12-20,18460.09960938,18458.5625
2024-12-21,18176.08203125,18174.546875
2024-12-22,17902.30273438,17900.765625
2024-12-23,17751.10546875,17749.56835938
2024-12-24,17859.71679688,17856.33789063
2024-12-25,17603.66992188,17597.8359375
2024-12-26,17461.15625,17459.62109375
2024-12-27,17428.87304688,17427.03125
2024-12-28,17495.921875,17494.08007813
2024-12-29,17882.859375,17881.01757813
2024-12-30,18453.53710938,18451.69335938
2024-12-31,19067.92773438,19066.08398438
