data,geracao_mwmed,n_horas
2000-01-01,8246.487500000001,24
2000-01-02,8740.579166666666,24
2000-01-03,9235.129166666668,24
2000-01-04,10391.458333333334,24
2000-01-05,10755.449999999999,24
2000-01-06,10715.604166666666,24
2000-01-07,10026.895833333334,24
2000-01-08,9175.579166666666,24
2000-01-09,8507.1875,24
2000-01-10,9233.9375,24
2000-01-11,9670.737500000001,24
2000-01-12,9375.75,24
2000-01-13,9613.1,24
2000-01-14,9542.699999999999,24
2000-01-15,9222.816666666668,24
2000-01-16,8991.1875,24
2000-01-17,9970.191666666668,24
2000-01-18,10254.341666666667,24
2000-01-19,10144.229166666666,24
2000-01-20,9903.120833333332,24
2000-01-21,9950.554166666667,24
2000-01-22,9388.233333333334,24
2000-01-23,8820.108333333334,24
2000-01-24,9716.333333333334,24
2000-01-25,9786.170833333334,24
2000-01-26,9923.145833333334,24
2000-01-27,9538.220833333333,24
2000-01-28,9603.716666666667,24
2000-01-29,9066.579166666666,24
2000-01-30,8455.429166666667,24
2000-01-31,9098.404166666667,24
2000-02-01,9841.25,24
2000-02-02,9766.641666666666,24
2000-02-03,9721.516666666666,24
2000-02-04,9636.5375,24
2000-02-05,8966.7125,24
2000-02-06,8309.508333333333,24
2000-02-07,9275.604166666666,24
2000-02-08,9673.229166666666,24
2000-02-09,9772.670833333334,24
2000-02-10,9757.875,24
2000-02-11,9848.495833333332,24
2000-02-12,9036.195833333333,24
2000-02-13,8683.9125,24
2000-02-14,9285.137499999999,24
2000-02-15,9986.112500000001,24
2000-02-16,10019.633333333333,24
2000-02-17,9888.533333333333,24
2000-02-18,9794.050000000001,24
2000-02-19,9823.804166666667,24
2000-02-20,9072.520833333334,24
2000-02-21,9776.695833333333,24
2000-02-22,10990.066666666666,24
2000-02-23,11335.429166666667,24
2000-02-24,11249.854166666666,24
2000-02-25,10227.504166666668,24
2000-02-26,9989.429166666667,24
2000-02-27,9534.85,24
2000-02-28,10545.425000000001,24
2000-02-29,10812.008333333333,24
2000-03-01,11001.358333333332,24
2000-03-02,11231.904166666667,24
2000-03-03,10623.941666666668,24
2000-03-04,10093.1875,24
2000-03-05,9404.579166666666,24
2000-03-06,10317.583333333334,24
2000-03-07,10258.612500000001,24
2000-03-08,10135.0,24
2000-03-09,10977.254166666666,24
2000-03-10,11140.966666666667,24
2000-03-11,11229.016666666668,24
2000-03-12,11284.683333333334,24
2000-03-13,11428.741666666667,24
2000-03-14,11278.733333333332,24
2000-03-15,11603.766666666668,24
2000-03-16,11646.8375,24
2000-03-17,11346.637499999999,24
2000-03-18,10343.329166666666,24
2000-03-19,10082.041666666666,24
2000-03-20,10858.445833333333,24
2000-03-21,11193.483333333332,24
2000-03-22,11019.8375,24
2000-03-23,11170.7125,24
2000-03-24,11296.895833333334,24
2000-03-25,10560.341666666667,24
2000-03-26,9975.612500000001,24
2000-03-27,11033.237500000001,24
2000-03-28,11422.887499999999,24
2000-03-29,11408.404166666667,24
2000-03-30,11581.9125,24
2000-03-31,11286.783333333333,24
2000-04-01,11145.291666666666,24
2000-04-02,9150.629166666668,24
2000-04-03,11116.291666666666,24
2000-04-04,11796.300000000001,24
2000-04-05,11848.979166666666,24
2000-04-06,12184.566666666666,24
2000-04-07,12248.441666666666,24
2000-04-08,11917.316666666666,24
2000-04-09,10360.354166666666,24
2000-04-10,11801.641666666668,24
2000-04-11,11366.916666666666,24
2000-04-12,11072.3375,24
2000-04-13,10909.1875,24
2000-04-14,10336.608333333334,24
2000-04-15,10274.629166666668,24
2000-04-16,9838.716666666667,24
2000-04-17,10533.987500000001,24
2000-04-18,11109.958333333334,24
2000-04-19,10546.112500000001,24
2000-04-20,9909.9625,24
2000-04-21,9432.554166666667,24
2000-04-22,9378.341666666667,24
2000-04-23,9214.916666666666,24
2000-04-24,10087.216666666667,24
2000-04-25,10068.545833333334,24
2000-04-26,10432.345833333333,24
2000-04-27,10690.529166666667,24
2000-04-28,10067.066666666668,24
2000-04-29,9444.704166666666,24
2000-04-30,8473.866666666667,24
2000-05-01,8604.275,24
2000-05-02,9769.804166666667,24
2000-05-03,10077.65,24
2000-05-04,9849.9625,24
2000-05-05,9953.2125,24
2000-05-06,9363.629166666668,24
2000-05-07,8924.233333333334,24
2000-05-08,9982.166666666666,24
2000-05-09,9969.987500000001,24
2000-05-10,10729.933333333332,24
2000-05-11,10604.741666666667,24
2000-05-12,10137.391666666666,24
2000-05-13,9592.35,24
2000-05-14,9283.345833333335,24
2000-05-15,9938.391666666666,24
2000-05-16,10826.470833333333,24
2000-05-17,10719.354166666666,24
2000-05-18,10142.737500000001,24
2000-05-19,9516.379166666668,24
2000-05-20,9228.895833333334,24
2000-05-21,8999.570833333333,24
2000-05-22,9321.266666666666,24
2000-05-23,9920.329166666666,24
2000-05-24,9797.891666666666,24
2000-05-25,9738.158333333333,24
2000-05-26,9644.866666666667,24
2000-05-27,9467.895833333334,24
2000-05-28,8916.970833333333,24
2000-05-29,9849.783333333333,24
2000-05-30,9935.625,24
2000-05-31,9746.166666666666,24
2000-06-01,9776.929166666667,24
2000-06-02,9786.7875,24
2000-06-03,9512.375,24
2000-06-04,9264.1,24
2000-06-05,10012.020833333334,24
2000-06-06,10173.270833333334,24
2000-06-07,10415.470833333333,24
2000-06-08,10396.058333333332,24
2000-06-09,10674.108333333334,24
2000-06-10,10070.229166666666,24
2000-06-11,9729.0125,24
2000-06-12,10527.020833333334,24
2000-06-13,10775.858333333334,24
2000-06-14,10988.845833333333,24
2000-06-15,10662.129166666668,24
2000-06-16,10398.0375,24
2000-06-17,9892.333333333334,24
2000-06-18,9516.908333333333,24
2000-06-19,9958.824999999999,24
2000-06-20,10650.516666666666,24
2000-06-21,10653.241666666667,24
2000-06-22,10058.8375,24
2000-06-23,9855.508333333333,24
2000-06-24,9585.795833333334,24
2000-06-25,9847.658333333333,24
2000-06-26,10510.7125,24
2000-06-27,10612.758333333333,24
2000-06-28,10563.141666666666,24
2000-06-29,10969.733333333332,24
2000-06-30,10222.158333333333,24
2000-07-01,9605.858333333334,24
2000-07-02,9780.762499999999,24
2000-07-03,10549.300000000001,24
2000-07-04,11186.245833333334,24
2000-07-05,11589.300000000001,24
2000-07-06,11594.191666666666,24
2000-07-07,10921.383333333333,24
2000-07-08,10241.012499999999,24
2000-07-09,9995.5875,24
2000-07-10,11279.316666666666,24
2000-07-11,11950.7875,24
2000-07-12,11881.516666666668,24
2000-07-13,11141.0375,24
2000-07-14,10936.683333333334,24
2000-07-15,10188.354166666666,24
2000-07-16,9815.824999999999,24
2000-07-17,10586.345833333333,24
2000-07-18,10800.866666666667,24
2000-07-19,10424.491666666667,24
2000-07-20,10296.841666666667,24
2000-07-21,9900.916666666666,24
2000-07-22,9349.108333333334,24
2000-07-23,9120.216666666667,24
2000-07-24,9588.295833333334,24
2000-07-25,10388.416666666666,24
2000-07-26,11142.179166666667,24
2000-07-27,11172.191666666666,24
2000-07-28,11086.945833333333,24
2000-07-29,10373.754166666668,24
2000-07-30,10095.304166666667,24
2000-07-31,11382.891666666668,24
2000-08-01,11773.0,24
2000-08-02,11607.554166666667,24
2000-08-03,11603.183333333334,24
2000-08-04,10819.883333333333,24
2000-08-05,10033.195833333333,24
2000-08-06,9547.433333333332,24
2000-08-07,10314.904166666667,24
2000-08-08,11146.3125,24
2000-08-09,11118.558333333334,24
2000-08-10,11108.875,24
2000-08-11,10752.145833333334,24
2000-08-12,10150.079166666666,24
2000-08-13,9618.316666666668,24
2000-08-14,10086.579166666666,24
2000-08-15,10632.2125,24
2000-08-16,10598.512499999999,24
2000-08-17,10697.358333333334,24
2000-08-18,10482.3375,24
2000-08-19,9713.137499999999,24
2000-08-20,9330.941666666668,24
2000-08-21,9981.775,24
2000-08-22,10404.629166666668,24
2000-08-23,10838.770833333334,24
2000-08-24,10784.541666666666,24
2000-08-25,10408.791666666666,24
2000-08-26,10183.5375,24
2000-08-27,9450.733333333334,24
2000-08-28,10292.3625,24
2000-08-29,11368.529166666667,24
2000-08-30,11950.566666666666,24
2000-08-31,12025.245833333334,24
2000-09-01,12101.620833333334,24
2000-09-02,12169.4625,24
2000-09-03,12080.5875,24
2000-09-04,12286.050000000001,24
2000-09-05,12673.4125,24
2000-09-06,12291.383333333333,24
2000-09-07,12515.391666666668,24
2000-09-08,12769.083333333334,24
2000-09-09,12701.824999999999,24
2000-09-10,12289.566666666666,24
2000-09-11,12646.625,24
2000-09-12,12695.429166666667,24
2000-09-13,12631.758333333333,24
2000-09-14,12518.375,24
2000-09-15,12419.783333333333,24
2000-09-16,12130.179166666667,24
2000-09-17,10825.737500000001,24
2000-09-18,11502.9125,24
2000-09-19,11508.120833333334,24
2000-09-20,10605.058333333332,24
2000-09-21,11516.783333333333,24
2000-09-22,11442.345833333333,24
2000-09-23,11069.495833333334,24
2000-09-24,10374.116666666667,24
2000-09-25,11329.320833333333,24
2000-09-26,11454.341666666667,24
2000-09-27,11113.387499999999,24
2000-09-28,11379.0,24
2000-09-29,11435.883333333333,24
2000-09-30,11209.25,24
2000-10-01,9930.691666666668,24
2000-10-02,11454.129166666666,24
2000-10-03,11171.925000000001,24
2000-10-04,11317.441666666666,24
2000-10-05,10791.241666666667,24
2000-10-06,10924.466666666667,24
2000-10-07,10810.5875,24
2000-10-08,9300.417391304349,23
2000-10-09,10706.204166666666,24
2000-10-10,10881.824999999999,24
2000-10-11,11014.929166666667,24
2000-10-12,9616.717391304348,23
2000-10-13,10862.779166666667,24
2000-10-14,10617.65,24
2000-10-15,9723.254166666668,24
2000-10-16,11173.054166666667,24
2000-10-17,11180.866666666667,24
2000-10-18,11171.645833333334,24
2000-10-19,11033.074999999999,24
2000-10-20,11230.608333333332,24
2000-10-21,10806.766666666666,24
2000-10-22,9735.120833333332,24
2000-10-23,11093.983333333332,24
2000-10-24,11485.245833333334,24
2000-10-25,11594.391666666668,24
2000-10-26,11553.133333333333,24
2000-10-27,11386.041666666666,24
2000-10-28,10595.5875,24
2000-10-29,8819.266666666666,24
2000-10-30,11121.083333333334,24
2000-10-31,10760.370833333332,24
2000-11-01,10641.975,24
2000-11-02,10533.045833333334,24
2000-11-03,11640.875,24
2000-11-04,10269.1,24
2000-11-05,8728.025,24
2000-11-06,10796.066666666668,24
2000-11-07,12010.208333333334,24
2000-11-08,11525.629166666666,24
2000-11-09,11693.266666666668,24
2000-11-10,11368.775,24
2000-11-11,11603.629166666666,24
2000-11-12,10667.387499999999,24
2000-11-13,11191.260869565218,23
2000-11-14,11811.004166666666,24
2000-11-15,11227.425000000001,24
2000-11-16,11721.783333333333,24
2000-11-17,11706.354166666666,24
2000-11-18,11748.883333333333,24
2000-11-19,10593.75,24
2000-11-20,11032.304166666667,24
2000-11-21,11678.704166666668,24
2000-11-22,11284.887499999999,24
2000-11-23,10414.883333333333,24
2000-11-24,11034.579166666668,24
2000-11-25,10004.616666666667,24
2000-11-26,10122.441666666668,24
2000-11-27,10181.329166666666,24
2000-11-28,10785.675,24
2000-11-29,11265.0,24
2000-11-30,11154.033333333333,24
2000-12-01,10893.775,24
2000-12-02,10982.300000000001,24
2000-12-03,10434.199999999999,24
2000-12-04,11391.5,24
2000-12-05,11844.529166666667,24
2000-12-06,11676.1625,24
2000-12-07,11696.470833333333,24
2000-12-08,11576.995833333334,24
2000-12-09,11872.304166666667,24
2000-12-10,11377.416666666666,24
2000-12-11,11738.220833333333,24
2000-12-12,12323.173913043478,23
2000-12-13,12077.975,24
2000-12-14,12181.233333333332,24
2000-12-15,11697.754166666666,24
2000-12-16,10938.487500000001,24
2000-12-17,10518.041666666666,24
2000-12-18,10782.345833333333,24
2000-12-19,10782.866666666667,24
2000-12-20,10965.608333333332,24
2000-12-21,11138.9125,24
2000-12-22,10896.108333333334,24
2000-12-23,10485.9625,24
2000-12-24,10336.0625,24
2000-12-25,10417.779166666667,24
2000-12-26,10927.4375,24
2000-12-27,11634.516666666668,24
2000-12-28,11433.316666666666,24
2000-12-29,11142.741666666667,24
2000-12-30,10604.816666666668,24
2000-12-31,9747.612500000001,24
2001-01-01,8832.362500000001,24
2001-01-02,10731.824999999999,24
2001-01-03,10581.362500000001,24
2001-01-04,10311.4125,24
2001-01-05,9920.220833333335,24
2001-01-06,9660.1,24
2001-01-07,9915.6625,24
2001-01-08,9506.633333333333,24
2001-01-09,9843.354166666666,24
2001-01-10,9813.1625,24
2001-01-11,10377.525,24
2001-01-12,11354.579166666668,24
2001-01-13,11583.908333333333,24
2001-01-14,9891.066666666668,24
2001-01-15,11596.75,24
2001-01-16,10647.925000000001,24
2001-01-17,10030.841666666667,24
2001-01-18,9695.383333333333,24
2001-01-19,9761.733333333334,24
2001-01-20,9560.345833333333,24
2001-01-21,8683.804166666667,24
2001-01-22,9970.483333333334,24
2001-01-23,9750.166666666666,24
2001-01-24,10097.958333333334,24
2001-01-25,10350.5875,24
2001-01-26,9967.383333333333,24
2001-01-27,8832.175000000001,24
2001-01-28,9118.270833333334,24
2001-01-29,10859.616666666667,24
2001-01-30,10604.804166666667,24
2001-01-31,10745.625,24
2001-02-01,11028.4,24
2001-02-02,10735.095833333333,24
2001-02-03,10802.795833333334,24
2001-02-04,7889.008333333332,24
2001-02-05,10797.991666666667,24
2001-02-06,10605.470833333333,24
2001-02-07,10709.708333333334,24
2001-02-08,10761.773913043478,23
2001-02-09,10773.675000000001,24
2001-02-10,10682.429166666667,24
2001-02-11,9017.225,24
2001-02-12,10634.7,23
2001-02-13,10609.916666666666,24
2001-02-14,10576.15,24
2001-02-15,10596.470833333335,24
2001-02-16,10478.7875,24
2001-02-17,9907.2875,24
2001-02-18,8719.852173913043,23
2001-02-19,10192.945833333333,24
2001-02-20,10473.991666666667,24
2001-02-21,10111.35,24
2001-02-22,10190.316666666668,24
2001-02-23,9840.658333333333,24
2001-02-24,10395.7875,24
2001-02-25,9609.716666666667,24
2001-02-26,9798.770833333334,24
2001-02-27,9876.929166666667,24
2001-02-28,10596.566666666668,24
2001-03-01,10806.512499999999,24
2001-03-02,10876.058333333332,24
2001-03-03,10790.908333333333,24
2001-03-04,8771.920833333334,24
2001-03-05,10861.1875,24
2001-03-06,10669.866666666667,24
2001-03-07,10533.358333333334,24
2001-03-08,10324.654166666667,24
2001-03-09,10292.104166666666,24
2001-03-10,9572.0625,24
2001-03-11,9855.433333333332,24
2001-03-12,9805.808333333332,24
2001-03-13,10175.479166666666,24
2001-03-14,10408.808333333332,24
2001-03-15,10698.220833333333,24
2001-03-16,10754.783333333333,24
2001-03-17,9763.591666666667,24
2001-03-18,9391.358333333334,24
2001-03-19,10449.637499999999,24
2001-03-20,10211.324999999999,24
2001-03-21,9556.583333333334,24
2001-03-22,9986.154166666667,24
2001-03-23,9882.820833333333,24
2001-03-24,10478.5625,24
2001-03-25,9706.566666666668,24
2001-03-26,9560.0,24
2001-03-27,10318.704166666666,24
2001-03-28,9984.045833333334,24
2001-03-29,9811.104166666666,24
2001-03-30,9763.733333333334,24
2001-03-31,9919.654166666667,24
2001-04-01,9427.608333333334,24
2001-04-02,10343.804166666667,24
2001-04-03,11445.654166666667,24
2001-04-04,11545.841666666667,24
2001-04-05,11431.358333333332,24
2001-04-06,10825.074999999999,24
2001-04-07,11056.866666666667,24
2001-04-08,10257.245833333332,24
2001-04-09,11405.608333333332,24
2001-04-10,11168.066666666666,24
2001-04-11,11075.8125,24
2001-04-12,10497.616666666667,24
2001-04-13,9552.954166666666,24
2001-04-14,9284.0375,24
2001-04-15,9166.279166666667,24
2001-04-16,9813.55,24
2001-04-17,9983.991666666667,24
2001-04-18,10273.362500000001,24
2001-04-19,9994.766666666666,24
2001-04-20,9898.225,24
2001-04-21,9887.133333333333,24
2001-04-22,9257.329166666666,24
2001-04-23,10172.258333333333,24
2001-04-24,10106.004166666668,24
2001-04-25,10248.120833333332,24
2001-04-26,9992.239130434782,23
2001-04-27,9698.0625,24
2001-04-28,9820.170833333334,24
2001-04-29,10484.058333333332,24
2001-04-30,10035.8375,24
2001-05-01,9887.3125,24
2001-05-02,10174.454166666666,24
2001-05-03,10845.866666666667,24
2001-05-04,10168.7125,24
2001-05-05,9903.554166666667,24
2001-05-06,9380.625,24
2001-05-07,9687.766666666666,24
2001-05-08,9875.1875,24
2001-05-09,9998.54347826087,23
2001-05-10,10038.595833333333,24
2001-05-11,10012.133333333333,24
2001-05-12,9996.254166666668,24
2001-05-13,9726.791666666666,24
2001-05-14,9759.341666666667,24
2001-05-15,9904.425000000001,24
2001-05-16,10073.324999999999,24
2001-05-17,10151.324999999999,24
2001-05-18,10086.783333333333,24
2001-05-19,9333.0875,24
2001-05-20,9073.074999999999,24
2001-05-21,9562.247826086956,23
2001-05-22,9472.533333333333,24
2001-05-23,9643.604166666666,24
2001-05-24,9636.895833333334,24
2001-05-25,9613.620833333332,24
2001-05-26,9451.713636363636,22
2001-05-27,8961.104166666666,24
2001-05-28,9178.216666666667,24
2001-05-29,9161.300000000001,24
2001-05-30,10065.420833333334,24
2001-05-31,10236.316666666668,24
2001-06-01,10236.770833333334,24
2001-06-02,9575.458333333334,24
2001-06-03,8978.295833333334,24
2001-06-04,9432.216666666667,24
2001-06-05,10268.816666666668,24
2001-06-06,10124.079166666666,24
2001-06-07,9830.324999999999,24
2001-06-08,9821.8375,24
2001-06-09,8624.004166666668,24
2001-06-10,8239.570833333333,24
2001-06-11,8418.4625,24
2001-06-12,8226.870833333332,24
2001-06-13,8052.337500000001,24
2001-06-14,7727.5625,24
2001-06-15,8266.512499999999,24
2001-06-16,7381.320833333334,24
2001-06-17,6940.833333333333,24
2001-06-18,7377.545833333334,24
2001-06-19,7790.583333333333,24
2001-06-20,6936.466666666667,24
2001-06-21,7632.104166666667,24
2001-06-22,7875.520833333333,24
2001-06-23,8165.045833333334,24
2001-06-24,7814.183333333333,24
2001-06-25,8011.675,24
2001-06-26,8860.795833333334,24
2001-06-27,8635.9375,24
2001-06-28,8435.279166666667,24
2001-06-29,7988.575,24
2001-06-30,7122.283333333333,24
2001-07-01,6454.529166666667,24
2001-07-02,7893.108333333334,24
2001-07-03,9048.333333333334,24
2001-07-04,9242.166666666666,24
2001-07-05,9420.629166666668,24
2001-07-06,8863.637499999999,24
2001-07-07,7974.452173913043,23
2001-07-08,7571.55,24
2001-07-09,7548.170833333334,24
2001-07-10,8394.800000000001,24
2001-07-11,9089.554166666667,24
2001-07-12,9052.320833333333,24
2001-07-13,8310.720833333333,24
2001-07-14,7975.679166666666,24
2001-07-15,7360.587500000001,24
2001-07-16,7976.820833333334,24
2001-07-17,8424.358333333334,24
2001-07-18,8782.795833333334,24
2001-07-19,8682.683333333332,24
2001-07-20,8244.283333333333,24
2001-07-21,7752.420833333334,24
2001-07-22,7160.775000000001,24
2001-07-23,7855.6375,24
2001-07-24,7572.95,24
2001-07-25,7999.490909090909,22
2001-07-26,8472.239130434782,23
2001-07-27,8443.754166666668,24
2001-07-28,7556.208333333333,24
2001-07-29,7056.016666666666,24
2001-07-30,7983.441666666667,24
2001-07-31,8696.550000000001,24
2001-08-01,8280.808333333332,24
2001-08-02,8079.8130434782615,23
2001-08-03,8072.075,24
2001-08-04,8069.912499999999,24
2001-08-05,7471.479166666667,24
2001-08-06,8000.825,24
2001-08-07,8014.191666666667,24
2001-08-08,7289.329166666666,24
2001-08-09,7708.404166666667,24
2001-08-10,7646.866666666666,24
2001-08-11,6899.724999999999,24
2001-08-12,6291.829166666666,24
2001-08-13,6701.625,24
2001-08-14,7172.625,24
2001-08-15,7044.404166666667,24
2001-08-16,7356.5,24
2001-08-17,7398.825,24
2001-08-18,6738.183333333333,24
2001-08-19,6617.1875,24
2001-08-20,7053.795833333334,24
2001-08-21,6758.991666666666,24
2001-08-22,6947.979166666667,24
2001-08-23,6997.245833333333,24
2001-08-24,6776.233333333334,24
2001-08-25,6515.858333333334,24
2001-08-26,6137.8125,24
2001-08-27,6770.741666666666,24
2001-08-28,7040.479166666667,24
2001-08-29,7002.6125,24
2001-08-30,7476.212500000001,24
2001-08-31,7632.670833333334,24
2001-09-01,7216.837500000001,24
2001-09-02,7153.020833333333,24
2001-09-03,7562.837500000001,24
2001-09-04,8319.158333333333,24
2001-09-05,8382.954166666666,24
2001-09-06,7829.091666666667,24
2001-09-07,7512.55,24
2001-09-08,6850.916666666667,24
2001-09-09,6967.641666666666,24
2001-09-10,7288.025000000001,24
2001-09-11,8646.116666666667,24
2001-09-12,8874.354166666666,24
2001-09-13,8811.604166666666,24
2001-09-14,7849.224999999999,24
2001-09-15,7045.979166666667,24
2001-09-16,7256.108333333334,24
2001-09-17,7632.029166666667,24
2001-09-18,8129.0625,24
2001-09-19,8331.3375,24
2001-09-20,8676.941666666668,24
2001-09-21,8443.720833333333,24
2001-09-22,7692.212500000001,24
2001-09-23,7403.633333333334,24
2001-09-24,7427.558333333333,24
2001-09-25,8233.737500000001,24
2001-09-26,8231.208333333334,24
2001-09-27,8299.0,24
2001-09-28,8098.629166666667,24
2001-09-29,7261.154166666667,24
2001-09-30,7241.5125,24
2001-10-01,8462.800000000001,24
2001-10-02,9453.4125,24
2001-10-03,9231.816666666668,24
2001-10-04,9765.795833333334,24
2001-10-05,9019.0,24
2001-10-06,8019.045833333334,24
2001-10-07,7305.025000000001,24
2001-10-08,7996.091666666667,24
2001-10-09,8191.491666666666,24
2001-10-10,8626.666666666666,24
2001-10-11,8876.166666666666,24
2001-10-12,7685.845833333333,24
2001-10-13,6733.854166666667,24
2001-10-14,6602.356521739131,23
2001-10-15,7725.566666666667,24
2001-10-16,8166.7,24
2001-10-17,8366.145833333334,24
2001-10-18,8302.216666666667,24
2001-10-19,8296.5625,24
2001-10-20,7596.075,24
2001-10-21,7476.537499999999,24
2001-10-22,8238.408333333333,24
2001-10-23,9320.795833333334,24
2001-10-24,9081.504166666668,24
2001-10-25,9075.845833333333,24
2001-10-26,8937.9625,24
2001-10-27,7628.4875,24
2001-10-28,8092.8625,24
2001-10-29,9001.512499999999,24
2001-10-30,9087.345833333333,24
2001-10-31,8941.15,24
2001-11-01,9417.658333333333,24
2001-11-02,8761.583333333334,24
2001-11-03,8098.416666666667,24
2001-11-04,8719.341666666667,24
2001-11-05,8941.120833333332,24
2001-11-06,9118.762499999999,24
2001-11-07,9542.566666666668,24
2001-11-08,9294.791666666666,24
2001-11-09,8891.854166666666,24
2001-11-10,8478.908333333333,24
2001-11-11,7492.745833333333,24
2001-11-12,7275.6125,24
2001-11-13,7395.479166666667,24
2001-11-14,7392.458333333333,24
2001-11-15,7257.070833333334,24
2001-11-16,7369.904166666667,24
2001-11-17,6890.166666666667,24
2001-11-18,6949.508333333334,24
2001-11-19,7281.3625,24
2001-11-20,8565.783333333333,24
2001-11-21,9118.1,24
2001-11-22,9786.220833333333,24
2001-11-23,10108.054166666667,24
2001-11-24,9623.983333333334,24
2001-11-25,8921.945833333333,24
2001-11-26,9122.55,24
2001-11-27,10643.220833333333,24
2001-11-28,10537.395833333334,24
2001-11-29,10376.566666666668,24
2001-11-30,9853.0,24
2001-12-01,9206.504166666668,24
2001-12-02,8626.745833333332,24
2001-12-03,9020.908333333333,24
2001-12-04,9807.925,24
2001-12-05,10337.983333333334,24
2001-12-06,10066.395833333334,24
2001-12-07,10359.125,24
2001-12-08,9122.362500000001,24
2001-12-09,8516.574999999999,24
2001-12-10,9525.4625,24
2001-12-11,10592.565217391304,23
2001-12-12,10683.7125,24
2001-12-13,10591.737500000001,24
2001-12-14,10214.540909090909,22
2001-12-15,9443.295833333334,24
2001-12-16,8491.170833333334,24
2001-12-17,8981.804166666667,24
2001-12-18,9187.183333333332,24
2001-12-19,9223.404166666667,24
2001-12-20,9366.0375,24
2001-12-21,8754.070833333333,24
2001-12-22,7836.270833333333,24
2001-12-23,7284.029166666667,24
2001-12-24,6254.333333333333,24
2001-12-25,6147.008333333334,24
2001-12-26,6949.208333333333,24
2001-12-27,8149.208333333333,24
2001-12-28,8977.199999999999,24
2001-12-29,8143.058333333333,24
2001-12-30,8005.3875,24
2001-12-31,8256.941666666668,24
2002-01-01,6240.116666666666,24
2002-01-02,10159.987500000001,24
2002-01-03,10822.074999999999,24
2002-01-04,9848.566666666668,24
2002-01-05,9265.550000000001,24
2002-01-06,8816.641666666666,24
2002-01-07,9428.166666666666,24
2002-01-08,10527.258333333333,24
2002-01-09,11191.258333333333,24
2002-01-10,11070.320833333333,24
2002-01-11,10693.554166666667,24
2002-01-12,9445.833333333334,24
2002-01-13,8476.833333333334,24
2002-01-14,9547.554166666667,24
2002-01-15,9531.370833333332,24
2002-01-16,9822.466666666667,24
2002-01-17,10325.824999999999,24
2002-01-18,10551.516666666666,24
2002-01-19,9640.9125,24
2002-01-20,8029.704166666666,24
2002-01-21,8046.1875,24
2002-01-22,10518.941666666668,24
2002-01-23,10946.504166666666,24
2002-01-24,10742.9,24
2002-01-25,10325.520833333334,24
2002-01-26,8332.108333333334,24
2002-01-27,6622.241666666666,24
2002-01-28,9034.404166666667,24
2002-01-29,9653.891666666666,24
2002-01-30,9328.404166666665,24
2002-01-31,9880.887499999999,24
2002-02-01,9081.391666666666,24
2002-02-02,7826.6875,24
2002-02-03,6114.154166666667,24
2002-02-04,8245.958333333334,24
2002-02-05,8517.987500000001,24
2002-02-06,9254.0,24
2002-02-07,9136.883333333333,24
2002-02-08,8600.116666666667,24
2002-02-09,6931.266666666666,24
2002-02-10,5701.033333333333,24
2002-02-11,7194.416666666667,24
2002-02-12,6745.525000000001,24
2002-02-13,7262.8625,24
2002-02-14,8871.254166666668,24
2002-02-15,8788.354166666666,24
2002-02-16,7601.841666666667,24
2002-02-17,6399.516666666666,24
2002-02-18,9241.620833333332,24
2002-02-19,10208.183333333332,24
2002-02-20,10424.800000000001,24
2002-02-21,10542.725,24
2002-02-22,10701.4875,24
2002-02-23,8978.949999999999,24
2002-02-24,6550.604166666667,24
2002-02-25,9503.995833333332,24
2002-02-26,9603.9625,24
2002-02-27,9822.633333333333,24
2002-02-28,10135.979166666666,24
2002-03-01,9888.304166666667,24
2002-03-02,7803.691666666667,24
2002-03-03,6626.441666666667,24
2002-03-04,9286.120833333332,24
2002-03-05,10083.612500000001,24
2002-03-06,9721.120833333332,24
2002-03-07,10803.6625,24
2002-03-08,10703.308333333332,24
2002-03-09,10850.204166666666,24
2002-03-10,9387.633333333333,24
2002-03-11,11048.645833333334,24
2002-03-12,10962.879166666666,24
2002-03-13,11125.120833333334,24
2002-03-14,11190.475,24
2002-03-15,10236.550000000001,24
2002-03-16,9083.995833333332,24
2002-03-17,8783.620833333332,24
2002-03-18,9729.574999999999,24
2002-03-19,9913.216666666667,24
2002-03-20,9936.570833333333,24
2002-03-21,10128.658333333333,24
2002-03-22,9562.770833333334,24
2002-03-23,9058.925000000001,24
2002-03-24,9319.933333333332,24
2002-03-25,10401.216666666667,24
2002-03-26,10487.5,24
2002-03-27,10286.045833333334,24
2002-03-28,11173.725,24
2002-03-29,8124.2,24
2002-03-30,9204.9375,24
2002-03-31,8433.054166666667,24
2002-04-01,10929.229166666666,24
2002-04-02,11918.25,24
2002-04-03,11711.225,24
2002-04-04,11264.029166666667,24
2002-04-05,10794.1,24
2002-04-06,10680.679166666667,24
2002-04-07,10010.329166666666,24
2002-04-08,10825.370833333332,24
2002-04-09,11321.408333333333,24
2002-04-10,11564.395833333334,24
2002-04-11,11462.245833333334,24
2002-04-12,10738.108333333334,24
2002-04-13,10201.404166666667,24
2002-04-14,9998.954166666666,24
2002-04-15,10972.733333333332,24
2002-04-16,10592.295833333334,24
2002-04-17,10238.612500000001,24
2002-04-18,10471.445833333333,24
2002-04-19,10496.895833333334,24
2002-04-20,9879.866666666667,24
2002-04-21,9437.179166666667,24
2002-04-22,10584.0,24
2002-04-23,10849.666666666666,24
2002-04-24,10810.25,24
2002-04-25,10314.516666666666,24
2002-04-26,10117.170833333334,24
2002-04-27,9302.291666666666,24
2002-04-28,9223.7875,24
2002-04-29,9625.954166666666,24
2002-04-30,9742.195833333333,24
2002-05-01,9247.012499999999,24
2002-05-02,10271.045833333334,24
2002-05-03,10086.945833333333,24
2002-05-04,9547.854166666666,24
2002-05-05,9319.291666666666,24
2002-05-06,10189.708333333334,24
2002-05-07,10309.0,24
2002-05-08,9479.491666666667,24
2002-05-09,9575.870833333332,24
2002-05-10,9329.604166666666,24
2002-05-11,8645.029166666667,24
2002-05-12,8813.5,24
2002-05-13,9473.824999999999,24
2002-05-14,10543.995833333332,24
2002-05-15,10471.925000000001,24
2002-05-16,10518.095833333333,24
2002-05-17,9895.699999999999,24
2002-05-18,10754.633333333333,24
2002-05-19,9834.091666666667,24
2002-05-20,10993.333333333334,24
2002-05-21,10608.475,24
2002-05-22,10608.475,24
2002-05-23,10635.9625,24
2002-05-24,10518.625,24
2002-05-25,10406.9625,24
2002-05-26,8375.883333333333,24
2002-05-27,10811.733333333334,24
2002-05-28,11051.550000000001,24
2002-05-29,10674.175000000001,24
2002-05-30,9005.945833333333,24
2002-05-31,10666.908333333333,24
2002-06-01,10601.1,24
2002-06-02,9319.554166666667,24
2002-06-03,10819.904166666667,24
2002-06-04,10480.766666666666,24
2002-06-05,10911.716666666667,24
2002-06-06,10929.683333333332,24
2002-06-07,10969.429166666667,24
2002-06-08,9849.975,24
2002-06-09,9338.341666666667,24
2002-06-10,10221.058333333332,24
2002-06-11,10442.908333333333,24
2002-06-12,10345.4125,24
2002-06-13,10163.066666666668,24
2002-06-14,9788.466666666667,24
2002-06-15,8775.733333333334,24
2002-06-16,8771.658333333333,24
2002-06-17,8593.670833333334,24
2002-06-18,8523.854166666666,24
2002-06-19,8551.120833333332,24
2002-06-20,8841.1,24
2002-06-21,8985.541666666666,24
2002-06-22,8370.729166666666,24
2002-06-23,8162.083333333333,24
2002-06-24,8274.15,24
2002-06-25,8868.275,24
2002-06-26,8628.475,24
2002-06-27,8892.050000000001,24
2002-06-28,8502.283333333333,24
2002-06-29,8576.558333333332,24
2002-06-30,8535.691666666668,24
2002-07-01,9022.308333333332,24
2002-07-02,8679.058333333332,24
2002-07-03,8568.074999999999,24
2002-07-04,8520.458333333334,24
2002-07-05,8226.262499999999,24
2002-07-06,8133.837500000001,24
2002-07-07,8106.8125,24
2002-07-08,7908.108333333334,24
2002-07-09,7672.7375,24
2002-07-10,8429.829166666666,24
2002-07-11,8515.691666666668,24
2002-07-12,8840.833333333334,24
2002-07-13,8295.245833333332,24
2002-07-14,8314.0625,24
2002-07-15,8266.925000000001,24
2002-07-16,9130.658333333333,24
2002-07-17,8661.483333333334,24
2002-07-18,8834.5,24
2002-07-19,8771.916666666666,24
2002-07-20,8262.4375,24
2002-07-21,8062.875,24
2002-07-22,8462.183333333332,24
2002-07-23,8396.199999999999,24
2002-07-24,8794.233333333334,24
2002-07-25,9181.104166666666,24
2002-07-26,9066.154166666667,24
2002-07-27,8667.883333333333,24
2002-07-28,8376.770833333334,24
2002-07-29,9242.362500000001,24
2002-07-30,10674.795833333334,24
2002-07-31,10297.237500000001,24
2002-08-01,10350.875,24
2002-08-02,10072.5625,24
2002-08-03,9327.333333333334,24
2002-08-04,8802.520833333334,24
2002-08-05,9453.066666666668,24
2002-08-06,9832.629166666668,24
2002-08-07,9711.616666666667,24
2002-08-08,9948.908333333333,24
2002-08-09,9919.045833333334,24
2002-08-10,9106.516666666666,24
2002-08-11,8454.316666666668,24
2002-08-12,8849.354166666666,24
2002-08-13,9562.333333333334,24
2002-08-14,9186.708333333334,24
2002-08-15,8988.6,24
2002-08-16,8731.225,24
2002-08-17,8284.408333333333,24
2002-08-18,8451.433333333332,24
2002-08-19,8831.295833333334,24
2002-08-20,9361.745833333332,24
2002-08-21,9277.9375,24
2002-08-22,9262.7125,24
2002-08-23,8914.520833333334,24
2002-08-24,8800.5,24
2002-08-25,9041.158333333333,24
2002-08-26,9211.091666666667,24
2002-08-27,8942.079166666666,24
2002-08-28,8772.887499999999,24
2002-08-29,8818.975,24
2002-08-30,8537.120833333332,24
2002-08-31,8022.6125,24
2002-09-01,7810.8125,24
2002-09-02,8367.824999999999,24
2002-09-03,8878.925000000001,24
2002-09-04,8967.179166666667,24
2002-09-05,8947.270833333334,24
2002-09-06,8628.791666666666,24
2002-09-07,8173.291666666667,24
2002-09-08,8417.5375,24
2002-09-09,9170.866666666667,24
2002-09-10,10187.3375,24
2002-09-11,10336.300000000001,24
2002-09-12,10170.566666666668,24
2002-09-13,8896.020833333334,24
2002-09-14,8271.570833333333,24
2002-09-15,7885.208333333333,24
2002-09-16,8695.291666666666,24
2002-09-17,9945.85,24
2002-09-18,9973.9375,24
2002-09-19,9475.5,24
2002-09-20,9155.545833333334,24
2002-09-21,9108.237500000001,24
2002-09-22,8810.520833333334,24
2002-09-23,10001.708333333334,24
2002-09-24,10692.933333333332,24
2002-09-25,10529.375,24
2002-09-26,10324.316666666668,24
2002-09-27,9753.262499999999,24
2002-09-28,9861.6875,24
2002-09-29,9167.629166666668,24
2002-09-30,10166.7125,24
2002-10-01,10300.970833333333,24
2002-10-02,10307.949999999999,24
2002-10-03,10397.85,24
2002-10-04,9639.333333333334,24
2002-10-05,8650.5625,24
2002-10-06,8535.741666666667,24
2002-10-07,9317.541666666666,24
2002-10-08,10303.970833333333,24
2002-10-09,9765.329166666666,24
2002-10-10,9187.720833333333,24
2002-10-11,9175.416666666666,24
2002-10-12,8185.575,24
2002-10-13,8333.045833333334,24
2002-10-14,9623.479166666666,24
2002-10-15,10250.908333333333,24
2002-10-16,10396.179166666667,24
2002-10-17,10390.466666666667,24
2002-10-18,9994.345833333333,24
2002-10-19,9470.7625,24
2002-10-20,8903.262499999999,24
2002-10-21,9930.845833333333,24
2002-10-22,9813.425000000001,24
2002-10-23,9781.408333333333,24
2002-10-24,9773.008333333333,24
2002-10-25,9442.070833333333,24
2002-10-26,8568.641666666666,24
2002-10-27,7896.908333333333,24
2002-10-28,8725.579166666666,24
2002-10-29,9468.308333333332,24
2002-10-30,9433.408333333333,24
2002-10-31,9445.216666666667,24
2002-11-01,9395.225,24
2002-11-02,10060.433333333332,24
2002-11-03,8902.982608695653,23
2002-11-04,9551.404166666667,24
2002-11-05,9123.154166666667,24
2002-11-06,9022.5,24
2002-11-07,9086.766666666666,24
2002-11-08,9791.8375,24
2002-11-09,9132.800000000001,24
2002-11-10,8937.641666666666,24
2002-11-11,9696.583333333334,24
2002-11-12,9464.275,24
2002-11-13,9437.1625,24
2002-11-14,9347.5375,24
2002-11-15,9566.608333333334,24
2002-11-16,8925.195833333333,24
2002-11-17,8189.691666666667,24
2002-11-18,10043.866666666667,24
2002-11-19,10084.845833333333,24
2002-11-20,9944.112500000001,24
2002-11-21,10089.25,24
2002-11-22,10049.308333333332,24
2002-11-23,9310.420833333334,24
2002-11-24,9342.275,24
2002-11-25,10347.191666666668,24
2002-11-26,10545.295833333334,24
2002-11-27,10794.375,24
2002-11-28,10504.570833333333,24
2002-11-29,10449.633333333333,24
2002-11-30,10157.966666666667,24
2002-12-01,9004.270833333334,24
2002-12-02,10459.233333333334,24
2002-12-03,10143.579166666666,24
2002-12-04,9871.554166666667,24
2002-12-05,10193.9625,24
2002-12-06,10403.762499999999,24
2002-12-07,9843.387499999999,24
2002-12-08,8875.254166666668,24
2002-12-09,9796.4125,24
2002-12-10,10073.808333333332,24
2002-12-11,10136.737500000001,24
2002-12-12,10178.7125,24
2002-12-13,10245.266666666666,24
2002-12-14,9906.074999999999,24
2002-12-15,9480.233333333334,24
2002-12-16,10679.504166666668,24
2002-12-17,10345.574999999999,24
2002-12-18,10246.525,24
2002-12-19,9959.366666666667,24
2002-12-20,10113.266666666666,24
2002-12-21,9521.125,24
2002-12-22,9604.679166666667,24
2002-12-23,9577.154166666667,24
2002-12-24,8980.4375,24
2002-12-25,7825.425,24
2002-12-26,9406.329166666666,24
2002-12-27,9679.362500000001,24
2002-12-28,8078.870833333333,24
2002-12-29,8291.366666666667,24
2002-12-30,9160.4,24
2002-12-31,7596.629166666667,24
2003-01-01,6987.766666666666,24
2003-01-02,9218.0375,24
2003-01-03,8518.975,24
2003-01-04,8153.883333333334,24
2003-01-05,8176.558333333333,24
2003-01-06,9553.6625,24
2003-01-07,9640.987500000001,24
2003-01-08,9995.395833333334,24
2003-01-09,10424.520833333334,24
2003-01-10,10434.074999999999,24
2003-01-11,9719.637499999999,24
2003-01-12,9297.641666666666,24
2003-01-13,10283.108333333334,24
2003-01-14,10652.525,24
2003-01-15,10834.195833333333,24
2003-01-16,10672.362500000001,24
2003-01-17,10620.758333333333,24
2003-01-18,10409.645833333334,24
2003-01-19,9896.762499999999,24
2003-01-20,10599.333333333334,24
2003-01-21,10511.695833333333,24
2003-01-22,10674.633333333333,24
2003-01-23,10822.154166666667,24
2003-01-24,10800.845833333333,24
2003-01-25,9829.15,24
2003-01-26,8458.429166666667,24
2003-01-27,10842.887499999999,24
2003-01-28,11413.816666666666,24
2003-01-29,11105.395833333334,24
2003-01-30,10637.970833333333,24
2003-01-31,10750.683333333332,24
2003-02-01,8938.762499999999,24
2003-02-02,8437.0375,24
2003-02-03,10921.1625,24
2003-02-04,11229.504166666666,24
2003-02-05,11287.675000000001,24
2003-02-06,11272.808333333334,24
2003-02-07,11159.9625,24
2003-02-08,10171.070833333333,24
2003-02-09,9192.220833333333,24
2003-02-10,11031.9125,24
2003-02-11,10790.745833333332,24
2003-02-12,11082.300000000001,24
2003-02-13,10510.487500000001,24
2003-02-14,10620.229166666666,24
2003-02-15,10539.262499999999,24
2003-02-16,9487.012499999999,24
2003-02-17,11463.1,24
2003-02-18,11190.708333333334,24
2003-02-19,10539.137499999999,24
2003-02-20,10157.179166666667,24
2003-02-21,10455.229166666666,24
2003-02-22,9330.508333333333,24
2003-02-23,7950.337500000001,24
2003-02-24,10502.308333333332,24
2003-02-25,10675.762499999999,24
2003-02-26,10668.820833333333,24
2003-02-27,11411.741666666667,24
2003-02-28,11476.475,24
2003-03-01,10323.904166666667,24
2003-03-02,9011.6625,24
2003-03-03,9343.366666666667,24
2003-03-04,10028.354166666666,24
2003-03-05,10741.112500000001,24
2003-03-06,11581.608333333332,24
2003-03-07,10572.670833333334,24
2003-03-08,9896.075,24
2003-03-09,7960.25,24
2003-03-10,10070.845833333333,24
2003-03-11,11023.533333333333,24
2003-03-12,10252.654166666667,24
2003-03-13,9971.362500000001,24
2003-03-14,9357.283333333333,24
2003-03-15,7651.712500000001,24
2003-03-16,6830.879166666667,24
2003-03-17,8902.095833333333,24
2003-03-18,8664.979166666666,24
2003-03-19,8973.529166666667,24
2003-03-20,8645.0,24
2003-03-21,9207.520833333334,24
2003-03-22,6874.116666666666,24
2003-03-23,6676.841666666667,24
2003-03-24,9043.729166666666,24
2003-03-25,8849.5625,24
2003-03-26,8673.154166666667,24
2003-03-27,8991.129166666668,24
2003-03-28,9520.4125,24
2003-03-29,6980.941666666667,24
2003-03-30,6596.020833333333,24
2003-03-31,9674.5875,24
2003-04-01,10308.6,24
2003-04-02,10061.333333333334,24
2003-04-03,10327.754166666668,24
2003-04-04,10206.4625,24
2003-04-05,9944.0875,24
2003-04-06,9852.254166666668,24
2003-04-07,9944.620833333332,24
2003-04-08,10496.275,24
2003-04-09,10442.945833333333,24
2003-04-10,11185.379166666666,24
2003-04-11,10900.754166666668,24
2003-04-12,10088.241666666667,24
2003-04-13,9106.970833333333,24
2003-04-14,10240.35,24
2003-04-15,11365.120833333334,24
2003-04-16,10977.862500000001,24
2003-04-17,10909.9125,24
2003-04-18,8178.712500000001,24
2003-04-19,9478.975,24
2003-04-20,7570.258333333334,24
2003-04-21,9072.175000000001,24
2003-04-22,10872.9,24
2003-04-23,11648.220833333333,24
2003-04-24,11306.791666666666,24
2003-04-25,11020.625,24
2003-04-26,11073.358333333332,24
2003-04-27,10646.245833333332,24
2003-04-28,11405.870833333334,24
2003-04-29,11730.6,24
2003-04-30,11616.85,24
2003-05-01,11098.737500000001,24
2003-05-02,11629.591666666667,24
2003-05-03,10473.116666666667,24
2003-05-04,10094.979166666666,24
2003-05-05,11330.166666666666,24
2003-05-06,10716.175000000001,24
2003-05-07,10538.204166666666,24
2003-05-08,10643.758333333333,24
2003-05-09,11067.341666666667,24
2003-05-10,9945.195833333333,24
2003-05-11,9222.9375,24
2003-05-12,10179.179166666667,24
2003-05-13,9715.379166666668,24
2003-05-14,9558.475,24
2003-05-15,9945.595833333333,24
2003-05-16,9906.275,24
2003-05-17,9662.970833333333,24
2003-05-18,9278.441666666668,24
2003-05-19,9695.441666666668,24
2003-05-20,10205.404166666667,24
2003-05-21,9896.6875,24
2003-05-22,10430.887499999999,24
2003-05-23,9821.016666666666,24
2003-05-24,9289.608333333334,24
2003-05-25,8637.879166666668,24
2003-05-26,9381.670833333334,24
2003-05-27,10657.154166666667,24
2003-05-28,10976.0375,24
2003-05-29,10465.362500000001,24
2003-05-30,9804.612500000001,24
2003-05-31,8939.2125,24
2003-06-01,8777.079166666666,24
2003-06-02,9705.491666666667,24
2003-06-03,10018.379166666668,24
2003-06-04,10052.845833333333,24
2003-06-05,10058.020833333334,24
2003-06-06,9772.508333333333,24
2003-06-07,9305.129166666668,24
2003-06-08,9565.699999999999,24
2003-06-09,10455.470833333333,24
2003-06-10,11614.308333333334,24
2003-06-11,11366.2875,24
2003-06-12,11131.379166666666,24
2003-06-13,10527.65,24
2003-06-14,10483.429166666667,24
2003-06-15,10388.533333333333,24
2003-06-16,10927.941666666666,24
2003-06-17,10345.391666666666,24
2003-06-18,10167.125,24
2003-06-19,9700.904166666667,24
2003-06-20,9615.125,24
2003-06-21,9114.975,24
2003-06-22,9240.541666666666,24
2003-06-23,9506.208333333334,24
2003-06-24,9666.066666666668,24
2003-06-25,10005.658333333333,24
2003-06-26,9821.179166666667,24
2003-06-27,9644.358333333334,24
2003-06-28,9189.508333333333,24
2003-06-29,8911.804166666667,24
2003-06-30,9682.7875,24
2003-07-01,9406.7125,24
2003-07-02,9329.949999999999,24
2003-07-03,9507.833333333334,24
2003-07-04,9533.029166666667,24
2003-07-05,9055.520833333334,24
2003-07-06,8972.845833333333,24
2003-07-07,9403.800000000001,24
2003-07-08,10026.3375,24
2003-07-09,9412.120833333332,24
2003-07-10,9911.229166666666,24
2003-07-11,9681.800000000001,24
2003-07-12,9327.4875,24
2003-07-13,9459.579166666666,24
2003-07-14,9849.720833333333,24
2003-07-15,10402.716666666667,24
2003-07-16,10364.883333333333,24
2003-07-17,10501.191666666668,24
2003-07-18,10114.949999999999,24
2003-07-19,9424.008333333333,24
2003-07-20,9036.108333333334,24
2003-07-21,9552.508333333333,24
2003-07-22,9745.324999999999,24
2003-07-23,9942.229166666666,24
2003-07-24,10193.7875,24
2003-07-25,10091.154166666667,24
2003-07-26,9634.025,24
2003-07-27,9503.370833333332,24
2003-07-28,9878.041666666666,24
2003-07-29,9657.383333333333,24
2003-07-30,9704.625,24
2003-07-31,9510.491666666667,24
2003-08-01,9094.233333333334,24
2003-08-02,8687.5875,24
2003-08-03,8757.704166666666,24
2003-08-04,9628.729166666666,24
2003-08-05,10309.508333333333,24
2003-08-06,10350.075,24
2003-08-07,10163.041666666666,24
2003-08-08,9951.233333333334,24
2003-08-09,9457.758333333333,24
2003-08-10,9156.466666666667,24
2003-08-11,9612.15,24
2003-08-12,9905.15,24
2003-08-13,10102.362500000001,24
2003-08-14,10340.7125,24
2003-08-15,9968.666666666666,24
2003-08-16,9460.233333333334,24
2003-08-17,9417.225,24
2003-08-18,9627.704166666666,24
2003-08-19,10228.904166666667,24
2003-08-20,10227.783333333333,24
2003-08-21,10321.933333333332,24
2003-08-22,9946.0625,24
2003-08-23,9407.2375,24
2003-08-24,9148.237500000001,24
2003-08-25,9850.887499999999,24
2003-08-26,10159.445833333333,24
2003-08-27,9986.066666666668,24
2003-08-28,9740.533333333333,24
2003-08-29,8936.533333333335,24
2003-08-30,8511.737500000001,24
2003-08-31,8537.699999999999,24
2003-09-01,9245.866666666667,24
2003-09-02,9665.074999999999,24
2003-09-03,9831.9375,24
2003-09-04,10059.129166666668,24
2003-09-05,10334.929166666667,24
2003-09-06,9814.512499999999,24
2003-09-07,9340.108333333334,24
2003-09-08,10013.987500000001,24
2003-09-09,10561.520833333334,24
2003-09-10,10612.454166666666,24
2003-09-11,10459.233333333334,24
2003-09-12,10058.637499999999,24
2003-09-13,9502.862500000001,24
2003-09-14,9145.1875,24
2003-09-15,10014.954166666666,24
2003-09-16,10639.966666666667,24
2003-09-17,10772.366666666667,24
2003-09-18,10793.6625,24
2003-09-19,10845.916666666666,24
2003-09-20,10197.816666666668,24
2003-09-21,9828.683333333332,24
2003-09-22,10759.4625,24
2003-09-23,10765.733333333334,24
2003-09-24,10576.9375,24
2003-09-25,10192.4125,24
2003-09-26,9517.166666666666,24
2003-09-27,9167.283333333333,24
2003-09-28,8896.545833333334,24
2003-09-29,9883.725,24
2003-09-30,10781.058333333332,24
2003-10-01,10711.4625,24
2003-10-02,10863.5,24
2003-10-03,10875.166666666666,24
2003-10-04,10577.629166666668,24
2003-10-05,9954.975,24
2003-10-06,10664.220833333333,24
2003-10-07,11033.125,24
2003-10-08,11124.070833333333,24
2003-10-09,11238.016666666668,24
2003-10-10,10680.020833333334,24
2003-10-11,10613.875,24
2003-10-12,10178.866666666667,24
2003-10-13,11053.783333333333,24
2003-10-14,11313.891666666668,24
2003-10-15,11118.975,24
2003-10-16,10994.029166666667,24
2003-10-17,10774.870833333332,24
2003-10-18,10634.791666666666,24
2003-10-19,10202.339130434782,23
2003-10-20,10872.775,24
2003-10-21,10840.0625,24
2003-10-22,11005.262499999999,24
2003-10-23,11322.241666666667,24
2003-10-24,11005.645833333334,24
2003-10-25,10288.933333333332,24
2003-10-26,10390.325,24
2003-10-27,11007.300000000001,24
2003-10-28,11292.383333333333,24
2003-10-29,11348.425000000001,24
2003-10-30,11412.595833333333,24
2003-10-31,11327.275,24
2003-11-01,10689.666666666666,24
2003-11-02,10181.079166666666,24
2003-11-03,11054.608333333332,24
2003-11-04,11224.050000000001,24
2003-11-05,11240.449999999999,24
2003-11-06,11227.583333333334,24
2003-11-07,11298.629166666666,24
2003-11-08,10685.183333333332,24
2003-11-09,10168.35,24
2003-11-10,11268.095833333333,24
2003-11-11,11440.358333333332,24
2003-11-12,11426.120833333334,24
2003-11-13,10644.487500000001,24
2003-11-14,10096.179166666667,24
2003-11-15,9754.137499999999,24
2003-11-16,8990.595833333333,24
2003-11-17,10097.074999999999,24
2003-11-18,10319.058333333332,24
2003-11-19,10996.858333333332,24
2003-11-20,10817.6875,24
2003-11-21,11267.895833333334,24
2003-11-22,10476.016666666666,24
2003-11-23,10167.629166666668,24
2003-11-24,10793.391666666666,24
2003-11-25,11228.775,24
2003-11-26,11246.766666666668,24
2003-11-27,10909.204166666666,24
2003-11-28,11355.445833333333,24
2003-11-29,10878.854166666666,24
2003-11-30,10048.1,24
2003-12-01,11127.758333333333,24
2003-12-02,11335.920833333332,24
2003-12-03,11361.225,24
2003-12-04,11360.9375,24
2003-12-05,11413.029166666667,24
2003-12-06,10707.6375,24
2003-12-07,10389.25,24
2003-12-08,10935.975,24
2003-12-09,11193.741666666667,24
2003-12-10,11295.2125,24
2003-12-11,11444.375,24
2003-12-12,11927.512499999999,24
2003-12-13,11928.458333333334,24
2003-12-14,11648.304166666667,24
2003-12-15,11671.816666666666,24
2003-12-16,11540.770833333334,24
2003-12-17,11690.808333333334,24
2003-12-18,12069.4625,24
2003-12-19,12212.475,24
2003-12-20,12279.175000000001,24
2003-12-21,10655.15,24
2003-12-22,11631.729166666666,24
2003-12-23,11845.449999999999,24
2003-12-24,10279.262499999999,24
2003-12-25,8938.012499999999,24
2003-12-26,10838.050000000001,24
2003-12-27,10325.654166666667,24
2003-12-28,9332.058333333332,24
2003-12-29,10892.283333333333,24
2003-12-30,10470.591666666665,24
2003-12-31,10151.129166666668,24
2004-01-01,9306.625,24
2004-01-02,10043.391666666666,24
2004-01-03,9837.041666666666,24
2004-01-04,10129.025,24
2004-01-05,11013.116666666667,24
2004-01-06,11081.8125,24
2004-01-07,11128.795833333332,24
2004-01-08,10572.9375,24
2004-01-09,10257.3375,24
2004-01-10,9142.091666666667,24
2004-01-11,9299.666666666666,24
2004-01-12,10470.891666666666,24
2004-01-13,10189.270833333334,24
2004-01-14,10256.95,24
2004-01-15,10500.487500000001,24
2004-01-16,10590.179166666667,24
2004-01-17,9997.504166666668,24
2004-01-18,9433.658333333333,24
2004-01-19,10384.116666666667,24
2004-01-20,10962.308333333334,24
2004-01-21,10703.429166666667,24
2004-01-22,9730.0375,24
2004-01-23,9885.779166666667,24
2004-01-24,9687.1625,24
2004-01-25,9693.770833333334,24
2004-01-26,10245.7875,24
2004-01-27,10096.245833333332,24
2004-01-28,10146.591666666667,24
2004-01-29,10110.495833333332,24
2004-01-30,9688.824999999999,24
2004-01-31,8800.112500000001,24
2004-02-01,8854.966666666667,24
2004-02-02,9425.112500000001,24
2004-02-03,10638.358333333334,24
2004-02-04,10668.241666666667,24
2004-02-05,10857.266666666666,24
2004-02-06,10745.012499999999,24
2004-02-07,9718.470833333333,24
2004-02-08,9469.775,24
2004-02-09,10148.645833333334,24
2004-02-10,10804.191666666668,24
2004-02-11,10645.933333333332,24
2004-02-12,10384.487500000001,24
2004-02-13,9988.229166666666,24
2004-02-14,10091.041666666666,24
2004-02-15,9419.199999999999,24
2004-02-16,10666.729166666666,24
2004-02-17,10808.55,24
2004-02-18,11027.8125,24
2004-02-19,10924.475,24
2004-02-20,10324.387499999999,24
2004-02-21,9838.945833333333,24
2004-02-22,8911.612500000001,24
2004-02-23,9021.879166666668,24
2004-02-24,8726.908333333333,24
2004-02-25,8738.879166666668,24
2004-02-26,9768.8375,24
2004-02-27,9258.120833333332,24
2004-02-28,9157.525,24
2004-02-29,7915.566666666667,24
2004-03-01,10203.029166666667,24
2004-03-02,9648.916666666666,24
2004-03-03,9288.804166666667,24
2004-03-04,9294.074999999999,24
2004-03-05,9464.5875,24
2004-03-06,9192.941666666668,24
2004-03-07,8318.595833333333,24
2004-03-08,9672.8125,24
2004-03-09,10776.870833333332,24
2004-03-10,10776.275,24
2004-03-11,9963.329166666666,24
2004-03-12,9744.183333333332,24
2004-03-13,9034.125,24
2004-03-14,9591.929166666667,24
2004-03-15,10466.949999999999,24
2004-03-16,10703.420833333334,24
2004-03-17,10591.779166666667,24
2004-03-18,10762.449999999999,24
2004-03-19,10646.220833333333,24
2004-03-20,9892.729166666666,24
2004-03-21,9436.775,24
2004-03-22,10293.554166666667,24
2004-03-23,10816.908333333333,24
2004-03-24,10809.995833333332,24
2004-03-25,10675.637499999999,24
2004-03-26,10754.804166666667,24
2004-03-27,10203.129166666668,24
2004-03-28,9739.887499999999,24
2004-03-29,10562.370833333332,24
2004-03-30,10896.291666666666,24
2004-03-31,11037.3125,24
2004-04-01,10911.508333333333,24
2004-04-02,10412.720833333333,24
2004-04-03,9928.583333333334,24
2004-04-04,10264.625,24
2004-04-05,10348.508333333333,24
2004-04-06,10764.612500000001,24
2004-04-07,10085.050000000001,24
2004-04-08,9618.895833333334,24
2004-04-09,9019.0875,24
2004-04-10,8473.445833333333,24
2004-04-11,8363.1625,24
2004-04-12,9121.283333333333,24
2004-04-13,9390.45,24
2004-04-14,9727.012499999999,24
2004-04-15,9945.829166666666,24
2004-04-16,9879.458333333334,24
2004-04-17,9421.904166666667,24
2004-04-18,9039.495833333332,24
2004-04-19,9819.558333333332,24
2004-04-20,10821.949999999999,24
2004-04-21,9307.170833333334,24
2004-04-22,10664.0625,24
2004-04-23,10465.324999999999,24
2004-04-24,9921.408333333335,24
2004-04-25,8998.949999999999,24
2004-04-26,9900.887499999999,24
2004-04-27,10498.570833333333,24
2004-04-28,10252.4,24
2004-04-29,10545.666666666666,24
2004-04-30,10660.591666666667,24
2004-05-01,8447.9,24
2004-05-02,7629.675,24
2004-05-03,9839.833333333334,24
2004-05-04,10635.629166666668,24
2004-05-05,10477.104166666666,24
2004-05-06,10759.525,24
2004-05-07,10381.9625,24
2004-05-08,10086.229166666666,24
2004-05-09,9358.308333333332,24
2004-05-10,10338.791666666666,24
2004-05-11,10858.833333333334,24
2004-05-12,10946.916666666666,24
2004-05-13,11581.975,24
2004-05-14,11535.65,24
2004-05-15,10858.595833333333,24
2004-05-16,9269.041666666666,24
2004-05-17,10889.391666666666,24
2004-05-18,11114.300000000001,24
2004-05-19,10697.1875,24
2004-05-20,10776.733333333334,24
2004-05-21,10710.041666666666,24
2004-05-22,10518.008333333333,24
2004-05-23,8998.695833333333,24
2004-05-24,10915.641666666666,24
2004-05-25,11380.883333333333,24
2004-05-26,11413.637499999999,24
2004-05-27,11010.433333333334,24
2004-05-28,10882.941666666668,24
2004-05-29,9190.395833333334,24
2004-05-30,9560.716666666667,24
2004-05-31,10773.5875,24
2004-06-01,10953.987500000001,24
2004-06-02,11249.820833333333,24
2004-06-03,11223.091666666667,24
2004-06-04,10998.266666666668,24
2004-06-05,9547.041666666666,24
2004-06-06,9299.75,24
2004-06-07,10699.120833333332,24
2004-06-08,10470.020833333334,24
2004-06-09,10737.479166666666,24
2004-06-10,9861.795833333334,24
2004-06-11,10975.508333333333,24
2004-06-12,9967.916666666666,24
2004-06-13,7642.916666666667,24
2004-06-14,10249.241666666667,24
2004-06-15,10454.533333333333,24
2004-06-16,11072.112500000001,24
2004-06-17,11274.491666666667,24
2004-06-18,11527.745833333334,24
2004-06-19,10917.15,24
2004-06-20,9919.566666666668,24
2004-06-21,11371.516666666668,24
2004-06-22,11337.5625,24
2004-06-23,11181.6625,24
2004-06-24,11078.0,24
2004-06-25,11321.904166666667,24
2004-06-26,10800.495833333332,24
2004-06-27,10209.466666666667,24
2004-06-28,10905.266666666666,24
2004-06-29,11096.320833333333,24
2004-06-30,11314.091666666667,24
2004-07-01,10727.65,24
2004-07-02,10675.379166666668,24
2004-07-03,10718.283333333335,24
2004-07-04,10401.3375,24
2004-07-05,11123.383333333333,24
2004-07-06,11623.9125,24
2004-07-07,11653.454166666668,24
2004-07-08,11842.454166666668,24
2004-07-09,11212.304166666667,24
2004-07-10,10874.154166666665,24
2004-07-11,9732.6875,24
2004-07-12,10920.612500000001,24
2004-07-13,11001.795833333332,24
2004-07-14,10470.508333333333,24
2004-07-15,10944.716666666667,24
2004-07-16,10843.108333333334,24
2004-07-17,10591.745833333332,24
2004-07-18,7646.0,24
2004-07-19,9092.375,24
2004-07-20,10100.095833333333,24
2004-07-21,10069.608333333334,24
2004-07-22,9747.858333333334,24
2004-07-23,9205.008333333333,24
2004-07-24,8495.433333333332,24
2004-07-25,6966.974999999999,24
2004-07-26,9714.862500000001,24
2004-07-27,10337.295833333334,24
2004-07-28,10589.983333333334,24
2004-07-29,10653.979166666666,24
2004-07-30,10906.516666666666,24
2004-07-31,10127.133333333333,24
2004-08-01,8879.454166666666,24
2004-08-02,10448.058333333332,24
2004-08-03,10670.545833333334,24
2004-08-04,10591.0625,24
2004-08-05,10897.554166666667,24
2004-08-06,10824.679166666667,24
2004-08-07,9917.541666666666,24
2004-08-08,9667.75,24
2004-08-09,10497.6,24
2004-08-10,10717.866666666667,24
2004-08-11,10551.987500000001,24
2004-08-12,9927.5,24
2004-08-13,9643.758333333333,24
2004-08-14,9279.520833333334,24
2004-08-15,9412.1,24
2004-08-16,10421.020833333334,24
2004-08-17,10068.108333333334,24
2004-08-18,10710.445833333333,24
2004-08-19,10579.0375,24
2004-08-20,10062.404166666667,24
2004-08-21,9505.637499999999,24
2004-08-22,9703.795833333334,24
2004-08-23,10128.554166666667,24
2004-08-24,10172.154166666667,24
2004-08-25,10241.720833333333,24
2004-08-26,10297.637499999999,24
2004-08-27,9650.104166666666,24
2004-08-28,8863.141666666666,24
2004-08-29,8354.716666666667,24
2004-08-30,9280.966666666665,24
2004-08-31,9860.304166666667,24
2004-09-01,10147.666666666666,24
2004-09-02,10175.908333333333,24
2004-09-03,9717.495833333332,24
2004-09-04,9316.058333333332,24
2004-09-05,9226.579166666666,24
2004-09-06,9476.229166666666,24
2004-09-07,9995.795833333334,24
2004-09-08,10114.279166666667,24
2004-09-09,10301.870833333332,24
2004-09-10,10070.604166666666,24
2004-09-11,9722.0,24
2004-09-12,9653.0,24
2004-09-13,10241.9,24
2004-09-14,10492.204166666666,24
2004-09-15,10359.595833333333,24
2004-09-16,10120.137499999999,24
2004-09-17,9870.858333333334,24
2004-09-18,9132.991666666667,24
2004-09-19,8950.991666666667,24
2004-09-20,10105.629166666668,24
2004-09-21,10494.745833333332,24
2004-09-22,10505.283333333333,24
2004-09-23,10516.8375,24
2004-09-24,10094.85,24
2004-09-25,9511.824999999999,24
2004-09-26,8552.1,24
2004-09-27,9646.1,24
2004-09-28,10508.0,24
2004-09-29,10440.033333333333,24
2004-09-30,10430.949999999999,24
2004-10-01,10033.991666666667,24
2004-10-02,9829.95,24
2004-10-03,8981.416666666666,24
2004-10-04,9916.208333333334,24
2004-10-05,10292.737500000001,24
2004-10-06,10560.270833333334,24
2004-10-07,10672.9875,24
2004-10-08,10180.3375,24
2004-10-09,9579.824999999999,24
2004-10-10,9414.820833333333,24
2004-10-11,9766.195833333333,24
2004-10-12,9718.283333333333,24
2004-10-13,10347.279166666667,24
2004-10-14,9687.966666666667,24
2004-10-15,10203.570833333333,24
2004-10-16,9971.745833333332,24
2004-10-17,9128.529166666667,24
2004-10-18,10444.370833333332,24
2004-10-19,10324.675000000001,24
2004-10-20,10530.670833333334,24
2004-10-21,10766.375,24
2004-10-22,11100.329166666668,24
2004-10-23,10791.079166666666,24
2004-10-24,9188.5875,24
2004-10-25,10982.704166666668,24
2004-10-26,10693.041666666666,24
2004-10-27,10974.829166666668,24
2004-10-28,10899.266666666666,24
2004-10-29,10526.875,24
2004-10-30,9524.595833333333,24
2004-10-31,8440.725,24
2004-11-01,10283.7125,24
2004-11-02,9605.673913043478,23
2004-11-03,11123.345833333333,24
2004-11-04,11169.887499999999,24
2004-11-05,11073.975,24
2004-11-06,9889.858333333334,24
2004-11-07,9797.1625,24
2004-11-08,10611.9375,24
2004-11-09,10715.033333333333,24
2004-11-10,10530.470833333333,24
2004-11-11,10573.237500000001,24
2004-11-12,10826.054166666667,24
2004-11-13,10086.445833333333,24
2004-11-14,9782.141666666666,24
2004-11-15,9863.2,24
2004-11-16,10803.370833333332,24
2004-11-17,10820.65,24
2004-11-18,10900.429166666667,24
2004-11-19,10729.341666666667,24
2004-11-20,9850.362500000001,24
2004-11-21,9416.025,24
2004-11-22,10750.333333333334,24
2004-11-23,10781.304166666667,24
2004-11-24,11186.7125,24
2004-11-25,11357.508333333333,24
2004-11-26,11310.441666666666,24
2004-11-27,10168.949999999999,24
2004-11-28,9642.108333333334,24
2004-11-29,10594.679166666667,24
2004-11-30,10960.029166666667,24
2004-12-01,11088.816666666666,24
2004-12-02,11167.0875,24
2004-12-03,11294.741666666667,24
2004-12-04,11148.7875,24
2004-12-05,10193.008333333333,24
2004-12-06,11152.383333333333,24
2004-12-07,11138.354166666666,24
2004-12-08,11006.050000000001,24
2004-12-09,11196.916666666666,24
2004-12-10,11234.658333333333,24
2004-12-11,10302.729166666666,24
2004-12-12,10330.512499999999,24
2004-12-13,11079.2125,24
2004-12-14,11264.929166666667,24
2004-12-15,11307.741666666667,24
2004-12-16,11291.370833333334,24
2004-12-17,11282.629166666666,24
2004-12-18,10579.058333333332,24
2004-12-19,10821.466666666665,24
2004-12-20,11193.558333333334,24
2004-12-21,11378.570833333333,24
2004-12-22,11233.758333333333,24
2004-12-23,11311.545833333332,24
2004-12-24,11261.862500000001,24
2004-12-25,8977.270833333334,24
2004-12-26,9757.391666666666,24
2004-12-27,11245.258333333333,24
2004-12-28,11405.433333333334,24
2004-12-29,11119.629166666666,24
2004-12-30,11891.720833333333,24
2004-12-31,11169.529166666667,24
2005-01-01,9312.5625,24
2005-01-02,10058.058333333332,24
2005-01-03,11275.766666666668,24
2005-01-04,11318.658333333333,24
2005-01-05,11354.916666666666,24
2005-01-06,11578.241666666667,24
2005-01-07,11567.35,24
2005-01-08,12026.679166666667,24
2005-01-09,11400.070833333333,24
2005-01-10,11515.070833333333,24
2005-01-11,11429.170833333332,24
2005-01-12,11097.891666666668,24
2005-01-13,11454.954166666668,24
2005-01-14,11012.2125,24
2005-01-15,11297.333333333334,24
2005-01-16,10024.1625,24
2005-01-17,11012.020833333334,24
2005-01-18,11312.220833333333,24
2005-01-19,11371.504166666666,24
2005-01-20,10953.279166666667,24
2005-01-21,11224.229166666666,24
2005-01-22,9899.925000000001,24
2005-01-23,8527.545833333334,24
2005-01-24,10207.4,24
2005-01-25,10815.4125,24
2005-01-26,10879.004166666668,24
2005-01-27,10411.824999999999,24
2005-01-28,9957.5625,24
2005-01-29,8824.916666666666,24
2005-01-30,7650.349999999999,24
2005-01-31,9850.0625,24
2005-02-01,10717.066666666668,24
2005-02-02,10612.1,24
2005-02-03,10581.654166666667,24
2005-02-04,10520.229166666666,24
2005-02-05,9316.8375,24
2005-02-06,8729.504166666668,24
2005-02-07,8950.404166666667,24
2005-02-08,9567.808333333332,24
2005-02-09,10204.529166666667,24
2005-02-10,10229.154166666667,24
2005-02-11,10841.675000000001,24
2005-02-12,9968.970833333333,24
2005-02-13,8697.916666666666,24
2005-02-14,10420.8125,24
2005-02-15,11459.737500000001,24
2005-02-16,11556.4125,24
2005-02-17,11573.566666666666,24
2005-02-18,11578.454166666668,24
2005-02-19,10935.5,24
2005-02-20,9516.025,24
2005-02-21,11127.270833333334,24
2005-02-22,11069.054166666667,24
2005-02-23,11158.095833333333,24
2005-02-24,11104.033333333333,24
2005-02-25,11309.9125,24
2005-02-26,10643.225,24
2005-02-27,10293.566666666668,24
2005-02-28,11004.979166666666,24
2005-03-01,11261.845833333333,24
2005-03-02,11288.945833333333,24
2005-03-03,10719.520833333334,24
2005-03-04,10158.195833333333,24
2005-03-05,9475.883333333333,24
2005-03-06,8659.629166666668,24
2005-03-07,10136.133333333333,24
2005-03-08,10805.008333333333,24
2005-03-09,11094.229166666666,24
2005-03-10,11051.949999999999,24
2005-03-11,11213.170833333332,24
2005-03-12,10288.804166666667,24
2005-03-13,9348.275,24
2005-03-14,10656.9375,24
2005-03-15,10929.529166666667,24
2005-03-16,10951.6625,24
2005-03-17,10684.433333333332,24
2005-03-18,10714.004166666668,24
2005-03-19,10031.629166666668,24
2005-03-20,10091.754166666668,24
2005-03-21,10979.800000000001,24
2005-03-22,10644.229166666666,24
2005-03-23,10459.891666666666,24
2005-03-24,10133.129166666668,24
2005-03-25,9970.05,24
2005-03-26,9837.754166666668,24
2005-03-27,9803.741666666667,24
2005-03-28,10647.4125,24
2005-03-29,10691.629166666668,24
2005-03-30,10708.6,24
2005-03-31,11297.545833333332,24
2005-04-01,11063.470833333333,24
2005-04-02,10532.616666666667,24
2005-04-03,10106.9,24
2005-04-04,11033.854166666666,24
2005-04-05,11411.816666666666,24
2005-04-06,11517.445833333333,24
2005-04-07,11785.175000000001,24
2005-04-08,11718.820833333333,24
2005-04-09,11022.570833333333,24
2005-04-10,9606.220833333333,24
2005-04-11,11443.829166666668,24
2005-04-12,11502.041666666666,24
2005-04-13,11496.641666666668,24
2005-04-14,11456.133333333333,24
2005-04-15,11375.358333333332,24
2005-04-16,11059.941666666666,24
2005-04-17,9883.775,24
2005-04-18,11329.949999999999,24
2005-04-19,11229.679166666667,24
2005-04-20,11276.783333333333,24
2005-04-21,10487.491666666667,24
2005-04-22,11397.166666666666,24
2005-04-23,11112.858333333332,24
2005-04-24,9455.2875,24
2005-04-25,11018.358333333332,24
2005-04-26,11201.345833333333,24
2005-04-27,11308.629166666666,24
2005-04-28,11031.291666666666,24
2005-04-29,10818.158333333333,24
2005-04-30,10051.525,24
2005-05-01,9045.3375,24
2005-05-02,10800.108333333334,24
2005-05-03,11058.4375,24
2005-05-04,10837.333333333334,24
2005-05-05,10832.179166666667,24
2005-05-06,10607.820833333333,24
2005-05-07,10226.4375,24
2005-05-08,9354.0875,24
2005-05-09,10330.283333333333,24
2005-05-10,10908.762499999999,24
2005-05-11,11090.795833333332,24
2005-05-12,11069.449999999999,24
2005-05-13,10265.920833333334,24
2005-05-14,9468.441666666668,24
2005-05-15,9182.779166666667,24
2005-05-16,10724.633333333333,24
2005-05-17,10912.804166666667,24
2005-05-18,10696.233333333334,24
2005-05-19,10671.383333333333,24
2005-05-20,10507.574999999999,24
2005-05-21,9540.554166666667,24
2005-05-22,8256.633333333333,24
2005-05-23,9846.004166666668,24
2005-05-24,9828.870833333332,24
2005-05-25,9424.004166666668,24
2005-05-26,9092.550000000001,24
2005-05-27,9319.35,24
2005-05-28,8599.029166666667,24
2005-05-29,8028.395833333333,24
2005-05-30,10179.699999999999,24
2005-05-31,10040.470833333333,24
2005-06-01,10240.004166666668,24
2005-06-02,10072.9,24
2005-06-03,10473.074999999999,24
2005-06-04,9948.591666666667,24
2005-06-05,9102.275,24
2005-06-06,10714.441666666668,24
2005-06-07,10587.695833333333,24
2005-06-08,10870.608333333334,24
2005-06-09,10479.533333333333,24
2005-06-10,10025.529166666667,24
2005-06-11,9403.199999999999,24
2005-06-12,8563.862500000001,24
2005-06-13,9685.466666666667,24
2005-06-14,10320.608333333334,24
2005-06-15,8192.3,24
2005-06-16,8758.479166666666,24
2005-06-17,8454.320833333333,24
2005-06-18,8350.870833333332,24
2005-06-19,7887.400000000001,24
2005-06-20,8518.0375,24
2005-06-21,8802.270833333334,24
2005-06-22,8874.404166666667,24
2005-06-23,8750.550000000001,24
2005-06-24,9203.1,24
2005-06-25,9846.887499999999,24
2005-06-26,8349.245833333332,24
2005-06-27,9610.408333333333,24
2005-06-28,9752.279166666667,24
2005-06-29,9856.579166666666,24
2005-06-30,10212.2125,24
2005-07-01,10294.3375,24
2005-07-02,9815.895833333334,24
2005-07-03,9181.920833333334,24
2005-07-04,9698.945833333333,24
2005-07-05,10247.104166666666,24
2005-07-06,10230.9375,24
2005-07-07,10196.095833333333,24
2005-07-08,9857.370833333332,24
2005-07-09,9190.1,24
2005-07-10,9078.445833333333,24
2005-07-11,9923.983333333334,24
2005-07-12,10195.0375,24
2005-07-13,9677.800000000001,24
2005-07-14,9637.233333333334,24
2005-07-15,9219.675000000001,24
2005-07-16,8981.666666666666,24
2005-07-17,9130.612500000001,24
2005-07-18,9990.237500000001,24
2005-07-19,9674.408333333333,24
2005-07-20,9997.7875,24
2005-07-21,9830.479166666666,24
2005-07-22,9692.925000000001,24
2005-07-23,8771.324999999999,24
2005-07-24,8096.425,24
2005-07-25,9240.545833333334,24
2005-07-26,9889.770833333334,24
2005-07-27,9730.116666666667,24
2005-07-28,9278.054166666667,24
2005-07-29,9254.370833333332,24
2005-07-30,9132.0375,24
2005-07-31,9046.945833333333,24
2005-08-01,9467.629166666668,24
2005-08-02,9992.2875,24
2005-08-03,9698.820833333333,24
2005-08-04,10131.929166666667,24
2005-08-05,10219.983333333334,24
2005-08-06,9617.195833333333,24
2005-08-07,9770.916666666666,24
2005-08-08,9693.362500000001,24
2005-08-09,10064.0375,24
2005-08-10,9401.762499999999,24
2005-08-11,9314.891666666666,24
2005-08-12,9518.820833333333,24
2005-08-13,9180.216666666667,24
2005-08-14,9018.4125,24
2005-08-15,9300.987500000001,24
2005-08-16,9850.933333333332,24
2005-08-17,10268.770833333334,24
2005-08-18,10147.925000000001,24
2005-08-19,9802.083333333334,24
2005-08-20,9624.954166666666,24
2005-08-21,9424.862500000001,24
2005-08-22,9842.383333333333,24
2005-08-23,9903.5625,24
2005-08-24,9354.845833333333,24
2005-08-25,9587.175,24
2005-08-26,9334.491666666667,24
2005-08-27,8849.804166666667,24
2005-08-28,8768.658333333333,24
2005-08-29,9924.270833333334,24
2005-08-30,10004.762499999999,24
2005-08-31,9677.366666666667,24
2005-09-01,9713.275,24
2005-09-02,9728.966666666667,24
2005-09-03,9085.0625,24
2005-09-04,8406.583333333334,24
2005-09-05,8817.016666666666,24
2005-09-06,8368.775,24
2005-09-07,8188.7,24
2005-09-08,8695.3125,24
2005-09-09,8898.404166666667,24
2005-09-10,8413.520833333334,24
2005-09-11,8290.991666666667,24
2005-09-12,8982.858333333334,24
2005-09-13,9774.9375,24
2005-09-14,9387.858333333334,24
2005-09-15,9820.5625,24
2005-09-16,9729.016666666666,24
2005-09-17,8966.220833333333,24
2005-09-18,8159.025000000001,24
2005-09-19,9465.441666666668,24
2005-09-20,9469.595833333333,24
2005-09-21,10113.925000000001,24
2005-09-22,10006.320833333333,24
2005-09-23,9163.808333333332,24
2005-09-24,8822.1375,24
2005-09-25,8914.695833333333,24
2005-09-26,9280.354166666666,24
2005-09-27,9883.9625,24
2005-09-28,10348.570833333333,24
2005-09-29,9989.470833333333,24
2005-09-30,10484.7875,24
2005-10-01,10100.279166666667,24
2005-10-02,8631.7125,24
2005-10-03,9952.262499999999,24
2005-10-04,9742.666666666666,24
2005-10-05,6149.9375,24
2005-10-06,5892.825,24
2005-10-07,6124.579166666666,24
2005-10-08,8747.866666666667,24
2005-10-09,7699.345833333333,24
2005-10-10,8753.945833333333,24
2005-10-11,9706.458333333334,24
2005-10-12,9188.7125,24
2005-10-13,10071.208333333334,24
2005-10-14,10953.0,24
2005-10-15,10364.791666666666,24
2005-10-16,9715.739130434782,23
2005-10-17,10678.25,24
2005-10-18,10579.75,24
2005-10-19,10527.166666666666,24
2005-10-20,10469.541666666666,24
2005-10-21,10412.791666666666,24
2005-10-22,10413.583333333334,24
2005-10-23,9239.958333333334,24
2005-10-24,10480.791666666666,24
2005-10-25,10659.208333333334,24
2005-10-26,11062.541666666666,24
2005-10-27,11124.0,24
2005-10-28,10866.166666666666,24
2005-10-29,10220.708333333334,24
2005-10-30,9292.0,24
2005-10-31,9913.666666666666,24
2005-11-01,9593.25,24
2005-11-02,9358.791666666666,24
2005-11-03,9080.416666666666,24
2005-11-04,8208.833333333334,24
2005-11-05,8648.875,24
2005-11-06,8070.916666666667,24
2005-11-07,9114.375,24
2005-11-08,9545.291666666666,24
2005-11-09,9474.333333333334,24
2005-11-10,9126.041666666666,24
2005-11-11,9473.25,24
2005-11-12,9349.708333333334,24
2005-11-13,8387.208333333334,24
2005-11-14,9371.458333333334,24
2005-11-15,9232.3375,24
2005-11-16,9888.104166666666,24
2005-11-17,10316.192083333333,24
2005-11-18,10555.652916666668,24
2005-11-19,9962.646666666666,24
2005-11-20,9068.652083333332,24
2005-11-21,10123.375,24
2005-11-22,10775.43875,24
2005-11-23,10756.658333333333,24
2005-11-24,10725.935416666667,24
2005-11-25,10944.184166666666,24
2005-11-26,10512.727916666667,24
2005-11-27,9259.049583333333,24
2005-11-28,10366.716666666665,24
2005-11-29,11036.400833333333,24
2005-11-30,11425.859583333333,24
2005-12-01,10786.59,24
2005-12-02,10885.776666666667,24
2005-12-03,9853.492083333333,24
2005-12-04,9085.01,24
2005-12-05,10538.904166666667,24
2005-12-06,10538.469583333334,24
2005-12-07,10669.946249999999,24
2005-12-08,10894.334166666666,24
2005-12-09,10800.37875,24
2005-12-10,11057.53125,24
2005-12-11,10120.027916666668,24
2005-12-12,11486.740833333335,24
2005-12-13,11110.613333333333,24
2005-12-14,11287.198333333334,24
2005-12-15,11069.210833333333,24
2005-12-16,11106.767083333332,24
2005-12-17,10228.685416666667,24
2005-12-18,10126.360416666666,24
2005-12-19,10921.54375,24
2005-12-20,11170.71125,24
2005-12-21,11426.585,24
2005-12-22,11254.412083333335,24
2005-12-23,11222.864166666666,24
2005-12-24,11148.1975,24
2005-12-25,10000.6425,24
2005-12-26,10192.479166666666,24
2005-12-27,10441.215,24
2005-12-28,10828.961666666668,24
2005-12-29,10933.492916666668,24
2005-12-30,11164.785416666666,24
2005-12-31,10121.008749999999,24
2006-01-01,9674.009166666667,24
2006-01-02,10775.333333333334,24
2006-01-03,11012.189523809524,21
2006-01-05,11071.538333333332,24
2006-01-06,11342.626666666665,24
2006-01-07,10919.725,24
2006-01-08,10042.159583333332,24
2006-01-09,11116.67875,24
2006-01-10,11108.103333333333,24
2006-01-11,11212.327916666667,24
2006-01-12,11111.407916666665,24
2006-01-13,11423.815,24
2006-01-14,10928.750416666668,24
2006-01-15,9905.120833333332,24
2006-01-16,11018.050000000001,24
2006-01-17,11320.760833333334,24
2006-01-18,11647.957916666666,24
2006-01-19,11689.662083333335,24
2006-01-20,11266.38125,24
2006-01-21,11438.837916666665,24
2006-01-22,11053.730000000001,24
2006-01-23,11746.9425,24
2006-01-24,11737.618636363637,22
2006-01-25,11533.992083333333,24
2006-01-26,11673.027916666666,24
2006-01-27,11793.687916666668,24
2006-01-28,11161.455833333333,24
2006-01-29,9647.753333333332,24
2006-01-30,11332.224166666667,24
2006-01-31,11212.157083333334,24
2006-02-01,11070.314166666665,24
2006-02-02,11315.88125,24
2006-02-03,11505.701666666668,24
2006-02-04,11328.831250000001,24
2006-02-05,10105.5425,24
2006-02-06,11570.38125,24
2006-02-07,11704.765,24
2006-02-08,11584.719583333334,24
2006-02-09,11358.189166666665,24
2006-02-10,11064.1175,24
2006-02-11,11003.782083333334,24
2006-02-12,10115.145833333334,24
2006-02-13,11276.385416666666,24
2006-02-14,11470.313333333334,24
2006-02-15,11148.550833333335,24
2006-02-16,11153.66625,24
2006-02-17,10881.527083333332,24
2006-02-18,10159.30125,24
2006-02-19,9646.900416666665,24
2006-02-20,11149.075833333334,24
2006-02-21,11321.745,24
2006-02-22,11286.796666666667,24
2006-02-23,11167.699583333333,24
2006-02-24,11023.784166666666,24
2006-02-25,10406.907083333334,24
2006-02-26,9401.330416666666,24
2006-02-27,9749.374166666666,24
2006-02-28,10159.749166666666,24
2006-03-01,10622.37625,24
2006-03-02,10838.2325,24
2006-03-03,11188.59125,24
2006-03-04,10530.642916666666,24
2006-03-05,9762.429583333333,24
2006-03-06,11118.017083333332,24
2006-03-07,10912.969166666668,24
2006-03-08,11166.664583333333,24
2006-03-09,10397.204166666666,24
2006-03-10,11095.688750000001,24
2006-03-11,10223.419583333334,24
2006-03-12,9886.639166666666,24
2006-03-13,10749.082916666666,24
2006-03-14,10566.174166666666,24
2006-03-15,10778.540833333333,24
2006-03-16,10623.472916666668,24
2006-03-17,10780.860416666666,24
2006-03-18,9857.314166666667,24
2006-03-19,9031.875416666668,24
2006-03-20,10943.6625,24
2006-03-21,11251.449999999999,24
2006-03-22,10899.0975,24
2006-03-23,11005.92375,24
2006-03-24,11043.744583333333,24
2006-03-25,9634.262499999999,24
2006-03-26,9745.890416666667,24
2006-03-27,10839.752083333333,24
2006-03-28,11216.387916666667,24
2006-03-29,10886.9275,24
2006-03-30,11026.128750000002,24
2006-03-31,10803.687916666668,24
2006-04-01,9746.706250000001,24
2006-04-02,9465.495,24
2006-04-03,11184.99875,24
2006-04-04,11296.609166666667,24
2006-04-05,11185.660000000002,24
2006-04-06,11385.32125,24
2006-04-07,11471.01625,24
2006-04-08,10781.404583333333,24
2006-04-09,9992.349583333335,24
2006-04-10,11063.189583333333,24
2006-04-11,11133.199166666667,24
2006-04-12,11288.073333333334,24
2006-04-13,11132.161666666667,24
2006-04-14,9671.475,24
2006-04-15,9121.940833333334,24
2006-04-16,8914.357916666666,24
2006-04-17,10827.65125,24
2006-04-18,10998.582499999999,24
2006-04-19,10895.019166666667,24
2006-04-20,11049.363333333333,24
2006-04-21,9905.398333333333,24
2006-04-22,10162.360833333334,24
2006-04-23,9535.350416666666,24
2006-04-24,11240.518333333333,24
2006-04-25,10532.742916666666,24
2006-04-26,10529.930416666668,24
2006-04-27,10887.9,24
2006-04-28,11248.475833333332,24
2006-04-29,10485.58875,24
2006-04-30,9655.095,24
2006-05-01,10015.107916666666,24
2006-05-02,11062.769999999999,24
2006-05-03,11195.458333333334,24
2006-05-04,11309.094166666668,24
2006-05-05,11184.472916666666,24
2006-05-06,10386.052916666666,24
2006-05-07,9493.181666666665,24
2006-05-08,10801.865,24
2006-05-09,10956.82,24
2006-05-10,10762.757916666667,24
2006-05-11,10514.895416666666,24
2006-05-12,10245.981666666667,24
2006-05-13,9663.653333333334,24
2006-05-14,9117.1975,24
2006-05-15,10386.497916666667,24
2006-05-16,10329.030833333332,24
2006-05-17,10344.447083333334,24
2006-05-19,10225.435416666667,24
2006-05-20,9687.109166666667,24
2006-05-21,9500.5425,24
2006-05-22,10617.1275,24
2006-05-23,10520.987083333333,24
2006-05-24,10586.812083333332,24
2006-05-25,10944.96375,24
2006-05-26,10997.800833333333,24
2006-05-27,10312.850416666666,24
2006-05-28,10237.424166666666,24
2006-05-29,11191.832499999999,24
2006-05-30,11144.014166666668,24
2006-05-31,10965.199166666665,24
2006-06-01,11255.855833333333,24
2006-06-02,10972.950833333334,24
2006-06-03,10345.932083333333,24
2006-06-04,9994.417083333334,24
2006-06-05,10716.023333333333,24
2006-06-06,10581.74875,24
2006-06-07,10766.44375,24
2006-06-08,10978.11125,24
2006-06-09,11035.529583333335,24
2006-06-10,10548.025416666665,24
2006-06-11,9902.76375,24
2006-06-12,10576.866666666667,24
2006-06-13,10344.15125,24
2006-06-14,10990.53625,24
2006-06-15,10435.52375,24
2006-06-16,10282.999583333332,24
2006-06-17,9794.85,24
2006-06-18,9295.4625,24
2006-06-19,10040.089583333332,24
2006-06-20,10723.4525,24
2006-06-21,10680.33875,24
2006-06-22,10277.985833333334,24
2006-06-23,10646.150416666665,24
2006-06-24,10173.345416666667,24
2006-06-25,10205.029583333333,24
2006-06-26,10864.315833333332,24
2006-06-27,10228.539166666667,24
2006-06-28,10994.514583333332,24
2006-06-29,10898.542916666667,24
2006-06-30,10808.409166666666,24
2006-07-01,9799.688333333334,24
2006-07-02,9984.47,24
2006-07-03,10818.947916666666,24
2006-07-04,10672.227083333333,24
2006-07-05,10531.668333333333,24
2006-07-06,10680.430833333334,24
2006-07-07,10860.391666666666,24
2006-07-08,10478.016666666666,24
2006-07-09,10176.35375,24
2006-07-10,10897.238333333333,24
2006-07-11,10834.054166666667,24
2006-07-12,10867.234166666667,24
2006-07-13,10888.5275,24
2006-07-14,10800.719166666668,24
2006-07-15,10197.664166666667,24
2006-07-16,9832.107083333334,24
2006-07-17,10750.714583333332,24
2006-07-18,10697.124583333332,24
2006-07-19,11012.673333333332,24
2006-07-20,10941.65875,24
2006-07-21,10974.985833333332,24
2006-07-22,10512.9925,24
2006-07-23,10075.020833333334,24
2006-07-24,11250.794166666667,24
2006-07-25,11046.0225,24
2006-07-26,11035.282916666665,24
2006-07-27,11095.342083333335,24
2006-07-28,10964.357916666666,24
2006-07-29,10574.762083333333,24
2006-07-30,9946.598333333333,24
2006-07-31,11150.666666666666,24
2006-08-01,11387.882083333332,24
2006-08-02,11554.980833333333,24
2006-08-03,10909.374583333332,24
2006-08-04,11025.179166666667,24
2006-08-05,10387.324166666667,24
2006-08-06,9736.63,24
2006-08-07,11162.606249999999,24
2006-08-08,11259.289583333333,24
2006-08-09,10931.1925,24
2006-08-10,10661.453333333333,24
2006-08-11,10678.86125,24
2006-08-12,10437.294782608695,23
2006-08-13,9799.497083333334,24
2006-08-14,11033.379583333333,24
2006-08-15,10697.104583333334,24
2006-08-16,10913.09,24
2006-08-17,11001.712916666665,24
2006-08-18,11000.518750000001,24
2006-08-19,10411.337083333334,24
2006-08-20,9785.007083333334,24
2006-08-21,10705.900833333333,24
2006-08-22,11120.022083333331,24
2006-08-23,10894.7525,24
2006-08-24,10728.94,24
2006-08-25,10060.022500000001,24
2006-08-26,9379.629583333333,24
2006-08-27,9128.647500000001,24
2006-08-28,9820.5375,24
2006-08-29,10030.542916666667,24
2006-08-30,10701.584166666666,24
2006-08-31,10449.294166666667,24
2006-09-01,9821.77625,24
2006-09-02,6923.861250000001,24
2006-09-03,6958.6779166666665,24
2006-09-04,7532.97375,24
2006-09-05,8578.46125,24
2006-09-06,9590.317083333333,24
2006-09-07,9312.270833333334,24
2006-09-08,10088.464166666667,24
2006-09-09,9341.145416666666,24
2006-09-10,9343.03625,24
2006-09-11,10372.520416666666,24
2006-09-12,11661.22375,24
2006-09-13,12021.6975,24
2006-09-14,12033.679166666667,24
2006-09-15,11984.873749999999,24
2006-09-16,11171.8275,24
2006-09-17,10377.225454545454,22
2006-09-18,11287.27625,24
2006-09-19,11608.139583333332,24
2006-09-20,10958.704583333332,24
2006-09-21,11146.043333333333,24
2006-09-22,11241.792083333334,24
2006-09-23,11249.230416666665,24
2006-09-24,10184.937916666668,24
2006-09-25,11145.026666666667,24
2006-09-26,11650.87,24
2006-09-27,10977.445,24
2006-09-28,10475.6875,24
2006-09-29,10765.53625,24
2006-09-30,10298.534166666666,24
2006-10-01,9360.358750000001,24
2006-10-02,10643.00625,24
2006-10-03,11291.324999999999,24
2006-10-04,11353.08625,24
2006-10-05,11253.025416666665,24
2006-10-06,11242.446666666669,24
2006-10-07,10740.055833333334,24
2006-10-08,9915.278333333334,24
2006-10-09,10045.408636363636,22
2006-10-10,10828.745416666667,24
2006-10-11,10951.880416666667,24
2006-10-12,10391.40875,24
2006-10-13,10964.373749999999,24
2006-10-14,10291.2225,24
2006-10-15,9642.221666666666,24
2006-10-16,10554.147916666667,24
2006-10-17,11595.89875,24
2006-10-18,11469.8375,24
2006-10-19,11341.307916666667,24
2006-10-20,10579.868333333334,24
2006-10-21,9735.128333333332,24
2006-10-22,9134.134583333334,24
2006-10-23,10056.191666666668,24
2006-10-24,9623.830833333333,24
2006-10-25,9801.552083333334,24
2006-10-26,9315.83,24
2006-10-27,9025.1575,24
2006-10-28,8896.17,24
2006-10-29,8812.915833333334,24
2006-10-30,9471.7875,24
2006-10-31,9009.826666666666,24
2006-11-01,10115.27625,24
2006-11-02,9614.65125,24
2006-11-03,9795.53875,24
2006-11-04,9419.61,24
2006-11-05,9072.48695652174,23
2006-11-06,10161.742916666668,24
2006-11-07,11142.4275,24
2006-11-08,11177.643750000001,24
2006-11-09,10710.685833333333,24
2006-11-10,10363.915833333334,24
2006-11-11,9918.978333333334,24
2006-11-12,9873.261250000001,24
2006-11-13,10850.157083333334,24
2006-11-14,11054.440416666666,24
2006-11-15,10529.711666666668,24
2006-11-16,11375.117916666668,24
2006-11-17,11410.539583333333,24
2006-11-18,10618.431666666665,24
2006-11-19,9853.765833333333,24
2006-11-20,10464.472083333332,24
2006-11-21,10727.646666666666,24
2006-11-22,10843.421666666667,24
2006-11-23,10848.927916666666,24
2006-11-24,11000.3575,24
2006-11-25,10410.672916666666,24
2006-11-26,10149.170833333334,24
2006-11-27,11268.75625,24
2006-11-28,11012.302916666667,24
2006-11-29,11193.793333333333,24
2006-11-30,10579.324999999999,24
2006-12-01,10569.454166666666,24
2006-12-02,10010.614166666666,24
2006-12-03,9853.101666666667,24
2006-12-04,10697.837916666665,24
2006-12-05,11029.453333333333,24
2006-12-06,10304.941666666668,24
2006-12-07,9865.246666666668,24
2006-12-08,9841.342083333333,24
2006-12-09,9733.78,24
2006-12-10,9724.565,24
2006-12-11,9547.791666666666,24
2006-12-12,10311.147083333333,24
2006-12-13,10718.992916666668,24
2006-12-14,11446.77625,24
2006-12-15,11306.745833333334,24
2006-12-16,11133.331666666667,24
2006-12-17,10311.72125,24
2006-12-18,10825.117916666666,24
2006-12-19,10617.347083333334,24
2006-12-20,10937.370833333334,24
2006-12-21,10705.464166666667,24
2006-12-22,9102.3425,24
2006-12-23,10532.257083333334,24
2006-12-24,10406.297916666666,24
2006-12-25,8850.842916666666,24
2006-12-26,10544.943333333335,24
2006-12-27,12048.614166666666,24
2006-12-28,11984.1,24
2006-12-29,11966.154583333335,24
2006-12-30,11246.41125,24
2006-12-31,10065.607916666666,24
2007-01-01,8994.9025,24
2007-01-02,11223.311249999999,24
2007-01-03,11675.100833333332,24
2007-01-04,11332.009583333333,24
2007-01-05,11436.46375,24
2007-01-06,11727.090416666666,24
2007-01-07,10766.778333333334,24
2007-01-08,11790.717499999999,24
2007-01-09,12030.070833333333,24
2007-01-10,11834.459583333331,24
2007-01-11,11823.3925,24
2007-01-12,11783.632083333332,24
2007-01-13,11143.218333333332,24
2007-01-14,9514.095,24
2007-01-15,11219.003750000002,24
2007-01-16,11313.424166666666,24
2007-01-17,11055.34875,24
2007-01-18,11527.974166666667,24
2007-01-19,11609.205833333333,24
2007-01-20,11214.0325,24
2007-01-21,9743.73875,24
2007-01-22,10931.224166666667,24
2007-01-23,11067.53625,24
2007-01-24,11204.431666666665,24
2007-01-25,11200.985,24
2007-01-26,10915.93125,24
2007-01-27,10848.4125,24
2007-01-28,8755.9825,24
2007-01-29,10517.566666666668,24
2007-01-30,10992.288333333332,24
2007-01-31,11046.91625,24
2007-02-01,10610.325416666667,24
2007-02-02,10586.065416666666,24
2007-02-03,9927.279166666667,24
2007-02-04,8115.329583333333,24
2007-02-05,10290.199999999999,24
2007-02-06,10817.1775,24
2007-02-07,10983.866666666667,24
2007-02-08,10523.41375,24
2007-02-09,10419.772916666667,24
2007-02-10,10399.222083333332,24
2007-02-11,8751.6775,24
2007-02-12,10255.831666666667,24
2007-02-13,10247.130416666667,24
2007-02-14,10030.332083333333,24
2007-02-15,10043.987500000001,24
2007-02-16,10343.19375,24
2007-02-17,9912.596666666666,24
2007-02-18,9671.260416666666,24
2007-02-19,9923.293749999999,24
2007-02-20,9754.5575,24
2007-02-21,10514.235833333334,24
2007-02-22,11016.67375,24
2007-02-23,11011.074999999999,24
2007-02-24,10941.454583333332,24
2007-02-25,10300.664583333333,24
2007-02-26,11021.640833333333,24
2007-02-27,10844.4625,24
2007-02-28,10957.467083333335,24
2007-03-01,10897.45875,24
2007-03-02,10957.185833333335,24
2007-03-03,10419.232083333334,24
2007-03-04,9395.763333333334,24
2007-03-05,11016.562916666668,24
2007-03-06,11050.080833333333,24
2007-03-07,11021.089583333334,24
2007-03-08,11179.46625,24
2007-03-09,11324.005416666667,24
2007-03-10,10786.902083333332,24
2007-03-11,9684.887499999999,24
2007-03-12,10976.819166666666,24
2007-03-13,11648.13875,24
2007-03-14,11972.155416666666,24
2007-03-15,11928.8975,24
2007-03-16,11813.932916666667,24
2007-03-17,10593.198333333334,24
2007-03-18,9844.644166666667,24
2007-03-19,11640.238333333333,24
2007-03-20,11486.798333333332,24
2007-03-21,10932.055833333334,24
2007-03-22,10741.600833333332,24
2007-03-23,11232.79625,24
2007-03-24,11165.64625,24
2007-03-25,10205.438333333334,24
2007-03-26,11528.634583333333,24
2007-03-27,11905.014166666668,24
2007-03-28,12049.936666666666,24
2007-03-29,11994.051249999999,24
2007-03-30,12042.948333333334,24
2007-03-31,11486.984166666667,24
2007-04-01,11138.268750000001,24
2007-04-02,12097.941666666666,24
2007-04-03,12054.7325,24
2007-04-04,11758.466666666667,24
2007-04-05,11468.105416666665,24
2007-04-06,10701.807083333333,24
2007-04-07,9939.969166666668,24
2007-04-08,10291.993333333334,24
2007-04-09,11149.09125,24
2007-04-10,11477.262083333333,24
2007-04-11,11972.52875,24
2007-04-12,11767.636250000001,24
2007-04-13,11910.355416666665,24
2007-04-14,11691.345833333333,24
2007-04-15,10867.152916666668,24
2007-04-16,11632.1775,24
2007-04-17,11811.785833333333,24
2007-04-18,11947.905416666666,24
2007-04-19,11958.027083333334,24
2007-04-20,11407.078333333333,24
2007-04-21,10300.852916666667,24
2007-04-22,10445.647916666667,24
2007-04-23,10773.987083333333,24
2007-04-24,11082.282083333334,24
2007-04-25,10544.10125,24
2007-04-26,10815.707916666666,24
2007-04-27,10427.994583333333,24
2007-04-28,9098.64875,24
2007-04-29,6318.807083333333,24
2007-04-30,8914.459166666666,24
2007-05-01,6652.485000000001,24
2007-05-02,8875.719166666668,24
2007-05-03,9516.087916666665,24
2007-05-04,9684.596666666666,24
2007-05-05,8588.204166666666,24
2007-05-06,7798.14375,24
2007-05-07,9461.102083333333,24
2007-05-08,10342.67,24
2007-05-09,10007.874583333332,24
2007-05-10,9237.224583333335,24
2007-05-11,10480.525416666667,24
2007-05-12,9538.670416666666,24
2007-05-13,7922.235416666666,24
2007-05-14,9934.002916666666,24
2007-05-15,10336.61875,24
2007-05-16,10506.101666666667,24
2007-05-17,9653.96125,24
2007-05-18,9612.225416666666,24
2007-05-19,9285.149583333334,24
2007-05-20,7761.460416666666,24
2007-05-21,9682.493333333334,24
2007-05-22,10094.561666666666,24
2007-05-23,9797.704166666666,24
2007-05-24,9512.5975,24
2007-05-25,9581.4625,24
2007-05-26,8784.560833333333,24
2007-05-27,8262.480416666667,24
2007-05-28,9448.677916666666,24
2007-05-29,9525.829166666666,24
2007-05-30,9759.378333333332,24
2007-05-31,9693.81625,24
2007-06-01,10153.884583333334,24
2007-06-02,9493.78625,24
2007-06-03,8227.431666666665,24
2007-06-04,9707.605833333333,24
2007-06-05,10185.42125,24
2007-06-06,9664.376666666667,24
2007-06-07,7742.224999999999,24
2007-06-08,8829.371666666666,24
2007-06-09,8935.8175,24
2007-06-10,7312.640833333334,24
2007-06-11,9372.30875,24
2007-06-12,10504.650833333333,24
2007-06-13,10410.875416666668,24
2007-06-14,10322.607916666666,24
2007-06-15,9888.73375,24
2007-06-16,9642.90125,24
2007-06-17,9259.355833333333,24
2007-06-18,9846.786666666667,24
2007-06-19,10389.81,24
2007-06-20,10445.65,24
2007-06-21,10508.501666666667,24
2007-06-22,10115.654583333333,24
2007-06-23,10309.380833333335,24
2007-06-24,9382.477916666667,24
2007-06-25,10187.800416666667,24
2007-06-26,9986.164166666667,24
2007-06-27,10358.972083333332,24
2007-06-28,10052.315416666666,24
2007-06-29,9985.962916666665,24
2007-06-30,9469.388333333334,24
2007-07-01,9291.764166666666,24
2007-07-02,9614.358333333334,24
2007-07-03,9750.0975,24
2007-07-04,9900.649166666666,24
2007-07-05,9683.496666666666,24
2007-07-06,9717.428750000001,24
2007-07-07,9391.591666666667,24
2007-07-08,9057.065,24
2007-07-09,9514.425000000001,24
2007-07-10,10037.74875,24
2007-07-11,10278.189166666667,24
2007-07-12,10231.1075,24
2007-07-13,9804.542916666667,24
2007-07-14,9029.588333333333,24
2007-07-15,8507.90125,24
2007-07-16,9400.08,24
2007-07-17,9380.48,24
2007-07-18,9992.957916666666,24
2007-07-19,10990.921666666667,24
2007-07-20,11036.441250000002,24
2007-07-21,10762.390833333333,24
2007-07-22,9969.9325,24
2007-07-23,10691.666666666666,24
2007-07-24,11198.305,24
2007-07-25,11641.179166666667,24
2007-07-26,11163.15,24
2007-07-27,11330.184583333334,24
2007-07-28,11021.15375,24
2007-07-29,10076.462083333334,24
2007-07-30,11209.33375,24
2007-07-31,11573.259583333333,24
2007-08-01,11010.27125,24
2007-08-02,11771.650833333333,24
2007-08-03,12090.0875,24
2007-08-04,9724.177916666666,24
2007-08-05,9484.604583333334,24
2007-08-06,10673.954583333334,24
2007-08-07,11321.092916666666,24
2007-08-08,11150.594583333334,24
2007-08-09,11302.117083333333,24
2007-08-10,10622.9275,24
2007-08-11,9530.170833333334,24
2007-08-12,9240.367083333333,24
2007-08-13,10006.015833333333,24
2007-08-14,10009.42375,24
2007-08-15,9799.491250000001,24
2007-08-16,9865.404166666665,24
2007-08-17,9852.655,24
2007-08-18,9526.54875,24
2007-08-19,9157.915833333334,24
2007-08-20,10004.351666666667,24
2007-08-21,9774.995416666667,24
2007-08-22,9483.70375,24
2007-08-23,9631.805416666666,24
2007-08-24,9726.361666666666,24
2007-08-25,9120.977083333333,24
2007-08-26,8914.494583333333,24
2007-08-27,10052.832083333333,24
2007-08-28,9878.993333333334,24
2007-08-29,10153.307916666667,24
2007-08-30,10069.425416666667,24
2007-08-31,10100.027083333332,24
2007-09-01,9834.763333333334,24
2007-09-02,9778.178750000001,24
2007-09-03,10762.729583333334,24
2007-09-04,10857.845,24
2007-09-05,10643.650416666667,24
2007-09-06,10167.299583333333,24
2007-09-07,9694.391666666666,24
2007-09-08,9365.795416666666,24
2007-09-09,9536.35,24
2007-09-10,10297.93875,24
2007-09-11,10387.474583333333,24
2007-09-12,10136.3025,24
2007-09-13,10166.037916666666,24
2007-09-14,10388.75,24
2007-09-15,9820.210000000001,24
2007-09-16,9708.704583333334,24
2007-09-17,10260.91625,24
2007-09-18,10444.778333333334,24
2007-09-19,10676.660416666668,24
2007-09-20,11070.89,24
2007-09-21,11575.97875,24
2007-09-22,10838.162916666666,24
2007-09-23,10297.718333333332,24
2007-09-24,11009.685,24
2007-09-25,10879.741250000001,24
2007-09-26,10856.83875,24
2007-09-27,10997.471666666666,24
2007-09-28,10882.530416666666,24
2007-09-29,10294.8825,24
2007-09-30,9462.547916666666,24
2007-10-01,10342.857916666666,24
2007-10-02,10073.767083333334,24
2007-10-03,10262.865416666666,24
2007-10-04,10187.449166666667,24
2007-10-05,10233.164583333333,24
2007-10-06,9887.27375,24
2007-10-07,9610.44,24
2007-10-08,10155.1875,24
2007-10-09,9886.537083333335,24
2007-10-10,9967.856249999999,24
2007-10-11,9925.393333333333,24
2007-10-12,9377.491666666667,24
2007-10-13,8881.304583333333,24
2007-10-14,9352.745652173913,23
2007-10-15,9753.923333333334,24
2007-10-16,9898.928333333333,24
2007-10-17,10422.739583333334,24
2007-10-18,10589.022916666667,24
2007-10-19,10226.342916666666,24
2007-10-20,9976.175833333333,24
2007-10-21,9335.491250000001,24
2007-10-22,10695.60875,24
2007-10-23,9992.330833333333,24
2007-10-24,10979.198333333334,24
2007-10-25,10639.097916666668,24
2007-10-26,10552.325833333334,24
2007-10-27,10027.878333333332,24
2007-10-28,9569.0375,24
2007-10-29,10728.448333333334,24
2007-10-30,11198.697916666666,24
2007-10-31,11263.584583333335,24
2007-11-01,10852.923333333334,24
2007-11-02,10357.474166666667,24
2007-11-03,9481.745,24
2007-11-04,9348.989166666666,24
2007-11-05,10075.895416666666,24
2007-11-06,10791.955416666666,24
2007-11-07,11050.553333333335,24
2007-11-08,11001.7275,24
2007-11-09,9907.498333333333,24
2007-11-10,9449.34125,24
2007-11-11,9231.102916666667,24
2007-11-12,9990.195,24
2007-11-13,11209.659999999998,24
2007-11-14,11289.175416666667,24
2007-11-15,10240.102499999999,24
2007-11-16,10638.565,24
2007-11-17,10540.520416666666,24
2007-11-18,9714.883333333333,24
2007-11-19,11300.42875,24
2007-11-20,11545.4475,24
2007-11-21,11259.556666666665,24
2007-11-22,11613.985,24
2007-11-23,11800.287083333335,24
2007-11-24,11113.364166666666,24
2007-11-25,9853.235833333334,24
2007-11-26,11671.024583333334,24
2007-11-27,11335.16625,24
2007-11-28,11368.86125,24
2007-11-29,11315.630416666667,24
2007-11-30,10575.57625,24
2007-12-01,9584.908333333333,24
2007-12-02,9064.700416666667,24
2007-12-03,9541.561666666666,24
2007-12-04,10059.849166666667,24
2007-12-05,9974.255,24
2007-12-06,10687.385833333334,24
2007-12-07,10714.363333333333,24
2007-12-08,10178.517083333334,24
2007-12-09,10186.485416666666,24
2007-12-10,11076.854583333334,24
2007-12-11,11693.142083333332,24
2007-12-12,11468.517916666666,24
2007-12-13,11509.952083333332,24
2007-12-14,11313.805416666668,24
2007-12-15,10805.187916666668,24
2007-12-16,10306.867916666666,24
2007-12-17,11499.482916666668,24
2007-12-18,11346.355833333333,24
2007-12-19,11447.597083333334,24
2007-12-20,11611.3525,24
2007-12-21,11396.318333333335,24
2007-12-22,10681.928750000001,24
2007-12-23,10278.456666666667,24
2007-12-24,9864.6775,24
2007-12-25,9593.019583333333,24
2007-12-26,10249.347083333332,24
2007-12-27,9722.109583333333,24
2007-12-28,9561.140833333333,24
2007-12-29,8528.424583333333,24
2007-12-30,8418.070416666667,24
2007-12-31,9415.706666666667,24
2008-01-01,8757.140833333333,24
2008-01-02,9852.631666666666,24
2008-01-03,10032.9175,24
2008-01-04,10957.351666666667,24
2008-01-05,10071.265833333333,24
2008-01-06,10085.032083333334,24
2008-01-07,10684.187083333332,24
2008-01-08,11430.360833333332,24
2008-01-09,11198.869166666665,24
2008-01-10,10992.940416666666,24
2008-01-11,11031.495,24
2008-01-12,9987.869583333333,24
2008-01-13,9654.555,24
2008-01-14,10731.393750000001,24
2008-01-15,11719.690833333334,24
2008-01-16,11428.7125,24
2008-01-17,11686.551249999999,24
2008-01-18,11831.928333333335,24
2008-01-19,11660.553333333335,24
2008-01-20,10946.530833333332,24
2008-01-21,11562.53625,24
2008-01-22,11854.6975,24
2008-01-23,11447.44375,24
2008-01-24,10758.841666666667,24
2008-01-25,10369.268333333333,24
2008-01-26,9733.242083333333,24
2008-01-27,9404.99625,24
2008-01-28,10073.405833333332,24
2008-01-29,11039.120833333334,24
2008-01-30,11385.079166666668,24
2008-01-31,11039.255416666667,24
2008-02-01,10364.517916666666,24
2008-02-02,9333.983333333334,24
2008-02-03,8689.112083333333,24
2008-02-04,9014.128333333332,24
2008-02-05,8898.164583333333,24
2008-02-06,9341.447083333333,24
2008-02-07,10236.313333333334,24
2008-02-08,10346.835000000001,24
2008-02-09,9632.44,24
2008-02-10,9242.856666666667,24
2008-02-11,10165.90875,24
2008-02-12,11004.353333333333,24
2008-02-13,10633.62625,24
2008-02-14,11111.317083333333,24
2008-02-15,10723.846666666666,24
2008-02-16,10020.700833333334,24
2008-02-17,9945.491250000001,24
2008-02-18,11170.979583333334,24
2008-02-19,11479.370416666667,24
2008-02-20,11457.989166666666,24
2008-02-21,11086.871666666666,24
2008-02-22,10731.643333333333,24
2008-02-23,10395.0425,24
2008-02-24,9875.57875,24
2008-02-25,11191.3975,24
2008-02-26,11472.632083333332,24
2008-02-27,11496.20125,24
2008-02-28,11679.107083333334,24
2008-02-29,11149.801249999999,24
2008-03-01,10389.123333333333,24
2008-03-02,10064.16125,24
2008-03-03,11042.050833333333,24
2008-03-04,11784.986666666666,24
2008-03-05,11815.602916666669,24
2008-03-06,11891.557083333333,24
2008-03-07,11551.1025,24
2008-03-08,11147.585416666667,24
2008-03-09,10686.858333333334,24
2008-03-10,11242.753333333334,24
2008-03-11,12021.682916666667,24
2008-03-12,11722.365416666667,24
2008-03-13,11606.3925,24
2008-03-14,11434.2575,24
2008-03-15,10804.445833333333,24
2008-03-16,9622.77375,24
2008-03-17,10738.994166666665,24
2008-03-18,11408.6875,24
2008-03-19,11350.284583333334,24
2008-03-20,11042.645833333334,24
2008-03-21,9723.195833333333,24
2008-03-22,10462.565,24
2008-03-23,9724.274166666666,24
2008-03-24,10973.0575,24
2008-03-25,11714.182916666667,24
2008-03-26,11659.37,24
2008-03-27,11719.772083333335,24
2008-03-28,11573.698333333334,24
2008-03-29,11852.875833333334,24
2008-03-30,9642.442083333333,24
2008-03-31,11440.02125,24
2008-04-01,11624.910416666666,24
2008-04-02,11633.721666666666,24
2008-04-03,11748.186666666666,24
2008-04-04,11518.54625,24
2008-04-05,11831.399166666668,24
2008-04-06,9261.215416666666,24
2008-04-07,10745.745416666667,24
2008-04-08,11459.100416666668,24
2008-04-09,11381.706666666667,24
2008-04-10,11565.363333333333,24
2008-04-11,11663.512499999999,24
2008-04-12,10799.7825,24
2008-04-13,9725.959166666666,24
2008-04-14,11337.628333333334,24
2008-04-15,11595.893750000001,24
2008-04-16,11060.937083333332,24
2008-04-17,11303.388333333334,24
2008-04-18,11602.944166666666,24
2008-04-19,10169.237500000001,24
2008-04-20,9712.801666666666,24
2008-04-21,9939.640833333333,24
2008-04-22,11427.420833333332,24
2008-04-23,11537.305416666668,24
2008-04-24,11670.906666666668,24
2008-04-25,11639.318333333335,24
2008-04-26,11126.942916666667,24
2008-04-27,10457.36125,24
2008-04-28,11808.3725,24
2008-04-29,11896.860833333332,24
2008-04-30,11720.2125,24
2008-05-01,10494.104166666666,24
2008-05-02,11453.2275,24
2008-05-03,10721.399166666666,24
2008-05-04,9834.817083333333,24
2008-05-05,11325.755833333335,24
2008-05-06,11266.865,24
2008-05-07,11231.853333333333,24
2008-05-08,11185.517916666666,24
2008-05-09,11166.797083333333,24
2008-05-10,9791.724583333333,24
2008-05-11,8884.956250000001,24
2008-05-12,11321.817916666667,24
2008-05-13,11255.407500000001,24
2008-05-14,11589.320833333333,24
2008-05-15,12000.805,24
2008-05-16,11947.96,24
2008-05-17,10270.302083333334,24
2008-05-18,11036.550000000001,24
2008-05-19,11751.40875,24
2008-05-20,11831.191666666666,24
2008-05-21,12270.447083333333,24
2008-05-22,11685.237500000001,24
2008-05-23,11623.9,24
2008-05-24,10787.77125,24
2008-05-25,10152.839583333332,24
2008-05-26,10696.682916666667,24
2008-05-27,10725.71125,24
2008-05-28,10977.666666666666,24
2008-05-29,10619.733333333334,24
2008-05-30,10459.154166666667,24
2008-05-31,9913.487083333333,24
2008-06-01,9795.309166666668,24
2008-06-02,10607.483750000001,24
2008-06-03,11671.734166666667,24
2008-06-04,11720.705,24
2008-06-05,12070.46125,24
2008-06-06,12116.501250000001,24
2008-06-07,11051.430833333334,24
2008-06-08,11033.9525,24
2008-06-09,11635.638333333334,24
2008-06-10,12025.282916666665,24
2008-06-11,12065.820833333333,24
2008-06-12,11688.880833333335,24
2008-06-13,11288.092916666666,24
2008-06-14,10996.012083333333,24
2008-06-15,10750.188333333334,24
2008-06-16,11542.635416666666,24
2008-06-17,11770.852083333333,24
2008-06-18,11961.64,24
2008-06-19,11826.897916666667,24
2008-06-20,11422.484166666667,24
2008-06-21,11323.27125,24
2008-06-22,10723.040833333333,24
2008-06-23,11507.73625,24
2008-06-24,11512.399583333334,24
2008-06-25,11707.317083333333,24
2008-06-26,11379.034166666666,24
2008-06-27,11021.962083333334,24
2008-06-28,10294.881666666666,24
2008-06-29,9985.905,24
2008-06-30,10796.310416666667,24
2008-07-01,11066.585416666667,24
2008-07-02,10943.160000000002,24
2008-07-03,11041.123333333335,24
2008-07-04,10930.644583333333,24
2008-07-05,10230.81625,24
2008-07-06,9817.000416666668,24
2008-07-07,10547.504583333333,24
2008-07-08,10426.727916666667,24
2008-07-09,9843.422916666666,24
2008-07-10,9815.266666666666,24
2008-07-11,9547.143333333333,24
2008-07-12,9267.915416666667,24
2008-07-13,9587.819583333334,24
2008-07-14,10461.744166666665,24
2008-07-15,11088.126666666665,24
2008-07-16,10756.099583333335,24
2008-07-17,10872.265416666667,24
2008-07-18,10028.502083333333,24
2008-07-19,9395.289166666667,24
2008-07-20,9876.843333333332,24
2008-07-21,10396.311666666666,24
2008-07-22,10792.823333333334,24
2008-07-23,10952.22625,24
2008-07-24,11043.644583333335,24
2008-07-25,10852.37375,24
2008-07-26,10183.789166666667,24
2008-07-27,9426.099583333335,24
2008-07-28,10366.045833333334,24
2008-07-29,11340.585416666667,24
2008-07-30,11357.569583333332,24
2008-07-31,12015.168749999999,24
2008-08-01,12046.182083333333,24
2008-08-02,11595.53625,24
2008-08-03,11171.397083333335,24
2008-08-04,11653.012499999999,24
2008-08-05,11814.180833333334,24
2008-08-06,12058.932083333333,24
2008-08-07,12177.979166666666,24
2008-08-08,11951.455833333333,24
2008-08-09,11726.26375,24
2008-08-10,10748.415416666667,24
2008-08-11,11770.331250000001,24
2008-08-12,12289.731249999999,24
2008-08-13,12204.2175,24
2008-08-14,12008.907083333334,24
2008-08-15,12205.414166666667,24
2008-08-16,12092.017083333332,24
2008-08-17,11989.99,24
2008-08-18,12069.452083333332,24
2008-08-19,12081.47125,24
2008-08-20,11950.756666666666,24
2008-08-21,12291.247083333334,24
2008-08-22,12461.10375,24
2008-08-23,12054.465833333334,24
2008-08-24,11500.152499999998,24
2008-08-25,11760.627916666666,24
2008-08-26,11913.441666666666,24
2008-08-27,12124.054583333333,24
2008-08-28,11499.522083333335,24
2008-08-29,10755.217083333333,24
2008-08-30,10368.348333333333,24
2008-08-31,10017.54125,24
2008-09-01,10547.284166666666,24
2008-09-02,11158.222083333334,24
2008-09-03,11350.530416666666,24
2008-09-04,10653.383749999999,24
2008-09-05,11211.57875,24
2008-09-06,10731.629166666668,24
2008-09-07,10553.60875,24
2008-09-08,11030.205416666666,24
2008-09-09,10626.877083333333,24
2008-09-10,10825.585416666667,24
2008-09-11,10725.135416666666,24
2008-09-12,10706.81,24
2008-09-13,9828.337916666665,24
2008-09-14,9385.18,24
2008-09-15,9906.293333333333,24
2008-09-16,9745.267083333334,24
2008-09-17,10034.260833333334,24
2008-09-18,10223.995416666667,24
2008-09-19,9669.947083333334,24
2008-09-20,9616.068333333333,24
2008-09-21,9597.55125,24
2008-09-22,9835.795833333334,24
2008-09-23,10179.769583333333,24
2008-09-24,9879.853333333334,24
2008-09-25,10012.85375,24
2008-09-26,9642.590833333334,24
2008-09-27,9043.933333333332,24
2008-09-28,9212.969583333334,24
2008-09-29,9578.385,24
2008-09-30,10575.375833333334,24
2008-10-01,11331.668749999999,24
2008-10-02,11488.733333333332,24
2008-10-03,11293.694166666666,24
2008-10-04,10465.874583333332,24
2008-10-05,9729.002916666666,24
2008-10-06,10629.07375,24
2008-10-07,11593.515416666667,24
2008-10-08,12033.765416666667,24
2008-10-09,12015.582499999999,24
2008-10-10,11899.124166666666,24
2008-10-11,12076.688333333334,24
2008-10-12,11371.37,24
2008-10-13,11809.150416666665,24
2008-10-14,11854.34375,24
2008-10-15,12332.817916666667,24
2008-10-16,11569.28125,24
2008-10-17,11510.29625,24
2008-10-18,10889.584166666666,24
2008-10-19,10251.519565217392,23
2008-10-20,10929.866666666667,24
2008-10-21,10409.271666666667,24
2008-10-22,10576.3925,24
2008-10-23,10952.667083333334,24
2008-10-24,10695.369583333333,24
2008-10-25,10194.890833333333,24
2008-10-26,9776.32875,24
2008-10-27,10617.2575,24
2008-10-28,10893.505,24
2008-10-29,11048.814583333333,24
2008-10-30,10807.941666666668,24
2008-10-31,10145.619166666667,24
2008-11-01,9412.969583333334,24
2008-11-02,8235.331250000001,24
2008-11-03,10143.93375,24
2008-11-04,10593.595416666667,24
2008-11-05,10846.244583333333,24
2008-11-06,9931.451666666666,24
2008-11-07,10330.706666666667,24
2008-11-08,10760.444583333332,24
2008-11-09,10021.28375,24
2008-11-10,10674.404166666667,24
2008-11-11,10749.657083333334,24
2008-11-12,10796.210000000001,24
2008-11-13,10652.129166666668,24
2008-11-14,10497.12,24
2008-11-15,10182.08375,24
2008-11-16,9051.103333333334,24
2008-11-17,10382.609166666667,24
2008-11-18,10452.689583333333,24
2008-11-19,10233.402083333332,24
2008-11-20,10403.39375,24
2008-11-21,10297.624583333332,24
2008-11-22,10115.6625,24
2008-11-23,8680.546666666667,24
2008-11-24,10038.233333333334,24
2008-11-25,10074.302916666666,24
2008-11-26,10732.150416666667,24
2008-11-27,10880.506666666666,24
2008-11-28,10646.189583333333,24
2008-11-29,10980.730416666667,24
2008-11-30,10082.3725,24
2008-12-01,10359.7675,24
2008-12-02,11252.400833333333,24
2008-12-03,11080.731666666667,24
2008-12-04,10597.6225,24
2008-12-05,10986.214999999998,24
2008-12-06,10710.249166666666,24
2008-12-07,9758.94,24
2008-12-08,10571.411666666667,24
2008-12-09,11495.034583333334,24
2008-12-10,11083.266666666668,24
2008-12-11,11267.324583333333,24
2008-12-12,10707.017916666666,24
2008-12-13,10049.884166666667,24
2008-12-14,9581.549166666666,24
2008-12-15,10461.511666666667,24
2008-12-16,10108.95375,24
2008-12-17,10095.297083333333,24
2008-12-18,10131.058333333332,24
2008-12-19,9822.719166666668,24
2008-12-20,9237.015833333333,24
2008-12-21,8787.5425,24
2008-12-22,9361.634583333334,24
2008-12-23,8830.34125,24
2008-12-24,8885.994583333333,24
2008-12-25,9054.183333333332,24
2008-12-26,8875.640416666667,24
2008-12-27,8418.475833333332,24
2008-12-28,8426.497916666667,24
2008-12-29,8815.134166666667,24
2008-12-30,8886.909583333334,24
2008-12-31,8889.349166666667,24
2009-01-01,8667.779166666667,24
2009-01-02,8316.04875,24
2009-01-03,7638.396250000001,24
2009-01-04,7483.586666666666,24
2009-01-05,7709.8654166666665,24
2009-01-06,8863.364583333334,24
2009-01-07,9728.669166666667,24
2009-01-08,10173.984583333333,24
2009-01-09,10409.34125,24
2009-01-10,9918.44875,24
2009-01-11,9044.670833333334,24
2009-01-12,9306.72125,24
2009-01-13,9207.730416666667,24
2009-01-14,9684.07875,24
2009-01-15,9948.299583333333,24
2009-01-16,10312.86125,24
2009-01-17,10540.695,24
2009-01-18,10517.439583333333,24
2009-01-19,10286.256666666666,24
2009-01-20,10583.760416666666,24
2009-01-21,10520.757083333334,24
2009-01-22,10673.374583333332,24
2009-01-23,10656.34375,24
2009-01-24,10747.579583333334,24
2009-01-25,10113.86875,24
2009-01-26,9502.442083333333,24
2009-01-27,9566.084166666666,24
2009-01-28,9854.685416666667,24
2009-01-29,10009.920833333334,24
2009-01-30,10319.545833333334,24
2009-01-31,10390.709166666666,24
2009-02-01,9790.952916666667,24
2009-02-02,9922.452916666667,24
2009-02-03,10422.980833333333,24
2009-02-04,10617.361666666666,24
2009-02-05,10713.35,24
2009-02-06,10799.72625,24
2009-02-07,10789.098333333333,24
2009-02-08,10321.816666666668,24
2009-02-09,10486.699999999999,24
2009-02-10,10506.41375,24
2009-02-11,10262.682916666667,24
2009-02-12,10654.869166666665,24
2009-02-13,10677.952916666667,24
2009-02-14,10259.478333333334,24
2009-02-15,10288.937083333332,24
2009-02-16,10969.047083333333,24
2009-02-17,11460.804583333333,24
2009-02-18,11427.825833333334,24
2009-02-19,11796.16625,24
2009-02-20,11719.275416666665,24
2009-02-21,11212.13125,24
2009-02-22,10742.9125,24
2009-02-23,10905.876666666667,24
2009-02-24,11171.050416666667,24
2009-02-25,11445.791666666666,24
2009-02-26,11692.97875,24
2009-02-27,11853.339583333334,24
2009-02-28,10712.135833333334,24
2009-03-01,9526.095416666667,24
2009-03-02,11218.250416666668,24
2009-03-03,11986.339999999998,24
2009-03-04,12209.675000000001,24
2009-03-05,12393.003333333334,24
2009-03-06,12301.418333333333,24
2009-03-07,12419.477916666665,24
2009-03-08,11626.938750000001,24
2009-03-09,12148.587083333334,24
2009-03-10,12325.872083333334,24
2009-03-11,12358.884583333333,24
2009-03-12,12453.894999999999,24
2009-03-13,12057.559166666666,24
2009-03-14,11470.54625,24
2009-03-15,10699.23875,24
2009-03-16,11066.94,24
2009-03-17,11270.934583333334,24
2009-03-18,11475.687916666668,24
2009-03-19,10904.162916666666,24
2009-03-20,10747.529166666667,24
2009-03-21,10806.419583333334,24
2009-03-22,10165.26125,24
2009-03-23,11111.911666666667,24
2009-03-24,11395.607083333334,24
2009-03-25,11429.550000000001,24
2009-03-26,11586.57875,24
2009-03-27,11300.743333333334,24
2009-03-28,10927.584583333331,24
2009-03-29,10606.585416666667,24
2009-03-30,11646.246666666666,24
2009-03-31,11801.590416666666,24
2009-04-01,11894.89625,24
2009-04-02,11765.927083333334,24
2009-04-03,11707.627083333333,24
2009-04-04,11584.932083333333,24
2009-04-05,10121.883333333333,24
2009-04-06,11838.13375,24
2009-04-07,11941.563333333334,24
2009-04-08,12011.362083333333,24
2009-04-09,11953.68,24
2009-04-10,10242.00625,24
2009-04-11,10192.567916666667,24
2009-04-12,10004.730416666667,24
2009-04-13,11546.580833333333,24
2009-04-14,11854.880416666667,24
2009-04-15,11699.00625,24
2009-04-16,11710.557916666667,24
2009-04-17,11688.481249999999,24
2009-04-18,10854.117083333333,24
2009-04-19,9627.862083333333,24
2009-04-20,10799.508333333333,24
2009-04-21,9969.977083333333,24
2009-04-22,11349.071666666665,24
2009-04-23,11747.153333333334,24
2009-04-24,11931.445833333333,24
2009-04-25,11036.066666666666,24
2009-04-26,11034.57875,24
2009-04-27,11609.212083333334,24
2009-04-28,11934.642083333332,24
2009-04-29,11530.267083333332,24
2009-04-30,11342.941666666666,24
2009-05-01,10485.612500000001,24
2009-05-02,9320.25125,24
2009-05-03,9033.65125,24
2009-05-04,9857.591666666667,24
2009-05-05,9937.741666666667,24
2009-05-06,9717.5075,24
2009-05-07,9591.106249999999,24
2009-05-08,9263.408333333333,24
2009-05-09,8788.09625,24
2009-05-10,8688.793749999999,24
2009-05-11,9276.89125,24
2009-05-12,9726.987083333333,24
2009-05-13,10136.635833333334,24
2009-05-14,9853.875833333334,24
2009-05-15,9674.769583333333,24
2009-05-16,9309.765416666667,24
2009-05-17,8736.35125,24
2009-05-18,9668.164166666667,24
2009-05-19,10628.660833333333,24
2009-05-20,10622.790416666667,24
2009-05-21,10726.527916666666,24
2009-05-22,10237.687916666668,24
2009-05-23,9641.6925,24
2009-05-24,9314.03,24
2009-05-25,10236.686666666666,24
2009-05-26,10956.647083333335,24
2009-05-27,11178.637083333333,24
2009-05-28,11330.581666666667,24
2009-05-29,10643.052083333334,24
2009-05-30,10111.012916666667,24
2009-05-31,9818.727083333333,24
2009-06-01,10766.6625,24
2009-06-02,10977.88375,24
2009-06-03,11271.204166666668,24
2009-06-04,11201.952083333332,24
2009-06-05,10986.0375,24
2009-06-06,10399.087083333334,24
2009-06-07,10027.494166666665,24
2009-06-08,10483.858333333334,24
2009-06-09,10648.258333333333,24
2009-06-10,10611.9475,24
2009-06-11,10043.205,24
2009-06-12,10014.553750000001,24
2009-06-13,9402.665833333334,24
2009-06-14,8950.51125,24
2009-06-15,9979.647916666667,24
2009-06-16,10650.635416666666,24
2009-06-17,10607.499166666666,24
2009-06-18,10567.0075,24
2009-06-19,10330.542083333334,24
2009-06-20,9709.900833333333,24
2009-06-21,9364.89625,24
2009-06-22,10300.530833333332,24
2009-06-23,10366.259166666667,24
2009-06-24,10409.03125,24
2009-06-25,10578.533333333333,24
2009-06-26,10371.107083333334,24
2009-06-27,9927.52625,24
2009-06-28,9344.341666666667,24
2009-06-29,10165.529583333333,24
2009-06-30,10392.390416666667,24
2009-07-01,10663.168749999999,24
2009-07-02,11551.579166666668,24
2009-07-03,11205.234583333333,24
2009-07-04,10353.583333333334,24
2009-07-05,9962.3375,24
2009-07-06,10957.293333333333,24
2009-07-07,11138.752083333333,24
2009-07-08,11705.472500000002,24
2009-07-09,11349.546666666667,24
2009-07-10,11564.309583333334,24
2009-07-11,11711.96375,24
2009-07-12,10410.156666666668,24
2009-07-13,11532.965833333334,24
2009-07-14,11769.887499999999,24
2009-07-15,11902.992916666668,24
2009-07-16,11767.533333333333,24
2009-07-17,11778.8525,24
2009-07-18,11995.262499999999,24
2009-07-19,10530.512499999999,24
2009-07-20,11382.440833333334,24
2009-07-21,11175.474583333335,24
2009-07-22,11349.392083333332,24
2009-07-23,11372.112500000001,24
2009-07-24,11695.762083333333,24
2009-07-25,10813.2975,24
2009-07-26,9818.625,24
2009-07-27,10606.322916666666,24
2009-07-28,11049.121666666666,24
2009-07-29,11109.696666666665,24
2009-07-30,11396.902916666666,24
2009-07-31,11389.457083333335,24
2009-08-01,11526.4125,24
2009-08-02,10111.819166666666,24
2009-08-03,11410.499583333332,24
2009-08-04,11297.42,24
2009-08-05,11309.49125,24
2009-08-06,11420.832499999999,24
2009-08-07,11217.32125,24
2009-08-08,11244.194166666668,24
2009-08-09,10182.93125,24
2009-08-10,10977.130833333335,24
2009-08-11,11326.59875,24
2009-08-12,11236.089583333334,24
2009-08-13,11400.674166666666,24
2009-08-14,11001.88375,24
2009-08-15,10318.9075,24
2009-08-16,9702.66,24
2009-08-17,10723.680833333334,24
2009-08-18,10950.733333333332,24
2009-08-19,11231.305416666668,24
2009-08-20,10957.635,24
2009-08-21,10613.975416666666,24
2009-08-22,9660.714166666667,24
2009-08-23,7815.379583333332,24
2009-08-24,9833.43875,24
2009-08-25,11278.899583333334,24
2009-08-26,11146.794166666667,24
2009-08-27,11657.912916666666,24
2009-08-28,10855.36375,24
2009-08-29,10244.235833333334,24
2009-08-30,9565.496666666666,24
2009-08-31,10740.225833333334,24
2009-09-01,11205.361666666666,24
2009-09-02,11632.561249999999,24
2009-09-03,11629.804583333333,24
2009-09-04,10655.797916666666,24
2009-09-05,9952.623333333333,24
2009-09-06,9421.91,24
2009-09-07,9966.999583333332,24
2009-09-08,10802.330416666666,24
2009-09-09,11312.9125,24
2009-09-10,10794.66875,24
2009-09-11,11023.267083333332,24
2009-09-12,9625.84625,24
2009-09-13,8517.148333333333,24
2009-09-14,10546.366250000001,24
2009-09-15,10805.66125,24
2009-09-16,10894.409583333332,24
2009-09-17,10785.98375,24
2009-09-18,10744.685416666667,24
2009-09-19,10378.810833333333,24
2009-09-20,8359.422916666666,24
2009-09-21,10353.477916666667,24
2009-09-22,10794.965833333334,24
2009-09-23,10658.374166666666,24
2009-09-24,10709.0075,24
2009-09-25,10190.404166666667,24
2009-09-26,10529.432916666667,24
2009-09-27,8249.602916666667,24
2009-09-28,10228.502083333333,24
2009-09-29,10574.242083333333,24
2009-09-30,10571.61375,24
2009-10-01,10544.38875,24
2009-10-02,10670.066666666668,24
2009-10-03,10103.5675,24
2009-10-04,9133.92625,24
2009-10-05,11022.534583333334,24
2009-10-06,10983.565833333334,24
2009-10-07,11001.53125,24
2009-10-08,10932.530416666666,24
2009-10-09,10886.270416666666,24
2009-10-10,9206.480416666667,24
2009-10-11,8466.723333333333,24
2009-10-12,9610.104583333334,24
2009-10-13,11034.146666666667,24
2009-10-14,10547.845,24
2009-10-15,10409.795416666666,24
2009-10-16,10660.57625,24
2009-10-17,9249.80625,24
2009-10-18,8829.033913043479,23
2009-10-19,10242.788333333332,24
2009-10-20,10204.502083333333,24
2009-10-21,10012.208333333334,24
2009-10-22,10138.502083333333,24
2009-10-23,10033.961666666666,24
2009-10-24,9424.029583333333,24
2009-10-25,8719.712083333334,24
2009-10-26,9901.553333333333,24
2009-10-27,9945.263333333334,24
2009-10-28,9993.7125,24
2009-10-29,10193.249583333332,24
2009-10-30,10296.745833333332,24
2009-10-31,10094.282083333334,24
2009-11-01,8447.22,24
2009-11-02,8995.461666666666,24
2009-11-03,10887.261666666667,24
2009-11-04,11458.460833333333,24
2009-11-05,11549.90125,24
2009-11-06,11317.274166666668,24
2009-11-07,11141.401666666667,24
2009-11-08,9324.457916666666,24
2009-11-09,11257.844583333334,24
2009-11-10,10102.977083333333,24
2009-11-11,8398.302083333334,24
2009-11-12,10207.016666666666,24
2009-11-13,11307.707499999999,24
2009-11-14,10572.9175,24
2009-11-15,8803.733750000001,24
2009-11-16,10244.800416666667,24
2009-11-17,10725.034166666666,24
2009-11-18,11085.55625,24
2009-11-19,10787.250833333334,24
2009-11-20,10776.550000000001,24
2009-11-21,9857.620416666667,24
2009-11-22,9253.809583333334,24
2009-11-23,10899.0325,24
2009-11-24,10909.718333333332,24
2009-11-25,10572.305,24
2009-11-26,10600.932083333333,24
2009-11-27,10619.679166666667,24
2009-11-28,10630.342083333333,24
2009-11-29,9313.141666666666,24
2009-11-30,10402.43,24
2009-12-01,10633.76375,24
2009-12-02,10202.24875,24
2009-12-03,10538.393750000001,24
2009-12-04,10627.017083333334,24
2009-12-05,10248.38875,24
2009-12-06,8888.299166666666,24
2009-12-07,9693.815416666666,24
2009-12-08,10202.068333333335,24
2009-12-09,9858.892916666666,24
2009-12-10,9874.875416666668,24
2009-12-11,9721.56875,24
2009-12-12,8879.466666666667,24
2009-12-13,8472.6225,24
2009-12-14,9788.582916666666,24
2009-12-15,9674.506666666666,24
2009-12-16,9400.302083333334,24
2009-12-17,9201.519583333333,24
2009-12-18,8834.81,24
2009-12-19,8486.635833333334,24
2009-12-20,7777.675833333334,24
2009-12-21,8609.1925,24
2009-12-22,8660.004166666668,24
2009-12-23,8705.2575,24
2009-12-24,7665.39375,24
2009-12-25,6991.920416666667,24
2009-12-26,7316.64375,24
2009-12-27,7317.667083333334,24
2009-12-28,8481.357916666666,24
2009-12-29,8445.867916666666,24
2009-12-30,8297.519583333333,24
2009-12-31,7357.0125,24
2010-01-01,6717.885833333334,24
2010-01-02,6991.050416666666,24
2010-01-03,7000.728749999999,24
2010-01-04,8455.52125,24
2010-01-05,8673.015833333333,24
2010-01-06,8566.03375,24
2010-01-07,8432.215416666668,24
2010-01-08,8505.981666666667,24
2010-01-09,8556.762916666667,24
2010-01-10,7688.660833333334,24
2010-01-11,8487.064166666667,24
2010-01-12,8547.219583333334,24
2010-01-13,8551.226666666667,24
2010-01-14,8662.887916666667,24
2010-01-15,8861.525416666667,24
2010-01-16,7569.181666666666,24
2010-01-17,7616.595833333333,24
2010-01-18,8589.787916666666,24
2010-01-19,8529.5525,24
2010-01-20,8287.18625,24
2010-01-21,8652.08875,24
2010-01-22,8331.586666666666,24
2010-01-23,7586.675416666666,24
2010-01-24,7499.782083333333,24
2010-01-25,8399.360833333334,24
2010-01-26,8356.884166666667,24
2010-01-27,8462.155833333334,24
2010-01-28,8394.21875,24
2010-01-29,8507.54875,24
2010-01-30,8062.326250000001,24
2010-01-31,7602.541666666667,24
2010-02-01,8476.63625,24
2010-02-02,8577.9925,24
2010-02-03,8536.762499999999,24
2010-02-04,8574.048333333334,24
2010-02-05,8599.99,24
2010-02-06,8572.808333333332,24
2010-02-07,7696.734583333334,24
2010-02-08,8468.145833333334,24
2010-02-09,8286.1275,24
2010-02-10,8613.297083333333,24
2010-02-11,8697.565,24
2010-02-12,8703.494166666665,24
2010-02-13,8279.380833333335,24
2010-02-14,7409.90375,24
2010-02-15,8186.876666666667,24
2010-02-16,7523.295416666667,24
2010-02-17,8333.06125,24
2010-02-18,8724.5975,24
2010-02-19,8870.972916666668,24
2010-02-20,9113.114583333334,24
2010-02-21,8241.616250000001,24
2010-02-22,8984.456666666667,24
2010-02-23,9255.555416666668,24
2010-02-24,9138.450416666667,24
2010-02-25,9023.985,24
2010-02-26,8939.690833333334,24
2010-02-27,8874.634583333334,24
2010-02-28,8043.943333333334,24
2010-03-01,8713.160416666668,24
2010-03-02,8804.575833333334,24
2010-03-03,8607.842916666666,24
2010-03-04,8711.743333333334,24
2010-03-05,8703.791666666666,24
2010-03-06,8607.810416666667,24
2010-03-07,7751.5625,24
2010-03-08,8638.229583333334,24
2010-03-09,8716.454166666666,24
2010-03-10,8845.789583333333,24
2010-03-11,8845.101666666667,24
2010-03-12,9180.32875,24
2010-03-13,9067.632083333334,24
2010-03-14,8602.319166666666,24
2010-03-15,8894.605416666667,24
2010-03-16,9151.516666666666,24
2010-03-17,9079.445833333333,24
2010-03-18,9235.66375,24
2010-03-19,9066.530833333332,24
2010-03-20,9082.043749999999,24
2010-03-21,9128.073333333334,24
2010-03-22,9088.073333333334,24
2010-03-23,9055.627083333335,24
2010-03-24,8996.54875,24
2010-03-25,9071.906666666668,24
2010-03-26,9073.930833333334,24
2010-03-27,9080.63125,24
2010-03-28,8007.05,24
2010-03-29,8627.039999999999,24
2010-03-30,8582.375416666668,24
2010-03-31,8392.870833333332,24
2010-04-01,8418.670416666666,24
2010-04-02,7416.417916666666,24
2010-04-03,8093.342916666667,24
2010-04-04,7487.254166666667,24
2010-04-05,8417.595833333333,24
2010-04-06,8555.741666666667,24
2010-04-07,8406.255416666667,24
2010-04-08,8442.047916666666,24
2010-04-09,8333.949583333333,24
2010-04-10,8068.703333333334,24
2010-04-11,7577.969583333333,24
2010-04-12,8340.587916666665,24
2010-04-13,8489.855416666667,24
2010-04-14,8552.84625,24
2010-04-15,8484.581666666667,24
2010-04-16,8794.62125,24
2010-04-17,8933.008333333333,24
2010-04-18,7934.321666666667,24
2010-04-19,8824.801666666666,24
2010-04-20,9282.887499999999,24
2010-04-21,9348.295,24
2010-04-22,9228.8225,24
2010-04-23,9056.85875,24
2010-04-24,8962.977499999999,24
2010-04-25,8600.000416666668,24
2010-04-26,8835.577083333334,24
2010-04-27,8984.3325,24
2010-04-28,10501.171666666667,24
2010-04-29,8996.285,24
2010-04-30,9730.910416666668,24
2010-05-01,9707.395416666666,24
2010-05-02,8838.6325,24
2010-05-03,8957.232916666666,24
2010-05-04,8984.864583333334,24
2010-05-05,9919.141666666666,24
2010-05-06,10430.370833333332,24
2010-05-07,9046.024583333334,24
2010-05-08,8894.049583333333,24
2010-05-09,8794.850416666666,24
2010-05-10,9662.609166666667,24
2010-05-11,9331.1675,24
2010-05-12,9167.701666666666,24
2010-05-13,9684.310416666667,24
2010-05-14,9577.844583333334,24
2010-05-15,8265.407916666667,24
2010-05-16,8655.091666666667,24
2010-05-17,8675.99625,24
2010-05-18,8947.767916666666,24
2010-05-19,9616.857083333334,24
2010-05-20,9865.703333333333,24
2010-05-21,9788.17375,24
2010-05-22,8979.06375,24
2010-05-23,8806.01125,24
2010-05-24,8960.866666666667,24
2010-05-25,9409.415833333333,24
2010-05-26,10393.03125,24
2010-05-27,10399.662916666666,24
2010-05-28,10185.099166666667,24
2010-05-29,10029.77,24
2010-05-30,8868.12375,24
2010-05-31,10120.675416666667,24
2010-06-01,10476.730833333333,24
2010-06-02,10144.376666666667,24
2010-06-03,10211.739583333334,24
2010-06-04,9149.438333333334,24
2010-06-05,9115.177916666666,24
2010-06-06,8820.365416666666,24
2010-06-07,9938.459583333333,24
2010-06-08,10593.00125,24
2010-06-09,10717.431666666665,24
2010-06-10,10981.014583333332,24
2010-06-11,11075.610833333332,24
2010-06-12,10967.23375,24
2010-06-13,9197.194583333334,24
2010-06-14,10768.275833333333,24
2010-06-15,10711.890000000001,24
2010-06-16,11049.348333333333,24
2010-06-17,10728.099583333333,24
2010-06-18,10502.313333333334,24
2010-06-19,9595.22875,24
2010-06-20,8892.381666666666,24
2010-06-21,10353.036666666667,24
2010-06-22,10235.834166666666,24
2010-06-23,10608.945416666667,24
2010-06-24,11074.426249999999,24
2010-06-25,10436.840833333334,24
2010-06-26,10613.468333333332,24
2010-06-27,9904.48625,24
2010-06-28,10655.513333333334,24
2010-06-29,10903.541666666666,24
2010-06-30,10469.240416666666,24
2010-07-01,11160.550416666667,24
2010-07-02,10424.919583333334,24
2010-07-03,9757.8775,24
2010-07-04,9805.1225,24
2010-07-05,10649.66125,24
2010-07-06,10449.22875,24
2010-07-07,10195.116666666667,24
2010-07-08,10259.807916666667,24
2010-07-09,9785.372083333334,24
2010-07-10,9848.775833333333,24
2010-07-11,9428.14625,24
2010-07-12,9460.282083333334,24
2010-07-13,10305.983333333334,24
2010-07-14,10316.435833333333,24
2010-07-15,10162.292083333334,24
2010-07-16,10271.604583333334,24
2010-07-17,9823.724166666667,24
2010-07-18,9857.38875,24
2010-07-19,10508.2325,24
2010-07-20,11266.072083333333,24
2010-07-21,10947.847083333334,24
2010-07-22,11179.945416666667,24
2010-07-23,11285.238749999999,24
2010-07-24,11035.166666666666,24
2010-07-25,10780.837916666665,24
2010-07-26,11075.252916666666,24
2010-07-27,11205.496666666666,24
2010-07-28,11205.196666666665,24
2010-07-29,11172.795833333332,24
2010-07-30,11219.0075,24
2010-07-31,10138.186666666666,24
2010-08-01,8774.885,24
2010-08-02,10636.247916666667,24
2010-08-03,10664.36375,24
2010-08-04,11003.324583333333,24
2010-08-05,10995.414583333333,24
2010-08-06,10489.144583333333,24
2010-08-07,9364.825833333334,24
2010-08-08,8694.341666666667,24
2010-08-09,9127.677916666666,24
2010-08-10,10371.579166666666,24
2010-08-11,10778.102916666667,24
2010-08-12,10441.824999999999,24
2010-08-13,10747.264583333334,24
2010-08-14,9950.008749999999,24
2010-08-15,9388.824583333333,24
2010-08-16,10143.265416666667,24
2010-08-17,10774.01125,24
2010-08-18,10831.362083333333,24
2010-08-19,10827.012916666667,24
2010-08-20,10180.493333333334,24
2010-08-21,9466.172916666666,24
2010-08-22,8666.235416666666,24
2010-08-23,9594.693333333335,24
2010-08-24,10585.269583333333,24
2010-08-25,10436.8275,24
2010-08-26,10383.754166666668,24
2010-08-27,10307.256666666666,24
2010-08-28,9919.640416666667,24
2010-08-29,9386.057916666667,24
2010-08-30,10641.043333333333,24
2010-08-31,10609.06375,24
2010-09-01,10624.247083333334,24
2010-09-02,10495.174166666666,24
2010-09-03,10532.85125,24
2010-09-04,9576.635416666666,24
2010-09-05,8921.15125,24
2010-09-06,9036.736666666666,24
2010-09-07,9673.33,24
2010-09-08,10512.682083333333,24
2010-09-09,10362.997916666665,24
2010-09-10,10457.05875,24
2010-09-11,9825.584583333333,24
2010-09-12,9386.355,24
2010-09-13,9711.18375,24
2010-09-14,10391.107083333334,24
2010-09-15,10611.390416666667,24
2010-09-16,10508.460000000001,24
2010-09-17,10308.137083333333,24
2010-09-18,9503.045,24
2010-09-19,8750.455833333333,24
2010-09-20,9289.481666666667,24
2010-09-21,10487.637499999999,24
2010-09-22,10578.81375,24
2010-09-23,9317.228333333334,24
2010-09-24,9802.84125,24
2010-09-25,8847.465,24
2010-09-26,8650.564166666667,24
2010-09-27,9305.875,24
2010-09-28,10053.717916666666,24
2010-09-29,10717.812083333332,24
2010-09-30,10799.942083333333,24
2010-10-01,10479.679583333333,24
2010-10-02,8810.372083333334,24
2010-10-03,8648.55125,24
2010-10-04,10903.12375,24
2010-10-05,11124.615833333335,24
2010-10-06,11224.069583333332,24
2010-10-07,9097.397916666667,24
2010-10-08,9491.306666666665,24
2010-10-09,9407.394166666667,24
2010-10-10,8940.5025,24
2010-10-11,11099.250416666668,24
2010-10-12,11213.369166666665,24
2010-10-13,11171.579166666668,24
2010-10-14,11257.196666666665,24
2010-10-15,11269.21875,24
2010-10-16,10654.632083333334,24
2010-10-17,10631.207826086957,23
2010-10-18,11207.762499999999,24
2010-10-19,10995.647083333331,24
2010-10-20,11226.90875,24
2010-10-21,11193.628333333334,24
2010-10-22,11234.988333333335,24
2010-10-23,11222.189583333333,24
2010-10-24,11168.255,24
2010-10-25,11213.507083333332,24
2010-10-26,10798.210833333333,24
2010-10-27,11219.175833333333,24
2010-10-28,11198.205416666666,24
2010-10-29,10532.099166666667,24
2010-10-30,9074.428750000001,24
2010-10-31,7428.549166666667,24
2010-11-01,11199.39125,24
2010-11-02,11210.616666666667,24
2010-11-03,11264.307083333333,24
2010-11-04,11316.097083333334,24
2010-11-05,11340.539583333333,24
2010-11-06,11284.330833333333,24
2010-11-07,10745.897083333333,24
2010-11-08,11338.873749999999,24
2010-11-09,10540.270833333334,24
2010-11-10,9016.134166666667,24
2010-11-11,9409.178750000001,24
2010-11-12,11263.579166666668,24
2010-11-13,11122.179166666667,24
2010-11-14,10800.169166666667,24
2010-11-15,10535.869166666665,24
2010-11-16,11289.688333333334,24
2010-11-17,11315.235833333334,24
2010-11-18,11390.044166666667,24
2010-11-19,11316.872083333334,24
2010-11-20,11094.144583333333,24
2010-11-21,10482.789166666667,24
2010-11-22,11256.355000000001,24
2010-11-23,11352.550416666667,24
2010-11-24,11273.818333333335,24
2010-11-25,11335.983333333332,24
2010-11-26,11389.454583333332,24
2010-11-27,11369.095,24
2010-11-28,10061.342083333333,24
2010-11-29,11630.5325,24
2010-11-30,11869.424166666666,24
2010-12-01,11950.031666666668,24
2010-12-02,11893.946666666665,24
2010-12-03,10767.774583333334,24
2010-12-04,9332.969583333334,24
2010-12-05,8955.86875,24
2010-12-06,9831.682916666667,24
2010-12-07,9934.882083333334,24
2010-12-08,10833.739166666666,24
2010-12-09,11703.149583333334,24
2010-12-10,11059.162083333335,24
2010-12-11,11645.660416666666,24
2010-12-12,9615.401666666667,24
2010-12-13,11547.4475,24
2010-12-14,11724.674166666666,24
2010-12-15,11803.277916666666,24
2010-12-16,11840.442916666667,24
2010-12-17,11868.794166666667,24
2010-12-18,9668.987500000001,24
2010-12-19,9260.289999999999,24
2010-12-20,10231.443333333333,24
2010-12-21,11541.871666666666,24
2010-12-22,11634.143333333333,24
2010-12-23,11662.267916666666,24
2010-12-24,11147.577083333332,24
2010-12-25,9854.414583333333,24
2010-12-26,11188.7475,24
2010-12-27,11909.097500000002,24
2010-12-28,12059.984583333333,24
2010-12-29,12026.684166666666,24
2010-12-30,11935.942916666667,24
2010-12-31,11087.953333333333,24
2011-01-01,9594.351666666667,24
2011-01-02,10823.968333333332,24
2011-01-03,11725.730000000001,24
2011-01-04,12016.457916666666,24
2011-01-05,11728.44,24
2011-01-06,11307.6275,24
2011-01-07,11334.090416666666,24
2011-01-08,10836.03875,24
2011-01-09,10622.281666666668,24
2011-01-10,11360.461666666668,24
2011-01-11,11175.637499999999,24
2011-01-12,11336.775416666665,24
2011-01-13,11272.577083333332,24
2011-01-14,11211.155833333332,24
2011-01-15,11316.859166666667,24
2011-01-16,11137.313333333334,24
2011-01-17,11302.001666666665,24
2011-01-18,11290.880833333335,24
2011-01-19,11242.315833333334,24
2011-01-20,11202.310416666667,24
2011-01-21,11296.382083333332,24
2011-01-22,11383.5175,24
2011-01-23,10303.12375,24
2011-01-24,11125.824166666665,24
2011-01-25,11549.882083333332,24
2011-01-26,11483.815,24
2011-01-27,11758.980416666667,24
2011-01-28,11822.442916666667,24
2011-01-29,10701.517083333334,24
2011-01-30,9978.091666666667,24
2011-01-31,11818.129166666666,24
2011-02-01,11663.259166666665,24
2011-02-02,11848.570416666667,24
2011-02-03,11639.293749999999,24
2011-02-04,11492.348333333333,24
2011-02-05,11793.395416666666,24
2011-02-06,10559.824166666667,24
2011-02-07,11439.287916666666,24
2011-02-08,11575.290416666665,24
2011-02-09,11170.071666666665,24
2011-02-10,11031.852083333333,24
2011-02-11,11452.5725,24
2011-02-12,11014.82,24
2011-02-13,9157.3225,24
2011-02-14,10789.210833333333,24
2011-02-15,10895.896666666666,24
2011-02-16,10959.15625,24
2011-02-17,10858.85875,24
2011-02-18,11012.052916666667,24
2011-02-19,10898.844583333334,24
2011-02-20,9655.925416666667,24
2011-02-21,11001.720000000001,24
2011-02-22,11426.939583333333,24
2011-02-23,11426.125,24
2011-02-24,11234.890416666667,24
2011-02-25,11243.455833333333,24
2011-02-26,10753.670416666666,24
2011-02-27,9536.678333333333,24
2011-02-28,10655.555,24
2011-03-01,10829.472916666668,24
2011-03-02,10434.51375,24
2011-03-03,10643.772083333333,24
2011-03-04,10255.879583333333,24
2011-03-05,8269.53125,24
2011-03-06,7178.175416666666,24
2011-03-07,7990.52375,24
2011-03-08,7781.973333333332,24
2011-03-09,10350.321249999999,24
2011-03-10,10514.837083333334,24
2011-03-11,10929.225416666666,24
2011-03-12,10735.289583333333,24
2011-03-13,8271.720416666667,24
2011-03-14,10388.748333333333,24
2011-03-15,10412.247916666667,24
2011-03-16,9904.169166666667,24
2011-03-17,10118.39625,24
2011-03-18,10045.75375,24
2011-03-19,7502.894166666666,24
2011-03-20,7090.9775,24
2011-03-21,7743.26875,24
2011-03-22,9709.010833333334,24
2011-03-23,10389.508749999999,24
2011-03-24,10502.885416666666,24
2011-03-25,10519.394166666667,24
2011-03-26,9872.872916666667,24
2011-03-27,9214.87,24
2011-03-28,9688.294166666667,24
2011-03-29,10313.675416666667,24
2011-03-30,9766.440416666666,24
2011-03-31,10025.02375,24
2011-04-01,9837.637916666667,24
2011-04-02,8688.484166666667,24
2011-04-03,8597.814166666667,24
2011-04-04,9852.444166666666,24
2011-04-05,9782.500833333334,24
2011-04-06,9654.371666666668,24
2011-04-07,9787.54125,24
2011-04-08,9844.995833333332,24
2011-04-09,8645.616666666667,24
2011-04-10,7644.6795833333335,24
2011-04-11,9767.84125,24
2011-04-12,9253.470833333333,24
2011-04-13,9831.787083333335,24
2011-04-14,9920.882916666667,24
2011-04-15,8848.492916666668,24
2011-04-16,9587.59125,24
2011-04-17,8046.662916666667,24
2011-04-18,10272.3675,24
2011-04-19,10869.74875,24
2011-04-20,10208.548333333334,24
2011-04-21,8345.13875,24
2011-04-22,7574.798333333333,24
2011-04-23,8400.285833333333,24
2011-04-24,7239.7266666666665,24
2011-04-25,10265.295,24
2011-04-26,11436.098333333333,24
2011-04-27,11614.655416666666,24
2011-04-28,11257.410000000002,24
2011-04-29,11436.894999999999,24
2011-04-30,11484.734166666667,24
2011-05-01,9448.590416666668,24
2011-05-02,10677.807083333333,24
2011-05-03,11445.215416666666,24
2011-05-04,11429.887083333333,24
2011-05-05,11224.355416666667,24
2011-05-06,11409.1225,24
2011-05-07,8829.90625,24
2011-05-08,7753.729166666667,24
2011-05-09,8729.123333333333,24
2011-05-10,11488.9475,24
2011-05-11,11165.2575,24
2011-05-12,11785.265833333333,24
2011-05-13,11757.768333333333,24
2011-05-14,11617.464999999998,24
2011-05-15,10517.350833333332,24
2011-05-16,10941.801666666666,24
2011-05-17,11247.496666666666,24
2011-05-18,10226.775,24
2011-05-19,11200.530833333332,24
2011-05-20,11497.090000000002,24
2011-05-21,11477.558333333334,24
2011-05-22,9604.799166666666,24
2011-05-23,11431.509166666665,24
2011-05-24,11420.680833333334,24
2011-05-25,11412.679583333333,24
2011-05-26,11383.984583333333,24
2011-05-27,11409.248749999999,24
2011-05-28,10573.395833333334,24
2011-05-29,8952.57375,24
2011-05-30,10927.101666666667,24
2011-05-31,11302.35875,24
2011-06-01,11311.879166666668,24
2011-06-02,11420.817083333333,24
2011-06-03,11461.5025,24
2011-06-04,10593.775,24
2011-06-05,10308.924166666666,24
2011-06-06,10693.760416666666,24
2011-06-07,11371.194583333332,24
2011-06-08,10728.874166666666,24
2011-06-09,10140.349166666667,24
2011-06-10,10891.090833333334,24
2011-06-11,10343.469583333334,24
2011-06-12,8692.291666666666,24
2011-06-13,10217.481666666667,24
2011-06-14,11252.159166666666,24
2011-06-15,11349.599583333335,24
2011-06-16,11217.821666666665,24
2011-06-17,11425.80625,24
2011-06-18,11413.878333333334,24
2011-06-19,10649.009166666667,24
2011-06-20,11393.194166666666,24
2011-06-21,11244.807916666667,24
2011-06-22,11597.027083333334,24
2011-06-23,9189.365833333333,24
2011-06-24,9228.105833333333,24
2011-06-25,9184.958333333334,24
2011-06-26,9724.107916666666,24
2011-06-27,11210.85375,24
2011-06-28,11486.844166666668,24
2011-06-29,11484.886250000001,24
2011-06-30,11440.448333333334,24
2011-07-01,11232.721666666666,24
2011-07-02,9349.899583333334,24
2011-07-03,9053.9425,24
2011-07-04,10370.743333333334,24
2011-07-05,11016.934166666666,24
2011-07-06,10944.213333333333,24
2011-07-07,11343.604166666666,24
2011-07-08,11660.402500000002,24
2011-07-09,10581.895833333334,24
2011-07-10,9747.329166666666,24
2011-07-11,11581.784583333334,24
2011-07-12,12004.644166666667,24
2011-07-13,11986.238749999999,24
2011-07-14,11501.564583333333,24
2011-07-15,11190.189166666665,24
2011-07-16,11360.232083333334,24
2011-07-17,10398.7075,24
2011-07-18,10964.031666666668,24
2011-07-19,11040.505,24
2011-07-20,10899.36,24
2011-07-21,11011.736666666666,24
2011-07-22,11009.575833333334,24
2011-07-23,10396.392916666666,24
2011-07-24,9535.45375,24
2011-07-25,10493.4125,24
2011-07-26,11165.995,24
2011-07-27,10854.206250000001,24
2011-07-28,11080.650416666665,24
2011-07-29,11181.772083333331,24
2011-07-30,9311.2,24
2011-07-31,9870.732083333334,24
2011-08-01,10584.82,24
2011-08-02,10529.465,24
2011-08-03,10391.930416666668,24
2011-08-04,10321.537916666666,24
2011-08-05,10242.699166666667,24
2011-08-06,9995.592916666666,24
2011-08-07,9660.9375,24
2011-08-08,10467.327083333334,24
2011-08-09,10799.15,24
2011-08-10,10863.412916666666,24
2011-08-11,10898.862916666667,24
2011-08-12,10999.390833333333,24
2011-08-13,10872.742916666666,24
2011-08-14,10263.645,24
2011-08-15,10767.271666666666,24
2011-08-16,11589.027083333334,24
2011-08-17,11598.96375,24
2011-08-18,11332.364166666666,24
2011-08-19,10081.003333333332,24
2011-08-20,10601.695,24
2011-08-21,9547.505833333333,24
2011-08-22,10393.624583333332,24
2011-08-23,10557.79625,24
2011-08-24,10604.195416666667,24
2011-08-25,10724.838333333333,24
2011-08-26,10910.302083333334,24
2011-08-27,10635.16625,24
2011-08-28,8629.066666666668,24
2011-08-29,10347.629583333333,24
2011-08-30,11039.740416666667,24
2011-08-31,10785.774166666666,24
2011-09-01,10990.352083333333,24
2011-09-02,10088.1875,24
2011-09-03,8442.93625,24
2011-09-04,9176.805,24
2011-09-05,10631.632916666667,24
2011-09-06,10747.630416666667,24
2011-09-07,9485.874166666666,24
2011-09-08,10649.620416666667,24
2011-09-09,10685.105,24
2011-09-10,9071.985833333334,24
2011-09-11,8832.792916666667,24
2011-09-12,9720.299166666666,24
2011-09-13,10725.42375,24
2011-09-14,10828.7975,24
2011-09-15,10921.62375,24
2011-09-16,9957.70125,24
2011-09-17,9615.923333333334,24
2011-09-18,9077.321249999999,24
2011-09-19,10685.477499999999,24
2011-09-20,10804.814166666667,24
2011-09-21,9592.637499999999,24
2011-09-22,9856.097083333332,24
2011-09-23,9950.493333333334,24
2011-09-24,9678.59,24
2011-09-25,9311.3675,24
2011-09-26,9682.424583333333,24
2011-09-27,9936.406666666668,24
2011-09-28,10143.994166666665,24
2011-09-29,10644.727916666667,24
2011-09-30,10140.120416666667,24
2011-10-01,9730.008333333333,24
2011-10-02,9754.182916666667,24
2011-10-03,9855.678750000001,24
2011-10-04,10605.465833333334,24
2011-10-05,10413.902916666668,24
2011-10-06,10364.740416666667,24
2011-10-07,11348.256666666666,24
2011-10-08,11486.662916666666,24
2011-10-09,10715.184583333334,24
2011-10-10,11563.057083333333,24
2011-10-11,11772.882916666667,24
2011-10-12,11230.462083333334,24
2011-10-13,11076.45875,24
2011-10-14,11684.364583333334,24
2011-10-15,9506.599583333335,24
2011-10-16,8918.436521739131,23
2011-10-17,9875.370833333332,24
2011-10-18,10002.16875,24
2011-10-19,9695.949166666667,24
2011-10-20,9357.569583333332,24
2011-10-21,9986.447083333334,24
2011-10-22,9247.025833333333,24
2011-10-23,9325.299583333333,24
2011-10-24,10005.694166666666,24
2011-10-25,10045.206666666667,24
2011-10-26,10097.292083333334,24
2011-10-27,10235.845,24
2011-10-28,11121.745416666667,24
2011-10-29,9876.595416666667,24
2011-10-30,8076.154583333333,24
2011-10-31,8825.090833333334,24
2011-11-01,9127.038333333334,24
2011-11-02,8554.294583333334,24
2011-11-03,8971.504583333333,24
2011-11-04,9529.561666666666,24
2011-11-05,9349.623333333333,24
2011-11-06,9000.125,24
2011-11-07,10190.769166666667,24
2011-11-08,10345.081250000001,24
2011-11-09,10371.844166666668,24
2011-11-10,10380.14625,24
2011-11-11,10257.054583333333,24
2011-11-12,9635.5925,24
2011-11-13,9141.342916666666,24
2011-11-14,9435.42625,24
2011-11-15,9818.849583333335,24
2011-11-16,11451.563333333334,24
2011-11-17,11750.59625,24
2011-11-18,11926.329583333332,24
2011-11-19,11191.179583333333,24
2011-11-20,10093.245833333332,24
2011-11-21,11633.1425,24
2011-11-22,11837.682083333333,24
2011-11-23,11839.58,24
2011-11-24,11796.2725,24
2011-11-25,11660.256666666666,24
2011-11-26,9555.018333333333,24
2011-11-27,9314.694583333332,24
2011-11-28,9913.017916666666,24
2011-11-29,9818.32625,24
2011-11-30,9677.694583333332,24
2011-12-01,9407.980416666667,24
2011-12-02,11439.498333333335,24
2011-12-03,9669.102499999999,24
2011-12-04,8896.142916666666,24
2011-12-05,10511.522916666667,24
2011-12-06,10278.035,24
2011-12-07,10688.244583333333,24
2011-12-08,10686.57375,24
2011-12-09,10310.104583333334,24
2011-12-10,9706.12125,24
2011-12-11,9215.227499999999,24
2011-12-12,10376.552083333334,24
2011-12-13,10420.2875,24
2011-12-14,10328.0425,24
2011-12-15,10415.280416666666,24
2011-12-16,11264.746249999998,24
2011-12-17,10046.550416666667,24
2011-12-18,9992.160416666668,24
2011-12-19,11409.929166666667,24
2011-12-20,12055.283333333333,24
2011-12-21,12117.579166666668,24
2011-12-22,11850.862916666667,24
2011-12-23,11850.888333333334,24
2011-12-24,10529.482083333334,24
2011-12-25,9720.432083333333,24
2011-12-26,10455.875833333334,24
2011-12-27,12069.025,24
2011-12-28,11714.916666666666,24
2011-12-29,11968.465416666666,24
2011-12-30,11780.986666666666,24
2011-12-31,11350.987500000001,24
2012-01-01,9823.467916666666,24
2012-01-02,11397.945416666667,24
2012-01-03,11677.410416666666,24
2012-01-04,11713.238749999999,24
2012-01-05,11211.781666666668,24
2012-01-06,11450.856666666667,24
2012-01-07,11036.49125,24
2012-01-08,10407.659166666666,24
2012-01-09,11403.970416666665,24
2012-01-10,11456.529166666667,24
2012-01-11,11510.721666666666,24
2012-01-12,11548.949999999999,24
2012-01-13,11493.842916666666,24
2012-01-14,11417.390416666667,24
2012-01-15,10203.500833333334,24
2012-01-16,11423.0175,24
2012-01-17,11435.747083333334,24
2012-01-18,11376.71875,24
2012-01-19,11589.03625,24
2012-01-20,11519.074583333333,24
2012-01-21,11388.36125,24
2012-01-22,11106.2425,24
2012-01-23,11508.492916666668,24
2012-01-24,11771.936666666666,24
2012-01-25,11688.780416666666,24
2012-01-26,11867.184583333334,24
2012-01-27,11482.182916666667,24
2012-01-28,11103.514166666668,24
2012-01-29,9941.22,24
2012-01-30,11302.399166666668,24
2012-01-31,11648.195416666667,24
2012-02-01,11395.795,24
2012-02-02,11646.604583333334,24
2012-02-03,12116.754583333333,24
2012-02-04,11699.9325,24
2012-02-05,11211.35125,24
2012-02-06,11874.862500000001,24
2012-02-07,12166.971666666666,24
2012-02-08,12214.569166666668,24
2012-02-09,12036.081666666667,24
2012-02-10,12031.115833333331,24
2012-02-11,11864.655833333332,24
2012-02-12,11060.6425,24
2012-02-13,12122.472500000002,24
2012-02-14,12267.631666666666,24
2012-02-15,12195.004166666666,24
2012-02-16,12144.268333333333,24
2012-02-17,12144.469583333334,24
2012-02-18,9464.387083333333,24
2012-02-19,8679.71625,24
2012-02-20,8781.829166666666,24
2012-02-21,9127.319166666666,24
2012-02-22,9712.073333333334,24
2012-02-23,11035.729583333334,24
2012-02-24,11595.115833333335,24
2012-02-25,10304.157916666667,24
2012-02-26,10749.31875,24
2012-02-27,12030.466666666667,24
2012-02-28,11732.745833333334,24
2012-02-29,11672.561249999999,24
2012-03-01,10821.617083333333,24
2012-03-02,11663.749166666666,24
2012-03-03,11726.969583333334,24
2012-03-04,10935.147083333331,24
2012-03-05,11791.624583333332,24
2012-03-06,11912.19,24
2012-03-07,11999.674583333333,24
2012-03-08,11577.542083333334,24
2012-03-09,11675.005833333335,24
2012-03-10,10887.082916666666,24
2012-03-11,10806.754583333333,24
2012-03-12,11535.963333333333,24
2012-03-13,10746.437916666668,24
2012-03-14,10911.279166666667,24
2012-03-15,10736.673333333334,24
2012-03-16,10712.502083333333,24
2012-03-17,9882.174166666666,24
2012-03-18,9607.8675,24
2012-03-19,10713.227083333333,24
2012-03-20,11403.677916666667,24
2012-03-21,11351.157500000001,24
2012-03-22,11379.878333333334,24
2012-03-23,11143.93,24
2012-03-24,10629.244166666667,24
2012-03-25,10387.085833333333,24
2012-03-26,11275.229583333334,24
2012-03-27,11246.995416666667,24
2012-03-28,11385.305833333332,24
2012-03-29,11626.127916666666,24
2012-03-30,11395.7125,24
2012-03-31,11120.783333333333,24
2012-04-01,11146.01625,24
2012-04-02,12133.405833333332,24
2012-04-03,12066.637499999999,24
2012-04-04,12175.545416666668,24
2012-04-05,10819.814166666667,24
2012-04-06,10531.220833333333,24
2012-04-07,10246.157083333334,24
2012-04-08,10287.76625,24
2012-04-09,11013.640833333333,24
2012-04-10,11105.789583333333,24
2012-04-11,11757.178333333331,24
2012-04-12,11727.052083333334,24
2012-04-13,11841.514166666668,24
2012-04-14,11110.46375,24
2012-04-15,10786.393333333333,24
2012-04-16,11530.307083333333,24
2012-04-17,11679.229583333334,24
2012-04-18,11407.725833333332,24
2012-04-19,11314.5625,24
2012-04-20,11165.980416666667,24
2012-04-21,10518.431666666665,24
2012-04-22,10239.310833333333,24
2012-04-23,10926.836666666668,24
2012-04-24,11502.863333333333,24
2012-04-25,11133.018750000001,24
2012-04-26,11329.534583333334,24
2012-04-27,11850.705,24
2012-04-28,12121.050000000001,24
2012-04-29,11599.1275,24
2012-04-30,11604.682083333333,24
2012-05-01,11706.157916666665,24
2012-05-02,12040.885833333334,24
2012-05-03,12768.025416666665,24
2012-05-04,12682.3275,24
2012-05-05,12320.774166666668,24
2012-05-06,11628.342916666666,24
2012-05-07,10854.3275,24
2012-05-08,11490.562916666668,24
2012-05-09,11421.922916666668,24
2012-05-10,11737.503333333334,24
2012-05-11,11955.273333333333,24
2012-05-12,11331.394166666667,24
2012-05-13,10727.458333333334,24
2012-05-14,11767.58875,24
2012-05-15,11186.267916666666,24
2012-05-16,11620.264583333332,24
2012-05-17,11844.380416666667,24
2012-05-18,11420.98625,24
2012-05-19,11451.324999999999,24
2012-05-20,10912.539166666667,24
2012-05-21,11461.355833333333,24
2012-05-22,11538.465833333334,24
2012-05-23,11494.084583333335,24
2012-05-24,11441.262916666667,24
2012-05-25,11197.960416666667,24
2012-05-26,10711.739166666666,24
2012-05-27,10581.697916666666,24
2012-05-28,11232.29,24
2012-05-29,11854.703333333333,24
2012-05-30,11804.179166666667,24
2012-05-31,11941.422916666668,24
2012-06-01,12229.182916666667,24
2012-06-02,11701.936249999999,24
2012-06-03,11456.147083333335,24
2012-06-04,11990.361666666666,24
2012-06-05,12739.4275,24
2012-06-06,12693.598333333333,24
2012-06-07,12105.997916666667,24
2012-06-08,11976.369583333333,24
2012-06-09,11783.337916666665,24
2012-06-10,11306.471666666666,24
2012-06-11,11423.63,24
2012-06-12,11321.53375,24
2012-06-13,11937.705416666666,24
2012-06-14,12290.32125,24
2012-06-15,12281.851666666667,24
2012-06-16,12434.857083333334,24
2012-06-17,10765.414583333333,24
2012-06-18,11733.54,24
2012-06-19,11839.907916666665,24
2012-06-20,11725.329166666668,24
2012-06-21,11641.674166666666,24
2012-06-22,11681.094166666668,24
2012-06-23,11598.125833333334,24
2012-06-24,10438.502083333333,24
2012-06-25,11396.917916666667,24
2012-06-26,11467.324999999999,24
2012-06-27,11542.040416666669,24
2012-06-28,11915.16125,24
2012-06-29,11975.827083333332,24
2012-06-30,10942.139583333332,24
2012-07-01,10998.8775,24
2012-07-02,12153.27625,24
2012-07-03,12552.6325,24
2012-07-04,12105.3975,24
2012-07-05,12209.245416666667,24
2012-07-06,12688.931666666665,24
2012-07-07,12539.441250000002,24
2012-07-08,11242.630416666667,24
2012-07-09,12496.742083333333,24
2012-07-10,12365.878333333334,24
2012-07-11,12104.573750000001,24
2012-07-12,12402.751666666665,24
2012-07-13,12790.904999999999,24
2012-07-14,12525.965416666666,24
2012-07-15,10459.612083333333,24
2012-07-16,12700.17375,24
2012-07-17,12720.445416666667,24
2012-07-18,12303.156666666668,24
2012-07-19,12570.519999999999,24
2012-07-20,12547.362083333333,24
2012-07-21,12426.009166666665,24
2012-07-22,12306.97375,24
2012-07-23,12632.9325,24
2012-07-24,12610.505416666667,24
2012-07-25,12213.5625,24
2012-07-26,11822.42,24
2012-07-27,12414.117083333333,24
2012-07-28,11691.034166666666,24
2012-07-29,10682.061666666666,24
2012-07-30,11866.006666666666,24
2012-07-31,11451.340833333334,24
2012-08-01,11477.715833333334,24
2012-08-02,11428.319583333332,24
2012-08-03,11305.274166666668,24
2012-08-04,10281.698333333334,24
2012-08-05,9426.589583333332,24
2012-08-06,10593.581250000001,24
2012-08-07,10654.835000000001,24
2012-08-08,10817.692083333333,24
2012-08-09,10925.237083333333,24
2012-08-10,11337.66125,24
2012-08-11,11347.734583333333,24
2012-08-12,10986.517083333332,24
2012-08-13,11482.152083333334,24
2012-08-14,11550.226666666667,24
2012-08-15,11419.103333333333,24
2012-08-16,11418.303333333335,24
2012-08-17,11270.58,24
2012-08-18,10886.010416666666,24
2012-08-19,10234.516666666666,24
2012-08-20,11230.996249999998,24
2012-08-21,11319.26375,24
2012-08-22,11444.813750000001,24
2012-08-23,11268.762083333333,24
2012-08-24,11046.194166666666,24
2012-08-25,10661.959166666666,24
2012-08-26,10161.4825,24
2012-08-27,10899.113333333333,24
2012-08-28,10721.438333333334,24
2012-08-29,10241.508333333333,24
2012-08-30,9953.356249999999,24
2012-08-31,9922.863333333333,24
2012-09-01,9356.0625,24
2012-09-02,9350.1275,24
2012-09-03,10669.954166666666,24
2012-09-04,11041.862083333333,24
2012-09-05,11488.839583333334,24
2012-09-06,11394.583333333334,24
2012-09-07,10798.14875,24
2012-09-08,10996.206250000001,24
2012-09-09,10006.1575,24
2012-09-10,10585.121666666666,24
2012-09-11,9902.52,24
2012-09-12,10108.023333333333,24
2012-09-13,10142.48875,24
2012-09-14,10260.187916666668,24
2012-09-15,10114.964166666667,24
2012-09-16,9729.300833333333,24
2012-09-17,10377.115416666666,24
2012-09-18,10370.729166666666,24
2012-09-19,9415.28625,24
2012-09-20,9754.379166666668,24
2012-09-21,9680.150416666665,24
2012-09-22,9297.717083333333,24
2012-09-23,9340.597083333332,24
2012-09-24,10609.95875,24
2012-09-25,9943.375,24
2012-09-26,10828.164583333333,24
2012-09-27,10716.092916666666,24
2012-09-28,10449.860833333334,24
2012-09-29,9799.11,24
2012-09-30,9974.585000000001,24
2012-10-01,9932.620416666667,24
2012-10-02,11213.677916666667,24
2012-10-03,11671.808750000002,24
2012-10-04,10387.29125,24
2012-10-05,9253.405833333332,24
2012-10-06,8964.51375,24
2012-10-07,9001.058333333332,24
2012-10-08,10897.587916666667,24
2012-10-09,11667.874583333332,24
2012-10-10,11635.59875,24
2012-10-11,11434.729583333334,24
2012-10-12,10840.587083333334,24
2012-10-13,10880.045416666666,24
2012-10-14,10539.89125,24
2012-10-15,10974.016666666668,24
2012-10-16,10989.29875,24
2012-10-17,10739.924166666666,24
2012-10-18,9785.1225,24
2012-10-19,10277.688333333334,24
2012-10-20,9276.328333333333,24
2012-10-21,8974.18304347826,23
2012-10-22,10235.331666666667,24
2012-10-23,9069.602499999999,24
2012-10-24,10216.355416666667,24
2012-10-25,11132.77875,24
2012-10-26,11322.75875,24
2012-10-27,10713.3175,24
2012-10-28,9542.097083333332,24
2012-10-29,10686.735833333334,24
2012-10-30,11575.13875,24
2012-10-31,11486.832499999999,24
2012-11-01,11299.665833333333,24
2012-11-02,10748.029166666667,24
2012-11-03,10007.155833333332,24
2012-11-04,10054.428333333333,24
2012-11-05,10411.395833333334,24
2012-11-06,10669.709583333333,24
2012-11-07,10690.21625,24
2012-11-08,10360.20125,24
2012-11-09,10238.003333333334,24
2012-11-10,10409.925416666667,24
2012-11-11,9961.937083333332,24
2012-11-12,10516.177083333334,24
2012-11-13,10183.649583333334,24
2012-11-14,9806.502083333335,24
2012-11-15,9251.024583333334,24
2012-11-16,9834.302083333334,24
2012-11-17,9372.895,24
2012-11-18,9114.335000000001,24
2012-11-19,9543.66375,24
2012-11-20,10547.7475,24
2012-11-21,11173.615833333335,24
2012-11-22,11748.2725,24
2012-11-23,11290.228333333333,24
2012-11-24,10706.177916666666,24
2012-11-25,10147.537916666666,24
2012-11-26,11107.075833333334,24
2012-11-27,10546.365833333333,24
2012-11-28,10744.047916666666,24
2012-11-29,10395.979166666666,24
2012-11-30,10634.33875,24
2012-12-01,10547.260833333334,24
2012-12-02,9852.035416666668,24
2012-12-03,10793.592083333333,24
2012-12-04,10338.84875,24
2012-12-05,10787.0,24
2012-12-06,10183.4675,24
2012-12-07,10317.283333333333,24
2012-12-08,10057.112916666667,24
2012-12-09,9954.46125,24
2012-12-10,10470.510833333334,24
2012-12-11,10817.869583333333,24
2012-12-12,11243.003750000002,24
2012-12-13,10064.754166666668,24
2012-12-14,10083.301666666666,24
2012-12-15,10814.585833333333,24
2012-12-16,9988.126666666667,24
2012-12-17,11230.383333333333,24
2012-12-18,12208.772083333335,24
2012-12-19,12089.389166666668,24
2012-12-20,12143.502916666666,24
2012-12-21,10793.805,24
2012-12-22,9601.197916666666,24
2012-12-23,11068.78,24
2012-12-24,10693.766249999999,24
2012-12-25,10858.06125,24
2012-12-26,11558.201666666668,24
2012-12-27,11784.087916666665,24
2012-12-28,11564.372083333334,24
2012-12-29,10775.062916666668,24
2012-12-30,10403.524166666668,24
2012-12-31,10339.167083333334,24
2013-01-01,9732.715833333334,24
2013-01-02,9887.210000000001,24
2013-01-03,9948.972916666668,24
2013-01-04,10448.64125,24
2013-01-05,10255.409166666666,24
2013-01-06,10808.3375,24
2013-01-07,10874.540416666667,24
2013-01-08,11082.435416666667,24
2013-01-09,11253.200833333334,24
2013-01-10,12122.771666666667,24
2013-01-11,11987.659166666666,24
2013-01-12,12337.080416666666,24
2013-01-13,12242.15625,24
2013-01-14,12242.478333333333,24
2013-01-15,11075.206250000001,24
2013-01-16,11200.534166666666,24
2013-01-17,11115.542916666665,24
2013-01-18,10901.338333333333,24
2013-01-19,10816.24,24
2013-01-20,10529.39,24
2013-01-21,11160.589166666667,24
2013-01-22,11592.386666666667,24
2013-01-23,11418.311666666666,24
2013-01-24,11689.777916666666,24
2013-01-25,10837.583333333334,24
2013-01-26,10024.02125,24
2013-01-27,9918.660833333333,24
2013-01-28,10565.775416666667,24
2013-01-29,9875.97375,24
2013-01-30,9831.974583333333,24
2013-01-31,9344.636250000001,24
2013-02-01,9266.037916666666,24
2013-02-02,8882.946249999999,24
2013-02-03,8813.806666666665,24
2013-02-04,9175.918333333333,24
2013-02-05,10393.630833333333,24
2013-02-06,10443.52375,24
2013-02-07,10129.52,24
2013-02-08,10249.40625,24
2013-02-09,10110.470833333333,24
2013-02-10,10120.077916666667,24
2013-02-11,10392.07875,24
2013-02-12,11134.487500000001,24
2013-02-13,11568.869583333333,24
2013-02-14,11716.940833333334,24
2013-02-15,12488.294583333334,24
2013-02-16,12972.135,24
2013-02-17,12399.547083333333,24
2013-02-18,13268.17375,24
2013-02-19,13163.975416666666,24
2013-02-20,13297.58375,24
2013-02-21,12766.940833333334,24
2013-02-22,13033.085416666667,24
2013-02-23,13063.655416666666,24
2013-02-24,12631.844583333334,24
2013-02-25,13071.089999999998,24
2013-02-26,12667.08625,24
2013-02-27,12657.040416666665,24
2013-02-28,12755.254583333333,24
2013-03-01,12297.085416666667,24
2013-03-02,12019.617916666668,24
2013-03-03,11925.729166666666,24
2013-03-04,12731.589583333334,24
2013-03-05,12272.151666666667,24
2013-03-06,12311.425000000001,24
2013-03-07,12460.160416666666,24
2013-03-08,12514.46,24
2013-03-09,12027.715416666666,24
2013-03-10,11186.547916666668,24
2013-03-11,12397.394999999999,24
2013-03-12,12019.897083333335,24
2013-03-13,11891.875416666668,24
2013-03-14,11275.269583333333,24
2013-03-15,10914.15625,24
2013-03-16,11245.68,24
2013-03-17,10617.983333333334,24
2013-03-18,11725.092916666666,24
2013-03-19,12691.5575,24
2013-03-20,12163.01,24
2013-03-21,12406.616666666667,24
2013-03-22,11882.200833333334,24
2013-03-23,11283.3175,24
2013-03-24,10767.15375,24
2013-03-25,11935.455,24
2013-03-26,12410.76375,24
2013-03-27,12456.871666666666,24
2013-03-28,12356.090416666666,24
2013-03-29,10400.261666666667,24
2013-03-30,10793.22875,24
2013-03-31,10283.489583333334,24
2013-04-01,11825.292916666667,24
2013-04-02,12605.397916666667,24
2013-04-03,12463.621249999998,24
2013-04-04,11983.547916666668,24
2013-04-05,11838.096666666666,24
2013-04-06,11576.319166666668,24
2013-04-07,11338.251250000001,24
2013-04-08,12124.850833333332,24
2013-04-09,12554.24125,24
2013-04-10,12610.465416666666,24
2013-04-11,12796.719583333334,24
2013-04-12,12856.389166666668,24
2013-04-13,12349.500416666668,24
2013-04-14,10454.6775,24
2013-04-15,12186.007916666667,24
2013-04-16,12555.380833333335,24
2013-04-17,12860.730833333333,24
2013-04-18,12833.915833333333,24
2013-04-19,13110.962083333334,24
2013-04-20,12620.958333333334,24
2013-04-21,12088.938750000001,24
2013-04-22,12690.13875,24
2013-04-23,13120.668333333333,24
2013-04-24,12760.308749999998,24
2013-04-25,12159.029999999999,24
2013-04-26,11569.440416666666,24
2013-04-27,11069.862916666667,24
2013-04-28,11102.705,24
2013-04-29,11584.027916666666,24
2013-04-30,11053.948333333334,24
2013-05-01,10942.663333333332,24
2013-05-02,11799.793749999999,24
2013-05-03,11744.160000000002,24
2013-05-04,11551.538333333332,24
2013-05-05,10756.590416666668,24
2013-05-06,11255.298333333332,24
2013-05-07,10761.584583333333,24
2013-05-08,11014.6925,24
2013-05-09,10571.95125,24
2013-05-10,10234.062083333332,24
2013-05-11,9956.231249999999,24
2013-05-12,9470.4125,24
2013-05-13,10299.292083333334,24
2013-05-14,11029.914166666667,24
2013-05-15,11089.484166666667,24
2013-05-16,11060.33875,24
2013-05-17,10246.225833333332,24
2013-05-18,10443.647500000001,24
2013-05-19,10055.178333333333,24
2013-05-20,11062.14625,24
2013-05-21,11464.227916666665,24
2013-05-22,11397.685416666667,24
2013-05-23,11155.019583333333,24
2013-05-24,10690.0875,24
2013-05-25,10242.311666666666,24
2013-05-26,9987.015000000001,24
2013-05-27,10882.40375,24
2013-05-28,11745.08,24
2013-05-29,11294.326666666668,24
2013-05-30,11182.646666666667,24
2013-05-31,10656.435,24
2013-06-01,10130.99625,24
2013-06-02,10144.975833333334,24
2013-06-03,10909.285416666668,24
2013-06-04,12213.801249999999,24
2013-06-05,12548.15375,24
2013-06-06,12558.126250000001,24
2013-06-07,13218.49125,24
2013-06-08,13015.998749999999,24
2013-06-09,10758.158333333333,24
2013-06-10,12632.092499999999,24
2013-06-11,13010.860416666668,24
2013-06-12,12765.831250000001,24
2013-06-13,12023.363749999999,24
2013-06-14,10849.397500000001,24
2013-06-15,10460.4575,24
2013-06-16,9842.72625,24
2013-06-17,10895.413333333332,24
2013-06-18,12083.504583333333,24
2013-06-19,11149.002916666666,24
2013-06-20,11693.10125,24
2013-06-21,12506.9,24
2013-06-22,10854.945416666667,24
2013-06-23,10557.684583333334,24
2013-06-24,11179.658333333333,24
2013-06-25,10483.646666666666,24
2013-06-26,9814.279166666667,24
2013-06-27,10157.51625,24
2013-06-28,10716.050000000001,24
2013-06-29,10683.58,24
2013-06-30,8836.4425,24
2013-07-01,9713.008749999999,24
2013-07-02,9526.397083333333,24
2013-07-03,11080.529166666667,24
2013-07-04,11254.630833333335,24
2013-07-05,11651.939166666665,24
2013-07-06,12031.433749999998,24
2013-07-07,10228.60125,24
2013-07-08,11457.217083333335,24
2013-07-09,11978.471666666666,24
2013-07-10,12509.487083333333,24
2013-07-11,10750.725416666666,24
2013-07-12,12319.200833333334,24
2013-07-13,11741.724166666667,24
2013-07-14,10525.492916666668,24
2013-07-15,11878.704583333332,24
2013-07-16,12603.61125,24
2013-07-17,12854.33,24
2013-07-18,12831.511250000001,24
2013-07-19,12506.85875,24
2013-07-20,12219.984583333333,24
2013-07-21,11882.343333333332,24
2013-07-22,11333.005,24
2013-07-23,10212.028333333334,24
2013-07-24,10245.172083333333,24
2013-07-25,10119.478333333334,24
2013-07-26,10130.519166666667,24
2013-07-27,10214.368333333334,24
2013-07-28,9297.403333333334,24
2013-07-29,10404.866666666667,24
2013-07-30,12541.685416666667,24
2013-07-31,12408.261250000001,24
2013-08-01,12311.34375,24
2013-08-02,12536.675416666667,24
2013-08-03,11591.886250000001,24
2013-08-04,10565.820416666667,24
2013-08-05,11573.121666666666,24
2013-08-06,12256.870833333334,24
2013-08-07,11781.909166666666,24
2013-08-08,11698.802083333334,24
2013-08-09,11400.175416666667,24
2013-08-10,10481.197083333334,24
2013-08-11,8975.023333333333,24
2013-08-12,10750.22125,24
2013-08-13,11986.320833333333,24
2013-08-14,11893.106249999999,24
2013-08-15,11272.487916666667,24
2013-08-16,10889.505,24
2013-08-17,9788.865416666666,24
2013-08-18,9469.338333333333,24
2013-08-19,10259.7675,24
2013-08-20,10338.259583333334,24
2013-08-21,10365.644583333333,24
2013-08-22,10527.317083333333,24
2013-08-23,10352.024583333334,24
2013-08-24,9746.422083333333,24
2013-08-25,9237.129166666668,24
2013-08-26,10323.954166666666,24
2013-08-27,11113.114583333334,24
2013-08-28,11009.315416666666,24
2013-08-29,11076.808333333334,24
2013-08-30,10318.119583333333,24
2013-08-31,9627.685,24
2013-09-01,9079.890833333333,24
2013-09-02,10203.307916666667,24
2013-09-03,11352.393750000001,24
2013-09-04,11128.242916666668,24
2013-09-05,11109.5,24
2013-09-06,10270.418749999999,24
2013-09-07,9595.152083333332,24
2013-09-08,9320.084583333333,24
2013-09-09,10329.91125,24
2013-09-10,11118.669166666667,24
2013-09-11,11081.07,24
2013-09-12,11353.678333333335,24
2013-09-13,10694.93625,24
2013-09-14,9936.139583333334,24
2013-09-15,9701.491250000001,24
2013-09-16,10432.120833333332,24
2013-09-17,11064.674166666666,24
2013-09-18,10954.214166666667,24
2013-09-19,10490.372083333334,24
2013-09-20,10166.466666666667,24
2013-09-21,9971.68625,24
2013-09-22,9289.523333333333,24
2013-09-23,10196.17625,24
2013-09-24,10882.722083333332,24
2013-09-25,9997.18875,24
2013-09-26,9687.991666666667,24
2013-09-27,9930.005416666667,24
2013-09-28,9259.425833333333,24
2013-09-29,9174.237083333333,24
2013-09-30,9963.777083333332,24
2013-10-01,10734.994583333333,24
2013-10-02,10536.7375,24
2013-10-03,10346.73375,24
2013-10-04,10375.346666666666,24
2013-10-05,9963.728333333334,24
2013-10-06,9547.823333333334,24
2013-10-07,10214.451666666666,24
2013-10-08,10623.577500000001,24
2013-10-09,10900.000833333334,24
2013-10-10,11519.492916666668,24
2013-10-11,11514.237916666667,24
2013-10-12,11642.114583333334,24
2013-10-13,9917.135416666666,24
2013-10-14,11460.765833333333,24
2013-10-15,12215.300416666667,24
2013-10-16,13106.355000000001,24
2013-10-17,13073.065,24
2013-10-18,12279.344583333334,24
2013-10-19,11053.044166666667,24
2013-10-20,10201.051739130435,23
2013-10-21,10920.38125,24
2013-10-22,11926.088333333333,24
2013-10-23,12273.215833333334,24
2013-10-24,11888.595000000001,24
2013-10-25,11790.949999999999,24
2013-10-26,10762.35875,24
2013-10-27,9157.492083333333,24
2013-10-28,10868.520416666666,24
2013-10-29,11021.500416666668,24
2013-10-30,11252.124583333332,24
2013-10-31,11227.377916666666,24
2013-11-01,11207.520833333334,24
2013-11-02,10530.5325,24
2013-11-03,10100.75375,24
2013-11-04,11154.630833333335,24
2013-11-05,11886.094166666668,24
2013-11-06,11326.811249999999,24
2013-11-07,11217.178333333335,24
2013-11-08,11098.97125,24
2013-11-09,10755.893750000001,24
2013-11-10,10664.530833333332,24
2013-11-11,11807.172083333333,24
2013-11-12,11683.467083333335,24
2013-11-13,11559.5775,24
2013-11-14,11464.222500000002,24
2013-11-15,10975.709583333335,24
2013-11-16,10152.5875,24
2013-11-17,10477.132083333332,24
2013-11-18,11697.517083333334,24
2013-11-19,11937.890416666667,24
2013-11-20,11533.175000000001,24
2013-11-21,11538.578333333333,24
2013-11-22,11493.154583333335,24
2013-11-23,10963.935,24
2013-11-24,10683.1425,24
2013-11-25,11340.232916666668,24
2013-11-26,10636.252083333333,24
2013-11-27,10715.36875,24
2013-11-28,10679.4275,24
2013-11-29,10489.040416666667,24
2013-11-30,9890.777083333332,24
2013-12-02,10656.877083333333,24
2013-12-03,11955.065833333334,24
2013-12-04,12127.237500000001,24
2013-12-05,12213.120416666667,24
2013-12-06,12123.015833333333,24
2013-12-07,11473.296666666667,24
2013-12-08,10837.231249999999,24
2013-12-09,11294.140833333333,24
2013-12-10,11372.135833333334,24
2013-12-11,10746.175416666667,24
2013-12-12,10023.375416666668,24
2013-12-13,10309.581666666667,24
2013-12-14,9771.271666666666,24
2013-12-15,10140.574999999999,24
2013-12-16,10978.096666666666,24
2013-12-17,10625.071666666667,24
2013-12-18,10598.22875,24
2013-12-19,10717.535416666668,24
2013-12-20,11501.91625,24
2013-12-21,12150.758333333333,24
2013-12-22,11060.086666666668,24
2013-12-23,12048.690416666666,24
2013-12-24,10725.867916666668,24
2013-12-25,10258.142916666666,24
2013-12-26,10779.689583333333,24
2013-12-27,10166.895416666666,24
2013-12-28,9388.345,24
2013-12-29,10314.150833333333,24
2013-12-30,11186.066250000002,24
2013-12-31,9811.422083333333,24
2014-01-01,9119.745,24
2014-01-02,10108.78,24
2014-01-03,9832.382083333334,24
2014-01-04,9055.964166666667,24
2014-01-05,9997.526666666667,24
2014-01-06,10790.185833333333,24
2014-01-07,11291.45125,24
2014-01-08,11101.288333333332,24
2014-01-09,11112.996666666666,24
2014-01-10,11442.210416666667,24
2014-01-11,10759.73875,24
2014-01-12,10345.6675,24
2014-01-13,11241.1275,24
2014-01-14,11003.237083333333,24
2014-01-15,10592.264583333334,24
2014-01-16,10957.410416666666,24
2014-01-17,11263.501250000001,24
2014-01-18,10767.91375,24
2014-01-19,10519.352083333333,24
2014-01-20,11115.216666666667,24
2014-01-21,11894.813333333334,24
2014-01-22,12013.397083333335,24
2014-01-23,12038.855416666667,24
2014-01-24,12007.710833333333,24
2014-01-25,10909.535,24
2014-01-26,10427.295833333334,24
2014-01-27,11776.7475,24
2014-01-28,12009.465416666666,24
2014-01-29,12476.305833333334,24
2014-01-30,12552.94,24
2014-01-31,12213.890833333333,24
2014-02-02,11360.584166666667,24
2014-02-03,12236.342916666666,24
2014-02-04,12092.761666666667,24
2014-02-05,12380.539583333333,24
2014-02-06,12740.325416666667,24
2014-02-07,12539.363749999999,24
2014-02-08,11362.729583333334,24
2014-02-09,10513.365416666666,24
2014-02-10,11712.220833333333,24
2014-02-11,11159.726666666667,24
2014-02-12,10896.63,24
2014-02-13,10839.282916666667,24
2014-02-14,10391.207916666666,24
2014-02-15,9386.2525,24
2014-02-16,9576.21875,24
2014-02-17,9907.300833333333,24
2014-02-18,10620.576666666666,24
2014-02-19,11181.594166666668,24
2014-02-20,10675.307083333333,24
2014-02-21,10924.654999999999,24
2014-02-22,10106.41625,24
2014-02-23,9905.6875,24
2014-02-24,11029.827916666667,24
2014-02-25,10549.015833333333,24
2014-02-26,10167.839166666667,24
2014-02-27,9659.650833333333,24
2014-02-28,10050.73,24
2014-03-01,9239.234166666667,24
2014-03-02,8883.928750000001,24
2014-03-03,9583.90125,24
2014-03-04,8792.1425,24
2014-03-05,9673.945833333333,24
2014-03-06,9911.496666666666,24
2014-03-07,9595.377083333333,24
2014-03-08,9303.32625,24
2014-03-09,8914.904166666667,24
2014-03-10,9956.717083333333,24
2014-03-11,10087.232916666666,24
2014-03-12,10177.758749999999,24
2014-03-13,10269.112500000001,24
2014-03-14,10304.525416666665,24
2014-03-15,9606.08,24
2014-03-16,9189.039999999999,24
2014-03-17,10226.724583333335,24
2014-03-18,10760.48625,24
2014-03-19,10853.239583333334,24
2014-03-20,10584.309166666666,24
2014-03-21,10393.48375,24
2014-03-22,9782.125,24
2014-03-23,9370.733750000001,24
2014-03-24,10023.249583333332,24
2014-03-25,10467.25375,24
2014-03-26,10971.792083333334,24
2014-03-27,11075.175416666667,24
2014-03-28,11121.125,24
2014-03-29,10964.505833333335,24
2014-03-30,10577.33625,24
2014-03-31,11578.568333333335,24
2014-04-01,11260.790416666665,24
2014-04-02,11072.92125,24
2014-04-03,11134.543333333333,24
2014-04-04,10925.595416666665,24
2014-04-05,10478.360416666666,24
2014-04-06,9866.109583333333,24
2014-04-07,11402.399583333334,24
2014-04-08,11932.44625,24
2014-04-09,11393.295416666666,24
2014-04-10,10884.647916666667,24
2014-04-11,10683.751666666667,24
2014-04-12,9873.59,24
2014-04-13,9267.08,24
2014-04-14,10194.758333333333,24
2014-04-15,10091.493333333334,24
2014-04-16,10452.989583333334,24
2014-04-17,10909.363333333333,24
2014-04-18,9894.43625,24
2014-04-19,9542.004583333333,24
2014-04-20,8956.41,24
2014-04-21,9830.83625,24
2014-04-22,10228.946666666667,24
2014-04-23,10336.3225,24
2014-04-24,10314.797083333333,24
2014-04-25,10276.72,24
2014-04-26,10746.373333333333,24
2014-04-27,10112.438333333334,24
2014-04-28,10875.647916666667,24
2014-04-29,11129.414166666667,24
2014-04-30,10366.252083333333,24
2014-05-01,9857.355833333333,24
2014-05-02,10418.907083333334,24
2014-05-03,9774.80875,24
2014-05-04,9533.85875,24
2014-05-05,10589.526666666667,24
2014-05-06,10919.620416666667,24
2014-05-07,10939.893970551673,24
2014-05-08,10849.304980417886,24
2014-05-09,9713.86554194698,24
2014-05-10,8507.215919336388,24
2014-05-11,7858.564917133473,24
2014-05-12,8275.81708407932,24
2014-05-13,9390.451526314066,24
2014-05-14,9319.911817073118,24
2014-05-15,9903.500439713089,24
2014-05-16,10161.065609334313,24
2014-05-17,9547.24875,24
2014-05-18,9316.466172004977,24
2014-05-19,10244.642066712564,24
2014-05-20,9904.4462977035,24
2014-05-21,10158.903508792442,24
2014-05-22,9796.858752051463,24
2014-05-23,10414.047169681127,24
2014-05-24,9542.97330958049,24
2014-05-25,9102.087969727696,24
2014-05-26,10059.212545403372,24
2014-05-27,10824.404401832866,24
2014-05-28,10860.463169114859,24
2014-05-29,10875.214418521464,24
2014-05-30,10377.155683401606,24
2014-05-31,9916.067872879592,24
2014-06-01,9685.7538240899,24
2014-06-02,10764.641497554068,24
2014-06-03,10438.998829554805,24
2014-06-04,10621.632389515062,24
2014-06-05,10542.000850163211,24
2014-06-06,9169.161060904044,24
2014-06-07,8032.131986400463,24
2014-06-08,6277.763208753798,24
2014-06-09,8220.818102886058,24
2014-06-10,8288.498674316406,24
2014-06-11,8423.791836480035,24
2014-06-12,8942.264949651648,24
2014-06-13,10103.98198563752,24
2014-06-14,9389.813206510189,24
2014-06-15,8090.993903622098,24
2014-06-16,10660.61201379847,24
2014-06-17,10477.449798143172,24
2014-06-18,10776.390291666667,24
2014-06-19,10752.836,24
2014-06-20,10573.728375,24
2014-06-21,9400.457666666667,24
2014-06-22,8484.303208333333,24
2014-06-23,10063.227,24
2014-06-24,10635.435666666666,24
2014-06-25,10677.765333333333,24
2014-06-26,10677.046875,24
2014-06-27,10685.099125,24
2014-06-28,9350.581291666667,24
2014-06-29,8909.51775,24
2014-06-30,10581.092541666667,24
2014-07-01,10725.756791666667,24
2014-07-02,10525.794875,24
2014-07-03,10473.073083333335,24
2014-07-04,9732.643666666667,24
2014-07-05,9412.938,24
2014-07-06,8398.761458333332,24
2014-07-07,9800.232708333333,24
2014-07-08,9981.027583333334,24
2014-07-09,9616.1355,24
2014-07-10,10212.551458333333,24
2014-07-11,9810.690041666667,24
2014-07-12,9079.196625,24
2014-07-13,8446.249458333334,24
2014-07-14,9240.018208333333,24
2014-07-15,9952.100083333333,24
2014-07-16,10884.035125,24
2014-07-17,10218.753541666667,24
2014-07-18,10179.79175,24
2014-07-19,9099.386625000001,24
2014-07-20,8230.292208333334,24
2014-07-21,9556.112666666666,24
2014-07-22,9993.57475,24
2014-07-23,10370.008791666667,24
2014-07-24,10291.906541666667,24
2014-07-25,10566.589625,24
2014-07-26,9377.164375,24
2014-07-27,9047.435208333334,24
2014-07-28,10349.006374999999,24
2014-07-29,10401.850375,24
2014-07-30,10383.226,24
2014-07-31,10504.670166666667,24
2014-08-01,10746.857458333334,24
2014-08-02,9848.497583333334,24
2014-08-03,9702.559833333333,24
2014-08-04,10616.036875,24
2014-08-05,10637.274458333333,24
2014-08-06,10625.578958333334,24
2014-08-07,10751.035541666666,24
2014-08-08,10679.846833333333,24
2014-08-09,9648.949666666667,24
2014-08-10,8959.9805,24
2014-08-11,10428.793958333334,24
2014-08-12,10623.031666666668,24
2014-08-13,10403.910375000001,24
2014-08-14,9989.668666666666,24
2014-08-15,9765.01125,24
2014-08-16,8985.937375,24
2014-08-17,8476.197041666666,24
2014-08-18,9256.26575,24
2014-08-19,9246.5555,24
2014-08-20,9258.503375,24
2014-08-21,9292.062958333334,24
2014-08-22,9354.677,24
2014-08-23,9155.488666666666,24
2014-08-24,8661.670416666666,24
2014-08-25,9370.412875,24
2014-08-26,9170.488583333334,24
2014-08-27,9512.461708333334,24
2014-08-28,8580.6995,24
2014-08-29,8437.9495,24
2014-08-30,7575.14075,24
2014-08-31,7420.263333333333,24
2014-09-01,8630.542916666667,24
2014-09-02,9253.041958333333,24
2014-09-03,8849.47125,24
2014-09-04,8899.504208333334,24
2014-09-05,8804.035750000001,24
2014-09-06,7873.863625000001,24
2014-09-07,7481.044583333333,24
2014-09-08,8508.826125,24
2014-09-09,9007.373208333333,24
2014-09-10,9040.510791666666,24
2014-09-11,9251.6075,24
2014-09-12,8753.968375,24
2014-09-13,8176.2955,24
2014-09-14,7557.09,24
2014-09-15,8236.4465,24
2014-09-16,8224.815833333334,24
2014-09-17,8475.270666666667,24
2014-09-18,8778.818791666667,24
2014-09-19,8787.993083333333,24
2014-09-20,8081.9765,24
2014-09-21,7465.366583333333,24
2014-09-22,8745.313708333333,24
2014-09-23,9657.288999999999,24
2014-09-24,9109.940833333332,24
2014-09-25,9807.968166666667,24
2014-09-26,9415.552791666667,24
2014-09-27,8463.836708333334,24
2014-09-28,8310.47975,24
2014-09-29,9615.81025,24
2014-09-30,10324.325291666666,24
2014-10-01,10127.990333333333,24
2014-10-02,10520.019083333333,24
2014-10-03,11391.328,24
2014-10-04,9487.5545,24
2014-10-05,8687.735625,24
2014-10-06,10458.879458333333,24
2014-10-07,10883.989958333334,24
2014-10-08,10850.93,24
2014-10-09,11433.940041666667,24
2014-10-10,11292.097291666667,24
2014-10-11,10347.156375,24
2014-10-12,10093.141083333334,24
2014-10-13,11069.830125,24
2014-10-14,12046.005458333333,24
2014-10-15,11875.026916666668,24
2014-10-16,11918.201291666666,24
2014-10-17,11355.474875,24
2014-10-18,10204.000541666666,24
2014-10-19,9858.015739130435,23
2014-10-20,10028.202374999999,24
2014-10-21,10209.066166666666,24
2014-10-22,10061.749208333333,24
2014-10-23,9776.941125,24
2014-10-24,9968.949458333334,24
2014-10-25,9173.869416666666,24
2014-10-26,9190.335833333333,24
2014-10-27,10436.849458333332,24
2014-10-28,10519.068458333333,24
2014-10-29,10570.702291666666,24
2014-10-30,9518.806625,24
2014-10-31,10058.114625,24
2014-11-01,8400.167166666666,24
2014-11-02,8062.958666666666,24
2014-11-03,9263.602208333334,24
2014-11-04,9642.527916666666,24
2014-11-05,9454.541,24
2014-11-06,10026.984416666666,24
2014-11-07,9550.578166666666,24
2014-11-08,8841.937666666667,24
2014-11-09,8006.362875,24
2014-11-10,9459.594166666668,24
2014-11-11,10246.301875,24
2014-11-12,10155.676708333334,24
2014-11-13,10838.492375,24
2014-11-14,9926.073708333333,24
2014-11-15,8672.423166666666,24
2014-11-16,8783.956541666666,24
2014-11-17,9840.395,24
2014-11-18,9626.80675,24
2014-11-19,9405.32925,24
2014-11-20,8950.815375,24
2014-11-21,9006.85825,24
2014-11-22,8038.004291666667,24
2014-11-23,8954.859999999999,24
2014-11-24,9454.0,24
2014-11-25,9256.319458333333,24
2014-11-26,9606.246166666666,24
2014-11-27,9455.95925,24
2014-11-28,9325.772375,24
2014-11-29,8450.524875000001,24
2014-11-30,8159.9387916666665,24
2014-12-01,9262.607541666666,24
2014-12-02,9875.118958333334,24
2014-12-03,9492.198166666667,24
2014-12-04,9533.692333333334,24
2014-12-05,9494.32275,24
2014-12-06,8908.573958333332,24
2014-12-07,8961.00275,24
2014-12-08,10046.20875,24
2014-12-09,10671.671625,24
2014-12-10,10360.710125,24
2014-12-11,10683.503625,24
2014-12-12,9809.02425,24
2014-12-13,8870.0355,24
2014-12-14,8331.409249999999,24
2014-12-15,9348.956875,24
2014-12-16,9539.235666666666,24
2014-12-17,8875.459041666667,24
2014-12-18,8989.040875,24
2014-12-19,9888.017958333334,24
2014-12-20,9805.621874999999,24
2014-12-21,9385.943416666667,24
2014-12-22,9835.266791666667,24
2014-12-23,9631.643833333334,24
2014-12-24,8709.279625000001,24
2014-12-25,8499.93175,24
2014-12-26,9835.319708333334,24
2014-12-27,9945.4075,24
2014-12-28,9449.407416666667,24
2014-12-29,9988.28875,24
2014-12-30,9419.822208333333,24
2014-12-31,8748.923666666667,24
2015-01-01,8682.234625,24
2015-01-02,8706.387875,24
2015-01-03,7748.238791666667,24
2015-01-04,7809.108583333334,24
2015-01-05,8836.25575,24
2015-01-06,9819.790958333333,24
2015-01-07,10430.767,24
2015-01-08,10746.199625,24
2015-01-09,10297.301166666666,24
2015-01-10,9874.512291666668,24
2015-01-11,9660.7595,24
2015-01-12,11096.919958333334,24
2015-01-13,11247.58825,24
2015-01-14,11438.340041666668,24
2015-01-15,10901.708375,24
2015-01-16,10785.698416666666,24
2015-01-17,10552.479375,24
2015-01-18,9870.242166666667,24
2015-01-19,10731.151,24
2015-01-20,11229.704749999999,24
2015-01-21,10730.383708333333,24
2015-01-22,10534.218666666666,24
2015-01-23,10678.069916666667,24
2015-01-24,9613.434666666666,24
2015-01-25,9556.361625,24
2015-01-26,10611.831208333333,24
2015-01-27,11089.213791666667,24
2015-01-28,11114.366333333333,24
2015-01-29,10549.087791666667,24
2015-01-30,10626.31125,24
2015-01-31,9303.138083333333,24
2015-02-01,9712.257458333333,24
2015-02-02,11227.694791666667,24
2015-02-03,10433.507375,24
2015-02-04,10476.443208333332,24
2015-02-05,10335.982541666666,24
2015-02-06,10058.37525,24
2015-02-07,8961.9065,24
2015-02-08,9309.739791666667,24
2015-02-09,10393.427583333332,24
2015-02-10,10378.933625,24
2015-02-11,10124.210958333333,24
2015-02-12,10332.71775,24
2015-02-13,10275.809791666667,24
2015-02-14,9287.466583333333,24
2015-02-15,8381.987916666667,24
2015-02-16,8859.777458333334,24
2015-02-17,8830.060708333333,24
2015-02-18,9430.113083333334,24
2015-02-19,9784.356083333334,24
2015-02-20,10134.818166666666,24
2015-02-21,9159.41775,24
2015-02-22,9681.566833333332,24
2015-02-23,11261.376250000001,24
2015-02-24,10880.083541666667,24
2015-02-25,11583.318916666665,24
2015-02-26,11590.706208333335,24
2015-02-27,11525.833791666666,24
2015-02-28,10106.282083333334,24
2015-03-01,9847.869208333334,24
2015-03-02,11140.610083333333,24
2015-03-03,11794.460958333335,24
2015-03-04,12124.597625,24
2015-03-05,11821.506916666667,24
2015-03-06,11564.852791666666,24
2015-03-07,10501.719083333333,24
2015-03-08,9751.253291666666,24
2015-03-09,11088.533833333333,24
2015-03-10,11524.569875000001,24
2015-03-11,11237.729833333333,24
2015-03-12,11143.196291666667,24
2015-03-13,11237.348791666665,24
2015-03-14,10549.488,24
2015-03-15,10467.926375000001,24
2015-03-16,12154.532375,24
2015-03-17,12422.158916666667,24
2015-03-18,11958.914958333335,24
2015-03-19,11895.382416666667,24
2015-03-20,11435.702041666666,24
2015-03-21,10212.075291666666,24
2015-03-22,9506.431791666668,24
2015-03-23,10652.116791666665,24
2015-03-24,9991.398374999999,24
2015-03-25,10613.742958333334,24
2015-03-26,10612.946083333334,24
2015-03-27,10499.792208333334,24
2015-03-28,9318.204166666666,24
2015-03-29,8965.552458333334,24
2015-03-30,10321.931333333332,24
2015-03-31,11022.896666666667,24
2015-04-01,10694.01975,24
2015-04-02,10307.987,24
2015-04-03,8835.289041666667,24
2015-04-04,8707.577125,24
2015-04-05,8288.387541666667,24
2015-04-06,9359.372208333332,24
2015-04-07,9749.541416666667,24
2015-04-08,9430.83775,24
2015-04-10,9499.780833333332,24
2015-04-11,8931.929416666668,24
2015-04-12,8753.662458333334,24
2015-04-13,9399.108,24
2015-04-14,9780.862833333333,24
2015-04-15,10403.126208333333,24
2015-04-16,10851.43125,24
2015-04-17,10500.207124999999,24
2015-04-18,9235.578208333334,24
2015-04-19,8318.6355,24
2015-04-20,9044.279041666667,24
2015-04-21,8492.18325,24
2015-04-22,9207.756125,24
2015-04-23,9450.235666666666,24
2015-04-24,9553.495333333334,24
2015-04-25,9336.401666666667,24
2015-04-26,9087.340125,24
2015-04-27,9548.216,24
2015-04-28,9354.961166666666,24
2015-04-29,9721.354125,24
2015-04-30,9017.215541666666,24
2015-05-01,8441.554416666668,24
2015-05-02,8273.6,24
2015-05-03,7534.665416666667,24
2015-05-04,8078.6035833333335,24
2015-05-05,8738.948708333333,24
2015-05-06,8947.164958333333,24
2015-05-07,9735.589333333333,24
2015-05-08,9198.429041666666,24
2015-05-09,8500.363791666667,24
2015-05-10,7726.413666666667,24
2015-05-11,9096.869625000001,24
2015-05-12,9509.056333333334,24
2015-05-13,9973.007583333334,24
2015-05-14,10867.369166666665,24
2015-05-15,9671.353416666667,24
2015-05-16,8827.620833333332,24
2015-05-17,8467.25325,24
2015-05-18,9172.297833333332,24
2015-05-19,10359.298875,24
2015-05-20,10708.76175,24
2015-05-21,10673.907666666668,24
2015-05-22,10168.505291666666,24
2015-05-23,9574.327833333333,24
2015-05-24,9156.888333333334,24
2015-05-25,10197.441291666668,24
2015-05-26,10064.778,24
2015-05-27,9995.442000000001,24
2015-05-28,10298.788,24
2015-05-29,9701.472958333334,24
2015-05-30,9254.199166666667,24
2015-05-31,8668.709499999999,24
2015-06-01,9249.98675,24
2015-06-02,9704.778291666667,24
2015-06-03,9870.775125,24
2015-06-04,9526.398541666667,24
2015-06-05,9999.006541666668,24
2015-06-06,10330.463833333333,24
2015-06-07,9379.376624999999,24
2015-06-08,10221.138583333333,24
2015-06-09,10623.250416666668,24
2015-06-10,10328.570375000001,24
2015-06-11,9674.957666666667,24
2015-06-12,8895.417208333334,24
2015-06-13,7879.167833333333,24
2015-06-14,7993.965375,24
2015-06-15,8956.380916666667,24
2015-06-16,9207.237708333332,24
2015-06-17,9901.115791666667,24
2015-06-18,9748.234833333334,24
2015-06-19,8952.418125,24
2015-06-20,8371.307083333333,24
2015-06-21,7976.484083333333,24
2015-06-22,9053.221749999999,24
2015-06-23,8991.365541666668,24
2015-06-24,9690.744083333333,24
2015-06-25,9251.187958333334,24
2015-06-26,8741.604291666667,24
2015-06-27,7881.183541666666,24
2015-06-28,7948.859291666667,24
2015-06-29,8913.284,24
2015-06-30,9157.509291666667,24
2015-07-01,9652.720958333333,24
2015-07-02,9835.936125,24
2015-07-03,9719.406583333333,24
2015-07-04,9481.61175,24
2015-07-05,9750.194000000001,24
2015-07-06,10631.255583333334,24
2015-07-07,12303.634,24
2015-07-08,12648.906166666668,24
2015-07-09,12747.048875,24
2015-07-10,10811.011875,24
2015-07-11,11080.436958333334,24
2015-07-12,8558.718291666666,24
2015-07-13,10803.441333333334,24
2015-07-14,10909.673833333332,24
2015-07-15,11014.742458333334,24
2015-07-16,11085.968666666668,24
2015-07-17,10891.4905,24
2015-07-18,10323.446625,24
2015-07-19,8501.906916666667,24
2015-07-20,10691.741250000001,24
2015-07-21,11274.249000000002,24
2015-07-22,11273.204458333334,24
2015-07-23,11362.348833333332,24
2015-07-24,11436.598291666667,24
2015-07-25,10563.428375,24
2015-07-26,8724.888041666667,24
2015-07-27,10800.629833333334,24
2015-07-28,10996.313583333334,24
2015-07-29,11055.516375,24
2015-07-30,10963.011791666666,24
2015-07-31,10480.7185,24
2015-08-01,9686.827875,24
2015-08-02,8948.491791666665,24
2015-08-03,9947.138,24
2015-08-04,10398.65675,24
2015-08-05,10260.360999999999,24
2015-08-06,10380.58,24
2015-08-07,10894.512708333334,24
2015-08-08,9903.765708333334,24
2015-08-09,9255.587541666666,24
2015-08-10,10576.290625,24
2015-08-11,10713.148166666666,24
2015-08-12,10647.369833333332,24
2015-08-13,10525.512833333332,24
2015-08-14,9965.579333333333,24
2015-08-15,9493.908416666667,24
2015-08-16,9460.322833333334,24
2015-08-17,10372.396791666666,24
2015-08-18,10123.363,24
2015-08-19,10173.489791666667,24
2015-08-20,9767.518708333333,24
2015-08-21,9261.247000000001,24
2015-08-22,8354.883749999999,24
2015-08-23,8300.968458333335,24
2015-08-24,9217.993708333333,24
2015-08-25,9335.545125,24
2015-08-26,9404.476375,24
2015-08-27,9257.534625,24
2015-08-28,8993.056833333334,24
2015-08-29,8004.2891666666665,24
2015-08-30,7984.96275,24
2015-08-31,9196.923166666667,24
2015-09-01,9948.738374999999,24
2015-09-02,9552.811625,24
2015-09-03,10143.420958333334,24
2015-09-04,9347.187333333333,24
2015-09-05,8499.883833333333,24
2015-09-06,7673.314416666667,24
2015-09-07,7819.96525,24
2015-09-08,8614.0315,24
2015-09-09,8877.29025,24
2015-09-10,8959.795125,24
2015-09-11,8722.747416666667,24
2015-09-12,8389.010875,24
2015-09-13,8240.139416666667,24
2015-09-14,9196.510124999999,24
2015-09-15,9763.231875,24
2015-09-16,10905.873291666667,24
2015-09-17,11087.691041666667,24
2015-09-18,10373.63,24
2015-09-19,9245.565666666667,24
2015-09-20,8678.955916666668,24
2015-09-21,10047.012666666667,24
2015-09-22,10108.957166666667,24
2015-09-23,10317.394458333334,24
2015-09-24,10474.268125,24
2015-09-25,10641.335166666666,24
2015-09-26,9483.854958333333,24
2015-09-27,8419.32675,24
2015-09-28,9973.577666666666,24
2015-09-29,10017.446875,24
2015-09-30,10716.600958333334,24
2015-10-01,11125.695666666667,24
2015-10-02,10764.300083333334,24
2015-10-03,9796.428291666665,24
2015-10-04,9120.118958333334,24
2015-10-05,10445.489,24
2015-10-06,11622.626666666665,24
2015-10-07,11604.557833333332,24
2015-10-08,11237.433708333332,24
2015-10-09,10921.644375,24
2015-10-10,9693.495,24
2015-10-11,9164.29475,24
2015-10-12,9496.156833333333,24
2015-10-13,10716.696458333334,24
2015-10-14,11158.352291666668,24
2015-10-15,12324.844708333332,24
2015-10-16,12332.306208333333,24
2015-10-17,10668.52275,24
2015-10-18,9792.084869565217,23
2015-10-19,12206.660458333334,24
2015-10-20,12614.937666666667,24
2015-10-21,12728.5675,24
2015-10-22,11858.907708333334,24
2015-10-23,12024.992666666667,24
2015-10-24,10712.891708333333,24
2015-10-25,9751.473916666666,24
2015-10-26,11731.603000000001,24
2015-10-27,11432.210791666666,24
2015-10-28,12070.757958333334,24
2015-10-29,11588.54225,24
2015-10-30,11798.378041666665,24
2015-10-31,10844.741166666667,24
2015-11-01,9162.470458333333,24
2015-11-02,9674.597708333333,24
2015-11-03,11989.998291666665,24
2015-11-04,12279.584333333332,24
2015-11-05,11770.317541666665,24
2015-11-06,12121.14125,24
2015-11-07,11287.950833333334,24
2015-11-08,9347.489916666667,24
2015-11-09,12110.621708333332,24
2015-11-10,12330.872000000001,24
2015-11-11,12518.245125,24
2015-11-12,12573.759250000001,24
2015-11-13,12464.464916666666,24
2015-11-14,11298.287083333335,24
2015-11-15,9631.702041666666,24
2015-11-16,11989.401625,24
2015-11-17,11887.356291666665,24
2015-11-18,11344.544625,24
2015-11-19,11305.914166666667,24
2015-11-20,10905.208375,24
2015-11-21,10733.938333333334,24
2015-11-22,8840.296833333334,24
2015-11-23,10424.145833333334,24
2015-11-24,10799.931541666667,24
2015-11-25,10952.502791666666,24
2015-11-26,11008.8175,24
2015-11-27,10576.804166666667,24
2015-11-28,10199.868833333334,24
2015-11-29,8698.380374999999,24
2015-11-30,8769.325833333334,24
2015-12-01,10611.818291666666,24
2015-12-02,10854.249541666666,24
2015-12-03,10683.750625,24
2015-12-04,10457.063208333333,24
2015-12-05,9832.963666666667,24
2015-12-06,8735.829708333333,24
2015-12-07,10356.899791666667,24
2015-12-08,10553.437541666666,24
2015-12-09,11008.826458333335,24
2015-12-10,10778.1755,24
2015-12-11,10899.846583333334,24
2015-12-12,10118.642,24
2015-12-13,9134.380833333335,24
2015-12-14,11225.262958333333,24
2015-12-15,11145.870375,24
2015-12-16,10919.412166666667,24
2015-12-17,11201.124000000002,24
2015-12-18,11098.401291666667,24
2015-12-19,10451.448958333332,24
2015-12-20,9445.189208333333,24
2015-12-21,10526.652791666667,24
2015-12-22,11108.0285,24
2015-12-23,11301.583166666665,24
2015-12-24,10640.5155,24
2015-12-25,9110.48575,24
2015-12-26,10389.557125,24
2015-12-27,10264.179791666667,24
2015-12-28,11168.400458333335,24
2015-12-29,10333.32325,24
2015-12-30,9684.068416666667,24
2015-12-31,10370.410083333334,24
2016-01-01,9052.215083333334,24
2016-01-02,9443.076958333333,24
2016-01-03,9727.541666666666,24
2016-01-04,10426.669708333333,24
2016-01-05,10829.836166666666,24
2016-01-06,10882.546208333333,24
2016-01-07,11105.765875,24
2016-01-08,11104.417958333333,24
2016-01-09,9922.433958333333,24
2016-01-10,8882.379708333334,24
2016-01-11,11323.621791666666,24
2016-01-12,11807.411833333334,24
2016-01-13,11552.554875,24
2016-01-14,11479.720874999999,24
2016-01-15,11533.92675,24
2016-01-16,11434.197833333334,24
2016-01-17,10668.218208333334,24
2016-01-18,11698.547166666665,24
2016-01-19,11520.218666666668,24
2016-01-20,11637.324208333333,24
2016-01-21,11736.653666666667,24
2016-01-22,11659.659083333334,24
2016-01-23,12029.575125000001,24
2016-01-24,11632.497166666668,24
2016-01-25,12194.706083333333,24
2016-01-26,12528.7195,24
2016-01-27,13019.654125000001,24
2016-01-28,13139.142791666667,24
2016-01-29,12533.723458333334,24
2016-01-30,13271.362583333334,24
2016-01-31,11706.692875,24
2016-02-01,13002.55225,24
2016-02-02,12979.892458333334,24
2016-02-03,12285.135708333333,24
2016-02-04,12535.838416666666,24
2016-02-05,12599.833791666666,24
2016-02-06,10473.661708333333,24
2016-02-07,9627.7865,24
2016-02-08,10843.188708333333,24
2016-02-09,10964.162041666668,24
2016-02-10,12982.250583333334,24
2016-02-11,13372.651333333333,24
2016-02-12,13377.11825,24
2016-02-13,13255.458625,24
2016-02-14,11703.137458333333,24
2016-02-15,13655.873541666666,24
2016-02-16,13051.632333333333,24
2016-02-17,13187.460583333333,24
2016-02-18,13633.362291666666,24
2016-02-19,13194.252124999999,24
2016-02-20,13764.838291666667,24
2016-02-21,12019.071041666668,24
2016-02-22,13046.661,24
2016-02-23,12943.3535,24
2016-02-24,12939.554333333333,24
2016-02-25,12465.639416666667,24
2016-02-26,12424.9465,24
2016-02-27,12221.667166666666,24
2016-02-28,11289.544125,24
2016-02-29,11979.669208333333,24
2016-03-01,11415.92075,24
2016-03-02,11223.079124999998,24
2016-03-03,11562.349416666666,24
2016-03-04,11169.99575,24
2016-03-05,10150.644666666667,24
2016-03-06,9527.155583333333,24
2016-03-07,11544.536125,24
2016-03-08,11452.953,24
2016-03-09,11264.528541666667,24
2016-03-10,11254.503208333334,24
2016-03-11,11019.457833333334,24
2016-03-12,10929.313291666665,24
2016-03-13,10317.859625,24
2016-03-14,11548.391125,24
2016-03-15,11543.766416666665,24
2016-03-16,11854.451500000001,24
2016-03-17,11595.483041666666,24
2016-03-18,12581.758125,24
2016-03-19,11518.899041666666,24
2016-03-20,10134.717791666668,24
2016-03-21,13135.885708333333,24
2016-03-22,11977.243375,24
2016-03-23,11997.734083333335,24
2016-03-24,12056.649708333332,24
2016-03-25,9143.075208333334,24
2016-03-26,9282.660083333334,24
2016-03-27,9696.481625,24
2016-03-28,11078.711791666667,24
2016-03-29,11797.011666666667,24
2016-03-30,11966.985833333332,24
2016-03-31,11891.284416666667,24
2016-04-01,11994.263250000002,24
2016-04-02,12030.073875,24
2016-04-03,10838.252791666668,24
2016-04-04,12565.723791666665,24
2016-04-05,12731.920208333335,24
2016-04-06,12707.237916666667,24
2016-04-07,12649.735958333333,24
2016-04-08,12732.750083333332,24
2016-04-09,12866.993125,24
2016-04-10,10483.077875,24
2016-04-11,12783.1875,24
2016-04-12,12293.708208333332,24
2016-04-13,11967.080499999998,24
2016-04-14,12421.380666666666,24
2016-04-15,12475.554624999999,24
2016-04-16,12673.665416666665,24
2016-04-17,11481.145291666666,24
2016-04-18,12592.283374999999,24
2016-04-19,13032.291,24
2016-04-20,12991.42125,24
2016-04-21,11497.580375,24
2016-04-22,12553.31325,24
2016-04-23,11756.177833333333,24
2016-04-24,11286.413541666667,24
2016-04-25,11895.43825,24
2016-04-26,12072.769041666666,24
2016-04-27,11818.468125,24
2016-04-28,11597.797541666667,24
2016-04-29,11426.243416666666,24
2016-04-30,10915.438208333333,24
2016-05-01,10300.960083333333,24
2016-05-02,11749.339041666666,24
2016-05-03,11847.476375,24
2016-05-04,11775.467708333332,24
2016-05-05,12248.452666666666,24
2016-05-06,11210.6615,24
2016-05-07,10405.087416666667,24
2016-05-08,10822.659416666667,24
2016-05-09,11638.607708333335,24
2016-05-10,12168.030791666666,24
2016-05-11,12777.076500000001,24
2016-05-12,12513.762999999999,24
2016-05-13,10660.687291666667,24
2016-05-14,11093.069416666667,24
2016-05-15,10577.401666666667,24
2016-05-16,10486.841291666666,24
2016-05-17,10461.478708333334,24
2016-05-18,11914.868833333334,24
2016-05-19,12686.598624999999,24
2016-05-20,12866.309833333333,24
2016-05-21,11579.820541666666,24
2016-05-22,10472.507041666666,24
2016-05-23,12281.0175,24
2016-05-24,12508.746500000001,24
2016-05-25,12231.146541666667,24
2016-05-26,11377.012125000001,24
2016-05-27,12489.043625,24
2016-05-28,11572.306541666667,24
2016-05-29,8934.128208333334,24
2016-05-30,12424.889583333332,24
2016-05-31,12712.339041666666,24
2016-06-01,12235.018583333333,24
2016-06-02,12285.1955,24
2016-06-03,12120.132708333333,24
2016-06-04,11664.086125,24
2016-06-05,9598.448166666667,24
2016-06-06,11106.450166666667,24
2016-06-07,10940.202375,24
2016-06-08,11532.806333333334,24
2016-06-09,11473.014458333333,24
2016-06-10,11531.824958333333,24
2016-06-11,11295.105416666667,24
2016-06-12,9769.362208333334,24
2016-06-13,10577.95525,24
2016-06-14,11320.43275,24
2016-06-15,11310.091375000002,24
2016-06-16,11278.840916666668,24
2016-06-17,11425.787416666666,24
2016-06-18,12238.393208333333,24
2016-06-19,10554.002,24
2016-06-20,13560.987666666668,24
2016-06-21,13702.984666666665,24
2016-06-22,13452.672791666666,24
2016-06-23,13231.144875,24
2016-06-24,13046.108291666666,24
2016-06-25,12080.227541666667,24
2016-06-26,9976.677708333335,24
2016-06-27,12572.074208333333,24
2016-06-28,13078.072666666667,24
2016-06-29,13051.320666666667,24
2016-06-30,13159.353083333333,24
2016-07-01,13151.336333333333,24
2016-07-02,12670.9845,24
2016-07-03,10268.5635,24
2016-07-04,12375.359625,24
2016-07-05,12694.885,24
2016-07-06,12583.966458333334,24
2016-07-07,12522.891208333334,24
2016-07-08,12197.695166666666,24
2016-07-09,11366.431750000002,24
2016-07-10,10943.472291666667,24
2016-07-11,12232.771041666667,24
2016-07-12,12316.628166666667,24
2016-07-13,10937.329375000001,24
2016-07-14,10956.101208333333,24
2016-07-15,11150.003499999999,24
2016-07-16,11216.277625,24
2016-07-17,10833.535249999999,24
2016-07-18,11975.542083333334,24
2016-07-19,12132.283416666667,24
2016-07-20,12309.36025,24
2016-07-21,12356.45875,24
2016-07-22,11801.466583333333,24
2016-07-23,11309.50075,24
2016-07-24,10805.062291666667,24
2016-07-25,11930.943416666667,24
2016-07-26,12024.124916666668,24
2016-07-27,12197.104541666668,24
2016-07-28,12134.261708333333,24
2016-07-29,12201.209666666668,24
2016-07-30,11486.710416666667,24
2016-07-31,10686.890166666666,24
2016-08-01,12030.173041666667,24
2016-08-02,11717.747916666667,24
2016-08-03,11223.566416666667,24
2016-08-04,11171.571958333334,24
2016-08-05,10492.111416666667,24
2016-08-06,10928.643541666666,24
2016-08-07,10552.724208333333,24
2016-08-08,11298.659249999999,24
2016-08-09,11341.314124999999,24
2016-08-10,11263.979208333332,24
2016-08-11,11645.769666666667,24
2016-08-12,11511.520958333334,24
2016-08-13,11010.286999999998,24
2016-08-14,10517.632875000001,24
2016-08-15,11468.403333333334,24
2016-08-16,12115.394999999999,24
2016-08-17,12142.673083333333,24
2016-08-18,12178.346875000001,24
2016-08-19,11342.126666666665,24
2016-08-20,10400.752208333333,24
2016-08-21,9968.153958333334,24
2016-08-22,11563.421541666668,24
2016-08-23,12155.372791666667,24
2016-08-24,11839.706833333332,24
2016-08-25,11720.905541666667,24
2016-08-26,11959.81975,24
2016-08-27,11201.868625000001,24
2016-08-28,9801.11275,24
2016-08-29,11957.971333333333,24
2016-08-30,12270.606875,24
2016-08-31,12223.798833333334,24
2016-09-01,12001.457625000001,24
2016-09-02,12198.866499999998,24
2016-09-03,11789.143666666665,24
2016-09-04,10180.148333333333,24
2016-09-05,11505.525708333334,24
2016-09-06,11330.336833333333,24
2016-09-07,9824.146416666666,24
2016-09-08,11732.996416666667,24
2016-09-09,12084.017749999999,24
2016-09-10,11699.140458333333,24
2016-09-11,10570.666958333333,24
2016-09-12,12593.89625,24
2016-09-13,11994.705625,24
2016-09-14,12316.08575,24
2016-09-15,12213.515916666665,24
2016-09-16,11818.056583333333,24
2016-09-17,11376.344916666667,24
2016-09-18,10487.650791666667,24
2016-09-19,11230.139208333334,24
2016-09-20,12137.279791666668,24
2016-09-21,12276.233375000002,24
2016-09-22,12344.835791666666,24
2016-09-23,11574.978458333333,24
2016-09-24,10749.178625,24
2016-09-25,10137.146625,24
2016-09-26,11739.27375,24
2016-09-27,12033.036541666666,24
2016-09-28,11828.234166666667,24
2016-09-29,11978.422791666666,24
2016-09-30,11494.87,24
2016-10-01,10796.205375,24
2016-10-02,10022.083541666667,24
2016-10-03,11742.422541666667,24
2016-10-04,11752.251291666667,24
2016-10-05,11569.881541666668,24
2016-10-06,11550.450916666667,24
2016-10-07,11147.225041666667,24
2016-10-08,10512.149,24
2016-10-09,10238.994,24
2016-10-10,11428.807875,24
2016-10-11,10750.955041666666,24
2016-10-12,10794.162083333335,24
2016-10-13,10960.522083333335,24
2016-10-14,11784.225875000002,24
2016-10-15,10899.914583333333,24
2016-10-16,10318.612565217392,23
2016-10-17,11940.18,24
2016-10-18,12391.295,24
2016-10-19,12049.517999999998,24
2016-10-20,12150.447708333333,24
2016-10-21,11604.842958333335,24
2016-10-22,10671.210958333333,24
2016-10-23,10256.442833333333,24
2016-10-24,11432.077,24
2016-10-25,11897.9975,24
2016-10-26,12013.964291666665,24
2016-10-27,12042.133291666667,24
2016-10-28,12200.357750000001,24
2016-10-29,11865.024583333334,24
2016-10-30,10035.814,24
2016-10-31,12434.568,24
2016-11-01,12655.032833333333,24
2016-11-02,10863.35075,24
2016-11-03,12560.083833333332,24
2016-11-04,12591.752374999998,24
2016-11-05,11502.219458333333,24
2016-11-06,10198.211041666667,24
2016-11-07,12064.661291666665,24
2016-11-08,12503.876916666666,24
2016-11-09,12790.153166666665,24
2016-11-10,12939.350208333335,24
2016-11-11,11836.837666666666,24
2016-11-12,11069.621125,24
2016-11-13,10520.024458333333,24
2016-11-14,10876.669208333333,24
2016-11-15,11062.824208333333,24
2016-11-16,11960.546666666667,24
2016-11-17,11919.726,24
2016-11-18,11153.85125,24
2016-11-19,10117.947458333334,24
2016-11-20,10000.776541666666,24
2016-11-21,11029.876458333332,24
2016-11-22,11328.949375000002,24
2016-11-23,10985.361749999998,24
2016-11-24,11156.268250000001,24
2016-11-25,11129.6965,24
2016-11-26,10774.452333333333,24
2016-11-27,10313.599916666666,24
2016-11-28,11663.35125,24
2016-11-29,12027.260416666666,24
2016-11-30,12018.86,24
2016-12-01,11738.696583333332,24
2016-12-02,10859.066208333334,24
2016-12-03,10582.536875,24
2016-12-04,10709.675166666666,24
2016-12-05,11670.67575,24
2016-12-06,12092.236083333335,24
2016-12-07,11983.288166666667,24
2016-12-08,12264.551875,24
2016-12-09,11452.708,24
2016-12-10,11665.887666666667,24
2016-12-11,11462.538374999998,24
2016-12-12,12478.087916666665,24
2016-12-13,13115.844583333334,24
2016-12-14,12835.324125,24
2016-12-15,12954.356791666667,24
2016-12-16,12815.05225,24
2016-12-17,11844.489,24
2016-12-18,11658.297916666668,24
2016-12-19,13085.594208333334,24
2016-12-20,13581.539375,24
2016-12-21,12822.765666666666,24
2016-12-22,11956.961625000002,24
2016-12-23,11425.572958333332,24
2016-12-24,10872.193958333333,24
2016-12-25,10570.453,24
2016-12-26,11295.525166666666,24
2016-12-27,12266.735374999998,24
2016-12-28,11474.365333333333,24
2016-12-29,12211.027958333332,24
2016-12-30,11779.473166666668,24
2016-12-31,10724.150541666668,24
2017-01-01,10571.192125,24
2017-01-02,11344.321166666667,24
2017-01-03,11819.340624999999,24
2017-01-04,12758.669791666667,24
2017-01-05,11913.029875,24
2017-01-06,11460.993125,24
2017-01-07,12186.203500000001,24
2017-01-08,11950.176166666666,24
2017-01-09,13160.483625,24
2017-01-10,12698.665333333332,24
2017-01-11,12063.937833333332,24
2017-01-12,12096.705833333333,24
2017-01-13,11839.038,24
2017-01-14,11631.132375,24
2017-01-15,10939.310291666667,24
2017-01-16,11704.707541666668,24
2017-01-17,11472.075791666668,24
2017-01-18,11371.975041666667,24
2017-01-19,11243.545166666669,24
2017-01-20,10839.601583333333,24
2017-01-21,10495.43975,24
2017-01-22,10341.523291666666,24
2017-01-23,11357.712375000001,24
2017-01-24,11927.080875,24
2017-01-25,11455.50225,24
2017-01-26,11551.241083333334,24
2017-01-27,11187.805208333333,24
2017-01-28,11143.608625,24
2017-01-29,11549.824916666666,24
2017-01-30,12689.294458333332,24
2017-01-31,13158.621375,24
2017-02-01,13107.631541666668,24
2017-02-02,12941.406791666666,24
2017-02-03,12536.339625,24
2017-02-04,12604.096416666667,24
2017-02-05,12507.434291666666,24
2017-02-06,12780.100916666668,24
2017-02-07,12665.857833333333,24
2017-02-08,12565.480916666667,24
2017-02-09,12582.922333333334,24
2017-02-10,12006.513083333333,24
2017-02-11,11787.718125,24
2017-02-12,11280.035875,24
2017-02-13,12712.60575,24
2017-02-14,12565.571958333334,24
2017-02-15,13273.248166666666,24
2017-02-16,13468.536666666667,24
2017-02-17,12950.413333333332,24
2017-02-18,12537.936666666666,24
2017-02-19,11979.741958333334,24
2017-02-20,13681.893458333332,24
2017-02-21,13223.06725,24
2017-02-22,12937.025458333332,24
2017-02-23,12072.193416666667,24
2017-02-24,11135.526541666666,24
2017-02-25,10234.536666666667,24
2017-02-26,9334.680083333335,24
2017-02-27,8802.575958333333,24
2017-02-28,9522.542416666667,24
2017-03-01,10486.93875,24
2017-03-02,10914.182916666667,24
2017-03-03,11092.565958333333,24
2017-03-04,10877.762791666666,24
2017-03-05,10933.278708333333,24
2017-03-06,12397.133458333332,24
2017-03-07,13140.433375,24
2017-03-08,13067.838541666666,24
2017-03-09,12710.394375000002,24
2017-03-10,12184.636,24
2017-03-11,11108.097333333333,24
2017-03-12,11249.723416666668,24
2017-03-13,11567.641125,24
2017-03-14,12187.476625000001,24
2017-03-15,12439.441208333332,24
2017-03-16,12217.154666666667,24
2017-03-17,11757.873333333335,24
2017-03-18,10861.085458333333,24
2017-03-19,10527.568791666667,24
2017-03-20,11103.893250000001,24
2017-03-21,11389.108875,24
2017-03-22,11594.125375000001,24
2017-03-23,12197.440375,24
2017-03-24,11981.42325,24
2017-03-25,11020.901958333334,24
2017-03-26,10527.217625,24
2017-03-27,11582.086291666667,24
2017-03-28,11673.787208333333,24
2017-03-29,11181.416625,24
2017-03-30,11096.987666666668,24
2017-03-31,11016.534916666666,24
2017-04-01,10043.573291666666,24
2017-04-02,9285.081208333333,24
2017-04-03,10507.270333333334,24
2017-04-04,11027.580958333332,24
2017-04-05,11082.959291666666,24
2017-04-06,10591.677541666666,24
2017-04-07,10502.242916666668,24
2017-04-08,9753.077083333334,24
2017-04-09,10130.1135,24
2017-04-10,10714.199708333334,24
2017-04-11,10734.352083333333,24
2017-04-12,10428.561,24
2017-04-13,9428.029125,24
2017-04-14,9457.935375,24
2017-04-15,8920.005125,24
2017-04-16,9186.522541666667,24
2017-04-17,9884.256291666667,24
2017-04-18,10938.969208333334,24
2017-04-19,10799.068125,24
2017-04-20,10271.865166666666,24
2017-04-21,9929.439666666667,24
2017-04-22,9626.06225,24
2017-04-23,9624.74875,24
2017-04-24,10462.484416666666,24
2017-04-25,11472.82425,24
2017-04-26,10992.067333333332,24
2017-04-27,10505.250208333333,24
2017-04-28,9640.796125,24
2017-04-29,8732.902875,24
2017-04-30,8455.056458333334,24
2017-05-01,9045.570166666666,24
2017-05-02,9668.64925,24
2017-05-03,9574.078708333333,24
2017-05-04,10169.005458333333,24
2017-05-05,10713.529125,24
2017-05-06,10292.319125,24
2017-05-07,9850.996583333334,24
2017-05-08,10568.18875,24
2017-05-09,10387.138708333334,24
2017-05-10,10377.203208333334,24
2017-05-11,10562.601541666667,24
2017-05-12,10340.295916666666,24
2017-05-13,9267.067708333334,24
2017-05-14,8975.985291666666,24
2017-05-15,9998.149958333333,24
2017-05-16,10214.108624999999,24
2017-05-17,10176.555541666667,24
2017-05-18,10284.302375000001,24
2017-05-19,10596.505583333334,24
2017-05-20,9873.12725,24
2017-05-21,9271.714916666666,24
2017-05-22,10065.007916666667,24
2017-05-23,10144.92225,24
2017-05-24,11276.963958333334,24
2017-05-25,11538.67175,24
2017-05-26,11377.84375,24
2017-05-27,11939.038875,24
2017-05-28,10203.602125,24
2017-05-29,10934.073583333333,24
2017-05-30,11442.469833333334,24
2017-05-31,11653.152333333333,24
2017-06-01,11277.671916666666,24
2017-06-02,11022.32925,24
2017-06-03,9120.564333333334,24
2017-06-04,8986.518208333333,24
2017-06-05,10982.352791666666,24
2017-06-06,11338.369458333333,24
2017-06-07,11545.874624999999,24
2017-06-08,10847.006916666667,24
2017-06-09,11829.54225,24
2017-06-10,9182.048291666668,24
2017-06-11,8110.524125,24
2017-06-12,11056.835333333334,24
2017-06-13,11587.162750000001,24
2017-06-14,11269.454875000001,24
2017-06-15,10048.920416666666,24
2017-06-16,10311.938333333334,24
2017-06-17,8336.573583333333,24
2017-06-18,8696.166083333334,24
2017-06-19,10497.788083333333,24
2017-06-20,10764.946666666667,24
2017-06-21,10793.161583333333,24
2017-06-22,10338.355291666667,24
2017-06-23,10211.783208333332,24
2017-06-24,9066.370875,24
2017-06-25,9124.254833333334,24
2017-06-26,10409.743124999999,24
2017-06-27,10107.830875,24
2017-06-28,10728.443375,24
2017-06-29,11501.218625,24
2017-06-30,10809.582791666666,24
2017-07-01,9983.819875,24
2017-07-02,9610.7475,24
2017-07-03,10119.134916666666,24
2017-07-04,9779.508708333333,24
2017-07-05,9604.845166666666,24
2017-07-06,10398.050125,24
2017-07-07,10570.097708333333,24
2017-07-08,9657.007791666667,24
2017-07-09,9033.054750000001,24
2017-07-10,9602.913416666666,24
2017-07-11,10407.218833333334,24
2017-07-12,11024.511166666665,24
2017-07-13,11224.690458333333,24
2017-07-14,10983.716208333333,24
2017-07-15,10196.515083333334,24
2017-07-16,9958.169875,24
2017-07-17,10934.653416666666,24
2017-07-18,11238.016083333334,24
2017-07-19,11205.162958333334,24
2017-07-20,11061.645375,24
2017-07-21,10521.433625,24
2017-07-22,9548.700916666667,24
2017-07-23,8977.6865,24
2017-07-24,10048.876166666667,24
2017-07-25,9853.755083333333,24
2017-07-26,9681.444083333334,24
2017-07-27,9642.528166666667,24
2017-07-28,9384.507,24
2017-07-29,8767.760458333332,24
2017-07-30,8820.957458333332,24
2017-07-31,9154.728916666667,24
2017-08-01,9117.386,24
2017-08-02,9222.950791666666,24
2017-08-03,9574.916333333333,24
2017-08-04,9220.312416666666,24
2017-08-05,8609.55775,24
2017-08-06,8751.436708333333,24
2017-08-07,9147.285916666666,24
2017-08-08,9040.650833333333,24
2017-08-09,9220.1725,24
2017-08-10,9675.453375,24
2017-08-11,9556.572,24
2017-08-12,9072.904791666666,24
2017-08-13,8511.732916666666,24
2017-08-14,9373.26275,24
2017-08-15,9410.327083333334,24
2017-08-16,9468.049666666668,24
2017-08-17,9452.204749999999,24
2017-08-18,9517.018625,24
2017-08-19,9188.0445,24
2017-08-20,9225.800583333334,24
2017-08-21,9947.4455,24
2017-08-22,10165.991541666666,24
2017-08-23,10712.144166666667,24
2017-08-24,10822.129333333332,24
2017-08-25,10509.627875,24
2017-08-26,9991.577,24
2017-08-27,10484.692708333334,24
2017-08-28,10985.58475,24
2017-08-29,10981.78675,24
2017-08-30,10543.911583333333,24
2017-08-31,10123.264916666667,24
2017-09-01,9580.9045,24
2017-09-02,9550.479583333334,24
2017-09-03,9474.001416666668,24
2017-09-04,10248.164999999999,24
2017-09-05,10077.693708333334,24
2017-09-06,9622.169125,24
2017-09-07,9473.991291666667,24
2017-09-08,9592.67675,24
2017-09-09,9352.329833333333,24
2017-09-10,8879.977416666667,24
2017-09-11,9306.037083333335,24
2017-09-12,9204.298125,24
2017-09-13,8971.855791666667,24
2017-09-14,8811.132375,24
2017-09-15,8672.907000000001,24
2017-09-16,8633.793708333333,24
2017-09-17,8263.332916666666,24
2017-09-18,9112.079708333333,24
2017-09-19,10138.781916666667,24
2017-09-20,10154.579749999999,24
2017-09-21,10664.289375,24
2017-09-22,11227.94375,24
2017-09-23,10097.429291666667,24
2017-09-24,9968.959583333333,24
2017-09-25,11044.652583333334,24
2017-09-26,10926.552583333332,24
2017-09-27,11026.934333333333,24
2017-09-28,11204.211791666667,24
2017-09-29,10782.149,24
2017-09-30,9887.48725,24
2017-10-01,10174.783375,24
2017-10-02,10662.3225,24
2017-10-03,11423.431875,24
2017-10-04,11489.016791666667,24
2017-10-05,11536.060583333334,24
2017-10-06,11583.472958333334,24
2017-10-07,10615.459625,24
2017-10-08,10018.226291666668,24
2017-10-09,11664.383375,24
2017-10-10,12468.795041666666,24
2017-10-11,12442.875375000001,24
2017-10-12,11979.890625,24
2017-10-13,12090.5145,24
2017-10-14,10981.210500000001,24
2017-10-15,10483.337608695652,23
2017-10-16,11211.797375,24
2017-10-17,11319.792166666666,24
2017-10-18,11292.489791666667,24
2017-10-19,10470.700041666667,24
2017-10-20,10810.006541666668,24
2017-10-21,10318.11225,24
2017-10-22,9349.770083333333,24
2017-10-23,10559.424875,24
2017-10-24,10147.013416666667,24
2017-10-25,10233.898791666667,24
2017-10-26,10850.18875,24
2017-10-27,10950.556375,24
2017-10-28,10739.250833333334,24
2017-10-29,10799.12925,24
2017-10-30,11663.8245,24
2017-10-31,12885.43475,24
2017-11-01,13096.867375,24
2017-11-02,12697.859416666666,24
2017-11-03,12825.556041666665,24
2017-11-04,11752.258541666668,24
2017-11-05,11549.052666666668,24
2017-11-06,12582.547041666667,24
2017-11-07,13527.36525,24
2017-11-08,13029.193,24
2017-11-09,13361.574,24
2017-11-10,12708.808708333332,24
2017-11-11,11718.916458333333,24
2017-11-12,11196.359625,24
2017-11-13,12418.106291666665,24
2017-11-14,12775.098291666667,24
2017-11-15,11751.349,24
2017-11-16,12439.917333333333,24
2017-11-17,11724.871166666666,24
2017-11-18,11612.996333333334,24
2017-11-19,11153.510625,24
2017-11-20,11378.175666666668,24
2017-11-21,11358.924874999999,24
2017-11-22,11487.795041666666,24
2017-11-23,11658.553125,24
2017-11-24,11706.670833333332,24
2017-11-25,11523.945083333332,24
2017-11-26,11193.009666666667,24
2017-11-27,12779.889374999999,24
2017-11-28,13273.972500000002,24
2017-11-29,13159.224750000001,24
2017-11-30,12378.455583333334,24
2017-12-01,12399.319583333332,24
2017-12-02,11597.258041666668,24
2017-12-03,11195.673083333333,24
2017-12-04,12704.010375,24
2017-12-05,13252.195458333334,24
2017-12-06,13384.15025,24
2017-12-07,12929.360833333332,24
2017-12-08,12495.537041666665,24
2017-12-09,11923.971625,24
2017-12-10,11502.465541666666,24
2017-12-11,12612.374291666667,24
2017-12-12,12562.167500000001,24
2017-12-13,12497.022625,24
2017-12-14,12855.464458333334,24
2017-12-15,12615.407208333332,24
2017-12-16,11595.929875,24
2017-12-17,11578.881416666665,24
2017-12-18,12537.749125,24
2017-12-19,12815.289583333333,24
2017-12-20,13051.549958333335,24
2017-12-21,12869.563208333333,24
2017-12-22,12724.442875,24
2017-12-23,12019.118,24
2017-12-24,11450.277166666667,24
2017-12-25,9663.817875,24
2017-12-26,12168.841999999999,24
2017-12-27,12995.739000000001,24
2017-12-28,13291.812708333333,24
2017-12-29,13262.335791666666,24
2017-12-30,12591.764875,24
2017-12-31,12031.026749999999,24
2018-01-01,11469.316291666668,24
2018-01-02,12945.944166666666,24
2018-01-03,12990.172874999998,24
2018-01-04,12925.143458333334,24
2018-01-05,13300.671791666668,24
2018-01-06,13105.178333333335,24
2018-01-07,11984.309041666667,24
2018-01-08,13247.637916666667,24
2018-01-09,13288.217375,24
2018-01-10,13593.731333333335,24
2018-01-11,13588.616875,24
2018-01-12,13459.611958333333,24
2018-01-13,12954.952333333335,24
2018-01-14,12499.213416666666,24
2018-01-15,13111.086625000002,24
2018-01-16,13018.88875,24
2018-01-17,13068.766458333334,24
2018-01-18,13028.485083333333,24
2018-01-19,12808.024,24
2018-01-20,12102.829458333334,24
2018-01-21,11450.863416666667,24
2018-01-22,12099.379125,24
2018-01-23,12320.973,24
2018-01-24,12270.127625000001,24
2018-01-25,11969.612958333333,24
2018-01-26,12510.296875,24
2018-01-27,12872.862458333335,24
2018-01-28,11720.8955,24
2018-01-29,12634.203416666665,24
2018-01-30,13097.104708333332,24
2018-01-31,13056.854666666666,24
2018-02-01,12804.1705,24
2018-02-02,13023.131374999999,24
2018-02-03,12695.206583333333,24
2018-02-04,12620.360208333334,24
2018-02-05,12942.780208333332,24
2018-02-06,12619.887166666667,24
2018-02-07,13139.977208333332,24
2018-02-08,13286.960833333333,24
2018-02-09,12518.175374999999,24
2018-02-10,11933.620666666668,24
2018-02-11,11152.338958333334,24
2018-02-12,11344.448791666668,24
2018-02-13,12237.873625,24
2018-02-14,12723.772333333334,24
2018-02-15,12819.711000000001,24
2018-02-16,12498.63925,24
2018-02-17,12636.699666666667,24
2018-02-18,11992.588458333334,24
2018-02-19,12604.216833333334,24
2018-02-20,12807.883958333334,24
2018-02-21,13210.150583333334,24
2018-02-22,13056.102250000002,24
2018-02-23,12776.44625,24
2018-02-24,12160.337291666665,24
2018-02-25,12033.792374999999,24
2018-02-26,13104.989916666667,24
2018-02-27,13285.846375000001,24
2018-02-28,12988.394375000002,24
2018-03-01,13185.57275,24
2018-03-02,13105.589083333332,24
2018-03-03,12889.513166666666,24
2018-03-04,12551.241041666666,24
2018-03-05,13066.058625,24
2018-03-06,13210.734333333334,24
2018-03-07,13349.434916666667,24
2018-03-08,13675.074916666666,24
2018-03-09,13644.993916666666,24
2018-03-10,13848.071416666666,24
2018-03-11,12915.989833333333,24
2018-03-12,13646.933541666665,24
2018-03-13,13935.643375,24
2018-03-14,13892.782291666668,24
2018-03-15,13093.726583333335,24
2018-03-16,13946.316250000002,24
2018-03-17,13892.152541666668,24
2018-03-18,12932.902083333334,24
2018-03-19,13566.576958333333,24
2018-03-20,13870.818958333335,24
2018-03-21,13632.610875,24
2018-03-22,13531.312083333332,24
2018-03-23,13670.539083333335,24
2018-03-24,12888.806458333333,24
2018-03-25,12281.441583333333,24
2018-03-26,12967.671291666666,24
2018-03-27,13043.835166666666,24
2018-03-28,13215.821041666668,24
2018-03-29,13322.69425,24
2018-03-30,10715.769458333334,24
2018-03-31,11379.531166666668,24
2018-04-01,10992.191333333334,24
2018-04-02,12364.682291666666,24
2018-04-03,13124.766458333334,24
2018-04-04,13118.022375,24
2018-04-05,12901.35525,24
2018-04-06,12756.603333333333,24
2018-04-07,12475.233041666666,24
2018-04-08,11735.842125000001,24
2018-04-09,12840.685083333332,24
2018-04-10,12557.018666666665,24
2018-04-11,12478.392875,24
2018-04-12,12993.311625,24
2018-04-13,12965.599208333333,24
2018-04-14,11906.212708333333,24
2018-04-15,10865.961208333332,24
2018-04-16,10771.756166666666,24
2018-04-17,11245.991333333333,24
2018-04-18,11210.737416666665,24
2018-04-19,11472.165416666665,24
2018-04-20,10766.184458333333,24
2018-04-21,10100.854333333333,24
2018-04-22,11000.026458333334,24
2018-04-23,11384.012166666667,24
2018-04-24,11272.682166666666,24
2018-04-25,10860.933875,24
2018-04-26,10984.199291666666,24
2018-04-27,10881.942083333333,24
2018-04-28,10828.595958333333,24
2018-04-29,10475.702875,24
2018-04-30,10268.55025,24
2018-05-01,10076.985166666667,24
2018-05-02,11370.744541666667,24
2018-05-03,10965.699166666665,24
2018-05-04,10311.522416666667,24
2018-05-05,9882.433125000001,24
2018-05-06,9396.135333333334,24
2018-05-07,9971.831416666666,24
2018-05-08,9584.263,24
2018-05-09,9949.83275,24
2018-05-10,9481.869791666666,24
2018-05-11,9056.963125,24
2018-05-12,8764.533708333334,24
2018-05-13,8165.18875,24
2018-05-14,8585.580791666667,24
2018-05-15,9606.044041666666,24
2018-05-16,10115.452,24
2018-05-17,11003.89925,24
2018-05-18,10941.531625000001,24
2018-05-19,9981.883125,24
2018-05-20,9610.434166666666,24
2018-05-21,9696.929458333334,24
2018-05-22,9428.178375,24
2018-05-23,9698.884875,24
2018-05-24,9613.849583333333,24
2018-05-25,9358.615125,24
2018-05-26,9096.304375,24
2018-05-27,9053.9035,24
2018-05-28,9262.437333333333,24
2018-05-29,8720.722541666668,24
2018-05-30,8327.37475,24
2018-05-31,8935.810083333334,24
2018-06-01,9341.681208333333,24
2018-06-02,9271.711083333334,24
2018-06-03,8540.113875000001,24
2018-06-04,8918.809666666666,24
2018-06-05,8715.325916666667,24
2018-06-06,8941.83825,24
2018-06-07,9041.065166666667,24
2018-06-08,9456.04675,24
2018-06-09,9647.022375,24
2018-06-10,9304.349458333332,24
2018-06-11,9081.768541666666,24
2018-06-12,9531.05875,24
2018-06-13,9749.94975,24
2018-06-14,9436.847208333334,24
2018-06-15,9304.049958333333,24
2018-06-16,8532.399708333332,24
2018-06-17,8536.860416666666,24
2018-06-18,8896.37475,24
2018-06-19,8913.051166666666,24
2018-06-20,8690.314625,24
2018-06-21,8540.910208333333,24
2018-06-22,8490.451083333333,24
2018-06-23,9186.338375000001,24
2018-06-24,8675.465624999999,24
2018-06-25,9012.072375,24
2018-06-26,9803.244541666667,24
2018-06-27,9481.808375,24
2018-06-28,9375.836583333334,24
2018-06-29,9558.356458333334,24
2018-06-30,8655.028416666666,24
2018-07-01,8113.524375,24
2018-07-02,8947.179541666666,24
2018-07-03,9306.089458333334,24
2018-07-04,9448.448291666666,24
2018-07-05,9455.953666666666,24
2018-07-06,9229.09575,24
2018-07-07,8196.151541666666,24
2018-07-08,8014.485291666667,24
2018-07-09,8815.762208333334,24
2018-07-10,8890.875916666666,24
2018-07-11,8755.334166666666,24
2018-07-12,8411.403791666666,24
2018-07-13,8476.075166666667,24
2018-07-14,8103.4873333333335,24
2018-07-15,7635.082791666667,24
2018-07-16,8425.531041666667,24
2018-07-17,8202.856416666667,24
2018-07-18,8217.070208333333,24
2018-07-19,8325.093166666667,24
2018-07-20,7975.624041666667,24
2018-07-21,7615.118875,24
2018-07-22,8211.566375,24
2018-07-23,8931.3955,24
2018-07-24,7993.744083333334,24
2018-07-25,7820.879416666667,24
2018-07-26,7898.347083333333,24
2018-07-27,8104.139625,24
2018-07-28,8131.6324583333335,24
2018-07-29,8316.991833333333,24
2018-07-30,9530.342166666667,24
2018-07-31,11144.143000000002,24
2018-08-01,11641.419958333332,24
2018-08-02,10551.574458333334,24
2018-08-03,9539.8435,24
2018-08-04,9050.025666666666,24
2018-08-05,8535.223583333334,24
2018-08-06,9675.973,24
2018-08-07,9563.81675,24
2018-08-08,9555.477375,24
2018-08-09,9897.41925,24
2018-08-10,9483.860625,24
2018-08-11,10077.080083333332,24
2018-08-12,9733.653791666666,24
2018-08-13,10694.531958333333,24
2018-08-14,10870.374708333333,24
2018-08-15,11179.393624999999,24
2018-08-16,11432.823708333332,24
2018-08-17,10778.066,24
2018-08-18,9854.171708333333,24
2018-08-19,9813.929041666666,24
2018-08-20,10516.315791666666,24
2018-08-21,9843.918125,24
2018-08-22,9800.206541666666,24
2018-08-23,10225.363333333333,24
2018-08-24,9773.383125,24
2018-08-26,9083.924125,24
2018-08-27,9579.050791666667,24
2018-08-28,9536.944416666667,24
2018-08-29,9916.592041666667,24
2018-08-30,9905.526749999999,24
2018-08-31,9550.198666666667,24
2018-09-01,8388.417083333334,24
2018-09-02,8270.512083333333,24
2018-09-03,9364.984958333333,24
2018-09-04,9558.595,24
2018-09-05,9612.263708333334,24
2018-09-06,9087.203125,24
2018-09-07,8667.20675,24
2018-09-08,8617.019375,24
2018-09-09,8133.596750000001,24
2018-09-10,8639.656666666668,24
2018-09-11,8155.611541666666,24
2018-09-12,7805.581041666667,24
2018-09-13,7895.4288333333325,24
2018-09-14,7840.638416666666,24
2018-09-15,7522.794291666666,24
2018-09-16,7209.551833333334,24
2018-09-17,8258.405541666667,24
2018-09-18,8049.943458333334,24
2018-09-19,8298.194625,24
2018-09-20,8180.707208333333,24
2018-09-21,8915.501708333333,24
2018-09-22,8872.910708333333,24
2018-09-23,8382.424875,24
2018-09-24,10192.325625,24
2018-09-25,10902.935125,24
2018-09-26,10385.684041666666,24
2018-09-27,10186.410375000001,24
2018-09-28,10419.297083333333,24
2018-09-29,10035.502416666666,24
2018-09-30,9215.563416666666,24
2018-10-01,10257.389333333334,24
2018-10-02,11556.173125000001,24
2018-10-03,10490.171958333334,24
2018-10-04,10799.505833333335,24
2018-10-05,11416.625999999998,24
2018-10-06,10062.1975,24
2018-10-07,8924.256416666667,24
2018-10-08,10535.199458333334,24
2018-10-09,11979.976833333334,24
2018-10-10,12393.688041666666,24
2018-10-11,12272.871333333334,24
2018-10-12,11602.428458333334,24
2018-10-13,11387.166666666666,24
2018-10-14,11651.508249999999,24
2018-10-15,12578.446791666667,24
2018-10-16,13119.263874999999,24
2018-10-17,13121.248749999999,24
2018-10-18,12147.338666666668,24
2018-10-19,11454.022083333331,24
2018-10-20,11401.088583333332,24
2018-10-21,10660.269666666667,24
2018-10-22,11832.817708333334,24
2018-10-23,12694.170333333333,24
2018-10-24,12481.969125000001,24
2018-10-25,12981.807166666666,24
2018-10-26,12888.568208333332,24
2018-10-27,12012.981166666666,24
2018-10-28,10006.38025,24
2018-10-29,12370.468708333334,24
2018-10-30,13436.108125,24
2018-10-31,13028.713958333334,24
2018-11-01,12977.930958333332,24
2018-11-02,13200.770333333334,24
2018-11-03,13140.271999999999,24
2018-11-04,12858.775043478261,23
2018-11-05,12622.554125,24
2018-11-06,12978.180166666667,24
2018-11-07,12954.543166666668,24
2018-11-08,12794.579791666665,24
2018-11-09,12816.633208333333,24
2018-11-10,13005.706208333335,24
2018-11-11,13129.823666666665,24
2018-11-12,12995.968,24
2018-11-13,12876.062291666667,24
2018-11-14,12895.618291666666,24
2018-11-15,12829.977208333332,24
2018-11-16,13235.943125,24
2018-11-17,13323.122083333334,24
2018-11-18,12193.362541666667,24
2018-11-19,13143.061166666666,24
2018-11-20,12487.249791666667,24
2018-11-21,13495.240749999999,24
2018-11-22,12558.784291666665,24
2018-11-23,12605.78625,24
2018-11-24,12195.266208333334,24
2018-11-25,12804.921541666668,24
2018-11-26,12434.999458333334,24
2018-11-27,11942.423125,24
2018-11-28,11804.202833333335,24
2018-11-29,12834.680541666667,24
2018-11-30,12801.305166666667,24
2018-12-01,11700.202458333333,24
2018-12-02,10716.144166666667,24
2018-12-03,11584.248375000001,24
2018-12-04,11642.895708333335,24
2018-12-05,12045.376083333334,24
2018-12-06,11773.878208333334,24
2018-12-07,11297.147833333334,24
2018-12-08,10330.28375,24
2018-12-09,10070.0395,24
2018-12-10,10613.085208333334,24
2018-12-11,10959.972958333334,24
2018-12-12,10999.234041666668,24
2018-12-13,11860.737583333334,24
2018-12-14,11784.250875,24
2018-12-15,10635.387833333332,24
2018-12-16,10037.2315,24
2018-12-17,10861.032375,24
2018-12-18,11919.620333333332,24
2018-12-19,12098.431375,24
2018-12-20,11218.500999999998,24
2018-12-21,11644.954875000001,24
2018-12-22,10865.054916666666,24
2018-12-23,10792.148500000001,24
2018-12-24,10268.985583333333,24
2018-12-25,9382.833791666666,24
2018-12-26,10304.964916666666,24
2018-12-27,10230.785666666667,24
2018-12-28,10227.7555,24
2018-12-29,9755.114333333333,24
2018-12-30,9216.202208333334,24
2018-12-31,9190.094833333334,24
2019-01-01,9235.334499999999,24
2019-01-02,9862.100041666667,24
2019-01-03,9091.118583333333,24
2019-01-04,8900.310041666666,24
2019-01-05,8412.422416666666,24
2019-01-06,8602.444416666667,24
2019-01-07,8608.241041666666,24
2019-01-08,9398.187708333333,24
2019-01-09,10106.995499999999,24
2019-01-10,11283.858541666666,24
2019-01-11,11258.558291666666,24
2019-01-12,11209.398041666667,24
2019-01-13,10667.852,24
2019-01-14,11513.238958333333,24
2019-01-15,11576.929791666667,24
2019-01-16,12088.136874999998,24
2019-01-17,11866.637499999999,24
2019-01-18,11693.179291666667,24
2019-01-19,10806.042374999999,24
2019-01-20,11066.8935,24
2019-01-21,11384.122541666666,24
2019-01-22,12107.347208333333,24
2019-01-23,12313.236333333334,24
2019-01-24,11677.915875,24
2019-01-25,11710.82125,24
2019-01-26,10347.190458333333,24
2019-01-27,10684.631875000001,24
2019-01-28,11195.594416666667,24
2019-01-29,10663.75125,24
2019-01-30,10731.970458333333,24
2019-01-31,10671.741833333333,24
2019-02-01,10814.514666666668,24
2019-02-02,9772.132416666667,24
2019-02-03,9176.517125,24
2019-02-04,10234.904833333334,24
2019-02-05,10297.837416666667,24
2019-02-06,10566.470041666666,24
2019-02-07,10172.599958333334,24
2019-02-08,9740.092625,24
2019-02-09,8541.23725,24
2019-02-10,8218.508749999999,24
2019-02-11,9454.223875,24
2019-02-12,9494.117666666667,24
2019-02-13,8991.871416666667,24
2019-02-14,8829.081291666667,24
2019-02-15,9028.375458333334,24
2019-02-16,8021.900375,24
2019-02-17,7757.269458333333,24
2019-02-18,8671.937375,24
2019-02-19,9443.026916666668,24
2019-02-20,9575.156458333333,24
2019-02-21,9495.262333333334,24
2019-02-22,9253.926333333333,24
2019-02-23,9851.721291666667,24
2019-02-24,9159.333916666666,24
2019-02-25,9757.429041666666,24
2019-02-26,9880.616666666667,24
2019-02-27,10115.212958333334,24
2019-02-28,9957.3495,24
2019-03-01,9867.43775,24
2019-03-02,9203.179458333334,24
2019-03-03,8493.101291666668,24
2019-03-04,8375.20075,24
2019-03-05,9567.749666666667,24
2019-03-06,9875.116458333334,24
2019-03-07,10548.366,24
2019-03-08,11249.430583333333,24
2019-03-09,10045.6595,24
2019-03-10,9376.484041666667,24
2019-03-11,10210.549083333333,24
2019-03-12,10246.226541666667,24
2019-03-13,10611.508749999999,24
2019-03-14,11281.509166666665,24
2019-03-15,10922.432125000001,24
2019-03-16,10054.874249999999,24
2019-03-17,9217.321166666667,24
2019-03-18,10869.279458333333,24
2019-03-19,10924.189666666667,24
2019-03-20,10947.247666666668,24
2019-03-21,10317.657625,24
2019-03-22,9276.654583333333,24
2019-03-23,8466.550291666666,24
2019-03-24,8760.671041666666,24
2019-03-25,9438.750833333334,24
2019-03-26,10772.46925,24
2019-03-27,10836.695833333333,24
2019-03-28,10213.234583333333,24
2019-03-29,9998.397458333333,24
2019-03-30,9407.886666666667,24
2019-03-31,8772.684791666667,24
2019-04-01,9761.998291666667,24
2019-04-02,10231.390166666666,24
2019-04-03,10251.277291666667,24
2019-04-04,10880.072666666667,24
2019-04-05,10758.328958333334,24
2019-04-06,9968.761208333333,24
2019-04-07,9742.679916666666,24
2019-04-08,10613.4455,24
2019-04-09,10230.868666666667,24
2019-04-10,10437.962375000001,24
2019-04-11,10709.828041666666,24
2019-04-12,10064.02775,24
2019-04-13,9355.40275,24
2019-04-14,9569.317791666666,24
2019-04-15,10294.054750000001,24
2019-04-16,10157.302125,24
2019-04-17,9595.109916666666,24
2019-04-18,9040.702791666667,24
2019-04-19,8369.273083333333,24
2019-04-20,7627.350541666667,24
2019-04-21,7713.35925,24
2019-04-22,8617.135124999999,24
2019-04-23,8917.540208333334,24
2019-04-24,9687.978583333334,24
2019-04-25,9668.352833333332,24
2019-04-26,8898.963875,24
2019-04-27,8434.743833333332,24
2019-04-28,7786.03975,24
2019-04-29,8449.592666666666,24
2019-04-30,8069.818,24
2019-05-01,7833.127083333334,24
2019-05-02,8189.261125,24
2019-05-03,8681.898,24
2019-05-04,8814.718708333334,24
2019-05-05,8087.28775,24
2019-05-06,8979.791666666666,24
2019-05-07,9450.139208333332,24
2019-05-08,9364.082,24
2019-05-09,8474.112916666667,24
2019-05-10,8022.411041666666,24
2019-05-11,7289.1147083333335,24
2019-05-12,6915.537958333333,24
2019-05-13,7853.343791666666,24
2019-05-14,8627.693208333332,24
2019-05-15,8734.931958333333,24
2019-05-16,8160.593208333333,24
2019-05-17,8037.840916666667,24
2019-05-18,7139.618166666667,24
2019-05-19,6419.825833333333,24
2019-05-20,7033.840416666667,24
2019-05-21,8254.429083333334,24
2019-05-22,8707.507458333333,24
2019-05-23,9155.262125,24
2019-05-24,7905.553708333333,24
2019-05-25,7141.208541666667,24
2019-05-26,6309.074041666667,24
2019-05-27,7356.213208333334,24
2019-05-28,7911.261291666667,24
2019-05-29,7837.576708333334,24
2019-05-30,8063.868166666667,24
2019-05-31,8168.172958333334,24
2019-06-01,6541.474458333333,24
2019-06-02,6302.337166666667,24
2019-06-03,8129.783083333333,24
2019-06-04,8449.459083333333,24
2019-06-05,7071.458625,24
2019-06-06,7053.889875,24
2019-06-07,7243.263,24
2019-06-08,6772.218250000001,24
2019-06-09,6822.1781666666675,24
2019-06-10,8206.730791666667,24
2019-06-11,8153.21275,24
2019-06-12,8324.635791666666,24
2019-06-13,8573.219833333334,24
2019-06-14,8400.0775,24
2019-06-15,8572.584083333333,24
2019-06-16,7732.022916666666,24
2019-06-17,9156.509541666666,24
2019-06-18,8542.129833333334,24
2019-06-19,8829.321458333334,24
2019-06-20,8046.014,24
2019-06-21,7286.960166666667,24
2019-06-22,7049.122166666667,24
2019-06-23,7105.592708333334,24
2019-06-24,7824.744624999999,24
2019-06-25,8936.069083333334,24
2019-06-26,8694.388041666667,24
2019-06-27,8537.129541666667,24
2019-06-28,8763.512166666667,24
2019-06-29,8439.415125,24
2019-06-30,8169.681541666666,24
2019-07-01,8654.828875000001,24
2019-07-02,8701.031916666667,24
2019-07-03,9254.431541666667,24
2019-07-04,8768.314791666666,24
2019-07-05,8487.814791666666,24
2019-07-06,7601.054499999999,24
2019-07-07,7178.803541666667,24
2019-07-08,7748.7408749999995,24
2019-07-09,7590.870208333334,24
2019-07-10,7855.333750000001,24
2019-07-11,7917.838625,24
2019-07-12,7730.596416666667,24
2019-07-13,7261.003583333334,24
2019-07-14,7581.442541666666,24
2019-07-15,8403.480125,24
2019-07-16,8705.937541666666,24
2019-07-17,9261.809125,24
2019-07-18,9021.813,24
2019-07-19,8510.589291666667,24
2019-07-20,8290.868166666667,24
2019-07-21,7775.120041666666,24
2019-07-22,8770.771875,24
2019-07-23,9091.757958333334,24
2019-07-24,9660.741333333333,24
2019-07-25,9198.40275,24
2019-07-26,9220.0185,24
2019-07-27,8693.712875,24
2019-07-28,7905.541249999999,24
2019-07-29,8678.394125,24
2019-07-30,8899.321875,24
2019-07-31,9265.197,24
2019-08-01,8327.687333333333,24
2019-08-02,8163.290083333333,24
2019-08-03,7637.763708333333,24
2019-08-04,7403.517333333333,24
2019-08-05,7929.8535,24
2019-08-06,8043.205916666667,24
2019-08-07,8310.741208333333,24
2019-08-08,8729.442041666667,24
2019-08-09,8823.815291666668,24
2019-08-10,8019.615416666667,24
2019-08-11,7664.872958333333,24
2019-08-12,8373.839916666666,24
2019-08-13,8043.653708333334,24
2019-08-14,7859.932708333334,24
2019-08-15,7790.718875,24
2019-08-16,7866.503874999999,24
2019-08-17,7735.800291666666,24
2019-08-18,6861.75075,24
2019-08-19,7431.751416666667,24
2019-08-20,7841.304458333333,24
2019-08-21,8296.070041666668,24
2019-08-22,8214.504708333334,24
2019-08-23,7983.1525,24
2019-08-24,7742.0095,24
2019-08-25,7376.5706666666665,24
2019-08-26,8360.223916666668,24
2019-08-27,8941.809,24
2019-08-28,8437.852333333334,24
2019-08-29,8630.839958333332,24
2019-08-30,8696.766291666667,24
2019-08-31,7673.054708333333,24
2019-09-01,7362.791958333334,24
2019-09-02,8751.979083333334,24
2019-09-03,8514.336708333334,24
2019-09-04,8704.183708333332,24
2019-09-05,8789.004875,24
2019-09-06,8992.722125,24
2019-09-07,7942.659458333333,24
2019-09-08,7456.970666666667,24
2019-09-09,8551.131958333333,24
2019-09-10,9889.920208333333,24
2019-09-11,10451.50275,24
2019-09-12,11010.1585,24
2019-09-13,10398.590208333333,24
2019-09-14,9959.102916666667,24
2019-09-15,9723.939916666666,24
2019-09-16,10589.148708333332,24
2019-09-17,11021.925833333333,24
2019-09-18,10568.222291666667,24
2019-09-19,10129.441333333334,24
2019-09-20,10362.53625,24
2019-09-21,8798.002541666667,24
2019-09-22,8047.010041666667,24
2019-09-23,8280.544625,24
2019-09-24,8593.080458333332,24
2019-09-25,8649.8335,24
2019-09-26,8785.758458333334,24
2019-09-27,9022.149833333333,24
2019-09-28,8473.590875,24
2019-09-29,8117.323375,24
2019-09-30,8830.996625,24
2019-10-01,9444.311958333334,24
2019-10-02,10012.235541666667,24
2019-10-03,10500.897041666667,24
2019-10-04,10474.436583333334,24
2019-10-05,10163.178041666666,24
2019-10-06,9323.3215,24
2019-10-07,9864.637166666666,24
2019-10-08,9398.512291666666,24
2019-10-09,9091.779583333333,24
2019-10-10,7598.4776249999995,24
2019-10-11,7267.477333333333,24
2019-10-12,7754.81175,24
2019-10-13,8207.34675,24
2019-10-14,8566.375333333333,24
2019-10-15,8438.182208333334,24
2019-10-16,9303.9285,24
2019-10-17,9813.646625,24
2019-10-18,9414.980000000001,24
2019-10-19,9149.727791666666,24
2019-10-20,9046.544333333333,24
2019-10-21,8843.645041666667,24
2019-10-22,8546.859,24
2019-10-23,9388.392166666667,24
2019-10-24,9908.392708333333,24
2019-10-25,10148.168666666666,24
2019-10-26,9113.978458333333,24
2019-10-27,8488.450083333333,24
2019-10-28,9439.202541666667,24
2019-10-29,8203.398958333333,24
2019-10-30,7660.678916666667,24
2019-10-31,7908.8795,24
2019-11-01,8730.726833333332,24
2019-11-02,8527.428291666667,24
2019-11-03,8070.239541666667,24
2019-11-04,9258.978874999999,24
2019-11-05,10216.187666666667,24
2019-11-06,10067.933333333332,24
2019-11-07,9719.525375,24
2019-11-08,9403.548166666666,24
2019-11-09,8688.998458333333,24
2019-11-10,7558.470958333332,24
2019-11-11,8894.644041666666,24
2019-11-12,9682.698708333333,24
2019-11-13,9504.345625,24
2019-11-14,9101.447125,24
2019-11-15,8517.191958333333,24
2019-11-16,8717.491375,24
2019-11-17,8260.552583333332,24
2019-11-18,9066.857583333333,24
2019-11-19,8820.048875,24
2019-11-20,8438.488875000001,24
2019-11-21,8580.788875,24
2019-11-22,8446.330958333334,24
2019-11-23,8255.652625,24
2019-11-24,8030.951166666667,24
2019-11-25,8446.155499999999,24
2019-11-26,8456.808666666666,24
2019-11-27,8099.200208333333,24
2019-11-28,8226.137375,24
2019-11-29,8302.518666666667,24
2019-11-30,7875.310791666667,24
2019-12-01,7574.393208333334,24
2019-12-02,7939.491041666667,24
2019-12-03,8028.588625,24
2019-12-04,8034.56975,24
2019-12-05,8301.458333333334,24
2019-12-06,8270.110041666667,24
2019-12-07,8963.989958333334,24
2019-12-08,8130.997958333333,24
2019-12-09,7934.455625,24
2019-12-10,9330.008208333333,24
2019-12-11,9969.842999999999,24
2019-12-12,9993.094458333333,24
2019-12-13,9509.960000000001,24
2019-12-14,8489.226791666666,24
2019-12-15,7808.021375,24
2019-12-16,9298.410750000001,24
2019-12-17,10447.7575,24
2019-12-18,11072.7495,24
2019-12-19,10733.602666666668,24
2019-12-20,10752.577541666667,24
2019-12-21,9484.651166666667,24
2019-12-22,9339.138125,24
2019-12-23,9298.248041666668,24
2019-12-24,8551.066083333333,24
2019-12-25,8396.730875,24
2019-12-26,9799.708499999999,24
2019-12-27,10236.303750000001,24
2019-12-28,10133.593458333335,24
2019-12-29,10007.234791666668,24
2019-12-30,10378.561583333334,24
2019-12-31,10274.942458333333,24
2020-01-01,9773.622583333334,24
2020-01-02,10674.430833333334,24
2020-01-03,10489.160249999999,24
2020-01-04,9744.306541666667,24
2020-01-05,9196.620666666668,24
2020-01-06,10284.931,24
2020-01-07,11352.52025,24
2020-01-08,12249.042666666666,24
2020-01-09,12437.077958333333,24
2020-01-10,10846.736875,24
2020-01-11,9816.887041666667,24
2020-01-12,10250.916875,24
2020-01-13,11291.425541666666,24
2020-01-14,11909.117833333332,24
2020-01-15,12188.289833333334,24
2020-01-16,12584.068791666667,24
2020-01-17,10993.77975,24
2020-01-18,10324.364083333334,24
2020-01-19,9584.959083333333,24
2020-01-20,11507.736416666667,24
2020-01-21,11299.346083333332,24
2020-01-22,11775.8465,24
2020-01-23,11970.447208333333,24
2020-01-24,11298.427166666666,24
2020-01-25,10282.071333333333,24
2020-01-26,9697.089708333333,24
2020-01-27,10775.010708333333,24
2020-01-28,11224.813333333334,24
2020-01-29,11064.669125,24
2020-01-30,10749.617791666666,24
2020-01-31,10664.403208333333,24
2020-02-01,10659.818791666667,24
2020-02-02,10181.483916666666,24
2020-02-03,11132.057208333334,24
2020-02-04,11448.54825,24
2020-02-05,11642.154166666667,24
2020-02-06,11553.940875,24
2020-02-07,11162.898083333333,24
2020-02-08,10392.198041666667,24
2020-02-09,9770.274416666667,24
2020-02-10,10037.042666666666,24
2020-02-11,10501.700541666667,24
2020-02-12,10985.772541666667,24
2020-02-13,10825.432791666666,24
2020-02-14,10903.270791666668,24
2020-02-15,10335.378125000001,24
2020-02-16,9808.246208333332,24
2020-02-17,11158.736583333333,24
2020-02-18,11440.384958333334,24
2020-02-19,10685.510250000001,24
2020-02-20,10837.248666666666,24
2020-02-21,10255.214208333333,24
2020-02-22,8939.709416666667,24
2020-02-23,9075.926583333334,24
2020-02-24,9526.766416666667,24
2020-02-25,9972.279875,24
2020-02-26,10092.083458333333,24
2020-02-27,9890.464249999999,24
2020-02-28,9424.931166666667,24
2020-02-29,9164.991458333334,24
2020-03-01,8830.065625000001,24
2020-03-02,9574.782041666667,24
2020-03-03,10355.029875,24
2020-03-04,10272.559625,24
2020-03-05,10558.294166666667,24
2020-03-06,10046.291791666667,24
2020-03-07,9181.034541666666,24
2020-03-08,8654.815583333333,24
2020-03-09,9631.227874999999,24
2020-03-10,10134.333875,24
2020-03-11,10579.000458333334,24
2020-03-12,10336.503833333334,24
2020-03-13,10319.303458333334,24
2020-03-14,9671.474666666667,24
2020-03-15,9442.976125,24
2020-03-16,9968.944708333334,24
2020-03-17,9781.671916666666,24
2020-03-18,9408.031041666667,24
2020-03-19,9658.729083333334,24
2020-03-20,9357.080916666668,24
2020-03-21,8118.383041666667,24
2020-03-22,7523.055541666666,24
2020-03-23,8002.510625,24
2020-03-24,8140.7735416666665,24
2020-03-25,7888.276375,24
2020-03-26,7569.964208333334,24
2020-03-27,7585.785041666667,24
2020-03-28,7283.342958333334,24
2020-03-29,7401.179,24
2020-03-30,8038.164208333333,24
2020-03-31,7813.600583333333,24
2020-04-01,8091.487291666667,24
2020-04-02,7709.042125,24
2020-04-03,7393.453791666667,24
2020-04-04,6853.056791666667,24
2020-04-05,6264.823208333334,24
2020-04-06,7028.3980833333335,24
2020-04-07,6354.623666666666,24
2020-04-08,5863.511208333333,24
2020-04-09,5528.536875000001,24
2020-04-10,5216.823583333334,24
2020-04-11,5730.443166666667,24
2020-04-12,5701.809583333333,24
2020-04-13,6293.9375,24
2020-04-14,6908.571583333333,24
2020-04-15,6740.233333333334,24
2020-04-16,6736.923833333333,24
2020-04-17,6690.649916666666,24
2020-04-18,7131.722833333333,24
2020-04-19,7045.192208333334,24
2020-04-20,7288.427500000001,24
2020-04-21,7364.763708333333,24
2020-04-22,7636.8102499999995,24
2020-04-23,7627.3400833333335,24
2020-04-24,7787.845083333334,24
2020-04-25,7364.689375000001,24
2020-04-26,7427.986833333333,24
2020-04-27,7668.014999999999,24
2020-04-28,7482.424666666667,24
2020-04-29,7714.1797916666665,24
2020-04-30,7638.553916666667,24
2020-05-01,7041.228625,24
2020-05-02,7280.707166666667,24
2020-05-03,6963.442875,24
2020-05-04,7755.532458333334,24
2020-05-05,7926.908416666666,24
2020-05-06,7440.513958333333,24
2020-05-07,7265.179541666667,24
2020-05-08,6694.360791666666,24
2020-05-09,6432.253375,24
2020-05-10,6689.89575,24
2020-05-11,6946.218833333333,24
2020-05-12,7004.765333333333,24
2020-05-13,7263.536666666667,24
2020-05-14,7344.253250000001,24
2020-05-15,7396.4165416666665,24
2020-05-16,7474.737958333334,24
2020-05-17,7651.883958333333,24
2020-05-18,8686.482041666666,24
2020-05-19,8799.313583333334,24
2020-05-20,8855.800208333332,24
2020-05-21,8841.858208333333,24
2020-05-22,8789.123166666666,24
2020-05-23,7639.967791666667,24
2020-05-24,7663.9328749999995,24
2020-05-25,8615.878458333334,24
2020-05-26,8826.279458333333,24
2020-05-27,8916.506291666667,24
2020-05-28,8665.024333333333,24
2020-05-29,8581.494708333334,24
2020-05-30,7656.319875,24
2020-05-31,7311.6005000000005,24
2020-06-01,8147.702083333334,24
2020-06-02,8286.068166666666,24
2020-06-03,8257.887708333334,24
2020-06-04,7726.804416666667,24
2020-06-05,7795.886333333333,24
2020-06-06,7228.669375,24
2020-06-07,7101.780958333333,24
2020-06-08,7407.270666666667,24
2020-06-09,7817.807958333334,24
2020-06-10,7876.093541666666,24
2020-06-11,7640.546083333334,24
2020-06-12,7596.4179583333325,24
2020-06-13,6744.879416666667,24
2020-06-14,6009.909583333333,24
2020-06-15,7114.176791666666,24
2020-06-16,7760.613083333334,24
2020-06-17,7585.740333333334,24
2020-06-18,7503.482,24
2020-06-19,7841.965916666667,24
2020-06-20,7705.141166666667,24
2020-06-21,7620.746791666667,24
2020-06-22,8262.753041666667,24
2020-06-23,7878.2735,24
2020-06-24,7719.695,24
2020-06-25,7845.686833333333,24
2020-06-26,7769.075541666666,24
2020-06-27,7327.082833333333,24
2020-06-28,7074.140041666667,24
2020-06-29,7759.920375000001,24
2020-06-30,7686.608375,24
2020-07-01,8400.446166666667,24
2020-07-02,8249.430875,24
2020-07-03,7868.638833333333,24
2020-07-04,7184.797041666666,24
2020-07-05,7049.484416666666,24
2020-07-06,7967.586083333333,24
2020-07-07,8591.573916666666,24
2020-07-08,8731.33325,24
2020-07-09,9209.864583333334,24
2020-07-10,8600.180958333332,24
2020-07-11,8133.894958333333,24
2020-07-12,7423.301125000001,24
2020-07-13,7990.167791666667,24
2020-07-14,8207.535583333332,24
2020-07-15,8049.841958333333,24
2020-07-16,7742.399375,24
2020-07-17,7670.306333333334,24
2020-07-18,7132.271791666667,24
2020-07-19,6941.469416666667,24
2020-07-20,7517.541249999999,24
2020-07-21,7560.532333333334,24
2020-07-22,7593.917541666667,24
2020-07-23,7560.777208333333,24
2020-07-24,6899.957291666667,24
2020-07-25,6845.620749999999,24
2020-07-26,6622.520583333334,24
2020-07-27,7397.399666666667,24
2020-07-28,7565.398291666667,24
2020-07-29,7434.799708333333,24
2020-07-30,7337.56525,24
2020-07-31,6971.512833333333,24
2020-08-01,7077.865958333333,24
2020-08-02,6948.109083333333,24
2020-08-03,8170.762833333333,24
2020-08-04,8228.0005,24
2020-08-05,8264.666708333332,24
2020-08-06,8266.901791666667,24
2020-08-07,8248.879708333334,24
2020-08-08,7890.93825,24
2020-08-09,7844.598333333332,24
2020-08-10,8328.054958333332,24
2020-08-11,8267.364916666667,24
2020-08-12,8169.2225,24
2020-08-13,8182.709916666667,24
2020-08-14,8179.435041666667,24
2020-08-15,7763.734916666667,24
2020-08-16,7653.403875,24
2020-08-17,8293.759791666665,24
2020-08-18,8421.356791666667,24
2020-08-19,8240.234,24
2020-08-20,9124.229208333332,24
2020-08-21,9510.393875,24
2020-08-22,8855.352499999999,24
2020-08-23,8946.551,24
2020-08-24,10218.399833333333,24
2020-08-25,10408.298791666666,24
2020-08-26,10470.234708333333,24
2020-08-27,10964.192041666667,24
2020-08-28,10469.625208333333,24
2020-08-29,9540.413833333334,24
2020-08-30,8499.763083333333,24
2020-08-31,9547.124,24
2020-09-01,8996.289958333333,24
2020-09-02,8826.546958333334,24
2020-09-03,8936.041875,24
2020-09-04,9046.156916666667,24
2020-09-05,8491.710833333333,24
2020-09-06,7720.647958333334,24
2020-09-07,7558.253874999999,24
2020-09-08,8081.817666666667,24
2020-09-09,8704.871916666667,24
2020-09-10,8901.108875,24
2020-09-11,9154.735375,24
2020-09-12,8767.012541666667,24
2020-09-13,8651.997708333334,24
2020-09-14,9385.035833333333,24
2020-09-15,9060.981666666667,24
2020-09-16,9124.595666666666,24
2020-09-17,9252.176583333334,24
2020-09-18,9473.93025,24
2020-09-19,9008.971791666667,24
2020-09-20,8276.387125,24
2020-09-21,9094.208291666668,24
2020-09-22,9550.665625,24
2020-09-23,9277.501708333333,24
2020-09-24,10411.26575,24
2020-09-25,9352.378916666667,24
2020-09-26,9019.827374999999,24
2020-09-27,8836.933791666666,24
2020-09-28,9231.681416666666,24
2020-09-29,9247.411125,24
2020-09-30,10144.248583333332,24
2020-10-01,9720.438291666667,24
2020-10-02,9662.655958333333,24
2020-10-03,9022.226375,24
2020-10-04,8530.417708333332,24
2020-10-05,9629.963958333334,24
2020-10-06,10199.748208333333,24
2020-10-07,10789.957625000001,24
2020-10-08,10096.796666666667,24
2020-10-09,9820.817083333333,24
2020-10-10,9787.016375000001,24
2020-10-11,9228.051541666666,24
2020-10-12,9172.031083333333,24
2020-10-13,8657.824583333333,24
2020-10-14,8004.090041666666,24
2020-10-15,7674.0554999999995,24
2020-10-16,8030.222791666667,24
2020-10-17,8363.4125,24
2020-10-18,7805.845583333333,24
2020-10-19,9256.417666666666,24
2020-10-20,10236.616041666666,24
2020-10-21,9632.3215,24
2020-10-22,9080.156416666667,24
2020-10-23,8359.258458333334,24
2020-10-24,8161.783666666666,24
2020-10-25,7791.565875,24
2020-10-26,8063.059916666666,24
2020-10-27,8163.110083333333,24
2020-10-28,8994.425833333333,24
2020-10-29,9012.80925,24
2020-10-30,8292.467708333334,24
2020-10-31,8381.918458333334,24
2020-11-01,7911.509708333334,24
2020-11-02,8291.565291666668,24
2020-11-03,8883.517375000001,24
2020-11-04,8891.436875,24
2020-11-05,8847.845833333333,24
2020-11-06,8674.892375,24
2020-11-07,8334.903124999999,24
2020-11-08,7612.45625,24
2020-11-09,8018.668125,24
2020-11-10,8160.112666666667,24
2020-11-11,8676.724166666667,24
2020-11-12,9327.251333333334,24
2020-11-13,9374.836958333333,24
2020-11-14,8463.338666666667,24
2020-11-15,7979.778583333333,24
2020-11-16,9105.77425,24
2020-11-17,9466.460000000001,24
2020-11-18,8803.456083333333,24
2020-11-19,8634.975041666667,24
2020-11-20,8394.103083333333,24
2020-11-21,8438.307291666666,24
2020-11-22,8159.028166666667,24
2020-11-23,8920.869791666666,24
2020-11-24,8687.381,24
2020-11-25,9302.430375,24
2020-11-26,8734.294833333333,24
2020-11-27,8626.561333333333,24
2020-11-28,8417.166916666667,24
2020-11-29,8304.707666666667,24
2020-11-30,8633.729208333332,24
2020-12-01,9012.008166666667,24
2020-12-02,8835.666208333334,24
2020-12-03,8929.459416666667,24
2020-12-04,9064.760416666666,24
2020-12-05,8596.337708333334,24
2020-12-06,8073.672916666666,24
2020-12-07,8748.422,24
2020-12-08,8563.831208333333,24
2020-12-09,8843.392916666666,24
2020-12-10,8868.893208333333,24
2020-12-11,8540.73525,24
2020-12-12,8405.03225,24
2020-12-13,7585.753208333333,24
2020-12-14,7637.76725,24
2020-12-15,8005.483291666666,24
2020-12-16,7959.728041666666,24
2020-12-17,8461.927916666666,24
2020-12-18,8290.197791666667,24
2020-12-19,7979.250833333333,24
2020-12-20,7121.2702500000005,24
2020-12-21,7988.895083333333,24
2020-12-22,8267.504708333334,24
2020-12-23,7880.535333333333,24
2020-12-24,7690.383999999999,24
2020-12-25,6911.849458333333,24
2020-12-26,7440.873875,24
2020-12-27,7281.982916666667,24
2020-12-28,8186.185750000001,24
2020-12-29,8010.338833333334,24
2020-12-30,7038.220249999999,24
2020-12-31,6491.8658749999995,24
2021-01-01,5881.579000000001,24
2021-01-02,6649.750583333333,24
2021-01-03,7007.592708333334,24
2021-01-04,7456.420875,24
2021-01-05,7047.177375,24
2021-01-06,7396.452291666667,24
2021-01-07,7865.408041666667,24
2021-01-08,7612.943083333333,24
2021-01-09,8065.275375,24
2021-01-10,7519.096666666667,24
2021-01-11,8310.39725,24
2021-01-12,8407.980708333334,24
2021-01-13,8669.183125,24
2021-01-14,8491.235875,24
2021-01-15,8119.424333333333,24
2021-01-16,7842.116916666667,24
2021-01-17,7303.71675,24
2021-01-18,7946.190041666666,24
2021-01-19,7951.588500000001,24
2021-01-20,8477.014958333333,24
2021-01-21,9692.341083333333,24
2021-01-22,10029.571666666667,24
2021-01-23,9769.344791666666,24
2021-01-24,9331.366916666666,24
2021-01-25,10097.457333333334,24
2021-01-26,10890.504833333334,24
2021-01-27,11442.806583333333,24
2021-01-28,12045.331083333333,24
2021-01-29,12706.011625,24
2021-01-30,11955.456250000001,24
2021-01-31,11625.703875,24
2021-02-01,12720.257833333335,24
2021-02-02,12959.174916666665,24
2021-02-03,13285.958,24
2021-02-04,13301.363875000001,24
2021-02-05,12461.911458333334,24
2021-02-06,12242.401791666665,24
2021-02-07,11117.545,24
2021-02-08,12149.240208333335,24
2021-02-09,12397.082166666667,24
2021-02-10,11788.09325,24
2021-02-11,10256.249333333333,24
2021-02-12,9907.767916666666,24
2021-02-13,9694.194333333333,24
2021-02-14,9160.088291666667,24
2021-02-15,10583.973041666666,24
2021-02-16,11338.07325,24
2021-02-17,11576.163625000001,24
2021-02-18,11652.123458333333,24
2021-02-19,10360.545458333332,24
2021-02-20,9218.59725,24
2021-02-21,8755.527958333334,24
2021-02-22,9498.642666666667,24
2021-02-23,10000.099958333334,24
2021-02-24,11135.029208333333,24
2021-02-25,9945.401041666666,24
2021-02-26,9240.634208333333,24
2021-02-27,8775.805541666667,24
2021-02-28,7899.96375,24
2021-03-01,8102.541875,24
2021-03-02,8752.821875,24
2021-03-03,8573.362,24
2021-03-04,8031.263791666667,24
2021-03-05,8026.368333333333,24
2021-03-06,8274.478083333333,24
2021-03-07,7729.419375,24
2021-03-08,8660.090916666666,24
2021-03-09,8642.539666666666,24
2021-03-10,8763.568083333334,24
2021-03-11,9184.196875,24
2021-03-12,9076.072875,24
2021-03-13,8363.173916666667,24
2021-03-14,8372.833416666666,24
2021-03-15,9490.756458333333,24
2021-03-16,9785.318458333333,24
2021-03-17,9146.430958333332,24
2021-03-18,9351.414999999999,24
2021-03-19,8505.463083333334,24
2021-03-20,7856.314208333333,24
2021-03-21,7384.626541666667,24
2021-03-22,8196.172291666668,24
2021-03-23,8572.782666666666,24
2021-03-24,8470.808666666666,24
2021-03-25,8782.433791666666,24
2021-03-26,8860.785333333333,24
2021-03-27,7692.013041666666,24
2021-03-28,7801.447958333333,24
2021-03-29,8380.216541666667,24
2021-03-30,7443.148041666667,24
2021-03-31,7424.804208333334,24
2021-04-01,6491.637333333333,24
2021-04-02,5855.49825,24
2021-04-03,6113.922291666667,24
2021-04-04,6155.88325,24
2021-04-05,6916.271874999999,24
2021-04-06,6873.5119583333335,24
2021-04-07,6979.68175,24
2021-04-08,7260.641708333334,24
2021-04-09,7415.861458333333,24
2021-04-10,6963.39375,24
2021-04-11,7004.7752083333335,24
2021-04-12,6889.421791666667,24
2021-04-13,7398.096083333334,24
2021-04-14,7038.971541666667,24
2021-04-15,7104.001749999999,24
2021-04-16,6968.0254583333335,24
2021-04-17,6771.329958333333,24
2021-04-18,6578.099333333333,24
2021-04-19,7319.626166666666,24
2021-04-20,7170.722541666667,24
2021-04-21,6828.190333333333,24
2021-04-22,6978.601291666667,24
2021-04-23,7106.8952500000005,24
2021-04-24,6479.502125,24
2021-04-25,6321.791291666667,24
2021-04-26,6465.867958333333,24
2021-04-27,6633.516333333333,24
2021-04-28,6562.942208333334,24
2021-04-29,6496.189916666666,24
2021-04-30,6570.527791666666,24
2021-05-01,6016.173,24
2021-05-02,6353.218875,24
2021-05-03,6933.248916666666,24
2021-05-04,6937.39,24
2021-05-05,6741.395458333333,24
2021-05-06,6355.321958333334,24
2021-05-07,6454.979708333333,24
2021-05-08,6313.520083333333,24
2021-05-09,5870.372916666667,24
2021-05-10,6598.34125,24
2021-05-11,6569.342125,24
2021-05-12,6498.028416666667,24
2021-05-13,6427.149666666667,24
2021-05-14,6305.283583333334,24
2021-05-15,5995.625166666666,24
2021-05-16,5889.580541666666,24
2021-05-17,6756.594166666667,24
2021-05-18,6475.167708333333,24
2021-05-19,6482.519208333334,24
2021-05-20,6597.320375,24
2021-05-21,6161.044833333333,24
2021-05-22,6833.107875000001,24
2021-05-23,8087.887583333333,24
2021-05-24,9017.078416666667,24
2021-05-25,9308.966416666666,24
2021-05-26,9109.063875,24
2021-05-27,9160.77975,24
2021-05-28,8137.8762916666665,24
2021-05-29,7342.505458333333,24
2021-05-30,6477.756125,24
2021-05-31,5920.38825,24
2021-06-01,6006.887833333333,24
2021-06-02,6041.538874999999,24
2021-06-03,5976.007624999999,24
2021-06-04,6092.303583333333,24
2021-06-05,5831.571541666667,24
2021-06-06,5470.450083333333,24
2021-06-07,5861.651791666667,24
2021-06-08,5927.627,24
2021-06-09,5797.47275,24
2021-06-10,5918.8164166666675,24
2021-06-11,5946.563916666666,24
2021-06-12,5653.235458333334,24
2021-06-13,5211.330875,24
2021-06-14,5762.092166666666,24
2021-06-15,5980.34775,24
2021-06-16,5944.550958333333,24
2021-06-17,5997.666708333333,24
2021-06-18,6011.152833333334,24
2021-06-19,5553.552083333333,24
2021-06-20,5232.5865,24
2021-06-21,5780.4594166666675,24
2021-06-22,5992.927083333333,24
2021-06-23,5744.874958333334,24
2021-06-24,5722.484625,24
2021-06-25,5728.547458333333,24
2021-06-26,5501.7425,24
2021-06-27,5059.021208333334,24
2021-06-28,5649.97725,24
2021-06-29,5743.845291666667,24
2021-06-30,5826.644874999999,24
2021-07-01,5232.462208333333,24
2021-07-02,5006.690375,24
2021-07-03,4947.354375,24
2021-07-04,4657.304875,24
2021-07-05,5045.658125,24
2021-07-06,5144.845166666667,24
2021-07-07,5213.3696666666665,24
2021-07-08,5132.394166666667,24
2021-07-09,5056.018416666667,24
2021-07-10,4984.126499999999,24
2021-07-11,4860.748666666666,24
2021-07-12,5202.697041666667,24
2021-07-13,5853.173,24
2021-07-14,5955.5855833333335,24
2021-07-15,6572.115125,24
2021-07-16,5753.348041666667,24
2021-07-17,5668.5720833333335,24
2021-07-18,5092.211375,24
2021-07-19,5443.721041666667,24
2021-07-20,5383.695833333333,24
2021-07-21,5547.961708333333,24
2021-07-22,5372.166875,24
2021-07-23,5259.288458333333,24
2021-07-24,5189.413041666667,24
2021-07-25,4836.181208333333,24
2021-07-26,5208.746208333333,24
2021-07-27,5138.339041666667,24
2021-07-28,5364.763666666667,24
2021-07-29,5579.380041666667,24
2021-07-30,5212.291833333334,24
2021-07-31,5222.400125,24
2021-08-01,5039.513666666667,24
2021-08-02,5167.899541666667,24
2021-08-03,5226.4731249999995,24
2021-08-04,5079.363875,24
2021-08-05,5200.568458333333,24
2021-08-06,5204.485,24
2021-08-07,5314.267708333334,24
2021-08-08,4922.556125,24
2021-08-09,5612.779125,24
2021-08-10,5548.709291666666,24
2021-08-11,5959.525083333333,24
2021-08-12,6036.299375,24
2021-08-13,5806.096333333334,24
2021-08-14,5485.610041666667,24
2021-08-15,5255.540625000001,24
2021-08-16,5628.004833333333,24
2021-08-17,5934.22475,24
2021-08-18,5866.031791666667,24
2021-08-19,5982.19825,24
2021-08-20,6097.783583333334,24
2021-08-21,5666.789291666667,24
2021-08-22,5414.651791666666,24
2021-08-23,6252.261041666668,24
2021-08-24,6239.864083333334,24
2021-08-25,6635.190333333333,24
2021-08-26,6269.376208333334,24
2021-08-27,6213.1608750000005,24
2021-08-28,5797.0723333333335,24
2021-08-29,5638.769375,24
2021-08-30,7070.71775,24
2021-08-31,8380.150125,24
2021-09-01,9578.247708333334,24
2021-09-02,9738.801541666666,24
2021-09-03,9402.3715,24
2021-09-04,9016.323624999999,24
2021-09-05,8078.08325,24
2021-09-06,8390.322208333333,24
2021-09-07,8506.859708333333,24
2021-09-08,8865.231958333334,24
2021-09-09,8975.362166666668,24
2021-09-10,8443.269333333334,24
2021-09-11,8139.4790416666665,24
2021-09-12,7224.598125,24
2021-09-13,8545.558791666666,24
2021-09-14,8772.503833333334,24
2021-09-15,8115.263749999999,24
2021-09-16,6955.81425,24
2021-09-17,6164.410583333333,24
2021-09-18,6269.986333333333,24
2021-09-19,6030.017916666667,24
2021-09-20,7558.98475,24
2021-09-21,8325.304416666668,24
2021-09-22,7413.0495,24
2021-09-23,6244.940916666666,24
2021-09-24,5654.504583333332,24
2021-09-25,5255.003833333333,24
2021-09-26,5054.707083333334,24
2021-09-27,6772.743125,24
2021-09-28,7753.634916666667,24
2021-09-29,7417.781541666667,24
2021-09-30,7793.643625,24
2021-10-01,7502.588833333334,24
2021-10-02,6102.5675833333335,24
2021-10-03,5878.517374999999,24
2021-10-04,6721.592208333333,24
2021-10-05,7772.153166666667,24
2021-10-06,8913.094541666667,24
2021-10-07,9998.388166666666,24
2021-10-08,9532.386541666667,24
2021-10-09,8272.336333333335,24
2021-10-10,7520.0955,24
2021-10-11,8530.861708333334,24
2021-10-12,8170.800333333334,24
2021-10-13,9010.999458333334,24
2021-10-14,9303.918749999999,24
2021-10-15,9287.165875,24
2021-10-16,8150.054416666667,24
2021-10-17,7787.427291666667,24
2021-10-18,9416.0255,24
2021-10-19,10085.519125,24
2021-10-20,10305.908916666667,24
2021-10-21,10275.357708333333,24
2021-10-22,9714.204583333334,24
2021-10-23,7865.504166666667,24
2021-10-24,7488.869458333334,24
2021-10-25,8532.963208333333,24
2021-10-26,8721.892333333333,24
2021-10-27,9639.193916666667,24
2021-10-28,10357.42525,24
2021-10-29,10380.536833333334,24
2021-10-30,9615.959791666666,24
2021-10-31,9377.716708333333,24
2021-11-01,10012.048958333333,24
2021-11-02,9489.354874999999,24
2021-11-03,10649.075875,24
2021-11-04,10976.092541666667,24
2021-11-05,10528.722375,24
2021-11-06,9653.751666666667,24
2021-11-07,8941.490375,24
2021-11-08,9091.866833333333,24
2021-11-09,8801.721583333334,24
2021-11-10,8094.27575,24
2021-11-11,7646.413541666668,24
2021-11-12,7699.9333750000005,24
2021-11-13,7372.116416666667,24
2021-11-14,6400.9317083333335,24
2021-11-15,6686.184083333334,24
2021-11-16,7612.830000000001,24
2021-11-17,7725.791333333334,24
2021-11-18,7725.090583333334,24
2021-11-19,7559.662833333333,24
2021-11-20,6855.873208333333,24
2021-11-21,6707.64225,24
2021-11-22,8351.855208333332,24
2021-11-23,8458.900666666666,24
2021-11-24,8479.157666666666,24
2021-11-25,8152.629250000001,24
2021-11-26,8088.485583333334,24
2021-11-27,8507.456666666667,24
2021-11-28,7857.473875,24
2021-11-29,8509.628125000001,24
2021-11-30,8213.425291666666,24
2021-12-01,8966.0135,24
2021-12-02,9190.215333333334,24
2021-12-03,8782.162083333335,24
2021-12-04,7927.199208333334,24
2021-12-05,7030.146958333334,24
2021-12-06,7460.744333333333,24
2021-12-07,7377.8175,24
2021-12-08,7000.91825,24
2021-12-09,7182.704041666667,24
2021-12-10,7110.831583333334,24
2021-12-11,6991.89175,24
2021-12-12,7176.1205,24
2021-12-13,8353.197208333333,24
2021-12-14,7636.198625,24
2021-12-15,8161.68925,24
2021-12-16,7837.343375,24
2021-12-17,7561.874958333334,24
2021-12-18,7047.647958333334,24
2021-12-19,6195.769041666666,24
2021-12-20,7047.033041666667,24
2021-12-21,6869.268499999999,24
2021-12-22,7087.7274166666675,24
2021-12-23,6471.503166666666,24
2021-12-24,6069.309458333333,24
2021-12-25,5699.03875,24
2021-12-26,6252.360541666666,24
2021-12-27,6852.1187083333325,24
2021-12-28,7057.595249999999,24
2021-12-29,6477.4310000000005,24
2021-12-30,6264.049208333334,24
2021-12-31,5394.0395,24
2022-01-01,5228.570375,24
2022-01-02,5572.301291666667,24
2022-01-03,6494.577708333333,24
2022-01-04,6778.715833333333,24
2022-01-05,6617.4875,24
2022-01-06,6504.9953749999995,24
2022-01-07,6478.777375000001,24
2022-01-08,5917.350083333334,24
2022-01-09,5050.838,24
2022-01-10,6081.167583333333,24
2022-01-11,6674.156583333333,24
2022-01-12,6879.216791666667,24
2022-01-13,7037.540416666667,24
2022-01-14,6947.969249999999,24
2022-01-15,6325.157708333333,24
2022-01-16,5797.372333333333,24
2022-01-17,6688.253708333334,24
2022-01-18,6890.849999999999,24
2022-01-19,6805.970375,24
2022-01-20,6759.224125000001,24
2022-01-21,6595.755833333334,24
2022-01-22,6278.800666666667,24
2022-01-23,5854.955291666666,24
2022-01-24,7122.739291666666,24
2022-01-25,7077.492833333334,24
2022-01-26,6828.568875,24
2022-01-27,6318.8078749999995,24
2022-01-28,6030.984041666667,24
2022-01-29,5257.205791666666,24
2022-01-30,5088.878791666667,24
2022-01-31,5699.247125000001,24
2022-02-01,6219.0135,24
2022-02-02,6334.642083333333,24
2022-02-03,6399.144416666667,24
2022-02-04,6365.686041666667,24
2022-02-05,5656.855875,24
2022-02-06,5032.4175000000005,24
2022-02-07,6372.310750000001,24
2022-02-08,6868.780833333333,24
2022-02-09,7358.7240833333335,24
2022-02-10,7275.905708333333,24
2022-02-11,6985.445958333334,24
2022-02-12,6301.557541666666,24
2022-02-13,5389.378791666667,24
2022-02-14,6409.27,24
2022-02-15,6925.6045,24
2022-02-16,7098.310333333334,24
2022-02-17,7233.682458333334,24
2022-02-18,6081.282,24
2022-02-19,5426.672875,24
2022-02-20,5060.246583333334,24
2022-02-21,5905.408416666666,24
2022-02-22,5994.929916666667,24
2022-02-23,6790.900791666667,24
2022-02-24,7185.141375,24
2022-02-25,7038.017583333333,24
2022-02-26,6911.862375,24
2022-02-27,6186.26075,24
2022-02-28,6522.133375,24
2022-03-01,6505.170333333333,24
2022-03-02,7050.5085,24
2022-03-03,7546.799625,24
2022-03-04,7988.707541666667,24
2022-03-05,6729.378291666667,24
2022-03-06,5994.548,24
2022-03-07,7207.97325,24
2022-03-08,8192.247083333334,24
2022-03-09,8622.547333333334,24
2022-03-10,8769.169708333333,24
2022-03-11,7667.136374999999,24
2022-03-12,6813.606833333334,24
2022-03-13,6090.960416666666,24
2022-03-14,7262.294291666666,24
2022-03-15,7694.644833333333,24
2022-03-16,8614.617250000001,24
2022-03-17,8807.208708333334,24
2022-03-18,8993.694000000001,24
2022-03-19,7911.9182083333335,24
2022-03-20,6625.952875,24
2022-03-21,7994.304166666666,24
2022-03-22,8842.52875,24
2022-03-23,8830.381166666668,24
2022-03-24,8924.366083333332,24
2022-03-25,8038.802833333334,24
2022-03-26,7072.153333333333,24
2022-03-27,6162.978875,24
2022-03-28,7622.841791666667,24
2022-03-29,8579.371125,24
2022-03-30,8405.08275,24
2022-03-31,7795.294583333333,24
2022-04-01,7882.1147083333335,24
2022-04-02,7341.813541666666,24
2022-04-03,6697.345208333333,24
2022-04-04,7650.786833333333,24
2022-04-05,8138.498166666667,24
2022-04-06,8356.6925,24
2022-04-07,8183.6303333333335,24
2022-04-08,7322.84925,24
2022-04-09,6838.334125,24
2022-04-10,6406.163583333334,24
2022-04-11,7196.602333333333,24
2022-04-12,6480.402041666667,24
2022-04-13,7106.001083333334,24
2022-04-14,6836.130666666667,24
2022-04-15,6231.988583333333,24
2022-04-16,5266.142958333333,24
2022-04-17,5287.553583333333,24
2022-04-18,5997.096333333334,24
2022-04-19,7259.636083333334,24
2022-04-20,6263.259791666666,24
2022-04-21,5509.368583333333,24
2022-04-22,6339.751416666667,24
2022-04-23,5400.182083333333,24
2022-04-24,5244.155708333333,24
2022-04-25,6533.192749999999,24
2022-04-26,8120.648208333333,24
2022-04-27,9052.1245,24
2022-04-28,8189.088208333334,24
2022-04-29,7069.521125,24
2022-04-30,6320.268916666667,24
2022-05-01,5533.363166666666,24
2022-05-02,6387.887875,24
2022-05-03,6788.1651249999995,24
2022-05-04,6975.367958333333,24
2022-05-05,6649.500291666667,24
2022-05-06,6373.981083333333,24
2022-05-07,5706.139541666666,24
2022-05-08,6058.7887083333335,24
2022-05-09,6758.498583333334,24
2022-05-10,7059.891791666666,24
2022-05-11,7743.686666666667,24
2022-05-12,8134.472541666666,24
2022-05-13,7402.225916666666,24
2022-05-14,6362.41,24
2022-05-15,6029.492041666667,24
2022-05-16,6871.8295,24
2022-05-17,7367.554875000001,24
2022-05-18,7851.468291666667,24
2022-05-19,7847.5102916666665,24
2022-05-20,7298.461666666667,24
2022-05-21,6412.232791666666,24
2022-05-22,5469.796708333334,24
2022-05-23,6308.257875,24
2022-05-24,7121.315875,24
2022-05-25,7441.654750000001,24
2022-05-26,7596.8876666666665,24
2022-05-27,6856.634291666666,24
2022-05-28,6677.816958333334,24
2022-05-29,6436.188458333333,24
2022-05-30,7592.459125,24
2022-05-31,8505.764833333333,24
2022-06-01,8293.396125000001,24
2022-06-02,8564.584958333333,24
2022-06-03,7795.818375,24
2022-06-04,6703.390625,24
2022-06-05,5570.392625,24
2022-06-06,5784.951875,24
2022-06-07,6631.4439999999995,24
2022-06-08,6991.868291666667,24
2022-06-09,7511.725291666667,24
2022-06-10,7103.973583333333,24
2022-06-11,6785.871999999999,24
2022-06-12,6421.543000000001,24
2022-06-13,7335.109874999999,24
2022-06-14,8236.30775,24
2022-06-15,7935.894041666666,24
2022-06-16,7386.741541666666,24
2022-06-17,7721.026125,24
2022-06-18,6942.527875,24
2022-06-19,6203.064666666666,24
2022-06-20,6758.749374999999,24
2022-06-21,7048.035208333334,24
2022-06-22,7653.690541666667,24
2022-06-23,7736.130416666667,24
2022-06-24,7396.436916666667,24
2022-06-25,6872.070708333333,24
2022-06-26,6450.782999999999,24
2022-06-27,6615.257291666666,24
2022-06-28,7356.322708333333,24
2022-06-29,7449.937458333334,24
2022-06-30,7609.641291666667,24
2022-07-01,7222.292125,24
2022-07-02,6383.2321249999995,24
2022-07-03,5887.803208333334,24
2022-07-04,7465.7725,24
2022-07-05,7587.989791666667,24
2022-07-06,7755.39075,24
2022-07-07,7970.219541666666,24
2022-07-08,7418.950250000001,24
2022-07-09,6472.942041666666,24
2022-07-10,6319.8523749999995,24
2022-07-11,7190.688458333334,24
2022-07-12,7251.437875,24
2022-07-13,7396.1632500000005,24
2022-07-14,7317.340166666666,24
2022-07-15,7353.786416666667,24
2022-07-16,6692.76325,24
2022-07-17,6612.113833333333,24
2022-07-18,7184.8987916666665,24
2022-07-19,7415.009291666666,24
2022-07-20,7226.711375,24
2022-07-21,7412.417291666668,24
2022-07-22,7251.703416666667,24
2022-07-23,6916.590458333333,24
2022-07-24,6398.344249999999,24
2022-07-25,6912.246541666667,24
2022-07-26,7249.473416666667,24
2022-07-27,7296.386541666667,24
2022-07-28,7034.197208333334,24
2022-07-29,6639.6695,24
2022-07-30,6305.123250000001,24
2022-07-31,5614.87975,24
2022-08-01,5914.252291666667,24
2022-08-02,6664.325208333333,24
2022-08-03,7199.6355416666665,24
2022-08-04,7308.549875,24
2022-08-05,7105.2863333333335,24
2022-08-06,6767.467666666666,24
2022-08-07,6244.840749999999,24
2022-08-08,6982.470624999999,24
2022-08-09,7596.7285833333335,24
2022-08-10,7936.123166666667,24
2022-08-11,8019.206833333334,24
2022-08-12,6926.809833333333,24
2022-08-13,6716.340541666667,24
2022-08-14,6432.336583333334,24
2022-08-15,7644.416166666667,24
2022-08-16,8159.8514583333335,24
2022-08-17,8412.719625,24
2022-08-18,8489.263875,24
2022-08-19,8064.824625,24
2022-08-20,7461.200458333333,24
2022-08-21,7158.488625000001,24
2022-08-22,8702.911291666665,24
2022-08-23,8474.191499999999,24
2022-08-24,8621.471833333333,24
2022-08-25,8618.339375,24
2022-08-26,8644.965875,24
2022-08-27,8095.288041666667,24
2022-08-28,7468.031541666667,24
2022-08-29,8252.020708333333,24
2022-08-30,7706.716125,24
2022-08-31,8011.724625,24
2022-09-01,8410.210874999999,24
2022-09-02,7896.757291666666,24
2022-09-03,7282.560666666667,24
2022-09-04,7068.738791666667,24
2022-09-05,7371.768958333333,24
2022-09-06,7573.82,24
2022-09-07,7257.2100833333325,24
2022-09-08,8229.861208333334,24
2022-09-09,7920.808708333333,24
2022-09-10,7522.8875,24
2022-09-11,7215.59575,24
2022-09-12,6999.418375,24
2022-09-13,8219.650916666667,24
2022-09-14,8514.777916666668,24
2022-09-15,8578.455458333334,24
2022-09-16,8143.30475,24
2022-09-17,7168.493583333333,24
2022-09-18,6618.55875,24
2022-09-19,7298.060458333333,24
2022-09-20,8354.222416666666,24
2022-09-21,8703.038583333333,24
2022-09-22,8632.631458333333,24
2022-09-23,8257.193041666667,24
2022-09-24,7764.1632500000005,24
2022-09-25,6860.018125,24
2022-09-26,8065.1275,24
2022-09-27,9442.771541666667,24
2022-09-28,10372.709666666668,24
2022-09-29,10374.096416666667,24
2022-09-30,9405.414666666666,24
2022-10-01,8422.542208333334,24
2022-10-02,7591.795958333333,24
2022-10-03,9339.703375,24
2022-10-04,10566.408958333333,24
2022-10-05,10740.743833333334,24
2022-10-06,11087.079124999998,24
2022-10-07,9874.633041666666,24
2022-10-08,8860.50825,24
2022-10-09,7735.642666666667,24
2022-10-10,9430.540625,24
2022-10-11,10131.663291666666,24
2022-10-12,9360.570958333334,24
2022-10-13,10097.316,24
2022-10-14,10085.522916666667,24
2022-10-15,9302.9715,24
2022-10-16,8577.305624999999,24
2022-10-17,10642.595833333333,24
2022-10-18,11340.497875000001,24
2022-10-19,11861.768208333333,24
2022-10-20,11665.149791666665,24
2022-10-21,11643.618416666666,24
2022-10-22,11429.958041666667,24
2022-10-23,11186.431291666668,24
2022-10-24,12588.467375,24
2022-10-25,12677.602458333333,24
2022-10-26,12695.659125,24
2022-10-27,12596.235958333333,24
2022-10-28,11981.39475,24
2022-10-29,10408.27375,24
2022-10-30,9265.933541666667,24
2022-10-31,10764.4365,24
2022-11-01,10735.226499999999,24
2022-11-02,11190.439083333333,24
2022-11-03,11583.004333333332,24
2022-11-04,12710.090250000001,24
2022-11-05,11660.329583333332,24
2022-11-06,10500.94975,24
2022-11-07,11803.060749999999,24
2022-11-08,12391.66375,24
2022-11-09,12426.922458333334,24
2022-11-10,12678.507166666668,24
2022-11-11,11879.150666666666,24
2022-11-12,10772.433375,24
2022-11-13,9654.537208333333,24
2022-11-14,10653.350416666666,24
2022-11-15,10956.657625,24
2022-11-16,12352.574666666667,24
2022-11-17,12428.168958333334,24
2022-11-18,11707.855916666667,24
2022-11-19,10698.545666666667,24
2022-11-20,10032.495499999999,24
2022-11-21,10297.215666666667,24
2022-11-22,11197.712125,24
2022-11-23,11036.879791666666,24
2022-11-24,11528.96375,24
2022-11-25,11155.449791666666,24
2022-11-26,10538.151083333332,24
2022-11-27,10120.389291666666,24
2022-11-28,11728.813916666666,24
2022-11-29,11816.500666666667,24
2022-11-30,11292.834375,24
2022-12-01,10935.590916666666,24
2022-12-02,9850.813958333334,24
2022-12-03,8664.342875,24
2022-12-04,8132.777166666667,24
2022-12-05,9194.03175,24
2022-12-06,9484.032541666666,24
2022-12-07,10315.135416666666,24
2022-12-08,11103.047083333333,24
2022-12-09,10485.614833333333,24
2022-12-10,9493.982666666667,24
2022-12-11,8677.899416666667,24
2022-12-12,9952.694541666666,24
2022-12-13,10185.905833333332,24
2022-12-14,10451.28625,24
2022-12-15,11050.211875,24
2022-12-16,10460.007333333333,24
2022-12-17,9261.838083333334,24
2022-12-18,8478.526791666667,24
2022-12-19,9671.36825,24
2022-12-20,9708.297125,24
2022-12-21,9508.633958333334,24
2022-12-22,9769.554375,24
2022-12-23,9169.559958333333,24
2022-12-24,8385.231875,24
2022-12-25,7415.789708333334,24
2022-12-26,8504.183291666666,24
2022-12-27,8745.335291666666,24
2022-12-28,8291.278833333334,24
2022-12-29,8320.903958333334,24
2022-12-30,7553.139875,24
2022-12-31,7111.592791666667,24
2023-01-01,6760.00175,24
2023-01-02,7105.185875,24
2023-01-03,7379.969249999999,24
2023-01-04,7292.233625,24
2023-01-05,7197.7195,24
2023-01-06,7182.595208333333,24
2023-01-07,6579.306666666666,24
2023-01-08,6451.8424583333335,24
2023-01-09,7679.554166666666,24
2023-01-10,8492.595916666667,24
2023-01-11,9316.253083333333,24
2023-01-12,9643.513916666667,24
2023-01-13,9227.654458333333,24
2023-01-14,8429.083958333335,24
2023-01-15,7416.043166666666,24
2023-01-16,8826.483458333334,24
2023-01-17,9247.310958333333,24
2023-01-18,9497.571791666667,24
2023-01-19,9659.188125,24
2023-01-20,9373.063041666666,24
2023-01-21,9280.914875,24
2023-01-22,7983.520916666667,24
2023-01-23,8942.041458333333,24
2023-01-24,9625.489625,24
2023-01-25,9899.205125,24
2023-01-26,10074.843291666666,24
2023-01-27,9649.628666666666,24
2023-01-28,8897.900916666667,24
2023-01-29,7914.724625,24
2023-01-30,8708.272208333334,24
2023-01-31,9367.826625,24
2023-02-01,9924.829208333334,24
2023-02-02,10212.006083333334,24
2023-02-03,9787.158041666667,24
2023-02-04,8870.327625,24
2023-02-05,7903.671958333333,24
2023-02-06,10183.0135,24
2023-02-07,10515.05825,24
2023-02-08,10374.363958333333,24
2023-02-09,10289.222833333333,24
2023-02-10,9814.469875,24
2023-02-11,9338.178083333334,24
2023-02-12,8477.831666666667,24
2023-02-13,10141.880958333333,24
2023-02-14,10658.536541666666,24
2023-02-15,10371.07325,24
2023-02-16,10690.513416666667,24
2023-02-17,9738.689625,24
2023-02-18,9082.937125,24
2023-02-19,7970.777625,24
2023-02-20,9532.933666666666,24
2023-02-21,8724.188083333333,24
2023-02-22,10246.306,24
2023-02-23,10038.395333333334,24
2023-02-24,9962.652458333332,24
2023-02-25,9294.410416666668,24
2023-02-26,8105.943,24
2023-02-27,9494.168625,24
2023-02-28,10301.285916666666,24
2023-03-01,10720.056458333334,24
2023-03-02,10647.270916666666,24
2023-03-03,10471.474666666667,24
2023-03-04,9555.761166666667,24
2023-03-05,9410.971875000001,24
2023-03-06,10998.531041666667,24
2023-03-07,11130.890666666666,24
2023-03-08,11081.4015,24
2023-03-09,10676.845166666668,24
2023-03-10,10684.976625000001,24
2023-03-11,9446.052083333334,24
2023-03-12,8225.5315,24
2023-03-13,9579.0965,24
2023-03-14,10558.485041666667,24
2023-03-15,10533.169291666667,24
2023-03-16,10654.512,24
2023-03-17,10806.619166666667,24
2023-03-18,10489.272625,24
2023-03-19,9262.757416666667,24
2023-03-20,9660.273541666667,24
2023-03-21,11132.803041666666,24
2023-03-22,11095.512999999999,24
2023-03-23,11077.720666666666,24
2023-03-24,10837.315875,24
2023-03-25,10686.386583333333,24
2023-03-26,9115.082,24
2023-03-27,10500.030583333333,24
2023-03-28,10731.775708333333,24
2023-03-29,10481.649625,24
2023-03-30,10092.450666666666,24
2023-03-31,10171.441541666667,24
2023-04-01,9976.698458333334,24
2023-04-02,8791.483958333332,24
2023-04-03,10032.49475,24
2023-04-04,10184.009,24
2023-04-05,9802.644291666666,24
2023-04-06,9659.426208333332,24
2023-04-07,9248.633541666666,24
2023-04-08,9800.244708333334,24
2023-04-09,9085.303208333333,24
2023-04-10,9900.459083333333,24
2023-04-11,9698.541541666667,24
2023-04-12,10154.814124999999,24
2023-04-13,10249.079333333333,24
2023-04-14,10193.573333333334,24
2023-04-15,9602.277833333334,24
2023-04-16,8806.230916666667,24
2023-04-17,9601.273916666667,24
2023-04-18,9947.556791666666,24
2023-04-19,9896.255125,24
2023-04-20,10115.914791666668,24
2023-04-21,8742.762499999999,24
2023-04-22,7902.185416666667,24
2023-04-23,7274.274166666666,24
2023-04-24,8921.964791666667,24
2023-04-25,9544.491833333333,24
2023-04-26,9486.687541666666,24
2023-04-27,9541.188333333334,24
2023-04-28,9551.869916666667,24
2023-04-29,9543.6145,24
2023-04-30,8574.194458333333,24
2023-05-01,8578.020208333333,24
2023-05-02,9743.118833333334,24
2023-05-03,10136.144041666666,24
2023-05-04,10056.335291666666,24
2023-05-05,9851.854708333334,24
2023-05-06,8949.661750000001,24
2023-05-07,8055.350458333333,24
2023-05-08,10090.163999999999,24
2023-05-09,9972.894916666666,24
2023-05-10,10077.308583333333,24
2023-05-11,10229.303416666668,24
2023-05-12,9845.725666666667,24
2023-05-13,9245.899791666667,24
2023-05-14,8326.563124999999,24
2023-05-15,9087.840666666667,24
2023-05-16,9617.645583333333,24
2023-05-17,9389.174666666668,24
2023-05-18,9452.312875,24
2023-05-19,9559.618833333332,24
2023-05-20,8860.838458333334,24
2023-05-21,8034.79575,24
2023-05-22,8880.501416666666,24
2023-05-23,9274.258749999999,24
2023-05-24,8636.580708333333,24
2023-05-25,8566.744833333332,24
2023-05-26,7932.446458333333,24
2023-05-27,7919.587583333334,24
2023-05-28,7529.863666666667,24
2023-05-29,8523.1855,24
2023-05-30,8687.52025,24
2023-05-31,9076.151833333333,24
2023-06-01,9375.430833333334,24
2023-06-02,8251.398583333334,24
2023-06-03,7375.19325,24
2023-06-04,6767.027833333334,24
2023-06-05,6828.9352499999995,24
2023-06-06,7312.204166666666,24
2023-06-07,7606.990624999999,24
2023-06-08,7612.532375,24
2023-06-09,7698.634041666667,24
2023-06-10,7269.808416666667,24
2023-06-11,6561.45575,24
2023-06-12,7797.985874999999,24
2023-06-13,9146.474041666666,24
2023-06-14,10250.44225,24
2023-06-15,10595.87275,24
2023-06-16,10051.532458333333,24
2023-06-17,9339.815625000001,24
2023-06-18,8565.264458333333,24
2023-06-19,9378.414416666667,24
2023-06-20,9769.396166666667,24
2023-06-21,10127.900708333333,24
2023-06-22,10307.780875,24
2023-06-23,9972.086874999999,24
2023-06-24,9017.647791666666,24
2023-06-25,7893.6504583333335,24
2023-06-26,9598.518583333333,24
2023-06-27,9922.791416666667,24
2023-06-28,10049.891166666666,24
2023-06-29,9633.123458333333,24
2023-06-30,9146.629958333333,24
2023-07-01,8448.352375,24
2023-07-02,8059.95475,24
2023-07-03,9008.090708333333,24
2023-07-04,8734.808666666666,24
2023-07-05,9081.793333333333,24
2023-07-06,8770.651291666667,24
2023-07-07,8139.851708333333,24
2023-07-08,7418.396625,24
2023-07-09,7264.5394166666665,24
2023-07-10,7978.476374999999,24
2023-07-11,9159.745625,24
2023-07-12,9079.497416666667,24
2023-07-13,8917.171,24
2023-07-14,8328.690583333333,24
2023-07-15,7409.78375,24
2023-07-16,6666.478541666666,24
2023-07-17,7808.057208333333,24
2023-07-18,8692.921375,24
2023-07-19,8750.700416666667,24
2023-07-20,8535.54475,24
2023-07-21,8111.746041666666,24
2023-07-22,7306.854833333334,24
2023-07-23,6929.549291666666,24
2023-07-24,8259.304875,24
2023-07-25,9077.191166666666,24
2023-07-26,9277.478083333333,24
2023-07-27,9247.018791666667,24
2023-07-28,8706.24325,24
2023-07-29,7990.13475,24
2023-07-30,7316.243666666666,24
2023-07-31,8136.53525,24
2023-08-01,8995.12675,24
2023-08-02,9308.884208333333,24
2023-08-03,9276.867041666666,24
2023-08-04,8818.306833333334,24
2023-08-05,8093.204583333333,24
2023-08-06,7419.845916666666,24
2023-08-07,8292.312916666668,24
2023-08-08,9100.146875,24
2023-08-09,8536.568166666666,24
2023-08-10,8896.374416666667,24
2023-08-11,8890.960375,24
2023-08-12,7975.01425,24
2023-08-13,7199.958791666667,24
2023-08-14,7766.102166666667,24
2023-08-15,8538.390416666667,24
2023-08-16,8810.224833333334,24
2023-08-17,9458.272500000001,24
2023-08-18,8842.031041666667,24
2023-08-19,8759.538916666666,24
2023-08-20,8519.017583333332,24
2023-08-21,9463.740458333334,24
2023-08-22,10279.183208333334,24
2023-08-23,10919.467583333333,24
2023-08-24,10693.472,24
2023-08-25,9749.335000000001,24
2023-08-26,8741.070958333334,24
2023-08-27,8347.707708333333,24
2023-08-28,9439.59375,24
2023-08-29,9580.498583333332,24
2023-08-30,9692.290458333333,24
2023-08-31,9924.095,24
2023-09-01,9525.607750000001,24
2023-09-02,8712.916875,24
2023-09-03,8418.854916666667,24
2023-09-04,9232.392875,24
2023-09-05,9139.48025,24
2023-09-06,8729.249333333333,24
2023-09-07,8448.895458333334,24
2023-09-08,8638.502208333333,24
2023-09-09,8491.219500000001,24
2023-09-10,7897.653583333333,24
2023-09-11,8995.786583333333,24
2023-09-12,9005.525749999999,24
2023-09-13,9309.252541666667,24
2023-09-14,9617.696125,24
2023-09-15,8748.781333333334,24
2023-09-16,8464.214,24
2023-09-17,8484.711166666666,24
2023-09-18,9692.640333333333,24
2023-09-19,9405.568041666667,24
2023-09-20,10056.839,24
2023-09-21,10549.359,24
2023-09-22,10563.046833333334,24
2023-09-23,10253.411208333333,24
2023-09-24,10279.020541666667,24
2023-09-25,11368.292125,24
2023-09-26,11152.534,24
2023-09-27,10920.427916666666,24
2023-09-28,10876.3295,24
2023-09-29,10240.037458333334,24
2023-09-30,9411.807125,24
2023-10-01,9889.532916666667,24
2023-10-02,10688.226916666667,24
2023-10-03,10483.805750000001,24
2023-10-04,9760.197458333334,24
2023-10-05,9005.3855,24
2023-10-06,9516.511291666668,24
2023-10-07,8655.072125,24
2023-10-08,8147.934333333334,24
2023-10-09,9053.184541666667,24
2023-10-10,9429.888,24
2023-10-11,9215.905708333334,24
2023-10-12,8780.111041666667,24
2023-10-13,8946.48625,24
2023-10-14,8299.421333333334,24
2023-10-15,8461.885041666666,24
2023-10-16,9140.315375,24
2023-10-17,9739.910833333333,24
2023-10-18,9771.478583333334,24
2023-10-19,9711.316875,24
2023-10-20,9084.148500000001,24
2023-10-21,8552.489625,24
2023-10-22,8651.166875,24
2023-10-23,9811.944791666667,24
2023-10-24,9716.31925,24
2023-10-25,9454.235,24
2023-10-26,9793.286958333332,24
2023-10-27,9415.369208333334,24
2023-10-28,8819.247208333332,24
2023-10-29,9538.420166666667,24
2023-10-30,9550.331916666668,24
2023-10-31,10069.482333333333,24
2023-11-01,10833.252083333333,24
2023-11-02,10647.81025,24
2023-11-03,10619.292083333334,24
2023-11-04,10300.068000000001,24
2023-11-05,9529.631208333334,24
2023-11-06,10525.386124999999,24
2023-11-07,10446.688,24
2023-11-08,11219.606583333334,24
2023-11-09,11486.847625,24
2023-11-10,11017.966291666666,24
2023-11-11,11509.359375,24
2023-11-12,11193.038374999998,24
2023-11-13,11636.130041666665,24
2023-11-14,11485.967666666666,24
2023-11-15,10765.944416666667,24
2023-11-16,11702.412958333334,24
2023-11-17,11685.200791666668,24
2023-11-18,10910.366791666667,24
2023-11-19,11156.847208333333,24
2023-11-20,11911.001750000001,24
2023-11-21,11525.31975,24
2023-11-22,12302.371333333334,24
2023-11-23,11703.933958333333,24
2023-11-24,11395.413833333334,24
2023-11-25,10335.36775,24
2023-11-26,9433.519541666667,24
2023-11-27,10083.0215,24
2023-11-28,10914.31,24
2023-11-29,11455.9255,24
2023-11-30,11883.119208333332,24
2023-12-01,12052.355375,24
2023-12-02,12005.619416666666,24
2023-12-03,11063.601125000001,24
2023-12-04,12171.514541666666,24
2023-12-05,12394.2215,24
2023-12-06,12123.806833333334,24
2023-12-07,12163.197791666666,24
2023-12-08,11559.679875,24
2023-12-09,11214.817374999999,24
2023-12-10,10293.417458333333,24
2023-12-11,11011.922458333334,24
2023-12-12,11219.124583333332,24
2023-12-13,11823.620041666667,24
2023-12-14,12672.840083333334,24
2023-12-15,12500.166333333333,24
2023-12-16,11692.616208333333,24
2023-12-17,11620.221791666665,24
2023-12-18,13275.214125,24
2023-12-19,12719.052458333334,24
2023-12-20,12042.36325,24
2023-12-21,11927.731083333332,24
2023-12-22,11204.595625,24
2023-12-23,10518.700666666666,24
2023-12-24,9722.262041666667,24
2023-12-25,9117.523458333333,24
2023-12-26,9713.210666666668,24
2023-12-27,10039.895125000001,24
2023-12-28,10409.690875,24
2023-12-29,10074.055333333334,24
2023-12-30,9668.515875,24
2023-12-31,9347.540125,24
2024-01-01,9367.737,24
2024-01-02,10436.426875,24
2024-01-03,10756.348666666667,24
2024-01-04,10839.760625,24
2024-01-05,10405.981291666667,24
2024-01-06,10347.5205,24
2024-01-07,10216.893875,24
2024-01-08,11247.213041666668,24
2024-01-09,11251.561916666666,24
2024-01-10,10862.965041666666,24
2024-01-11,10285.031791666666,24
2024-01-12,10189.023583333334,24
2024-01-13,9690.281083333333,24
2024-01-14,9867.158916666667,24
2024-01-15,10797.673333333334,24
2024-01-16,10849.120166666666,24
2024-01-17,10797.468458333333,24
2024-01-18,10858.446249999999,24
2024-01-19,10835.335375,24
2024-01-20,10596.931041666667,24
2024-01-21,10219.904458333333,24
2024-01-22,10966.219125000001,24
2024-01-23,10620.003333333334,24
2024-01-24,10447.495291666666,24
2024-01-25,10227.470166666666,24
2024-01-26,9676.482083333334,24
2024-01-27,8922.950125,24
2024-01-28,8098.040541666666,24
2024-01-29,8800.455166666667,24
2024-01-30,9335.515791666667,24
2024-01-31,9662.2675,24
2024-02-01,9684.474958333334,24
2024-02-02,9390.754708333334,24
2024-02-03,8837.654,24
2024-02-04,8303.493791666666,24
2024-02-05,8561.939333333334,24
2024-02-06,9068.735416666666,24
2024-02-07,9005.584375,24
2024-02-08,9197.238125,24
2024-02-09,8328.846875000001,24
2024-02-10,7717.334958333333,24
2024-02-11,7354.323666666667,24
2024-02-12,7606.803708333333,24
2024-02-13,7780.282458333334,24
2024-02-14,7828.439291666667,24
2024-02-15,7487.2060833333335,24
2024-02-16,7718.246791666667,24
2024-02-17,7359.156791666667,24
2024-02-18,7157.046416666667,24
2024-02-19,8107.455666666666,24
2024-02-20,8394.620416666667,24
2024-02-21,8803.234041666667,24
2024-02-22,9074.611833333334,24
2024-02-23,8291.956083333333,24
2024-02-24,7323.561666666667,24
2024-02-25,7141.880041666666,24
2024-02-26,7860.715916666667,24
2024-02-27,8637.686416666666,24
2024-02-28,8568.522125000001,24
2024-02-29,8942.341125,24
2024-03-01,9010.562625,24
2024-03-02,8603.387666666667,24
2024-03-03,8322.04475,24
2024-03-04,8710.00975,24
2024-03-05,8720.296625,24
2024-03-06,8271.705375,24
2024-03-07,8560.312916666668,24
2024-03-08,8001.427875,24
2024-03-09,7441.9416249999995,24
2024-03-10,7268.491208333333,24
2024-03-11,7557.373500000001,24
2024-03-12,7422.352666666667,24
2024-03-13,7696.934208333333,24
2024-03-14,7821.7224166666665,24
2024-03-15,7585.477541666667,24
2024-03-16,7186.897791666666,24
2024-03-17,6888.997125000001,24
2024-03-18,7283.808666666667,24
2024-03-19,7659.66575,24
2024-03-20,7495.544041666667,24
2024-03-21,6901.299375,24
2024-03-22,6866.584833333333,24
2024-03-23,6487.718625,24
2024-03-24,6105.961375,24
2024-03-25,7017.8973750000005,24
2024-03-26,7533.021874999999,24
2024-03-27,7260.9182083333335,24
2024-03-28,6779.561874999999,24
2024-03-29,6568.360458333334,24
2024-03-30,6854.1285,24
2024-03-31,6620.616999999999,24
2024-04-01,7094.0046250000005,24
2024-04-02,6950.157333333334,24
2024-04-03,6957.860458333334,24
2024-04-04,6674.397708333334,24
2024-04-05,6608.686291666666,24
2024-04-06,6417.080625,24
2024-04-07,5333.701041666666,24
2024-04-08,5672.732291666667,24
2024-04-09,6766.134791666666,24
2024-04-10,7673.422625,24
2024-04-11,7085.392791666666,24
2024-04-12,6131.738125,24
2024-04-13,5721.961166666667,24
2024-04-14,5366.522958333334,24
2024-04-15,5467.3467083333335,24
2024-04-16,5380.0997916666665,24
2024-04-17,5998.951125,24
2024-04-18,6840.218333333333,24
2024-04-19,7024.233458333333,24
2024-04-20,6868.536375,24
2024-04-21,6724.238708333333,24
2024-04-22,7893.7880000000005,24
2024-04-23,8431.607,24
2024-04-24,8253.60525,24
2024-04-25,8570.234291666666,24
2024-04-26,8076.736416666667,24
2024-04-27,7485.477958333333,24
2024-04-28,7535.315041666666,24
2024-04-29,7891.9776249999995,24
2024-04-30,8010.275166666666,24
2024-05-01,7439.427124999999,24
2024-05-02,7301.976958333334,24
2024-05-03,6540.1457083333335,24
2024-05-04,5968.638166666667,24
2024-05-05,5484.562791666667,24
2024-05-06,6042.147416666667,24
2024-05-07,6263.8876666666665,24
2024-05-08,6518.096458333333,24
2024-05-09,6166.582583333333,24
2024-05-10,5991.001583333334,24
2024-05-11,5997.021083333333,24
2024-05-12,5393.014541666666,24
2024-05-13,5745.8670833333335,24
2024-05-14,5693.425708333333,24
2024-05-15,5793.0209583333335,24
2024-05-16,5851.259166666667,24
2024-05-17,5863.914541666666,24
2024-05-18,5780.437541666666,24
2024-05-19,5518.7927500000005,24
2024-05-20,5950.164041666667,24
2024-05-21,5986.63075,24
2024-05-22,6288.504166666667,24
2024-05-23,6472.392333333333,24
2024-05-24,6095.046625,24
2024-05-25,5534.256708333333,24
2024-05-26,5139.556791666667,24
2024-05-27,5624.543791666667,24
2024-05-28,6096.3645,24
2024-05-29,6272.906416666666,24
2024-05-30,5532.982041666666,24
2024-05-31,5512.323125,24
2024-06-01,5461.4622500000005,24
2024-06-02,5208.002083333334,24
2024-06-03,6041.064458333333,24
2024-06-04,7064.1147083333335,24
2024-06-05,7177.976791666667,24
2024-06-06,7376.072625,24
2024-06-07,6851.001458333333,24
2024-06-08,6262.189041666667,24
2024-06-09,5425.339083333333,24
2024-06-10,6084.2898749999995,24
2024-06-11,6792.1695,24
2024-06-12,7352.072291666666,24
2024-06-13,6933.9783333333335,24
2024-06-14,6793.657208333333,24
2024-06-15,6492.234916666667,24
2024-06-16,5855.253083333333,24
2024-06-17,6763.935291666668,24
2024-06-18,6855.380666666667,24
2024-06-19,7079.044875,24
2024-06-20,7079.43475,24
2024-06-21,6647.824416666666,24
2024-06-22,6071.341166666666,24
2024-06-23,5793.115125,24
2024-06-24,6221.8875,24
2024-06-25,6448.362666666667,24
2024-06-26,6133.068958333333,24
2024-06-27,5777.433958333334,24
2024-06-28,5592.596458333333,24
2024-06-29,5751.110625,24
2024-06-30,5455.610791666667,24
2024-07-01,6159.50125,24
2024-07-02,6105.459583333333,24
2024-07-03,6208.020791666667,24
2024-07-04,6252.944541666667,24
2024-07-05,6242.877125,24
2024-07-06,6253.828375,24
2024-07-07,6010.240624999999,24
2024-07-08,6184.780875,24
2024-07-09,6425.20275,24
2024-07-10,6496.2477499999995,24
2024-07-11,6570.33525,24
2024-07-12,6631.703333333334,24
2024-07-13,6333.693208333333,24
2024-07-14,6335.477125,24
2024-07-15,6572.653041666667,24
2024-07-16,6782.419208333333,24
2024-07-17,6697.323833333333,24
2024-07-18,6817.559291666667,24
2024-07-19,6720.453208333333,24
2024-07-20,6277.621041666666,24
2024-07-21,5787.054499999999,24
2024-07-22,6055.375,24
2024-07-23,5945.578791666667,24
2024-07-24,5962.8317916666665,24
2024-07-25,6305.806833333333,24
2024-07-26,6298.443125000001,24
2024-07-27,5964.473708333334,24
2024-07-28,5814.156791666667,24
2024-07-29,6621.188083333333,24
2024-07-30,6478.803499999999,24
2024-07-31,6091.709958333333,24
2024-08-01,6115.435041666667,24
2024-08-02,6236.981458333333,24
2024-08-03,6169.4470833333335,24
2024-08-04,6218.068125000001,24
2024-08-05,6553.575666666667,24
2024-08-06,6665.809375,24
2024-08-07,6682.793833333333,24
2024-08-08,6736.9255416666665,24
2024-08-09,6438.328666666667,24
2024-08-10,5847.332625,24
2024-08-11,5873.127041666667,24
2024-08-12,6172.828624999999,24
2024-08-13,6482.633916666667,24
2024-08-14,6477.614333333334,24
2024-08-15,6637.571916666667,24
2024-08-16,6762.337416666666,24
2024-08-17,6469.334958333333,24
2024-08-18,6354.597291666666,24
2024-08-19,6980.426208333333,24
2024-08-20,6970.625,24
2024-08-21,6991.851875,24
2024-08-22,6917.404625,24
2024-08-23,6724.259916666667,24
2024-08-24,6447.599916666666,24
2024-08-25,5634.860333333333,24
2024-08-26,6281.8341666666665,24
2024-08-27,6426.030333333333,24
2024-08-28,6637.262291666666,24
2024-08-29,6668.930791666667,24
2024-08-30,6673.703416666667,24
2024-08-31,6374.797833333333,24
2024-09-01,6094.096458333333,24
2024-09-02,6932.150166666666,24
2024-09-03,7309.328750000001,24
2024-09-04,7307.809916666666,24
2024-09-05,7226.791125,24
2024-09-06,7082.309791666667,24
2024-09-07,6580.898375,24
2024-09-08,6295.492041666667,24
2024-09-09,6608.889125000001,24
2024-09-10,7434.753125,24
2024-09-11,7495.864583333333,24
2024-09-12,7193.569416666666,24
2024-09-13,7097.615458333334,24
2024-09-14,6716.348416666667,24
2024-09-15,6392.594041666667,24
2024-09-16,7161.108208333334,24
2024-09-17,7223.092874999999,24
2024-09-18,7228.1549583333335,24
2024-09-19,7607.439833333334,24
2024-09-20,7293.147791666666,24
2024-09-21,6642.059583333333,24
2024-09-22,6737.492125,24
2024-09-23,7686.412874999999,24
2024-09-24,8596.23875,24
2024-09-25,8487.3475,24
2024-09-26,8128.684208333333,24
2024-09-27,7708.035666666667,24
2024-09-28,8521.7995,24
2024-09-29,8091.911875000001,24
2024-09-30,7968.281375,24
2024-10-01,9051.512916666667,24
2024-10-02,8667.725333333334,24
2024-10-03,8477.627083333335,24
2024-10-04,7823.922541666667,24
2024-10-05,7437.848000000001,24
2024-10-06,7263.001125,24
2024-10-07,7787.989041666667,24
2024-10-08,7800.380416666667,24
2024-10-09,7244.821416666667,24
2024-10-10,7543.869708333333,24
2024-10-11,7105.623166666667,24
2024-10-12,6199.254041666667,24
2024-10-13,5817.699708333334,24
2024-10-14,6591.158958333333,24
2024-10-15,6661.552375,24
2024-10-16,7013.731708333333,24
2024-10-17,7706.158833333334,24
2024-10-18,7412.055541666666,24
2024-10-19,6890.764458333334,24
2024-10-20,6465.7228749999995,24
2024-10-21,7187.28675,24
2024-10-22,7897.529374999999,24
2024-10-23,8325.512791666666,24
2024-10-24,8783.521291666666,24
2024-10-25,8361.699583333333,24
2024-10-26,7602.826166666667,24
2024-10-27,6773.615958333333,24
2024-10-28,7147.68825,24
2024-10-29,7685.545291666666,24
2024-10-30,8338.921916666666,24
2024-10-31,8079.170083333333,24
2024-11-01,7515.190666666666,24
2024-11-02,7028.440750000001,24
2024-11-03,7075.08975,24
2024-11-04,8182.433625000001,24
2024-11-05,8391.982583333333,24
2024-11-06,8316.288999999999,24
2024-11-07,7879.109625,24
2024-11-08,7929.307916666668,24
2024-11-09,6396.494833333333,24
2024-11-10,7127.7413750000005,24
2024-11-11,8209.517291666667,24
2024-11-12,7935.703958333333,24
2024-11-13,7971.171375000001,24
2024-11-14,8177.081125,24
2024-11-15,7890.820500000001,24
2024-11-16,7839.527041666667,24
2024-11-17,8154.551041666667,24
2024-11-18,8620.542458333333,24
2024-11-19,8873.590666666667,24
2024-11-20,8614.675541666666,24
2024-11-21,8935.10325,24
2024-11-22,8678.582833333334,24
2024-11-23,8447.780875,24
2024-11-24,7715.593875,24
2024-11-25,8414.784541666666,24
2024-11-26,8542.290083333333,24
2024-11-27,9348.901291666667,24
2024-11-28,9848.12025,24
2024-11-29,9785.693625,24
2024-11-30,9388.308083333333,24
2024-12-01,9298.579958333334,24
2024-12-02,10190.404916666666,24
2024-12-03,10150.830083333332,24
2024-12-04,10520.924833333333,24
2024-12-05,10809.454041666666,24
2024-12-06,10559.603791666666,24
2024-12-07,10196.079583333334,24
2024-12-08,9151.538291666666,24
2024-12-09,10370.558333333332,24
2024-12-10,10324.508875,24
2024-12-11,11089.128458333333,24
2024-12-12,12239.647583333333,24
2024-12-13,11314.789208333334,24
2024-12-14,10829.675958333333,24
2024-12-15,10267.367458333332,24
2024-12-16,11293.936833333333,24
2024-12-17,11773.434000000001,24
2024-12-18,12341.89925,24
2024-12-19,11864.583833333332,24
2024-12-20,10817.259583333334,24
2024-12-21,9684.734291666666,24
2024-12-22,9023.999125,24
2024-12-23,9195.526833333333,24
2024-12-24,8532.22825,24
2024-12-25,7615.20375,24
2024-12-26,8261.989708333333,24
2024-12-27,9033.016125,24
2024-12-28,8528.758208333333,24
2024-12-29,7571.759041666667,24
2024-12-30,8301.771833333334,24
2024-12-31,7801.78975,24
2025-01-01,7016.654416666667,24
2025-01-02,7315.319416666666,24
2025-01-03,8091.256666666667,24
2025-01-04,7510.0585833333325,24
2025-01-05,7204.288833333333,24
2025-01-06,8295.801875,24
2025-01-07,9262.990041666666,24
2025-01-08,10468.118041666667,24
2025-01-09,10368.53175,24
2025-01-10,9859.202958333333,24
2025-01-11,9473.105916666667,24
2025-01-12,8957.204375,24
2025-01-13,9931.667041666666,24
2025-01-14,10370.441708333334,24
2025-01-15,10105.811458333334,24
2025-01-16,10230.327583333334,24
2025-01-17,9539.159166666666,24
2025-01-18,8873.848583333334,24
2025-01-19,9297.979666666666,24
2025-01-20,10057.078875000001,24
2025-01-21,10687.820249999999,24
2025-01-22,10903.036708333333,24
2025-01-23,11447.402833333334,24
2025-01-24,11968.501458333332,24
2025-01-25,11031.126041666668,24
2025-01-26,10140.297875,24
2025-01-27,10407.313791666667,24
2025-01-28,11259.247291666667,24
2025-01-29,11249.515125,24
2025-01-30,11358.363958333333,24
2025-01-31,10665.902416666666,24
2025-02-01,9796.971291666667,24
2025-02-02,9014.680458333334,24
2025-02-03,10117.27075,24
2025-02-04,10403.290791666666,24
2025-02-05,10342.97475,24
2025-02-06,10346.787291666666,24
2025-02-07,9891.208499999999,24
2025-02-08,9414.216333333334,24
2025-02-09,8870.011625000001,24
2025-02-10,9703.712666666666,24
2025-02-11,10195.776749999999,24
2025-02-12,10029.125041666666,24
2025-02-13,9856.881125,24
2025-02-14,9484.170541666666,24
2025-02-15,9207.4965,24
2025-02-16,8508.336458333333,24
2025-02-17,9693.683333333332,24
2025-02-18,9338.513833333333,24
2025-02-19,10083.068541666666,24
2025-02-20,10343.613041666666,24
2025-02-21,9957.712,24
2025-02-22,8739.419375,24
2025-02-23,8114.850833333334,24
2025-02-24,8879.563041666666,24
2025-02-25,9570.945916666666,24
2025-02-26,9537.210666666668,24
2025-02-27,9155.343166666667,24
2025-02-28,9001.773708333332,24
2025-03-01,8474.635666666667,24
2025-03-02,8422.635416666666,24
2025-03-03,8931.8225,24
2025-03-04,8901.383791666667,24
2025-03-05,8950.858458333334,24
2025-03-06,8805.889125,24
2025-03-07,8392.001333333334,24
2025-03-08,7940.5273333333325,24
2025-03-09,7583.132583333333,24
2025-03-10,8276.093958333333,24
2025-03-11,8741.922041666667,24
2025-03-12,8594.375666666667,24
2025-03-13,8678.815791666666,24
2025-03-14,8704.203,24
2025-03-15,7606.107416666667,24
2025-03-16,7242.060708333333,24
2025-03-17,8016.947916666667,24
2025-03-18,8441.361958333333,24
2025-03-19,8765.508833333333,24
2025-03-20,8501.824958333333,24
2025-03-21,7984.821666666667,24
2025-03-22,7558.3060000000005,24
2025-03-23,7494.010958333333,24
2025-03-24,8944.40875,24
2025-03-25,8849.500666666667,24
2025-03-26,8656.324791666668,24
2025-03-27,9036.268166666667,24
2025-03-28,8553.834583333333,24
2025-03-29,7878.6494999999995,24
2025-03-30,7685.390375,24
2025-03-31,8464.792458333333,24
2025-04-01,7862.840166666666,24
2025-04-02,8807.873916666666,24
2025-04-03,8766.468708333334,24
2025-04-04,8199.435583333334,24
2025-04-05,7028.683916666666,24
2025-04-06,6685.622166666667,24
2025-04-07,7149.743458333333,24
2025-04-08,7442.316291666667,24
2025-04-09,7380.013583333333,24
2025-04-10,8068.200249999999,24
2025-04-11,8041.974875,24
2025-04-12,7448.3883749999995,24
2025-04-13,6586.728291666666,24
2025-04-14,7603.908583333334,24
2025-04-15,8202.412333333334,24
2025-04-16,8092.851125,24
2025-04-17,7908.437291666666,24
2025-04-18,7145.300375,24
2025-04-19,7274.47325,24
2025-04-20,6936.267666666667,24
2025-04-21,7460.658708333333,24
2025-04-22,8460.209458333333,24
2025-04-23,8464.329125,24
2025-04-24,8755.897166666668,24
2025-04-25,8528.508458333334,24
2025-04-26,8443.037666666667,24
2025-04-27,7830.282125000001,24
2025-04-28,8597.023125,24
2025-04-29,8702.869291666668,24
2025-04-30,8372.384666666667,24
2025-05-01,7818.22825,24
2025-05-02,7777.929833333333,24
2025-05-03,7630.97275,24
2025-05-04,7338.342874999999,24
2025-05-05,8713.481833333333,24
2025-05-06,8120.9016249999995,24
2025-05-07,8414.36675,24
2025-05-08,8513.674791666666,24
2025-05-09,8242.701458333333,24
2025-05-10,7390.51425,24
2025-05-11,6228.743875,24
2025-05-12,7749.2475,24
2025-05-13,8099.049208333334,24
2025-05-14,7859.457333333333,24
2025-05-15,7612.1658333333335,24
2025-05-16,7697.972041666667,24
2025-05-17,7263.966541666666,24
2025-05-18,6520.105291666667,24
2025-05-19,7548.614208333333,24
2025-05-20,7922.024333333334,24
2025-05-21,8242.323791666668,24
2025-05-22,8177.108666666667,24
2025-05-23,8186.649791666667,24
2025-05-24,7957.347083333333,24
2025-05-25,7028.549625,24
2025-05-26,8089.398416666667,24
2025-05-27,8323.695208333333,24
2025-05-28,7973.972208333334,24
2025-05-29,7822.889666666666,24
2025-05-30,7883.351166666667,24
2025-05-31,7290.038625,24
2025-06-01,6839.64875,24
2025-06-02,7488.855500000001,24
2025-06-03,7691.914083333333,24
2025-06-04,8071.492041666667,24
2025-06-05,7803.827458333333,24
2025-06-06,7772.3965,24
2025-06-07,7619.5455,24
2025-06-08,7374.092583333334,24
2025-06-09,8260.741416666666,24
2025-06-10,9249.788999999999,24
2025-06-11,9194.757166666666,24
2025-06-12,9048.211000000001,24
2025-06-13,8694.175000000001,24
2025-06-14,8187.590583333334,24
2025-06-15,7627.363125,24
2025-06-16,7994.971624999999,24
2025-06-17,8221.370499999999,24
2025-06-18,7647.425916666667,24
2025-06-19,7109.780166666666,24
2025-06-20,7142.548875,24
2025-06-21,7055.44875,24
2025-06-22,6901.943583333334,24
2025-06-23,7667.3285,24
2025-06-24,8295.314041666667,24
2025-06-25,8083.441583333333,24
2025-06-26,7908.043666666667,24
2025-06-27,7947.024333333334,24
2025-06-28,7285.425458333334,24
2025-06-29,6943.737791666666,24
2025-06-30,7728.9724166666665,24
2025-07-01,7698.967166666666,24
2025-07-02,7181.786041666666,24
2025-07-03,6909.961333333334,24
2025-07-04,6800.235541666666,24
2025-07-05,6448.991083333333,24
2025-07-06,6003.12775,24
2025-07-07,6267.419166666667,24
2025-07-08,6520.060708333333,24
2025-07-09,6685.103708333333,24
2025-07-10,6921.786875000001,24
2025-07-11,6586.833041666666,24
2025-07-12,6418.446208333334,24
2025-07-13,5899.625625,24
2025-07-14,6518.235125,24
2025-07-15,6842.372,24
2025-07-16,6963.1012083333335,24
2025-07-17,6961.9185,24
2025-07-18,6782.525708333334,24
2025-07-19,6345.675375,24
2025-07-20,5927.065916666666,24
2025-07-21,6871.1875,24
2025-07-22,7159.501833333333,24
2025-07-23,7289.498166666667,24
2025-07-24,7078.609166666666,24
2025-07-25,6791.946333333333,24
2025-07-26,6399.204833333333,24
2025-07-27,5925.374083333333,24
2025-07-28,6803.1599166666665,24
2025-07-29,7071.740000000001,24
2025-07-30,6923.426833333334,24
2025-07-31,6459.952166666667,24
2025-08-01,6466.100875,24
2025-08-02,6312.304458333333,24
2025-08-03,6143.710958333333,24
2025-08-04,6797.958416666667,24
2025-08-05,6939.335208333334,24
2025-08-06,7065.324791666667,24
2025-08-07,6904.551208333333,24
2025-08-08,6935.058916666666,24
2025-08-09,6699.1435833333335,24
2025-08-10,5960.181083333333,24
2025-08-11,6832.2089166666665,24
2025-08-12,6876.219541666666,24
2025-08-13,6819.627833333333,24
2025-08-14,6752.998541666667,24
2025-08-15,6736.247916666667,24
2025-08-16,6242.684666666667,24
2025-08-17,5824.528958333333,24
2025-08-18,6877.644666666667,24
2025-08-19,6603.44825,24
2025-08-20,7082.590666666667,24
2025-08-21,7363.350958333333,24
2025-08-22,7236.746,24
2025-08-23,6899.984958333333,24
2025-08-24,6481.845666666667,24
2025-08-25,7496.949125,24
2025-08-26,7443.627875000001,24
2025-08-27,7646.920333333333,24
2025-08-28,7618.709583333333,24
2025-08-29,7295.948291666667,24
2025-08-30,7016.976416666667,24
2025-08-31,6505.764208333334,24
2025-09-01,6747.039083333333,24
2025-09-02,6877.36425,24
2025-09-03,7075.69025,24
2025-09-04,7322.481875,24
2025-09-05,7257.036916666667,24
2025-09-06,6882.140125000001,24
2025-09-07,6344.804166666666,24
2025-09-08,7055.984916666667,24
2025-09-09,7506.818583333334,24
2025-09-10,7594.053958333334,24
2025-09-11,7712.452125,24
2025-09-12,7399.008958333333,24
2025-09-13,7243.436874999999,24
2025-09-14,6761.9385,24
2025-09-15,7590.246208333333,24
2025-09-16,7829.151000000001,24
2025-09-17,8046.823666666667,24
2025-09-18,7948.950250000001,24
2025-09-19,7648.827416666667,24
2025-09-20,7502.918875,24
2025-09-21,7063.126833333333,24
2025-09-22,7359.061583333333,24
2025-09-23,7548.544958333333,24
2025-09-24,7356.708708333333,24
2025-09-25,6809.3512083333335,24
2025-09-26,6790.049,24
2025-09-27,6726.013708333333,24
2025-09-28,6310.5637916666665,24
2025-09-29,7125.1973333333335,24
2025-09-30,7962.437875,24
2025-10-01,7855.574250000001,24
2025-10-02,7732.590499999999,24
2025-10-03,6988.424333333333,24
2025-10-04,6528.9795,24
2025-10-05,6836.700083333333,24
2025-10-06,7790.03,24
2025-10-07,7836.045875,24
2025-10-08,7586.408083333333,24
2025-10-09,6820.134458333334,24
2025-10-10,7219.78475,24
2025-10-11,7029.9315,24
2025-10-12,6364.528541666667,24
2025-10-13,7234.646541666666,24
2025-10-14,8186.0689999999995,24
2025-10-15,8288.966583333333,24
2025-10-16,8728.107791666667,24
2025-10-17,8139.858,24
2025-10-18,7952.3883749999995,24
2025-10-19,7969.254708333334,24
2025-10-20,7962.477208333334,24
2025-10-21,8315.165708333334,24
2025-10-22,8376.827333333333,24
2025-10-23,8280.644666666667,24
2025-10-24,8055.65275,24
2025-10-25,7535.339208333334,24
2025-10-26,6871.445583333333,24
2025-10-27,8057.406,24
2025-10-28,8619.743208333333,24
2025-10-29,8526.286708333333,24
2025-10-30,8521.390916666667,24
2025-10-31,8488.769625,24
2025-11-01,8276.710541666667,24
2025-11-02,8169.412375,24
2025-11-03,9225.432999999999,24
2025-11-04,9602.300333333333,24
2025-11-05,10527.080958333334,24
2025-11-06,10855.722291666667,24
2025-11-07,10413.672,24
2025-11-08,9512.356708333335,24
2025-11-09,8443.955541666666,24
2025-11-10,8975.950875,24
2025-11-11,9010.558916666667,24
2025-11-12,9271.130125,24
2025-11-13,9605.767291666667,24
2025-11-14,10067.332708333333,24
2025-11-15,9288.021083333333,24
2025-11-16,8669.834916666667,24
2025-11-17,9802.311625,24
2025-11-18,10516.088166666666,24
2025-11-19,11333.557625,24
2025-11-20,10288.383791666667,24
2025-11-21,10074.186083333332,24
2025-11-22,9520.553666666667,24
2025-11-23,8512.115749999999,24
2025-11-24,8970.493083333333,24
2025-11-25,9398.977416666667,24
2025-11-26,9509.232916666666,24
2025-11-27,9475.203625,24
2025-11-28,9217.366166666667,24
2025-11-29,8785.882125,24
2025-11-30,8577.041583333334,24
2025-12-01,9743.560791666667,24
2025-12-02,10523.435041666666,24
2025-12-03,10850.160708333333,24
2025-12-04,10617.91475,24
2025-12-05,10349.821416666668,24
2025-12-06,9753.146083333333,24
2025-12-07,9383.758416666666,24
2025-12-08,10279.634458333332,24
2025-12-09,10941.52375,24
2025-12-10,10897.266333333333,24
2025-12-11,11021.356708333333,24
2025-12-12,10867.18925,24
2025-12-13,9919.921041666666,24
2025-12-14,9448.78925,24
2025-12-15,10575.246833333333,24
2025-12-16,11072.131333333333,24
2025-12-17,11940.375958333332,24
2025-12-18,12079.329875000001,24
2025-12-19,11299.401583333332,24
2025-12-20,10007.518166666667,24
2025-12-21,9331.891875,24
2025-12-22,10264.952916666667,24
2025-12-23,9660.835625,24
2025-12-24,8815.053083333334,24
2025-12-25,8212.523374999999,24
2025-12-26,8927.644958333332,24
2025-12-27,8521.577958333333,24
2025-12-28,9175.265583333334,24
2025-12-29,10107.631458333333,24
2025-12-30,9701.402708333333,24
2025-12-31,8605.970458333333,24
2026-01-01,8358.366208333333,24
2026-01-02,8992.173166666666,24
2026-01-03,8758.84525,24
2026-01-04,8201.044625,24
2026-01-05,8556.221,24
2026-01-06,9069.531625,24
2026-01-07,9212.840083333334,24
2026-01-08,9136.808333333332,24
2026-01-09,8832.632208333334,24
2026-01-10,8268.224458333332,24
2026-01-11,7957.239958333333,24
2026-01-12,9015.047625000001,24
2026-01-13,9314.21975,24
2026-01-14,9580.714583333332,24
2026-01-15,9789.134166666667,24
2026-01-16,9393.895,24
2026-01-17,8775.603291666666,24
2026-01-18,8279.255583333334,24
2026-01-19,9107.6495,24
2026-01-20,9374.117833333334,24
2026-01-21,9038.14525,24
2026-01-22,8412.192166666666,24
2026-01-23,8198.387916666667,24
2026-01-24,7758.4591666666665,24
2026-01-25,7380.112916666666,24
2026-01-26,8187.011458333333,24
2026-01-27,8410.734875,24
2026-01-28,8979.688958333334,24
2026-01-29,8702.740541666668,24
2026-01-30,8013.176625,24
2026-01-31,8513.116875,24
2026-02-01,8476.512041666667,24
2026-02-02,8851.103458333333,24
2026-02-03,9187.125625,24
2026-02-04,9270.252916666666,24
2026-02-05,9595.148541666667,24
2026-02-06,9240.680291666666,24
2026-02-07,8559.767833333333,24
2026-02-08,7918.894541666666,24
2026-02-09,8560.385041666666,24
2026-02-10,8447.771458333333,24
2026-02-11,8304.547666666667,24
2026-02-12,8397.408375,24
2026-02-13,7980.0342083333335,24
2026-02-14,7427.538333333334,24
2026-02-15,7028.017958333334,24
2026-02-16,7899.868583333333,24
2026-02-17,7985.065708333333,24
2026-02-18,8511.2875,24
2026-02-19,9070.074875,24
2026-02-20,8927.105291666667,24
2026-02-21,8650.329083333332,24
2026-02-22,7843.98175,24
2026-02-23,8834.629125,24
2026-02-24,9133.377125,24
2026-02-25,9234.486833333334,24
2026-02-26,9138.281583333333,24
2026-02-27,8744.999249999999,24
2026-02-28,8316.585583333333,24
2026-03-01,7810.366208333333,24
2026-03-02,8536.382666666666,24
2026-03-03,9191.771666666666,24
2026-03-04,9093.547541666667,24
2026-03-05,8963.188541666666,24
2026-03-06,8897.4065,24
2026-03-07,8007.518416666667,24
2026-03-08,7473.083,24
2026-03-09,8528.805833333334,24
2026-03-10,8587.980791666667,24
2026-03-11,8353.757375,24
2026-03-12,8779.9075,24
2026-03-13,8481.383666666667,24
2026-03-14,7872.155333333333,24
2026-03-15,7151.281208333334,24
2026-03-16,7853.500583333333,24
2026-03-17,8684.474708333333,24
2026-03-18,8733.708333333334,24
2026-03-19,8655.482791666667,24
2026-03-20,8798.110416666666,24
2026-03-21,8620.718083333333,24
2026-03-22,8259.846958333334,24
2026-03-23,8870.029458333333,24
2026-03-24,9080.633791666667,24
2026-03-25,9940.474458333332,24
2026-03-26,10722.76975,24
2026-03-27,10170.667208333334,24
2026-03-28,9596.899374999999,24
2026-03-29,9470.990125,24
2026-03-30,9918.872416666667,24
2026-03-31,9895.282041666667,24
2026-04-01,9774.032000000001,24
2026-04-02,9563.274625,24
2026-04-03,9151.953875000001,24
2026-04-04,8282.451916666667,24
2026-04-05,7947.134875,24
2026-04-06,8883.8915,24
2026-04-07,9724.125333333333,24
2026-04-08,9525.507708333333,24
2026-04-09,10361.652375,24
2026-04-10,9949.248291666667,24
2026-04-11,9035.213166666666,24
2026-04-12,7932.919208333333,24
2026-04-13,8492.31075,24
2026-04-14,8819.233208333333,24
2026-04-15,8577.892708333333,24
2026-04-16,8478.714458333334,24
2026-04-17,8227.994416666666,24
2026-04-18,7506.372666666666,24
2026-04-19,7305.184458333333,24
2026-04-20,8163.66025,24
2026-04-21,7840.5045,24
2026-04-22,8207.454583333334,24
2026-04-23,8394.193333333335,24
2026-04-24,8770.327708333332,24
2026-04-25,8249.844041666667,24
2026-04-26,7855.116416666667,24
2026-04-27,8627.2065,24
2026-04-28,8491.914166666667,24
2026-04-29,8937.901708333333,24
2026-04-30,9177.336583333334,24
2026-05-01,9066.572708333333,24
2026-05-02,8241.014083333333,24
2026-05-03,7634.992583333333,24
2026-05-04,8663.000166666667,24
2026-05-05,9211.741416666666,24
2026-05-06,9281.782125,24
2026-05-07,9159.136124999999,24
2026-05-08,8384.394958333332,24
2026-05-09,7220.417166666666,24
2026-05-10,7180.192291666666,24
2026-05-11,8548.805416666666,24
2026-05-12,9511.484875,24
2026-05-13,10058.270833333334,24
2026-05-14,9943.731666666667,24
2026-05-15,9595.579458333334,24
2026-05-16,8854.592041666667,24
2026-05-17,8084.204083333333,24
2026-05-18,9245.197875,24
2026-05-19,10163.121083333333,24
2026-05-20,10527.172458333333,24
2026-05-21,10484.790291666666,24
2026-05-22,9748.679375,24
2026-05-23,8931.165208333334,24
2026-05-24,8304.68775,24
2026-05-25,8308.942000000001,24
2026-05-26,8422.8005,24
2026-05-27,8534.293416666666,24
2026-05-28,8586.944625,24
2026-05-29,8463.649875000001,24
2026-05-30,8044.61175,24
2026-05-31,7589.4650833333335,24
2026-06-01,8452.719416666667,24
2026-06-02,8658.375125,24
