data,periodo,vazao_proxy_m3s,geracao_real_mwmed,vazao_turbinada_equivalente_m3s,razao_qeq_qproxy,produtividade_proxy_mw_por_m3s
2015-01-02,treino,3546.0000,8706.3879,8356.8862,2.356708,2.455270
2015-01-03,treino,3270.7000,7748.2388,7437.2002,2.273886,2.368985
2015-01-04,treino,3094.3000,7809.1086,7495.6265,2.422398,2.523708
2015-01-05,treino,3722.3999,8836.2558,8481.5408,2.278514,2.373806
2015-01-06,treino,4574.7998,9819.7910,9425.5938,2.060329,2.146496
2015-01-07,treino,4766.7002,10430.7670,10012.0433,2.100414,2.188257
2015-01-08,treino,4980.0000,10746.1996,10314.8135,2.071248,2.157871
2015-01-09,treino,4893.0000,10297.3012,9883.9352,2.020015,2.104496
2015-01-10,treino,4539.2002,9874.5123,9478.1184,2.088059,2.175386
2015-01-11,treino,4090.6001,9660.7595,9272.9463,2.266891,2.361697
2015-01-12,treino,4355.8999,11096.9200,10651.4548,2.445294,2.547561
2015-01-13,treino,5320.0000,11247.5883,10796.0748,2.029337,2.114208
2015-01-14,treino,5113.2998,11438.3400,10979.1692,2.147179,2.236978
2015-01-15,treino,4867.5000,10901.7084,10464.0796,2.149785,2.239694
2015-01-16,treino,4960.8999,10785.6984,10352.7267,2.086865,2.174142
2015-01-17,treino,4315.7998,10552.4794,10128.8698,2.346928,2.445081
2015-01-18,treino,3712.8999,9870.2422,9474.0197,2.551650,2.658365
2015-01-19,treino,4205.7002,10731.1510,10300.3690,2.449145,2.551573
2015-01-20,treino,4905.0000,11229.7048,10778.9092,2.197535,2.289440
2015-01-21,treino,4876.7002,10730.3837,10299.6325,2.112009,2.200337
2015-01-22,treino,4599.2002,10534.2187,10111.3421,2.198500,2.290446
2015-01-23,treino,4800.7998,10678.0699,10249.4187,2.134940,2.224227
2015-01-24,treino,4122.5000,9613.4347,9227.5213,2.238331,2.331943
2015-01-25,treino,3142.0000,9556.3616,9172.7393,2.919395,3.041490
2015-01-26,treino,3210.1001,10611.8312,10185.8390,3.173060,3.305763
2015-01-27,treino,3624.3999,11089.2138,10644.0580,2.936778,3.059600
2015-01-28,treino,3793.3000,11114.3663,10668.2008,2.812380,2.929999
2015-01-29,treino,4295.5000,10549.0878,10125.6143,2.357261,2.455846
2015-01-30,treino,4866.7002,10626.3113,10199.7378,2.095822,2.183474
2015-01-31,treino,4830.3999,9303.1381,8929.6810,1.848642,1.925956
2015-02-01,treino,3760.2000,9712.2575,9322.3770,2.479224,2.582910
2015-02-02,treino,3215.3000,11227.6948,10776.9799,3.351780,3.491959
2015-02-03,treino,3728.1001,10433.5074,10014.6737,2.686267,2.798612
2015-02-04,treino,3659.0000,10476.4432,10055.8859,2.748261,2.863198
2015-02-05,treino,3953.1001,10335.9825,9921.0638,2.509692,2.614652
2015-02-06,treino,3800.3000,10058.3752,9654.6005,2.540484,2.646732
2015-02-07,treino,3398.0000,8961.9065,8602.1475,2.531533,2.637406
2015-02-08,treino,2873.7000,9309.7398,8936.0177,3.109586,3.239635
2015-02-09,treino,2970.7000,10393.4276,9976.2028,3.358199,3.498646
2015-02-10,treino,3136.5000,10378.9336,9962.2907,3.176244,3.309081
2015-02-11,treino,3276.8999,10124.2110,9717.7934,2.965545,3.089570
2015-02-12,treino,3401.3000,10332.7177,9917.9301,2.915923,3.037873
2015-02-13,treino,3751.1001,10275.8098,9863.3066,2.629444,2.739412
2015-02-14,treino,3660.3000,9287.4666,8914.6386,2.435494,2.537351
2015-02-15,treino,3251.7000,8381.9879,8045.5087,2.474247,2.577725
2015-02-16,treino,2944.5000,8859.7775,8504.1182,2.888137,3.008924
2015-02-17,treino,3115.6001,8830.0607,8475.5944,2.720373,2.834144
2015-02-18,treino,3164.7000,9430.1131,9051.5588,2.860163,2.979781
2015-02-19,treino,3382.8000,9784.3561,9391.5814,2.776274,2.892384
2015-02-20,treino,3525.7000,10134.8182,9727.9748,2.759161,2.874555
2015-02-21,treino,3745.2000,9159.4178,8791.7300,2.347466,2.445642
2015-02-22,treino,3020.0000,9681.5668,9292.9184,3.077125,3.205817
2015-02-23,treino,2940.8000,11261.3762,10809.3093,3.675636,3.829358
2015-02-24,treino,5133.7002,10880.0835,10443.3229,2.034268,2.119345
2015-02-25,treino,8304.2002,11583.3189,11118.3282,1.338880,1.394875
2015-02-26,treino,8035.3999,11590.7062,11125.4189,1.384551,1.442455
2015-02-27,treino,8019.7998,11525.8338,11063.1507,1.379480,1.437172
2015-02-28,treino,7334.6001,10106.2821,9700.5842,1.322578,1.377891
2015-03-01,treino,6198.7998,9847.8692,9452.5449,1.524899,1.588674
2015-03-02,treino,5955.0000,11140.6101,10693.3911,1.795700,1.870799
2015-03-03,treino,7175.7998,11794.4610,11320.9943,1.577663,1.643644
2015-03-04,treino,7413.2998,12124.5976,11637.8783,1.569865,1.635520
2015-03-05,treino,7646.8999,11821.5069,11346.9546,1.483863,1.545921
2015-03-06,treino,7677.2998,11564.8528,11100.6034,1.445899,1.506370
2015-03-07,treino,6652.2998,10501.7191,10080.1472,1.515288,1.578660
2015-03-08,treino,6039.2002,9751.2533,9359.8074,1.549842,1.614660
2015-03-09,treino,6557.1001,11088.5338,10643.4053,1.623188,1.691073
2015-03-10,treino,7900.0000,11524.5699,11061.9375,1.400245,1.458806
2015-03-11,treino,7911.5000,11237.7298,10786.6121,1.363409,1.420430
2015-03-12,treino,7561.8999,11143.1963,10695.8735,1.414443,1.473597
2015-03-13,treino,8512.5000,11237.3488,10786.2464,1.267107,1.320100
2015-03-14,treino,7911.2998,10549.4880,10125.9985,1.279941,1.333471
2015-03-15,treino,7271.7002,10467.9264,10047.7110,1.381755,1.439543
2015-03-16,treino,6865.6001,12154.5324,11666.6114,1.699285,1.770353
2015-03-17,treino,6970.2002,12422.1589,11923.4945,1.710639,1.782181
2015-03-18,treino,6673.2998,11958.9150,11478.8466,1.720116,1.792054
2015-03-19,treino,7071.7002,11895.3824,11417.8645,1.614585,1.682111
2015-03-20,treino,7168.1001,11435.7020,10976.6371,1.531318,1.595360
2015-03-21,treino,6682.7002,10212.0753,9802.1306,1.466792,1.528136
2015-03-22,treino,5890.0000,9506.4318,9124.8138,1.549204,1.613995
2015-03-23,treino,6490.0000,10652.1168,10224.5074,1.575425,1.641312
2015-03-24,treino,7402.1001,9991.3984,9590.3123,1.295620,1.349806
2015-03-25,treino,7283.5000,10613.7430,10187.6741,1.398733,1.457231
2015-03-26,treino,7608.1001,10612.9461,10186.9092,1.338956,1.394954
2015-03-27,treino,7528.1001,10499.7922,10078.2976,1.338757,1.394747
2015-03-28,treino,7382.8999,9318.2042,8944.1422,1.211467,1.262133
2015-03-29,treino,6132.5000,8965.5525,8605.6471,1.403285,1.461973
2015-03-30,treino,6495.7998,10321.9313,9907.5767,1.525228,1.589016
2015-03-31,treino,8426.0000,11022.8967,10580.4031,1.255685,1.308200
2015-04-01,treino,7933.2998,10694.0197,10264.7283,1.293879,1.347991
2015-04-02,treino,8102.1001,10307.9870,9894.1921,1.221189,1.272261
2015-04-03,treino,6642.1001,8835.2890,8480.6129,1.276797,1.330195
2015-04-04,treino,5805.0000,8707.5771,8358.0277,1.439798,1.500013
2015-04-05,treino,6264.2002,8288.3875,7955.6657,1.270021,1.323136
2015-04-06,treino,6212.5000,9359.3722,8983.6577,1.446062,1.506539
2015-04-07,treino,7162.5000,9749.5414,9358.1643,1.306550,1.361193
2015-04-08,treino,7056.5000,9430.8378,9052.2544,1.282825,1.336475
2015-04-10,treino,6375.7998,9499.7808,9118.4299,1.430163,1.489975
2015-04-11,treino,5706.7002,8931.9294,8573.3738,1.502335,1.565165
2015-04-12,treino,5264.2002,8753.6625,8402.2630,1.596114,1.662867
2015-04-13,treino,6005.0000,9399.1080,9021.7983,1.502381,1.565214
2015-04-14,treino,5937.5000,9780.8628,9388.2283,1.581175,1.647303
2015-04-15,treino,6834.3999,10403.1262,9985.5121,1.461066,1.522171
2015-04-16,treino,6933.5000,10851.4312,10415.8208,1.502246,1.565073
2015-04-17,treino,8469.7998,10500.2071,10078.6959,1.189957,1.239723
2015-04-18,treino,7934.3999,9235.5782,8864.8332,1.117266,1.163992
2015-04-19,treino,6307.8999,8318.6355,7984.6994,1.265825,1.318765
2015-04-20,treino,6014.2002,9044.2790,8681.2133,1.443453,1.503821
2015-04-21,treino,5955.0000,8492.1833,8151.2804,1.368813,1.426059
2015-04-22,treino,6275.7998,9207.7561,8838.1279,1.408287,1.467184
2015-04-23,treino,6148.2998,9450.2357,9070.8736,1.475347,1.537049
2015-04-24,treino,5892.5000,9553.4953,9169.9881,1.556214,1.621297
2015-04-25,treino,5990.7998,9336.4017,8961.6092,1.495895,1.558457
2015-04-26,treino,5246.7002,9087.3401,8722.5458,1.662482,1.732011
2015-04-27,treino,5402.5000,9548.2160,9164.9207,1.696422,1.767370
2015-04-28,treino,5710.7998,9354.9612,8979.4237,1.572358,1.638118
2015-04-29,treino,5714.2002,9721.3541,9331.1085,1.632968,1.701262
2015-04-30,treino,5616.7002,9017.2155,8655.2363,1.540982,1.605429
2015-05-01,treino,5229.2002,8441.5544,8102.6840,1.549507,1.614311
2015-05-02,treino,5154.2002,8273.6000,7941.4718,1.540777,1.605215
2015-05-03,treino,5124.2002,7534.6654,7232.2003,1.411381,1.470408
2015-05-04,treino,5415.7998,8078.6036,7754.3031,1.431793,1.491673
2015-05-05,treino,6473.2998,8738.9487,8388.1399,1.295806,1.349999
2015-05-06,treino,6177.5000,8947.1650,8587.9977,1.390206,1.448347
2015-05-07,treino,5703.2998,9735.5893,9344.7723,1.638485,1.707010
2015-05-08,treino,5589.2002,9198.4290,8829.1753,1.579685,1.645751
2015-05-09,treino,5419.2002,8500.3638,8159.1326,1.505597,1.568564
2015-05-10,treino,5162.5000,7726.4137,7416.2512,1.436562,1.496642
2015-05-11,treino,5215.0000,9096.8696,8731.6928,1.674342,1.744366
2015-05-12,treino,5546.7002,9509.0563,9127.3330,1.645543,1.714363
2015-05-13,treino,5737.5000,9973.0076,9572.6598,1.668437,1.738215
2015-05-14,treino,5798.2998,10867.3692,10431.1189,1.798996,1.874234
2015-05-15,treino,6214.2002,9671.3534,9283.1150,1.493855,1.556331
2015-05-16,treino,6134.2002,8827.6208,8473.2525,1.381313,1.439083
2015-05-17,treino,5165.7998,8467.2532,8127.3512,1.573300,1.639098
2015-05-18,treino,5174.2002,9172.2978,8804.0931,1.701537,1.772699
2015-05-19,treino,5492.5000,10359.2989,9943.4442,1.810368,1.886081
2015-05-20,treino,5718.2998,10708.7617,10278.8785,1.797541,1.872718
2015-05-21,treino,6165.0000,10673.9077,10245.4236,1.661869,1.731372
2015-05-22,treino,6397.5000,10168.5053,9760.3096,1.525644,1.589450
2015-05-23,treino,6007.5000,9574.3278,9189.9843,1.529752,1.593729
2015-05-24,treino,5498.8999,9156.8883,8789.3021,1.598375,1.665222
2015-05-25,treino,5691.7002,10197.4413,9788.0840,1.719712,1.791634
2015-05-26,treino,5618.2998,10064.7780,9660.7463,1.719514,1.791428
2015-05-27,treino,5618.2998,9995.4420,9594.1936,1.707669,1.779087
2015-05-28,treino,5338.2998,10298.7880,9885.3624,1.851781,1.929226
2015-05-29,treino,5265.7998,9701.4730,9312.0254,1.768397,1.842355
2015-05-30,treino,5185.0000,9254.1992,8882.7066,1.713155,1.784802
2015-05-31,treino,5133.2998,8668.7095,8320.7203,1.620930,1.688721
2015-06-01,treino,5881.7002,9249.9868,8878.6633,1.509540,1.572672
2015-06-02,treino,7029.2002,9704.7783,9315.1981,1.325215,1.380638
2015-06-03,treino,6583.2998,9870.7751,9474.5313,1.439177,1.499366
2015-06-04,treino,5594.2002,9526.3985,9143.9790,1.634546,1.702906
2015-06-05,treino,5428.2998,9999.0065,9597.6151,1.768070,1.842014
2015-06-06,treino,5386.7002,10330.4638,9915.7666,1.840787,1.917772
2015-06-07,treino,5265.7998,9379.3766,9002.8591,1.709685,1.781187
2015-06-08,treino,5637.5000,10221.1386,9810.8300,1.740280,1.813062
2015-06-09,treino,6214.2002,10623.2504,10196.7999,1.640887,1.709512
2015-06-10,treino,5747.5000,10328.5704,9913.9492,1.724915,1.797054
2015-06-11,treino,5775.7998,9674.9577,9286.5745,1.607842,1.675085
2015-06-12,treino,6063.2998,8895.4172,8538.3273,1.408198,1.467092
2015-06-13,treino,5923.2998,7879.1678,7562.8733,1.276801,1.330199
2015-06-14,treino,5265.0000,7993.9654,7673.0626,1.457372,1.518322
2015-06-15,treino,5200.0000,8956.3809,8596.8437,1.653239,1.722381
2015-06-16,treino,5179.2002,9207.2377,8837.6303,1.706370,1.777734
2015-06-17,treino,5240.0000,9901.1158,9503.6540,1.813674,1.889526
2015-06-18,treino,5211.7002,9748.2348,9356.9101,1.795366,1.870452
2015-06-19,treino,5339.2002,8952.4181,8593.0400,1.609425,1.676734
2015-06-20,treino,4975.7998,8371.3071,8035.2566,1.614867,1.682404
2015-06-21,treino,4835.0000,7976.4841,7656.2830,1.583513,1.649738
2015-06-22,treino,4959.0000,9053.2218,8689.7971,1.752329,1.825614
2015-06-23,treino,4945.0000,8991.3655,8630.4240,1.745283,1.818274
2015-06-24,treino,4825.7998,9690.7441,9301.7272,1.927500,2.008111
2015-06-25,treino,4821.7002,9251.1880,8879.8163,1.841636,1.918657
2015-06-26,treino,4925.7998,8741.6043,8390.6889,1.703417,1.774657
2015-06-27,treino,4828.2998,7881.1835,7564.8081,1.566764,1.632290
2015-06-28,treino,4800.7998,7948.8593,7629.7672,1.589270,1.655736
2015-06-29,treino,4795.7998,8913.2840,8555.4768,1.783952,1.858560
2015-06-30,treino,5011.7002,9157.5093,8789.8982,1.753875,1.827226
2015-07-01,treino,5178.2998,9652.7210,9265.2305,1.789242,1.864071
2015-07-02,treino,5170.7998,9835.9361,9441.0908,1.825847,1.902208
2015-07-03,treino,5198.2998,9719.4066,9329.2391,1.794671,1.869728
2015-07-04,treino,5063.2998,9481.6118,9100.9901,1.797442,1.872615
2015-07-05,treino,5435.7998,9750.1940,9358.7907,1.721695,1.793700
2015-07-06,treino,5286.7002,10631.2556,10204.4837,1.930218,2.010944
2015-07-07,treino,4941.7002,12303.6340,11809.7276,2.389811,2.489757
2015-07-08,treino,4770.0000,12648.9062,12141.1394,2.545312,2.651762
2015-07-09,treino,4845.7998,12747.0489,12235.3424,2.524938,2.630536
2015-07-10,treino,4694.2002,10811.0119,10377.0240,2.210605,2.303057
2015-07-11,treino,5103.2998,11080.4370,10635.6335,2.084070,2.171230
2015-07-12,treino,5290.7998,8558.7183,8215.1445,1.552723,1.617661
2015-07-13,treino,5094.2002,10803.4413,10369.7573,2.035601,2.120734
2015-07-14,treino,4980.7998,10909.6738,10471.7253,2.102418,2.190346
2015-07-15,treino,4915.0000,11014.7425,10572.5762,2.151084,2.241046
2015-07-16,treino,4740.7998,11085.9687,10640.9431,2.244546,2.338417
2015-07-17,treino,4593.2998,10891.4905,10454.2719,2.275983,2.371169
2015-07-18,treino,4248.2998,10323.4466,9909.0311,2.332470,2.430018
2015-07-19,treino,4046.2000,8501.9069,8160.6137,2.016859,2.101208
2015-07-20,treino,4265.7998,10691.7412,10262.5412,2.405772,2.506386
2015-07-21,treino,4333.2998,11274.2490,10821.6653,2.497327,2.601770
2015-07-22,treino,4320.0000,11273.2045,10820.6627,2.504783,2.609538
2015-07-23,treino,4263.5000,11362.3488,10906.2285,2.558046,2.665028
2015-07-24,treino,4554.2002,11436.5983,10977.4974,2.410412,2.511220
2015-07-25,treino,4517.5000,10563.4284,10139.3793,2.244467,2.338335
2015-07-26,treino,4227.5000,8724.8880,8374.6437,1.980992,2.063841
2015-07-27,treino,4148.2998,10800.6298,10367.0587,2.499110,2.603628
2015-07-28,treino,4497.5000,10996.3136,10554.8871,2.346834,2.444984
2015-07-29,treino,4521.7002,11055.5164,10611.7133,2.346841,2.444991
2015-07-30,treino,4586.7002,10963.0118,10522.9221,2.294225,2.390174
2015-07-31,treino,5062.5000,10480.7185,10059.9896,1.987158,2.070265
2015-08-01,treino,4867.2998,9686.8279,9297.9682,1.910293,1.990185
2015-08-02,treino,4752.5000,8948.4918,8589.2713,1.807316,1.882902
2015-08-03,treino,4772.5000,9947.1380,9547.8287,2.000593,2.084261
2015-08-04,treino,4804.2002,10398.6568,9981.2221,2.077603,2.164493
2015-08-05,treino,4708.2998,10260.3610,9848.4780,2.091727,2.179207
2015-08-06,treino,4325.0000,10380.5800,9963.8710,2.303785,2.400134
2015-08-07,treino,4545.0000,10894.5127,10457.1728,2.300808,2.397032
2015-08-08,treino,4709.2002,9903.7657,9506.1975,2.018644,2.103067
2015-08-09,treino,4255.7998,9255.5875,8884.0393,2.087513,2.174817
2015-08-10,treino,4249.2002,10576.2906,10151.7252,2.389091,2.489007
2015-08-11,treino,4415.7998,10713.1482,10283.0888,2.328704,2.426095
2015-08-12,treino,4367.5000,10647.3698,10219.9510,2.340000,2.437864
2015-08-13,treino,4329.2002,10525.5128,10102.9858,2.333684,2.431283
2015-08-14,treino,4371.7002,9965.5793,9565.5297,2.188057,2.279566
2015-08-15,treino,4655.7998,9493.9084,9112.7932,1.957299,2.039157
2015-08-16,treino,4385.7998,9460.3228,9080.5558,2.070445,2.157035
2015-08-17,treino,4370.0000,10372.3968,9956.0163,2.278265,2.373546
2015-08-18,treino,4520.7998,10123.3630,9716.9795,2.149394,2.239286
2015-08-19,treino,4345.7998,10173.4898,9765.0940,2.247019,2.340994
2015-08-20,treino,4379.2002,9767.5187,9375.4199,2.140898,2.230434
2015-08-21,treino,4339.2002,9261.2470,8889.4715,2.048643,2.134321
2015-08-22,treino,4363.2998,8354.8837,8019.4925,1.837942,1.914809
2015-08-23,treino,4261.0000,8300.9685,7967.7416,1.869923,1.948127
2015-08-24,treino,4268.2998,9217.9937,8847.9546,2.072946,2.159641
2015-08-25,treino,4343.2998,9335.5451,8960.7871,2.063129,2.149413
2015-08-26,treino,4379.2002,9404.4764,9026.9512,2.061324,2.147533
2015-08-27,treino,4660.0000,9257.5346,8885.9082,1.906847,1.986595
2015-08-28,treino,4670.0000,8993.0568,8632.0473,1.848404,1.925708
2015-08-29,treino,4425.7998,8004.2892,7682.9719,1.735951,1.808552
2015-08-30,treino,4067.5000,7984.9627,7664.4213,1.884308,1.963113
2015-08-31,treino,4282.7998,9196.9232,8827.7298,2.061205,2.147409
2015-09-01,treino,4363.2998,9948.7384,9549.3648,2.188565,2.280095
2015-09-02,treino,4181.8999,9552.8116,9169.3318,2.192623,2.284323
2015-09-03,treino,4144.7998,10143.4210,9736.2323,2.349024,2.447264
2015-09-04,treino,4258.2002,9347.1873,8971.9619,2.106985,2.195103
2015-09-05,treino,4264.2998,8499.8838,8158.6719,1.913250,1.993266
2015-09-06,treino,4345.0000,7673.3144,7365.2835,1.695117,1.766010
2015-09-07,treino,4388.2998,7819.9653,7506.0473,1.710468,1.782003
2015-09-08,treino,4403.2998,8614.0315,8268.2373,1.877737,1.956267
2015-09-09,treino,4438.2998,8877.2903,8520.9280,1.919863,2.000156
2015-09-10,treino,5144.2002,8959.7951,8600.1209,1.671809,1.741728
2015-09-11,treino,6116.7002,8722.7474,8372.5890,1.368808,1.426054
2015-09-12,treino,6085.7998,8389.0109,8052.2497,1.323121,1.378457
2015-09-13,treino,5598.2998,8240.1394,7909.3544,1.412814,1.471900
2015-09-14,treino,5140.0000,9196.5101,8827.3334,1.717380,1.789204
2015-09-15,treino,4799.2002,9763.2319,9371.3052,1.952681,2.034346
2015-09-16,treino,4717.5000,10905.8733,10468.0774,2.218988,2.311791
2015-09-17,treino,4880.0000,11087.6910,10642.5964,2.180860,2.272068
2015-09-18,treino,5990.0000,10373.6300,9957.2000,1.662304,1.731825
2015-09-19,treino,5583.2998,9245.5657,8874.4197,1.589458,1.655932
2015-09-20,treino,4685.0000,8678.9559,8330.5554,1.778133,1.852499
2015-09-21,treino,4780.7998,10047.0127,9643.6941,2.017172,2.101534
2015-09-22,treino,6119.2002,10108.9572,9703.1519,1.585690,1.652006
2015-09-23,treino,6430.0000,10317.3945,9903.2219,1.540159,1.604571
2015-09-24,treino,6391.0000,10474.2681,10053.7982,1.573118,1.638909
2015-09-25,treino,6310.7998,10641.3352,10214.1586,1.618520,1.686210
2015-09-26,treino,5960.7998,9483.8550,9103.1433,1.527168,1.591037
2015-09-27,treino,5377.5000,8419.3268,8081.3486,1.502808,1.565658
2015-09-28,treino,5966.7002,9973.5777,9573.2070,1.604439,1.671540
2015-09-29,treino,6043.7998,10017.4469,9615.3152,1.590939,1.657475
2015-09-30,treino,6230.3999,10716.6010,10286.4030,1.651002,1.720050
2015-10-01,treino,6211.2998,11125.6957,10679.0754,1.719298,1.791202
2015-10-02,treino,6436.2002,10764.3001,10332.1873,1.605324,1.672462
2015-10-03,treino,6095.7998,9796.4283,9403.1690,1.542565,1.607078
2015-10-04,treino,4925.0000,9120.1190,8754.0088,1.777464,1.851801
2015-10-05,treino,5215.0000,10445.4890,10026.1743,1.922565,2.002970
2015-10-06,treino,6548.2998,11622.6267,11156.0580,1.703657,1.774908
2015-10-07,treino,6852.2998,11604.5578,11138.7145,1.625544,1.693527
2015-10-08,treino,7069.0000,11237.4337,10786.3279,1.525863,1.589678
2015-10-09,treino,7430.3999,10921.6444,10483.2153,1.410855,1.469860
2015-10-10,treino,7657.2998,9693.4950,9304.3677,1.215098,1.265916
2015-10-11,treino,8716.7002,9164.2947,8796.4112,1.009145,1.051349
2015-10-12,treino,8920.7998,9496.1568,9114.9513,1.021764,1.064496
2015-10-13,treino,9047.9004,10716.6965,10286.4947,1.136893,1.184440
2015-10-14,treino,9149.0000,11158.3523,10710.4211,1.170666,1.219625
2015-10-15,treino,9396.9004,12324.8447,11830.0868,1.258935,1.311586
2015-10-16,treino,9394.5996,12332.3062,11837.2488,1.260006,1.312702
2015-10-17,treino,8166.7002,10668.5228,10240.2548,1.253904,1.306344
2015-10-18,treino,6540.0000,9792.0849,9398.9999,1.437156,1.497261
2015-10-19,treino,6232.5000,12206.6605,11716.6469,1.879927,1.958550
2015-10-20,treino,6576.8999,12614.9377,12108.5345,1.841070,1.918067
2015-10-21,treino,6934.7998,12728.5675,12217.6029,1.761782,1.835463
2015-10-22,treino,7229.3999,11858.9077,11382.8540,1.574523,1.640372
2015-10-23,treino,7141.2998,12024.9927,11542.2718,1.616270,1.683866
2015-10-24,treino,7163.5000,10712.8917,10282.8427,1.435450,1.495483
2015-10-25,treino,6784.2002,9751.4739,9360.0192,1.379679,1.437380
2015-10-26,treino,7041.7002,11731.6030,11260.6597,1.599139,1.666019
2015-10-27,treino,7367.1001,11432.2108,10973.2860,1.489499,1.551793
2015-10-28,treino,7174.3999,12070.7580,11586.1999,1.614936,1.682476
2015-10-29,treino,6961.5000,11588.5423,11123.3418,1.597837,1.664662
2015-10-30,treino,6652.8999,11798.3780,11324.7542,1.702228,1.773419
2015-10-31,treino,6095.0000,10844.7412,10409.3993,1.707859,1.779285
2015-11-01,treino,6546.7002,9162.4705,8794.6602,1.343373,1.399556
2015-11-02,treino,6691.7002,9674.5977,9286.2290,1.387723,1.445761
2015-11-03,treino,7604.0000,11989.9983,11508.6822,1.513504,1.576801
2015-11-04,treino,8063.5000,12279.5843,11786.6433,1.461728,1.522860
2015-11-05,treino,8786.5000,11770.3175,11297.8201,1.285816,1.339591
2015-11-06,treino,8268.7998,12121.1413,11634.5607,1.407043,1.465889
2015-11-07,treino,7590.2002,11287.9508,10834.8171,1.427474,1.487174
2015-11-08,treino,6903.2998,9347.4899,8972.2524,1.299705,1.354061
2015-11-09,treino,7283.5000,12110.6217,11624.4634,1.596000,1.662748
2015-11-10,treino,8140.6001,12330.8720,11835.8722,1.453931,1.514737
2015-11-11,treino,8059.3999,12518.2451,12015.7235,1.490896,1.553248
2015-11-12,treino,8109.3999,12573.7592,12069.0091,1.488274,1.550517
2015-11-13,treino,7929.2998,12464.4649,11964.1022,1.508847,1.571950
2015-11-14,treino,6633.2998,11298.2871,10844.7384,1.634893,1.703268
2015-11-15,treino,5293.2998,9631.7020,9245.0553,1.746558,1.819603
2015-11-16,treino,6035.0000,11989.4016,11508.1095,1.906895,1.986645
2015-11-17,treino,8708.2998,11887.3563,11410.1606,1.310263,1.365061
2015-11-18,treino,9587.0996,11344.5446,10889.1391,1.135812,1.183314
2015-11-19,treino,11146.2998,11305.9142,10852.0593,0.973602,1.014320
2015-11-20,treino,11743.0000,10905.2084,10467.4391,0.891377,0.928656
2015-11-21,treino,10357.7002,10733.9383,10303.0444,0.994723,1.036324
2015-11-22,treino,9944.2998,8840.2968,8485.4196,0.853295,0.888981
2015-11-23,treino,9376.0996,10424.1458,10005.6880,1.067148,1.111778
2015-11-24,treino,9575.0000,10799.9315,10366.3884,1.082652,1.127930
2015-11-25,treino,10045.4004,10952.5028,10512.8350,1.046532,1.090300
2015-11-26,treino,11410.7998,11008.8175,10566.8891,0.926043,0.964772
2015-11-27,treino,12701.2998,10576.8042,10152.2181,0.799305,0.832734
2015-11-28,treino,12540.0000,10199.8688,9790.4141,0.780735,0.813387
2015-11-29,treino,11226.2998,8698.3804,8349.2001,0.743718,0.774822
2015-11-30,treino,10358.5996,8769.3258,8417.2976,0.812590,0.846574
2015-12-01,treino,9398.7998,10611.8183,10185.8266,1.083737,1.129061
2015-12-02,treino,8732.2998,10854.2495,10418.5259,1.193102,1.243000
2015-12-03,treino,8770.7998,10683.7506,10254.8714,1.169206,1.218104
2015-12-04,treino,8558.2998,10457.0632,10037.2839,1.172813,1.221862
2015-12-05,treino,8082.2998,9832.9637,9438.2377,1.167766,1.216605
2015-12-06,treino,7420.7998,8735.8297,8385.1461,1.129952,1.177209
2015-12-07,treino,7672.8999,10356.8998,9941.1414,1.295617,1.349803
2015-12-08,treino,9076.0996,10553.4375,10129.7895,1.116095,1.162772
2015-12-09,treino,9975.4004,11008.8265,10566.8977,1.059296,1.103597
2015-12-10,treino,10396.9004,10778.1755,10345.5058,0.995057,1.036672
2015-12-11,treino,10701.7002,10899.8466,10462.2926,0.977629,1.018515
2015-12-12,treino,10436.0996,10118.6420,9712.4480,0.930659,0.969581
2015-12-13,treino,9510.4004,9134.3808,8767.6982,0.921906,0.960462
2015-12-14,treino,9376.0000,11225.2630,10774.6457,1.149173,1.197234
2015-12-15,treino,9634.4004,11145.8704,10698.4402,1.110442,1.156883
2015-12-16,treino,9354.2002,10919.4122,10481.0727,1.120467,1.167327
2015-12-17,treino,8958.2998,11201.1240,10751.4758,1.200169,1.250363
2015-12-18,treino,9033.2998,11098.4013,10652.8767,1.179290,1.228610
2015-12-19,treino,8794.7998,10451.4490,10031.8950,1.140662,1.188367
2015-12-20,treino,7432.5000,9445.1892,9066.0297,1.219782,1.270796
2015-12-21,treino,7164.2002,10526.6528,10104.0800,1.410357,1.469341
2015-12-22,treino,8629.2002,11108.0285,10662.1174,1.235586,1.287260
2015-12-23,treino,9069.7998,11301.5832,10847.9022,1.196046,1.246068
2015-12-24,treino,9408.2998,10640.5155,10213.3719,1.085570,1.130971
2015-12-25,treino,8589.5996,9110.4857,8744.7623,1.018064,1.060641
2015-12-26,treino,7674.0000,10389.5571,9972.4877,1.299516,1.353865
2015-12-27,treino,7409.2002,10264.1798,9852.1434,1.329718,1.385329
2015-12-28,treino,8118.7998,11168.4005,10720.0659,1.320400,1.375622
2015-12-29,treino,9090.5996,10333.3232,9918.5113,1.091073,1.136704
2015-12-30,treino,10964.5996,9684.0684,9295.3196,0.847757,0.883212
2015-12-31,treino,13876.5000,10370.4101,9954.1093,0.717336,0.747336
2016-01-01,treino,14777.3501,9052.2151,8688.8308,0.587983,0.612574
2016-01-02,treino,12804.1499,9443.0770,9064.0023,0.707896,0.737501
2016-01-03,treino,11850.4502,9727.5417,9337.0477,0.787907,0.820858
2016-01-04,treino,11678.2500,10426.6697,10008.1105,0.856987,0.892828
2016-01-05,treino,10758.8999,10829.8362,10395.0926,0.966185,1.006593
2016-01-06,treino,10286.8999,10882.5462,10445.6867,1.015436,1.057903
2016-01-07,treino,9167.1499,11105.7659,10659.9456,1.162842,1.211474
2016-01-08,treino,9439.3501,11104.4180,10658.6518,1.129172,1.176396
2016-01-09,treino,9735.1499,9922.4340,9524.1164,0.978323,1.019238
2016-01-10,treino,9408.1499,8882.3797,8525.8132,0.906216,0.944115
2016-01-11,treino,11085.2500,11323.6218,10869.0561,0.980497,1.021504
2016-01-12,treino,14323.2998,11807.4118,11333.4253,0.791258,0.824350
2016-01-13,treino,18161.7002,11552.5549,11088.7991,0.610560,0.636094
2016-01-14,treino,19494.5498,11479.7209,11018.8889,0.565229,0.588868
2016-01-15,treino,19525.4004,11533.9268,11070.9188,0.567001,0.590714
2016-01-16,treino,18856.8496,11434.1978,10975.1933,0.582027,0.606368
2016-01-17,treino,17227.9502,10668.2182,10239.9625,0.594381,0.619239
2016-01-18,treino,14611.5000,11698.5472,11228.9308,0.768500,0.800640
2016-01-19,treino,13316.7002,11520.2187,11057.7610,0.830368,0.865096
2016-01-20,treino,13060.7998,11637.3242,11170.1655,0.855244,0.891012
2016-01-21,treino,12558.8999,11736.6537,11265.5076,0.897014,0.934529
2016-01-22,treino,12867.9502,11659.6591,11191.6038,0.869727,0.906101
2016-01-23,treino,12410.5000,12029.5751,11546.6703,0.930395,0.969306
2016-01-24,treino,10704.3999,11632.4972,11165.5323,1.043079,1.086702
2016-01-25,treino,10260.6001,12194.7061,11705.1724,1.140788,1.188498
2016-01-26,treino,11581.5000,12528.7195,12025.7774,1.038361,1.081787
2016-01-27,treino,11062.1499,13019.6541,12497.0044,1.129708,1.176955
2016-01-28,treino,10517.8999,13139.1428,12611.6964,1.199070,1.249217
2016-01-29,treino,10506.3999,12533.7235,12030.5805,1.145072,1.192961
2016-01-30,treino,9069.0498,13271.3626,12738.6085,1.404624,1.463369
2016-01-31,treino,8077.8000,11706.6929,11236.7495,1.391066,1.449243
2016-02-01,treino,8029.9500,13002.5523,12480.5891,1.554255,1.619257
2016-02-02,treino,7023.3501,12979.8925,12458.8389,1.773917,1.848106
2016-02-03,treino,7277.0500,12285.1357,11791.9719,1.620433,1.688203
2016-02-04,treino,6866.7500,12535.8384,12032.6106,1.752301,1.825585
2016-02-05,treino,7431.2500,12599.8338,12094.0370,1.627457,1.695520
2016-02-06,treino,7277.0000,10473.6617,10053.2161,1.381506,1.439283
2016-02-07,treino,6720.1499,9627.7865,9241.2970,1.375162,1.432674
2016-02-08,treino,7179.8000,10843.1887,10407.9091,1.449610,1.510235
2016-02-09,treino,8571.2998,10964.1620,10524.0262,1.227822,1.279171
2016-02-10,treino,8568.2500,12982.2506,12461.1024,1.454335,1.515158
2016-02-11,treino,8165.5000,13372.6513,12835.8312,1.571959,1.637701
2016-02-12,treino,8353.4500,13377.1182,12840.1188,1.537104,1.601388
2016-02-13,treino,7764.5000,13255.4586,12723.3430,1.638656,1.707188
2016-02-14,treino,6859.4500,11703.1375,11233.3368,1.637644,1.706134
2016-02-15,treino,7568.3501,13655.8735,13107.6840,1.731908,1.804340
2016-02-16,treino,7850.8501,13051.6323,12527.6989,1.595712,1.662448
2016-02-17,treino,8110.8999,13187.4606,12658.0746,1.560625,1.625894
2016-02-18,treino,8820.3999,13633.3623,13086.0764,1.483615,1.545663
2016-02-19,treino,8945.0000,13194.2521,12664.5935,1.415829,1.475042
2016-02-20,treino,8659.7002,13764.8383,13212.2745,1.525720,1.589528
2016-02-21,treino,7987.7000,12019.0710,11536.5879,1.444294,1.504697
2016-02-22,treino,9877.3501,13046.6610,12522.9271,1.267843,1.320867
2016-02-23,treino,12775.8999,12943.3535,12423.7667,0.972438,1.013107
2016-02-24,treino,15605.2002,12939.5543,12420.1201,0.795896,0.829182
2016-02-25,treino,16222.7500,12465.6394,11965.2296,0.737559,0.768405
2016-02-26,treino,16294.7002,12424.9465,11926.1702,0.731905,0.762515
2016-02-27,treino,16814.7500,12221.6672,11731.0511,0.697664,0.726842
2016-02-28,treino,17449.1504,11289.5441,10836.3464,0.621024,0.646997
2016-02-29,treino,18574.3496,11979.6692,11498.7677,0.619067,0.644958
2016-03-01,treino,18772.0498,11415.9207,10957.6499,0.583722,0.608134
2016-03-02,treino,16571.5498,11223.0791,10772.5496,0.650063,0.677250
2016-03-03,treino,13822.3501,11562.3494,11098.2005,0.802917,0.836497
2016-03-04,treino,13124.7002,11169.9958,10721.5971,0.816902,0.851067
2016-03-05,treino,13449.6001,10150.6447,9743.1660,0.724420,0.754717
2016-03-06,treino,11316.5498,9527.1556,9144.7057,0.808082,0.841878
2016-03-07,treino,10833.5000,11544.5361,11081.1023,1.022855,1.065633
2016-03-08,treino,10611.8999,11452.9530,10993.1956,1.035931,1.079256
2016-03-09,treino,11274.5000,11264.5285,10812.3351,0.959008,0.999116
2016-03-10,treino,11789.1499,11254.5032,10802.7122,0.916327,0.954649
2016-03-11,treino,12217.7500,11019.4578,10577.1023,0.865716,0.901922
2016-03-12,treino,12367.2002,10929.3133,10490.5764,0.848258,0.883734
2016-03-13,treino,11179.8999,10317.8596,9903.6684,0.885846,0.922894
2016-03-14,treino,10738.1499,11548.3911,11084.8025,1.032282,1.075454
2016-03-15,treino,10322.2500,11543.7664,11080.3635,1.073445,1.118338
2016-03-16,treino,10217.0000,11854.4515,11378.5767,1.113691,1.160267
2016-03-17,treino,10484.2500,11595.4830,11130.0040,1.061593,1.105991
2016-03-18,treino,11554.0000,12581.7581,12076.6869,1.045239,1.088953
2016-03-19,treino,12090.8999,11518.8990,11056.4943,0.914448,0.952692
2016-03-20,treino,11623.0000,10134.7178,9727.8785,0.836951,0.871954
2016-03-21,treino,10808.6499,13135.8857,12608.5701,1.166526,1.215312
2016-03-22,treino,10181.1499,11977.2434,11496.4393,1.129189,1.176414
2016-03-23,treino,9968.1499,11997.7341,11516.1074,1.155290,1.203607
2016-03-24,treino,9961.4502,12056.6497,11572.6580,1.161744,1.210331
2016-03-25,treino,9022.6499,9143.0752,8776.0435,0.972668,1.013347
2016-03-26,treino,9124.6499,9282.6601,8910.0250,0.976479,1.017317
2016-03-27,treino,9466.7500,9696.4816,9307.2345,0.983150,1.024267
2016-03-28,treino,8894.4502,11078.7118,10633.9776,1.195574,1.245576
2016-03-29,treino,8153.1001,11797.0117,11323.4426,1.388851,1.446936
2016-03-30,treino,8499.5000,11966.9858,11486.5935,1.351443,1.407964
2016-03-31,treino,9258.8999,11891.2844,11413.9310,1.232752,1.284309
2016-04-01,treino,9624.3501,11994.2633,11512.7759,1.196213,1.246241
2016-04-02,treino,8860.7500,12030.0739,11547.1490,1.303180,1.357681
2016-04-03,treino,7846.2500,10838.2528,10403.1714,1.325878,1.381329
2016-04-04,treino,7807.2500,12565.7238,12061.2963,1.544884,1.609494
2016-04-05,treino,8113.2500,12731.9202,12220.8210,1.506279,1.569275
2016-04-06,treino,7944.2500,12707.2379,12197.1296,1.535341,1.599552
2016-04-07,treino,8078.6499,12649.7360,12141.9359,1.502966,1.565823
2016-04-08,treino,8251.0500,12732.7501,12221.6176,1.481220,1.543167
2016-04-09,treino,8074.9500,12866.9931,12350.4717,1.529480,1.593446
2016-04-10,treino,7308.3000,10483.0779,10062.2543,1.376826,1.434407
2016-04-11,treino,7519.6001,12783.1875,12270.0303,1.631740,1.699982
2016-04-12,treino,7740.3501,12293.7082,11800.2002,1.524505,1.588263
2016-04-13,treino,8289.7500,11967.0805,11486.6844,1.385649,1.443600
2016-04-14,treino,8072.5000,12421.3807,11922.7475,1.476959,1.538728
2016-04-15,treino,7767.0000,12475.5546,11974.7468,1.541747,1.606226
2016-04-16,treino,7979.4500,12673.6654,12164.9048,1.524529,1.588288
2016-04-17,treino,7542.8501,11481.1453,11020.2561,1.461020,1.522123
2016-04-18,treino,7406.2500,12592.2834,12086.7897,1.631972,1.700224
2016-04-19,treino,8244.0500,13032.2910,12509.1340,1.517353,1.580812
2016-04-20,treino,8410.8000,12991.4212,12469.9049,1.482606,1.544612
2016-04-21,treino,7122.0000,11497.5804,11036.0315,1.549569,1.614375
2016-04-22,treino,7233.3999,12553.3132,12049.3839,1.665798,1.735465
2016-04-23,treino,6804.6499,11756.1778,11284.2480,1.658314,1.727668
2016-04-24,treino,6112.8999,11286.4135,10833.3415,1.772210,1.846327
2016-04-25,treino,6666.4500,11895.4382,11417.9181,1.712743,1.784374
2016-04-26,treino,7484.7500,12072.7690,11588.1303,1.548232,1.612982
2016-04-27,treino,7941.7000,11818.4681,11344.0378,1.428414,1.488153
2016-04-28,treino,7703.3000,11597.7975,11132.2256,1.445124,1.505562
2016-04-29,treino,7517.8999,11426.2434,10967.5582,1.458859,1.519872
2016-04-30,treino,7032.1499,10915.4382,10477.2583,1.489908,1.552219
2016-05-01,treino,6214.8501,10300.9601,9887.4473,1.590939,1.657475
2016-05-02,treino,6461.5500,11749.3390,11277.6838,1.745353,1.818347
2016-05-03,treino,7222.7000,11847.4764,11371.8815,1.574464,1.640311
2016-05-04,treino,7566.3501,11775.4677,11302.7635,1.493820,1.556294
2016-05-05,treino,7686.5000,12248.4527,11756.7614,1.529534,1.593502
2016-05-06,treino,7502.6001,11210.6615,10760.6304,1.434253,1.494237
2016-05-07,treino,6825.0000,10405.0874,9987.3946,1.463355,1.524555
2016-05-08,treino,7043.6001,10822.6594,10388.2040,1.474843,1.536524
2016-05-09,treino,6678.9500,11638.6077,11171.3975,1.672628,1.742580
2016-05-10,treino,7670.6499,12168.0308,11679.5679,1.522631,1.586310
2016-05-11,treino,7609.7500,12777.0765,12264.1646,1.611638,1.679040
2016-05-12,treino,7785.7000,12513.7630,12011.4213,1.542754,1.607275
2016-05-13,treino,7718.3501,10660.6873,10232.7339,1.325767,1.381213
2016-05-14,treino,7822.5000,11093.0694,10647.7588,1.361171,1.418098
2016-05-15,treino,6961.9500,10577.4017,10152.7916,1.458326,1.519316
2016-05-16,treino,7036.0500,10486.8413,10065.8666,1.430613,1.490444
2016-05-17,treino,7597.2500,10461.4787,10041.5222,1.321731,1.377009
2016-05-18,treino,7999.3000,11914.8688,11436.5687,1.429696,1.489489
2016-05-19,treino,7876.2500,12686.5986,12177.3188,1.546081,1.610741
2016-05-20,treino,7297.5000,12866.3098,12349.8158,1.692335,1.763112
2016-05-21,treino,7280.7000,11579.8205,11114.9703,1.526635,1.590482
2016-05-22,treino,6239.3501,10472.5070,10052.1078,1.611083,1.678461
2016-05-23,treino,6658.4500,12281.0175,11788.0190,1.770385,1.844426
2016-05-24,treino,7618.1001,12508.7465,12006.6062,1.576063,1.641977
2016-05-25,treino,8257.0000,12231.1465,11740.1500,1.421842,1.481306
2016-05-26,treino,8226.8000,11377.0121,10920.3032,1.327406,1.382921
2016-05-27,treino,7597.1499,12489.0436,11987.6943,1.577920,1.643912
2016-05-28,treino,7192.8999,11572.3065,11107.7579,1.544267,1.608851
2016-05-29,treino,7030.8999,8934.1282,8575.4843,1.219685,1.270695
2016-05-30,treino,7816.7000,12424.8896,11926.1156,1.525723,1.589531
2016-05-31,treino,9322.1499,12712.3390,12202.0259,1.308928,1.363670
2016-06-01,treino,9549.3999,12235.0186,11743.8666,1.229802,1.281234
2016-06-02,treino,8868.2002,12285.1955,11792.0293,1.329698,1.385309
2016-06-03,treino,9585.7998,12120.1327,11633.5926,1.213628,1.264384
2016-06-04,treino,9834.0498,11664.0861,11195.8532,1.138478,1.186092
2016-06-05,treino,10373.3501,9598.4482,9213.1364,0.888154,0.925299
2016-06-06,treino,11791.3501,11106.4502,10660.6025,0.904104,0.941915
2016-06-07,treino,14027.7002,10940.2024,10501.0284,0.748592,0.779900
2016-06-08,treino,16151.3999,11532.8063,11069.8433,0.685380,0.714044
2016-06-09,treino,16934.4502,11473.0145,11012.4517,0.650299,0.677496
2016-06-10,treino,15593.8999,11531.8250,11068.9014,0.709823,0.739509
2016-06-11,treino,11560.7002,11295.1054,10841.6845,0.937805,0.977026
2016-06-12,treino,10269.7002,9769.3622,9377.1894,0.913093,0.951280
2016-06-13,treino,9632.6001,10577.9553,10153.3230,1.054058,1.098141
2016-06-14,treino,10079.1499,11320.4327,10865.9951,1.078067,1.123154
2016-06-15,treino,9311.4502,11310.0914,10856.0689,1.165884,1.214643
2016-06-16,treino,8018.0500,11278.8409,10826.0729,1.350213,1.406681
2016-06-17,treino,7646.2500,11425.7874,10967.1205,1.434314,1.494299
2016-06-18,treino,7071.6499,12238.3932,11747.1058,1.661155,1.730628
2016-06-19,treino,6351.6001,10554.0020,10130.3313,1.594926,1.661629
2016-06-20,treino,6758.3501,13560.9877,13016.6071,1.926004,2.006553
2016-06-21,treino,8011.5500,13702.9847,13152.9039,1.641743,1.710404
2016-06-22,treino,8202.5000,13452.6728,12912.6403,1.574232,1.640070
2016-06-23,treino,8076.9500,13231.1449,12700.0053,1.572376,1.638136
2016-06-24,treino,7890.6499,13046.1083,12522.3966,1.586992,1.653363
2016-06-25,treino,7267.1499,12080.2275,11595.2894,1.595576,1.662306
2016-06-26,treino,6353.1499,9976.6777,9576.1826,1.507313,1.570351
2016-06-27,treino,6750.1001,12572.0742,12067.3918,1.787735,1.862502
2016-06-28,treino,7204.8999,13078.0727,12553.0778,1.742297,1.815164
2016-06-29,treino,7473.1001,13051.3207,12527.3998,1.676332,1.746440
2016-06-30,treino,7511.3501,13159.3531,12631.0954,1.681601,1.751929
2016-07-01,treino,7024.2500,13151.3363,12623.4005,1.797117,1.872276
2016-07-02,treino,6487.1001,12670.9845,12162.3315,1.874849,1.953259
2016-07-03,treino,6292.6001,10268.5635,9856.3512,1.566340,1.631847
2016-07-04,treino,6891.7000,12375.3596,11878.5739,1.723606,1.795690
2016-07-05,treino,7852.8999,12694.8850,12185.2725,1.551691,1.616586
2016-07-06,treino,8046.8501,12583.9665,12078.8066,1.501060,1.563838
2016-07-07,treino,8268.2000,12522.8912,12020.1831,1.453785,1.514585
2016-07-08,treino,8411.1001,12197.6952,11708.0415,1.391975,1.450190
2016-07-09,treino,7380.8501,11366.4318,10910.1476,1.478170,1.539990
2016-07-10,treino,6223.3501,10943.4723,10504.1670,1.687864,1.758454
2016-07-11,treino,7225.6001,12232.7710,11741.7093,1.625015,1.692976
2016-07-12,treino,7343.0000,12316.6282,11822.2001,1.609996,1.677329
2016-07-13,treino,8070.1499,10937.3294,10498.2707,1.300877,1.355282
2016-07-14,treino,8079.7500,10956.1012,10516.2890,1.301561,1.355995
2016-07-15,treino,7834.6499,11150.0035,10702.4074,1.366035,1.423166
2016-07-16,treino,7738.8999,11216.2776,10766.0211,1.391157,1.449337
2016-07-17,treino,6914.9500,10833.5353,10398.6432,1.503792,1.566683
2016-07-18,treino,7388.4500,11975.5421,11494.8063,1.555780,1.620846
2016-07-19,treino,7530.2000,12132.2834,11645.2555,1.546474,1.611150
2016-07-20,treino,6951.6499,12309.3602,11815.2240,1.699629,1.770711
2016-07-21,treino,7011.2500,12356.4587,11860.4318,1.691629,1.762376
2016-07-22,treino,8021.7500,11801.4666,11327.7187,1.412126,1.471184
2016-07-23,treino,7185.6001,11309.5007,10855.5019,1.510730,1.573912
2016-07-24,treino,6893.8501,10805.0623,10371.3132,1.504430,1.567348
2016-07-25,treino,6643.3501,11930.9434,11451.9980,1.723829,1.795923
2016-07-26,treino,6762.7000,12024.1249,11541.4389,1.706632,1.778007
2016-07-27,treino,7297.3999,12197.1045,11707.4745,1.604335,1.671432
2016-07-28,treino,6877.2500,12134.2617,11647.1544,1.693577,1.764406
2016-07-29,treino,6695.3501,12201.2097,11711.4149,1.749186,1.822341
2016-07-30,treino,6571.1499,11486.7104,11025.5979,1.677880,1.748052
2016-07-31,treino,5878.3999,10686.8902,10257.8849,1.745013,1.817993
2016-08-01,treino,6218.3999,12030.1730,11547.2442,1.856948,1.934609
2016-08-02,treino,6938.6499,11717.7479,11247.3608,1.620973,1.688765
2016-08-03,treino,7362.3000,11223.5664,10773.0173,1.463268,1.524465
2016-08-04,treino,7362.1499,11171.5720,10723.1100,1.456519,1.517433
2016-08-05,treino,8093.6499,10492.1114,10070.9252,1.244300,1.296339
2016-08-06,treino,7771.5000,10928.6435,10489.9335,1.349795,1.406246
2016-08-07,treino,6807.5000,10552.7242,10129.1048,1.487933,1.550161
2016-08-08,treino,6704.5500,11298.6593,10845.0957,1.617572,1.685223
2016-08-09,treino,8163.4500,11341.3141,10886.0382,1.333510,1.389280
2016-08-10,treino,8813.2002,11263.9792,10811.8078,1.226774,1.278080
2016-08-11,treino,8164.7500,11645.7697,11178.2720,1.369089,1.426347
2016-08-12,treino,7196.2500,11511.5210,11049.4124,1.535440,1.599656
2016-08-13,treino,6474.1499,11010.2870,10568.2996,1.632384,1.700654
2016-08-14,treino,6042.6499,10517.6329,10095.4221,1.670695,1.740566
2016-08-15,treino,7032.0500,11468.4033,11008.0257,1.565408,1.630876
2016-08-16,treino,7717.3000,12115.3950,11629.0451,1.506880,1.569901
2016-08-17,treino,7619.6001,12142.6731,11655.2281,1.529638,1.593610
2016-08-18,treino,8144.8999,12178.3469,11689.4699,1.435189,1.495211
2016-08-19,treino,8806.7998,11342.1267,10886.8182,1.236183,1.287883
2016-08-20,treino,8058.2500,10400.7522,9983.2334,1.238884,1.290696
2016-08-21,treino,6666.3999,9968.1540,9568.0010,1.435258,1.495283
2016-08-22,treino,6873.8501,11563.4215,11099.2296,1.614703,1.682234
2016-08-23,treino,8264.3999,12155.3728,11667.4180,1.411768,1.470811
2016-08-24,treino,8249.0500,11839.7068,11364.4239,1.377665,1.435281
2016-08-25,treino,7408.8000,11720.9055,11250.3917,1.518517,1.582025
2016-08-26,treino,6696.0000,11959.8198,11479.7151,1.714414,1.786114
2016-08-27,treino,6216.3999,11201.8686,10752.1905,1.729649,1.801986
2016-08-28,treino,5767.3999,9801.1128,9407.6654,1.631180,1.699399
2016-08-29,treino,6229.3999,11957.9713,11477.9409,1.842544,1.919602
2016-08-30,treino,7562.3501,12270.6069,11778.0263,1.557456,1.622592
2016-08-31,treino,7560.7000,12223.7988,11733.0972,1.551853,1.616755
2016-09-01,treino,7120.3999,12001.4576,11519.6815,1.617842,1.685503
2016-09-02,treino,6774.3501,12198.8665,11709.1658,1.728456,1.800743
2016-09-03,treino,6657.1499,11789.1437,11315.8905,1.699810,1.770900
2016-09-04,treino,6672.3501,10180.1483,9771.4853,1.464474,1.525722
2016-09-05,treino,7269.8501,11505.5257,11043.6578,1.519104,1.582636
2016-09-06,treino,8099.6001,11330.3368,10875.5016,1.342721,1.398876
2016-09-07,treino,8012.1001,9824.1464,9429.7744,1.176942,1.226164
2016-09-08,treino,7720.1499,11732.9964,11261.9972,1.458780,1.519789
2016-09-09,treino,7787.7500,12084.0178,11598.9274,1.489381,1.551670
2016-09-10,treino,7084.7500,11699.1405,11229.5003,1.585024,1.651313
2016-09-11,treino,6349.8501,10570.6670,10146.3273,1.597885,1.664711
2016-09-12,treino,6398.6499,12593.8962,12088.3378,1.889201,1.968211
2016-09-13,treino,6348.1001,11994.7056,11513.2006,1.813645,1.889495
2016-09-14,treino,6446.5000,12316.0858,11821.6795,1.833814,1.910507
2016-09-15,treino,6565.7500,12213.5159,11723.2271,1.785512,1.860186
2016-09-16,treino,6566.3501,11818.0566,11343.6428,1.727542,1.799791
2016-09-17,treino,6575.8501,11376.3449,10919.6628,1.660571,1.730019
2016-09-18,treino,6275.3501,10487.6508,10066.6436,1.604156,1.671246
2016-09-19,treino,7366.4500,11230.1392,10779.3262,1.463300,1.524498
2016-09-20,treino,7372.7500,12137.2798,11650.0513,1.580150,1.646235
2016-09-21,treino,6802.3501,12276.2334,11783.4269,1.732258,1.804705
2016-09-22,treino,7413.5500,12344.8358,11849.2754,1.598327,1.665172
2016-09-23,treino,8060.3999,11574.9785,11110.3225,1.378384,1.436030
2016-09-24,treino,8295.4500,10749.1786,10317.6729,1.243775,1.295792
2016-09-25,treino,6960.8000,10137.1466,9730.2098,1.397858,1.456319
2016-09-26,treino,7161.2500,11739.2738,11268.0225,1.573471,1.639277
2016-09-27,treino,8156.5000,12033.0365,11549.9927,1.416048,1.475270
2016-09-28,treino,7826.6499,11828.2342,11353.4118,1.450609,1.511277
2016-09-29,treino,7322.2500,11978.4228,11497.5714,1.570224,1.635894
2016-09-30,treino,7023.9500,11494.8700,11033.4299,1.570830,1.636525
2016-10-01,treino,7073.8999,10796.2054,10362.8119,1.464936,1.526203
2016-10-02,treino,6549.1499,10022.0835,9619.7657,1.468857,1.530288
2016-10-03,treino,6919.2500,11742.4225,11271.0449,1.628940,1.697066
2016-10-04,treino,7094.5000,11752.2513,11280.4791,1.590032,1.656530
2016-10-05,treino,7369.7500,11569.8815,11105.4302,1.506894,1.569915
2016-10-06,treino,7460.0500,11550.4509,11086.7796,1.486154,1.548307
2016-10-07,treino,7451.0000,11147.2250,10699.7405,1.436014,1.496071
2016-10-08,treino,6947.2500,10512.1490,10090.1584,1.452396,1.513138
2016-10-09,treino,5934.0000,10238.9940,9827.9687,1.656213,1.725479
2016-10-10,treino,6498.3999,11428.8079,10970.0197,1.688111,1.758711
2016-10-11,treino,7152.0000,10750.9550,10319.3780,1.442866,1.503210
2016-10-12,treino,6477.5000,10794.1621,10360.8506,1.599514,1.666409
2016-10-13,treino,7194.1499,10960.5221,10520.5324,1.462373,1.523533
2016-10-14,treino,7893.8000,11784.2259,11311.1701,1.432918,1.492846
2016-10-15,treino,7266.5000,10899.9146,10462.3579,1.439807,1.500023
2016-10-16,treino,7447.0000,10318.6126,9904.3911,1.329984,1.385607
2016-10-17,treino,9039.2002,11940.1800,11460.8638,1.267907,1.320933
2016-10-18,treino,9212.5498,12391.2950,11893.8696,1.291051,1.345045
2016-10-19,treino,9073.7500,12049.5180,11565.8126,1.274645,1.327953
2016-10-20,treino,9397.0000,12150.4477,11662.6907,1.241108,1.293013
2016-10-21,treino,9306.7998,11604.8430,11138.9882,1.196866,1.246921
2016-10-22,treino,8490.1499,10671.2110,10242.8351,1.206437,1.256893
2016-10-23,treino,6862.6499,10256.4428,9844.7171,1.434536,1.494531
2016-10-24,treino,6726.6499,11432.0770,10973.1576,1.631296,1.699520
2016-10-25,treino,7956.6001,11897.9975,11420.3746,1.435333,1.495362
2016-10-26,treino,8425.0000,12013.9643,11531.6861,1.368746,1.425990
2016-10-27,treino,9044.5498,12042.1333,11558.7243,1.277977,1.331424
2016-10-28,treino,8666.3999,12200.3577,11710.5972,1.351264,1.407777
2016-10-29,treino,7278.0500,11865.0246,11388.7253,1.564804,1.630248
2016-10-30,treino,5797.6499,10035.8140,9632.9450,1.661526,1.731014
2016-10-31,treino,6304.6499,12434.5680,11935.4055,1.893112,1.972285
2016-11-01,treino,7449.0000,12655.0328,12147.0202,1.630691,1.698890
2016-11-02,treino,7235.2500,10863.3507,10427.2618,1.441175,1.501448
2016-11-03,treino,7069.8999,12560.0838,12055.8827,1.705241,1.776558
2016-11-04,treino,7811.1499,12591.7524,12086.2800,1.547311,1.612023
2016-11-05,treino,7073.1499,11502.2195,11040.4843,1.560901,1.626181
2016-11-06,treino,6040.7500,10198.2110,9788.8229,1.620465,1.688236
2016-11-07,treino,6503.3999,12064.6613,11580.3480,1.780661,1.855131
2016-11-08,treino,7350.3999,12503.8769,12001.9321,1.632827,1.701115
2016-11-09,treino,7750.3501,12790.1532,12276.7163,1.584021,1.650268
2016-11-10,treino,7613.3501,12939.3502,12419.9241,1.631335,1.699561
2016-11-11,treino,7320.2500,11836.8377,11361.6699,1.552088,1.616999
2016-11-12,treino,7032.7500,11069.6211,10625.2518,1.510825,1.574010
2016-11-13,treino,6017.1499,10520.0245,10097.7177,1.678156,1.748340
2016-11-14,treino,5985.8999,10876.6692,10440.0456,1.744106,1.817048
2016-11-15,treino,6294.0000,11062.8242,10618.7278,1.687119,1.757678
2016-11-16,treino,6575.7500,11960.5467,11480.4128,1.745871,1.818887
2016-11-17,treino,6279.3501,11919.7260,11441.2308,1.822041,1.898242
2016-11-18,treino,6278.3501,11153.8512,10706.1007,1.705241,1.776558
2016-11-19,treino,6328.8501,10117.9475,9711.7813,1.534525,1.598702
2016-11-20,treino,5759.6001,10000.7765,9599.3140,1.666663,1.736366
2016-11-21,treino,6123.6001,11029.8765,10587.1027,1.728902,1.801208
2016-11-22,treino,6380.0000,11328.9494,10874.1698,1.704415,1.775697
2016-11-23,treino,7001.1499,10985.3617,10544.3749,1.506092,1.569080
2016-11-24,treino,7774.0500,11156.2682,10708.4207,1.377457,1.435065
2016-11-25,treino,8055.9500,11129.6965,10682.9156,1.326090,1.381550
2016-11-26,treino,8575.9500,10774.4523,10341.9321,1.205923,1.256357
2016-11-27,treino,7462.1499,10313.5999,9899.5797,1.326639,1.382122
2016-11-28,treino,7502.0000,11663.3512,11195.1478,1.492288,1.554699
2016-11-29,treino,7968.9500,12027.2604,11544.4485,1.448679,1.509265
2016-11-30,treino,7739.5000,12018.8600,11536.3853,1.490585,1.552925
2016-12-01,treino,7330.0500,11738.6966,11267.4685,1.537161,1.601448
2016-12-02,treino,7378.4500,10859.0662,10423.1493,1.412648,1.471727
2016-12-03,treino,7823.5000,10582.5369,10157.7207,1.298360,1.352660
2016-12-04,treino,7956.6499,10709.6752,10279.7552,1.291970,1.346003
2016-12-05,treino,8388.5000,11670.6758,11202.1783,1.335421,1.391271
2016-12-06,treino,8377.0500,12092.2361,11606.8158,1.385549,1.443496
2016-12-07,treino,8388.1499,11983.2882,11502.2414,1.371249,1.428597
2016-12-08,treino,9017.5498,12264.5519,11772.2143,1.305478,1.360076
2016-12-09,treino,10032.3999,11452.7080,10992.9604,1.095746,1.141572
2016-12-10,treino,8800.9500,11665.8877,11197.5824,1.272315,1.325526
2016-12-11,treino,9110.2002,11462.5384,11002.3962,1.207701,1.258209
2016-12-12,treino,10113.2998,12478.0879,11977.1784,1.184300,1.233830
2016-12-13,treino,9858.3999,13115.8446,12589.3335,1.277016,1.330423
2016-12-14,treino,8573.4500,12835.3241,12320.0740,1.437003,1.497101
2016-12-15,treino,7431.0500,12954.3568,12434.3283,1.673294,1.743274
2016-12-16,treino,6626.5000,12815.0523,12300.6159,1.856276,1.933910
2016-12-17,treino,5853.6499,11844.4890,11369.0141,1.942209,2.023437
2016-12-18,treino,5273.7500,11658.2979,11190.2973,2.121886,2.210628
2016-12-19,treino,5985.2500,13085.5942,12560.2974,2.098542,2.186307
2016-12-20,treino,6385.2500,13581.5394,13036.3338,2.041632,2.127018
2016-12-21,treino,6764.1499,12822.7657,12308.0197,1.819596,1.895695
2016-12-22,treino,7272.6499,11956.9616,11476.9717,1.578100,1.644100
2016-12-23,treino,7342.3000,11425.5730,10966.9147,1.493662,1.556130
2016-12-24,treino,7970.6001,10872.1940,10435.7500,1.309280,1.364037
2016-12-25,treino,6239.6001,10570.4530,10146.1219,1.626085,1.694091
2016-12-26,treino,6228.1499,11295.5252,10842.0874,1.740820,1.813624
2016-12-27,treino,8309.2000,12266.7354,11774.3102,1.417021,1.476284
2016-12-28,treino,8913.1499,11474.3653,11013.7483,1.235674,1.287352
2016-12-29,treino,8702.1499,12211.0280,11720.8390,1.346890,1.403220
2016-12-30,treino,8268.0500,11779.4732,11306.6082,1.367506,1.424698
2016-12-31,treino,7938.6001,10724.1505,10293.6495,1.296658,1.350887
2017-01-01,treino,7853.7000,10571.1921,10146.8313,1.291981,1.346014
2017-01-02,treino,9203.2998,11344.3212,10888.9246,1.183154,1.232636
2017-01-03,treino,9553.9502,11819.3406,11344.8753,1.187454,1.237116
2017-01-04,treino,9856.1001,12758.6698,12246.4968,1.242530,1.294495
2017-01-05,treino,8728.2500,11913.0299,11434.8035,1.310091,1.364882
2017-01-06,treino,7760.6001,11460.9931,11000.9129,1.417534,1.476818
2017-01-07,treino,6788.8501,12186.2035,11697.0111,1.722974,1.795032
2017-01-08,treino,6382.3501,11950.1762,11470.4586,1.797216,1.872379
2017-01-09,treino,8390.8999,13160.4836,12632.1806,1.505462,1.568423
2017-01-10,treino,8927.9502,12698.6653,12188.9011,1.365252,1.422349
2017-01-11,treino,7697.6499,12063.9378,11579.6536,1.504310,1.567224
2017-01-12,treino,7591.2000,12096.7058,11611.1062,1.529548,1.593517
2017-01-13,treino,6722.5000,11839.0380,11363.7819,1.690410,1.761106
2017-01-14,treino,6439.7500,11631.1324,11164.2223,1.733642,1.806147
2017-01-15,treino,5910.5000,10939.3103,10500.1721,1.776529,1.850827
2017-01-16,treino,6480.9500,11704.7075,11234.8439,1.733518,1.806017
2017-01-17,treino,7323.7500,11472.0758,11011.5507,1.503540,1.566421
2017-01-18,treino,7938.6001,11371.9750,10915.4683,1.374987,1.432491
2017-01-19,treino,8601.7000,11243.5452,10792.1940,1.254658,1.307131
2017-01-20,treino,8862.5500,10839.6016,10404.4660,1.173981,1.223079
2017-01-21,treino,8206.0000,10495.4397,10074.1199,1.227653,1.278996
2017-01-22,treino,7263.1499,10341.5233,9926.3821,1.366677,1.423834
2017-01-23,treino,8671.1499,11357.7124,10901.7782,1.257247,1.309828
2017-01-24,treino,9490.5000,11927.0809,11448.2905,1.206289,1.256739
2017-01-25,treino,9657.7500,11455.5022,10995.6425,1.138530,1.186146
2017-01-26,treino,9460.6499,11551.2411,11087.5381,1.171964,1.220978
2017-01-27,treino,9081.2998,11187.8052,10738.6916,1.182506,1.231961
2017-01-28,treino,10031.5000,11143.6086,10696.2693,1.066268,1.110862
2017-01-29,treino,9835.1499,11549.8249,11086.1787,1.127200,1.174342
2017-01-30,treino,10274.0000,12689.2945,12179.9064,1.185508,1.235088
2017-01-31,treino,10582.2998,13158.6214,12630.3931,1.193540,1.243456
2017-02-01,treino,10415.1499,13107.6315,12581.4501,1.207995,1.258516
2017-02-02,treino,10344.7998,12941.4068,12421.8982,1.200787,1.251006
2017-02-03,treino,10330.8999,12536.3396,12033.0917,1.164767,1.213480
2017-02-04,treino,9554.2002,12604.0964,12098.1285,1.266263,1.319220
2017-02-05,treino,8345.8999,12507.4343,12005.3467,1.438472,1.498632
2017-02-06,treino,8568.8999,12780.1009,12267.0676,1.431580,1.491452
2017-02-07,treino,9271.4502,12665.8578,12157.4106,1.311274,1.366114
2017-02-08,treino,8450.4500,12565.4809,12061.0631,1.427269,1.486960
2017-02-09,treino,7939.5000,12582.9223,12077.8044,1.521230,1.584851
2017-02-10,treino,7531.8999,12006.5131,11524.5340,1.530097,1.594088
2017-02-11,treino,7846.6499,11787.7181,11314.5222,1.441956,1.502261
2017-02-12,treino,7655.2000,11280.0359,10827.2199,1.414361,1.473513
2017-02-13,treino,7739.1499,12712.6058,12202.2819,1.576695,1.642636
2017-02-14,treino,7929.1499,12565.5720,12061.1505,1.521115,1.584731
2017-02-15,treino,7642.1001,13273.2482,12740.4184,1.667136,1.736859
2017-02-16,treino,7305.1499,13468.5367,12927.8674,1.769692,1.843704
2017-02-17,treino,8243.0000,12950.4133,12430.5432,1.508012,1.571080
2017-02-18,treino,8075.4500,12537.9367,12034.6246,1.490273,1.552599
2017-02-19,treino,7912.0500,11979.7420,11498.8376,1.453332,1.514114
2017-02-20,treino,7185.6499,13681.8935,13132.6594,1.827623,1.904058
2017-02-21,treino,7238.5000,13223.0673,12692.2519,1.753437,1.826769
2017-02-22,treino,7707.6001,12937.0255,12417.6927,1.611097,1.678476
2017-02-23,treino,7498.6001,12072.1934,11587.5777,1.545299,1.609926
2017-02-24,treino,7248.8999,11135.5265,10688.5116,1.474501,1.536168
2017-02-25,treino,6883.5000,10234.5367,9823.6903,1.427136,1.486822
2017-02-26,treino,6171.8501,9334.6801,8959.9568,1.451746,1.512461
2017-02-27,treino,6004.8999,8802.5760,8449.2130,1.407053,1.465899
2017-02-28,treino,5982.8999,9522.5424,9140.2777,1.527734,1.591627
2017-03-01,treino,6612.6001,10486.9387,10065.9602,1.522239,1.585902
2017-03-02,treino,8126.0500,10914.1829,10476.0534,1.289194,1.343110
2017-03-03,treino,7865.2000,11092.5660,10647.2756,1.353720,1.410335
2017-03-04,treino,7861.0000,10877.7628,10441.0953,1.328215,1.383763
2017-03-05,treino,8095.1499,10933.2787,10494.3826,1.296379,1.350596
2017-03-06,treino,7785.6499,12397.1335,11899.4737,1.528385,1.592306
2017-03-07,treino,7939.3999,13140.4334,12612.9352,1.588651,1.655092
2017-03-08,treino,8503.1499,13067.8385,12543.2545,1.475130,1.536823
2017-03-09,treino,9268.0498,12710.3944,12200.1593,1.316367,1.371421
2017-03-10,treino,9255.8999,12184.6360,11695.5065,1.263573,1.316418
2017-03-11,treino,9401.1499,11108.0973,10662.1835,1.134136,1.181568
2017-03-12,treino,8297.7500,11249.7234,10798.1243,1.301332,1.355756
2017-03-13,treino,8548.1001,11567.6411,11103.2798,1.298918,1.353241
2017-03-14,treino,8426.3999,12187.4766,11698.2331,1.388284,1.446344
2017-03-15,treino,8173.6499,12439.4412,11940.0831,1.460802,1.521896
2017-03-16,treino,8922.9502,12217.1547,11726.7198,1.314220,1.369183
2017-03-17,treino,9158.2500,11757.8733,11285.8755,1.232318,1.283856
2017-03-18,treino,9278.0000,10861.0855,10425.0875,1.123635,1.170628
2017-03-19,treino,7503.8000,10527.5688,10104.9592,1.346646,1.402965
2017-03-20,treino,7075.7500,11103.8932,10658.1482,1.506292,1.569289
2017-03-21,treino,7237.4500,11389.1089,10931.9144,1.510465,1.573636
2017-03-22,treino,7204.0000,11594.1254,11128.7008,1.544795,1.609401
2017-03-23,treino,7770.8501,12197.4404,11707.7969,1.506630,1.569640
2017-03-24,treino,7516.3501,11981.4232,11500.4514,1.530058,1.594048
2017-03-25,treino,7152.5000,11020.9020,10578.4884,1.478992,1.540846
2017-03-26,treino,6896.3000,10527.2176,10104.6221,1.465224,1.526502
2017-03-27,treino,6824.1499,11582.0863,11117.1451,1.629089,1.697220
2017-03-28,treino,7844.7500,11673.7872,11205.1648,1.428365,1.488102
2017-03-29,treino,8023.1001,11181.4166,10732.5595,1.337707,1.393653
2017-03-30,treino,7563.0000,11096.9877,10651.5198,1.408372,1.467273
2017-03-31,treino,7713.5500,11016.5349,10574.2967,1.370873,1.428206
2017-04-01,treino,7694.2500,10043.5733,9640.3928,1.252935,1.305335
2017-04-02,treino,6306.1499,9285.0812,8912.3490,1.413279,1.472385
2017-04-03,treino,6285.1499,10507.2703,10085.4756,1.604652,1.671761
2017-04-04,treino,7110.8501,11027.5810,10584.8993,1.488556,1.550810
2017-04-05,treino,7647.7500,11082.9593,10638.0546,1.391004,1.449179
2017-04-06,treino,7640.6499,10591.6775,10166.4944,1.330580,1.386227
2017-04-07,treino,7733.3501,10502.2429,10080.6500,1.303529,1.358046
2017-04-08,treino,6658.8999,9753.0771,9361.5580,1.405872,1.464668
2017-04-09,treino,5975.7500,10130.1135,9723.4590,1.627153,1.695204
2017-04-10,treino,6153.8999,10714.1997,10284.0982,1.671151,1.741042
2017-04-11,treino,6863.0000,10734.3521,10303.4416,1.501303,1.564090
2017-04-12,treino,6764.1001,10428.5610,10009.9259,1.479861,1.541751
2017-04-13,treino,6171.8999,9428.0291,9049.5585,1.466252,1.527573
2017-04-14,treino,5537.6001,9457.9354,9078.2642,1.639386,1.707948
2017-04-15,treino,5348.3501,8920.0051,8561.9282,1.600854,1.667805
2017-04-16,treino,5434.2500,9186.5225,8817.7467,1.622624,1.690486
2017-04-17,treino,5543.8501,9884.2563,9487.4713,1.711351,1.782923
2017-04-18,treino,6240.3501,10938.9692,10499.8447,1.682573,1.752942
2017-04-19,treino,6590.0000,10799.0681,10365.5597,1.572923,1.638705
2017-04-20,treino,7180.0000,10271.8652,9859.5203,1.373192,1.430622
2017-04-21,treino,7187.5000,9929.4397,9530.8408,1.326030,1.381487
2017-04-22,treino,6990.6499,9626.0623,9239.6419,1.321714,1.376991
2017-04-23,treino,5894.8501,9624.7488,9238.3812,1.567195,1.632739
2017-04-24,treino,6262.6001,10462.4844,10042.4875,1.603565,1.670629
2017-04-25,treino,6787.8501,11472.8242,11012.2691,1.622350,1.690200
2017-04-26,treino,6483.2500,10992.0673,10550.8113,1.627395,1.695456
2017-04-27,treino,6452.0000,10505.2502,10083.5365,1.562854,1.628216
2017-04-28,treino,6076.1499,9640.7961,9253.7844,1.522968,1.586662
2017-04-29,treino,5498.7500,8732.9029,8382.3368,1.524408,1.588161
2017-04-30,treino,5125.0000,8455.0565,8115.6440,1.583540,1.649767
2017-05-01,treino,5060.0000,9045.5702,8682.4526,1.715900,1.787662
2017-05-02,treino,5444.8501,9668.6493,9280.5194,1.704458,1.775742
2017-05-03,treino,5400.8501,9574.0787,9189.7452,1.701537,1.772698
2017-05-04,treino,5307.3999,10169.0055,9760.7897,1.839091,1.916005
2017-05-05,treino,5254.1499,10713.5291,10283.4545,1.957206,2.039060
2017-05-06,treino,5306.1499,10292.3191,9879.1532,1.861831,1.939696
2017-05-07,treino,5378.3501,9850.9966,9455.5467,1.758076,1.831602
2017-05-08,treino,5913.5000,10568.1887,10143.9485,1.715388,1.787129
2017-05-09,treino,6753.3999,10387.1387,9970.1664,1.476318,1.538061
2017-05-10,treino,6183.6001,10377.2032,9960.6298,1.610814,1.678181
2017-05-11,treino,6676.6001,10562.6015,10138.5856,1.518525,1.582033
2017-05-12,treino,6617.2500,10340.2959,9925.2040,1.499899,1.562627
2017-05-13,treino,5820.0000,9267.0677,8895.0586,1.528361,1.592280
2017-05-14,treino,5853.6499,8975.9853,8615.6611,1.471844,1.533400
2017-05-15,treino,6608.6499,9998.1500,9596.7929,1.452156,1.512888
2017-05-16,treino,7013.2500,10214.1086,9804.0823,1.397937,1.456402
2017-05-17,treino,6824.8999,10176.5555,9768.0367,1.431235,1.491092
2017-05-18,treino,6275.8999,10284.3024,9871.4582,1.572915,1.638698
2017-05-19,treino,5958.3501,10596.5056,10171.1286,1.707038,1.778429
2017-05-20,treino,7112.4500,9873.1272,9476.7890,1.332423,1.388147
2017-05-21,treino,6999.0000,9271.7149,8899.5192,1.271542,1.324720
2017-05-22,treino,7679.7000,10065.0079,9660.9670,1.257988,1.310599
2017-05-23,treino,8521.1499,10144.9222,9737.6733,1.142765,1.190558
2017-05-24,treino,9785.6001,11276.9640,10824.2713,1.106143,1.152404
2017-05-25,treino,9762.1001,11538.6717,11075.4733,1.134538,1.181987
2017-05-26,treino,9294.0000,11377.8438,10921.1014,1.175070,1.224214
2017-05-27,treino,8331.2500,11939.0389,11459.7684,1.375516,1.433043
2017-05-28,treino,6927.6499,10203.6021,9793.9976,1.413755,1.472881
2017-05-29,treino,6398.5000,10934.0736,10495.1456,1.640251,1.708850
2017-05-30,treino,5946.7500,11442.4698,10983.1332,1.846914,1.924155
2017-05-31,treino,5510.3501,11653.1523,11185.3583,2.029882,2.114775
2017-06-01,treino,5691.8999,11277.6719,10824.9508,1.901817,1.981355
2017-06-02,treino,5856.2500,11022.3293,10579.8584,1.806593,1.882148
2017-06-03,treino,6174.0000,9120.5643,8754.4363,1.417952,1.477254
2017-06-04,treino,5793.6001,8986.5182,8625.7712,1.488845,1.551111
2017-06-05,treino,6219.0000,10982.3528,10541.4867,1.695045,1.765935
2017-06-06,treino,7274.2000,11338.3695,10883.2118,1.496139,1.558710
2017-06-07,treino,9527.8999,11545.8746,11082.3870,1.163151,1.211796
2017-06-08,treino,11660.5000,10847.0069,10411.5741,0.892893,0.930235
2017-06-09,treino,12632.5000,11829.5423,11354.6674,0.898846,0.936437
2017-06-10,treino,11378.8501,9182.0483,8813.4521,0.774547,0.806940
2017-06-11,treino,9409.5000,8110.5241,7784.9423,0.827349,0.861951
2017-06-12,treino,8030.8501,11056.8353,10612.9793,1.321526,1.376795
2017-06-13,treino,7473.2500,11587.1627,11122.0177,1.488244,1.550485
2017-06-14,treino,7666.1499,11269.4549,10817.0636,1.411016,1.470028
2017-06-15,treino,7738.5000,10048.9204,9645.5253,1.246433,1.298562
2017-06-16,treino,7897.0000,10311.9383,9897.9848,1.253385,1.305805
2017-06-17,treino,7458.3501,8336.5736,8001.9174,1.072880,1.117750
2017-06-18,treino,5902.7500,8696.1661,8347.0747,1.414099,1.473240
2017-06-19,treino,5800.3501,10497.7881,10076.3740,1.737201,1.809854
2017-06-20,treino,6233.8999,10764.9467,10332.8080,1.657519,1.726840
2017-06-21,treino,6498.3999,10793.1616,10359.8903,1.594222,1.660895
2017-06-22,treino,6401.2500,10338.3553,9923.3413,1.550219,1.615053
2017-06-23,treino,6531.8999,10211.7832,9801.8502,1.500612,1.563371
2017-06-24,treino,6239.6499,9066.3709,8702.4183,1.394697,1.453026
2017-06-25,treino,5611.0000,9124.2548,8757.9787,1.560859,1.626137
2017-06-26,treino,5273.5000,10409.7431,9991.8634,1.894731,1.973972
2017-06-27,treino,5617.8999,10107.8309,9702.0709,1.726992,1.799219
2017-06-28,treino,5922.2500,10728.4434,10297.7700,1.738827,1.811549
2017-06-29,treino,6219.8999,11501.2186,11039.5237,1.774872,1.849100
2017-06-30,treino,6595.8999,10809.5828,10375.6523,1.573046,1.638834
2017-07-01,treino,6112.6001,9983.8199,9583.0381,1.567752,1.633318
2017-07-02,treino,5479.0000,9610.7475,9224.9420,1.683691,1.754106
2017-07-03,treino,5400.1499,10119.1349,9712.9211,1.798639,1.873862
2017-07-04,treino,5320.1001,9779.5087,9386.9286,1.764427,1.838219
2017-07-05,treino,5624.3999,9604.8452,9219.2766,1.639157,1.707710
2017-07-06,treino,6189.1499,10398.0501,9980.6398,1.612603,1.680045
2017-07-07,treino,6300.3501,10570.0977,10145.7809,1.610352,1.677700
2017-07-08,treino,5982.3999,9657.0078,9269.3452,1.549436,1.614236
2017-07-09,treino,5468.3501,9033.0547,8670.4396,1.585568,1.651879
2017-07-10,treino,5815.8501,9602.9134,9217.4224,1.584880,1.651162
2017-07-11,treino,5730.6499,10407.2188,9989.4405,1.743160,1.816063
2017-07-12,treino,5631.7500,11024.5112,10581.9527,1.878981,1.957564
2017-07-13,treino,5742.1001,11224.6905,10774.0962,1.876334,1.954806
2017-07-14,treino,5936.1001,10983.7162,10542.7954,1.776047,1.850325
2017-07-15,treino,5655.6499,10196.5151,9787.1950,1.730516,1.802890
2017-07-16,treino,5174.3999,9958.1699,9558.4177,1.847251,1.924507
2017-07-17,treino,5335.1499,10934.6534,10495.7022,1.967274,2.049549
2017-07-18,treino,6107.0000,11238.0161,10786.8869,1.766315,1.840186
2017-07-19,treino,5794.3501,11205.1630,10755.3526,1.856179,1.933808
2017-07-20,treino,5732.6499,11061.6454,10617.5963,1.852127,1.929587
2017-07-21,treino,6091.6499,10521.4336,10099.0703,1.657855,1.727189
2017-07-22,treino,5850.2500,9548.7009,9165.3861,1.566666,1.632187
2017-07-23,treino,5559.8999,8977.6865,8617.2940,1.549901,1.614721
2017-07-24,treino,5782.1499,10048.8762,9645.4828,1.668148,1.737913
2017-07-25,treino,5905.0000,9853.7551,9458.1945,1.601726,1.668714
2017-07-26,treino,5977.8501,9681.4441,9292.8006,1.554539,1.619553
2017-07-27,treino,6053.7500,9642.5282,9255.4469,1.528878,1.592819
2017-07-28,treino,5865.5000,9384.5070,9007.7835,1.535723,1.599950
2017-07-29,treino,5989.3501,8767.7605,8415.7951,1.405127,1.463892
2017-07-30,treino,5132.0000,8820.9575,8466.8566,1.649816,1.718815
2017-07-31,treino,5279.8501,9154.7289,8787.2294,1.664295,1.733899
2017-08-01,treino,6003.0400,9117.3860,8751.3856,1.457826,1.518795
2017-08-02,treino,5947.3999,9222.9508,8852.7126,1.488501,1.550753
2017-08-03,treino,5877.3101,9574.9163,9190.5492,1.563734,1.629132
2017-08-04,treino,6094.5898,9220.3124,8850.1802,1.452137,1.512868
2017-08-05,treino,5622.9900,8609.5577,8263.9431,1.469671,1.531135
2017-08-06,treino,4986.1399,8751.4367,8400.1266,1.684695,1.755153
2017-08-07,treino,5130.6401,9147.2859,8780.0852,1.711304,1.782874
2017-08-08,treino,6081.2100,9040.6508,8677.7308,1.426974,1.486653
2017-08-09,treino,6298.3350,9220.1725,8850.0459,1.405141,1.463906
2017-08-10,treino,6300.5151,9675.4534,9287.0504,1.474014,1.535661
2017-08-11,treino,6173.8799,9556.5720,9172.9413,1.485766,1.547904
2017-08-12,treino,5521.5049,9072.9048,8708.6900,1.577231,1.643194
2017-08-13,treino,5391.9351,8511.7329,8170.0453,1.515234,1.578604
2017-08-14,treino,5267.6851,9373.2627,8996.9906,1.707959,1.779389
2017-08-15,treino,6028.9351,9410.3271,9032.5671,1.498203,1.560861
2017-08-16,treino,5943.4800,9468.0497,9087.9725,1.529066,1.593014
2017-08-17,treino,6222.2549,9452.2048,9072.7636,1.458115,1.519096
2017-08-18,treino,6889.3101,9517.0186,9134.9757,1.325964,1.381418
2017-08-19,treino,7691.3149,9188.0445,8819.2076,1.146645,1.194600
2017-08-20,treino,6621.5000,9225.8006,8855.4480,1.337378,1.393310
2017-08-21,treino,6875.3901,9947.4455,9548.1239,1.388739,1.446819
2017-08-22,treino,7134.4451,10165.9915,9757.8968,1.367716,1.424917
2017-08-23,treino,7511.8401,10712.1442,10282.1251,1.368789,1.426035
2017-08-24,treino,7247.6050,10822.1293,10387.6951,1.433259,1.493201
2017-08-25,treino,7773.3201,10509.6279,10087.7385,1.297739,1.352013
2017-08-26,treino,6602.6350,9991.5770,9590.4838,1.452524,1.513271
2017-08-27,treino,5824.0200,10484.6927,10063.8043,1.727982,1.800250
2017-08-28,treino,5786.8901,10985.5847,10544.5890,1.822151,1.898357
2017-08-29,treino,6548.4751,10981.7867,10540.9434,1.609679,1.676999
2017-08-30,treino,6852.2451,10543.9116,10120.6459,1.476982,1.538753
2017-08-31,treino,6980.5249,10123.2649,9716.8853,1.391999,1.450215
2017-09-01,treino,6432.6499,9580.9045,9196.2970,1.429628,1.489418
2017-09-02,treino,6068.4600,9550.4796,9167.0934,1.510613,1.573790
2017-09-03,treino,5642.9351,9474.0014,9093.6853,1.611517,1.678914
2017-09-04,treino,6720.7500,10248.1650,9836.7715,1.463642,1.524854
2017-09-05,treino,5457.2300,10077.6937,9673.1435,1.772537,1.846668
2017-09-06,treino,6437.5898,9622.1691,9235.9051,1.434684,1.494685
2017-09-07,treino,6405.8101,9473.9913,9093.6756,1.419598,1.478968
2017-09-08,treino,6720.8750,9592.6768,9207.5966,1.370000,1.427296
2017-09-09,treino,6372.6299,9352.3298,8976.8980,1.408665,1.467578
2017-09-10,treino,6288.3599,8879.9774,8523.5073,1.355442,1.412129
2017-09-11,treino,6757.9102,9306.0371,8932.4636,1.321779,1.377058
2017-09-12,treino,6608.5850,9204.2981,8834.8088,1.336868,1.392779
2017-09-13,treino,6985.0000,8971.8558,8611.6974,1.232884,1.284446
2017-09-14,treino,7751.9399,8811.1324,8457.4259,1.091008,1.136636
2017-09-15,treino,8453.4648,8672.9070,8324.7493,0.984774,1.025959
2017-09-16,treino,7234.4150,8633.7937,8287.2062,1.145525,1.193434
2017-09-17,treino,6174.3901,8263.3329,7931.6168,1.284599,1.338324
2017-09-18,treino,8210.6802,9112.0797,8746.2923,1.065234,1.109784
2017-09-19,treino,9322.2852,10138.7819,9731.7794,1.043926,1.087585
2017-09-20,treino,9782.6299,10154.5798,9746.9431,0.996352,1.038021
2017-09-21,treino,11118.6899,10664.2894,10236.1914,0.920629,0.959132
2017-09-22,treino,10849.3501,11227.9438,10777.2189,0.993352,1.034896
2017-09-23,treino,10414.1650,10097.4293,9692.0868,0.930664,0.969586
2017-09-24,treino,7974.4448,9968.9596,9568.7743,1.199930,1.250113
2017-09-25,treino,7268.9849,11044.6526,10601.2856,1.458427,1.519422
2017-09-26,treino,10432.7397,10926.5526,10487.9265,1.005290,1.047333
2017-09-27,treino,11263.5098,11026.9343,10584.2786,0.939696,0.978996
2017-09-28,treino,10447.5249,11204.2118,10754.4396,1.029377,1.072427
2017-09-29,treino,11258.7749,10782.1490,10349.3197,0.919223,0.957666
2017-09-30,treino,11440.4800,9887.4873,9490.5725,0.829561,0.864255
2017-10-01,treino,8719.6099,10174.7834,9766.3357,1.120043,1.166885
2017-10-02,treino,8627.0649,10662.3225,10234.3035,1.186302,1.235915
2017-10-03,treino,10852.0249,11423.4319,10964.8595,1.010398,1.052654
2017-10-04,treino,11057.6899,11489.0168,11027.8117,0.997298,1.039007
2017-10-05,treino,10083.6099,11536.0606,11072.9670,1.098115,1.144041
2017-10-06,treino,10579.1401,11583.4730,11118.4761,1.050981,1.094935
2017-10-07,treino,10870.1650,10615.4596,10189.3218,0.937366,0.976568
2017-10-08,treino,8089.7251,10018.2263,9616.0633,1.188676,1.238389
2017-10-09,treino,8641.0952,11664.3834,11196.1385,1.295685,1.349873
2017-10-10,treino,9777.3101,12468.7950,11968.2585,1.224085,1.275279
2017-10-11,treino,10351.1499,12442.8754,11943.3794,1.153822,1.202077
2017-10-12,treino,7576.0898,11979.8906,11498.9803,1.517799,1.581276
2017-10-13,treino,6646.3950,12090.5145,11605.1634,1.746084,1.819109
2017-10-14,treino,7063.1099,10981.2105,10540.3903,1.492316,1.554727
2017-10-15,treino,6334.4849,10483.3376,10062.5036,1.588528,1.654963
2017-10-16,treino,6474.6750,11211.7974,10761.7207,1.662125,1.731639
2017-10-17,treino,8119.2749,11319.7922,10865.3802,1.338221,1.394188
2017-10-18,treino,9363.2349,11292.4898,10839.1739,1.157631,1.206046
2017-10-19,treino,9745.4048,10470.7000,10050.3733,1.031294,1.074424
2017-10-20,treino,10267.1450,10810.0065,10376.0590,1.010608,1.052874
2017-10-21,treino,8165.5000,10318.1123,9903.9109,1.212897,1.263623
2017-10-22,treino,5951.7349,9349.7701,8974.4410,1.507870,1.570932
2017-10-23,treino,5729.8101,10559.4249,10135.5365,1.768913,1.842893
2017-10-24,treino,6562.1899,10147.0134,9739.6805,1.484212,1.546285
2017-10-25,treino,6682.2549,10233.8988,9823.0780,1.470024,1.531504
2017-10-26,treino,6608.3650,10850.1887,10414.6282,1.575977,1.641887
2017-10-27,treino,6561.9751,10950.5564,10510.9667,1.601799,1.668790
2017-10-28,treino,5843.4399,10739.2508,10308.1436,1.764054,1.837830
2017-10-29,treino,5319.9102,10799.1292,10365.6184,1.948457,2.029946
2017-10-30,treino,6961.6602,11663.8245,11195.6020,1.608180,1.675437
2017-10-31,treino,7929.9897,12885.4348,12368.1730,1.559671,1.624899
2017-11-01,treino,9650.5850,13096.8674,12571.1181,1.302628,1.357106
2017-11-02,treino,7433.9399,12697.8594,12188.1275,1.639525,1.708093
2017-11-03,treino,5913.3301,12825.5560,12310.6980,2.081855,2.168923
2017-11-04,treino,6464.2900,11752.2585,11280.4861,1.745046,1.818028
2017-11-05,treino,5304.7100,11549.0527,11085.4375,2.089735,2.177132
2017-11-06,treino,6077.8599,12582.5470,12077.4442,1.987121,2.070227
2017-11-07,treino,6134.9600,13527.3653,12984.3344,2.116450,2.204964
2017-11-08,treino,6229.0249,13029.1930,12506.1604,2.007724,2.091691
2017-11-09,treino,6360.6550,13361.5740,12825.1985,2.016333,2.100660
2017-11-10,treino,6504.8799,12708.8087,12198.6373,1.875306,1.953735
2017-11-11,treino,6006.4500,11718.9165,11248.4824,1.872734,1.951055
2017-11-12,treino,5150.6499,11196.3596,10746.9027,2.086514,2.173776
2017-11-13,treino,5681.3701,12418.1063,11919.6046,2.098016,2.185759
2017-11-14,treino,6636.2500,12775.0983,12262.2658,1.847770,1.925048
2017-11-15,treino,5389.8101,11751.3490,11279.6130,2.092766,2.180290
2017-11-16,treino,5789.1099,12439.9173,11940.5401,2.062587,2.148848
2017-11-17,treino,6435.5049,11724.8712,11254.1981,1.748767,1.821904
2017-11-18,treino,5553.2700,11612.9963,11146.8143,2.007252,2.091200
2017-11-19,treino,5209.8901,11153.5106,10705.7738,2.054894,2.140834
2017-11-20,treino,5373.4150,11378.1757,10921.4200,2.032491,2.117494
2017-11-21,treino,6087.2100,11358.9249,10902.9420,1.791123,1.866031
2017-11-22,treino,6725.7151,11487.7950,11026.6389,1.639475,1.708041
2017-11-23,treino,6907.4199,11658.5531,11190.5423,1.620076,1.687830
2017-11-24,treino,7282.0000,11706.6708,11236.7284,1.543083,1.607618
2017-11-25,treino,6926.4351,11523.9451,11061.3378,1.596974,1.663763
2017-11-26,treino,6678.9600,11193.0097,10743.6872,1.608587,1.675861
2017-11-27,treino,7075.9600,12779.8894,12266.8646,1.733597,1.806100
2017-11-28,treino,9839.2598,13273.9725,12741.1136,1.294926,1.349082
2017-11-29,treino,12550.4399,13159.2247,12630.9722,1.006417,1.048507
2017-11-30,treino,12825.8052,12378.4556,11881.5456,0.926378,0.965121
2017-12-01,treino,11665.3452,12399.3196,11901.5720,1.020250,1.062919
2017-12-02,treino,9575.4302,11597.2580,11131.7078,1.162528,1.211147
2017-12-03,treino,7981.7949,11195.6731,10746.2437,1.346344,1.402651
2017-12-04,treino,8308.1802,12704.0104,12194.0316,1.467714,1.529097
2017-12-05,treino,11616.4102,13252.1955,12720.2108,1.095021,1.140817
2017-12-06,treino,11282.7998,13384.1503,12846.8685,1.138624,1.186244
2017-12-07,treino,12671.8149,12929.3608,12410.3358,0.979365,1.020324
2017-12-08,treino,13239.6851,12495.5370,11993.9270,0.905907,0.943794
2017-12-09,treino,13172.2202,11923.9716,11445.3060,0.868897,0.905236
2017-12-10,treino,11848.9399,11502.4655,11040.7205,0.931790,0.970759
2017-12-11,treino,12179.8999,12612.3743,12106.0741,0.993939,1.035507
2017-12-12,treino,11434.5103,12562.1675,12057.8827,1.054517,1.098619
2017-12-13,treino,11020.7749,12497.0226,11995.3530,1.088431,1.133951
2017-12-14,treino,11726.7549,12855.4645,12339.4058,1.052244,1.096251
2017-12-15,treino,10838.6899,12615.4072,12108.9852,1.117200,1.163924
2017-12-16,treino,9888.6348,11595.9299,11130.4329,1.125578,1.172652
2017-12-17,treino,8170.2402,11578.8814,11114.0688,1.360311,1.417202
2017-12-18,treino,9449.2598,12537.7491,12034.4446,1.273586,1.326850
2017-12-19,treino,9563.8350,12815.2896,12300.8437,1.286183,1.339974
2017-12-20,treino,9744.5049,13051.5500,12527.6198,1.285609,1.339375
2017-12-21,treino,8997.0400,12869.5632,12352.9386,1.373000,1.430422
2017-12-22,treino,8791.0249,12724.4429,12213.6439,1.389331,1.447436
2017-12-23,treino,8906.9150,12019.1180,11536.6329,1.295245,1.349414
2017-12-24,treino,6619.1799,11450.2772,10990.6272,1.660421,1.729863
2017-12-25,treino,6150.3398,9663.8179,9275.8819,1.508190,1.571266
2017-12-26,treino,7017.4150,12168.8420,11680.3465,1.664480,1.734092
2017-12-27,treino,7216.4600,12995.7390,12474.0493,1.728555,1.800847
2017-12-28,treino,8961.4248,13291.8127,12758.2377,1.423684,1.483225
2017-12-29,treino,9154.7549,13262.3358,12729.9441,1.390528,1.448683
2017-12-30,treino,8225.4648,12591.7649,12086.2920,1.469375,1.530827
2017-12-31,treino,7188.3850,12031.0268,11548.0636,1.606489,1.673676
2018-01-01,treino,6959.5400,11469.3163,11008.9020,1.581843,1.647999
2018-01-02,treino,7865.6152,12945.9442,12426.2534,1.579820,1.645891
2018-01-03,treino,10316.5752,12990.1729,12468.7066,1.208609,1.259156
2018-01-04,treino,10990.5347,12925.1435,12406.2877,1.128816,1.176025
2018-01-05,treino,10807.1299,13300.6718,12766.7411,1.181326,1.230731
2018-01-06,treino,9750.4399,13105.1783,12579.0954,1.290105,1.344060
2018-01-07,treino,7604.5100,11984.3090,11503.2213,1.512684,1.575948
2018-01-08,treino,7402.2600,13247.6379,12715.8362,1.717832,1.789675
2018-01-09,treino,8642.1650,13288.2174,12754.7867,1.475879,1.537603
2018-01-10,treino,10981.1299,13593.7313,13048.0364,1.188223,1.237917
2018-01-11,treino,11761.9800,13588.6169,13043.1272,1.108923,1.155300
2018-01-12,treino,13510.1499,13459.6120,12919.3010,0.956266,0.996259
2018-01-13,treino,15791.3696,12954.9523,12434.8999,0.787449,0.820382
2018-01-14,treino,13057.0952,12499.2134,11997.4558,0.918846,0.957274
2018-01-15,treino,14392.6152,13111.0866,12584.7665,0.874391,0.910959
2018-01-16,treino,15831.0850,13018.8888,12496.2698,0.789350,0.822362
2018-01-17,treino,17169.2397,13068.7665,12544.1452,0.730617,0.761173
2018-01-18,treino,17357.9248,13028.4851,12505.4809,0.720448,0.750578
2018-01-19,treino,19216.3550,12808.0240,12293.8698,0.639761,0.666517
2018-01-20,treino,20433.4648,12102.8295,11616.9840,0.568527,0.592304
2018-01-21,treino,19980.9004,11450.8634,10991.1899,0.550085,0.573090
2018-01-22,treino,18148.8550,12099.3791,11613.6721,0.639912,0.666675
2018-01-23,treino,15496.8696,12320.9730,11826.3705,0.763146,0.795062
2018-01-24,treino,14419.2700,12270.1276,11777.5662,0.816794,0.850953
2018-01-25,treino,14069.1548,11969.6130,11489.1152,0.816617,0.850770
2018-01-26,treino,13766.0952,12510.2969,12008.0944,0.872295,0.908776
2018-01-27,treino,12769.3252,12872.8625,12356.1054,0.967640,1.008108
2018-01-28,treino,10308.7603,11720.8955,11250.3820,1.091342,1.136984
2018-01-29,treino,10597.8750,12634.2034,12127.0269,1.144289,1.192145
2018-01-30,treino,11134.8999,13097.1047,12571.3459,1.129004,1.176221
2018-01-31,treino,11573.7349,13056.8547,12532.7116,1.082858,1.128145
2018-02-01,treino,11363.3999,12804.1705,12290.1710,1.081558,1.126790
2018-02-02,treino,10352.7598,13023.1314,12500.3421,1.207441,1.257938
2018-02-03,treino,8520.0249,12695.2066,12185.5812,1.430228,1.490043
2018-02-04,treino,7367.0449,12620.3602,12113.7394,1.644315,1.713083
2018-02-05,treino,7936.4502,12942.7802,12423.2164,1.565337,1.630802
2018-02-06,treino,8947.0601,12619.8872,12113.2853,1.353884,1.410507
2018-02-07,treino,8425.5801,13139.9772,12612.4973,1.496929,1.559534
2018-02-08,treino,8500.9600,13286.9608,12753.5806,1.500252,1.562995
2018-02-09,treino,8903.3452,12518.1754,12015.6566,1.349567,1.406008
2018-02-10,treino,7963.0151,11933.6207,11454.5677,1.438471,1.498631
2018-02-11,treino,6389.5349,11152.3390,10704.6491,1.675341,1.745407
2018-02-12,treino,6140.1499,11344.4488,10889.0471,1.773417,1.847585
2018-02-13,treino,7476.1101,12237.8736,11746.6070,1.571219,1.636931
2018-02-14,treino,8208.0449,12723.7723,12213.0002,1.487930,1.550159
2018-02-15,treino,7602.7251,12819.7110,12305.0876,1.618510,1.686199
2018-02-16,treino,9248.7651,12498.6393,11996.9047,1.297136,1.351385
2018-02-17,treino,8958.0249,12636.6997,12129.4229,1.354029,1.410657
2018-02-18,treino,7993.0850,11992.5885,11511.1684,1.440141,1.500370
2018-02-19,treino,8091.0601,12604.2168,12098.2441,1.495261,1.557795
2018-02-20,treino,9361.1099,12807.8840,12293.7354,1.313278,1.368201
2018-02-21,treino,10016.8999,13210.1506,12679.8537,1.265846,1.318786
2018-02-22,treino,10086.1001,13056.1023,12531.9894,1.242501,1.294465
2018-02-23,treino,9768.7300,12776.4463,12263.5597,1.255389,1.307892
2018-02-24,treino,9152.7100,12160.3373,11672.1832,1.275271,1.328605
2018-02-25,treino,7921.1001,12033.7924,11550.7182,1.458221,1.519207
2018-02-26,treino,7432.4849,13104.9899,12578.9146,1.692424,1.763204
2018-02-27,treino,9249.2051,13285.8464,12752.5109,1.378768,1.436431
2018-02-28,treino,10025.8101,12988.3944,12466.9995,1.243490,1.295496
2018-03-01,treino,10738.1499,13185.5727,12656.2625,1.178626,1.227918
2018-03-02,treino,11205.1499,13105.5891,12579.4897,1.122653,1.169604
2018-03-03,treino,11149.6899,12889.5132,12372.0877,1.109635,1.156042
2018-03-04,treino,9390.0601,12551.2410,12047.3949,1.282994,1.336652
2018-03-05,treino,10389.2300,13066.0586,12541.5461,1.207168,1.257654
2018-03-06,treino,10417.2900,13210.7343,12680.4141,1.217247,1.268155
2018-03-07,treino,9796.3750,13349.4349,12813.5468,1.307989,1.362691
2018-03-08,treino,9852.5352,13675.0749,13126.1146,1.332258,1.387975
2018-03-09,treino,9321.9648,13644.9939,13097.2411,1.404987,1.463747
2018-03-10,treino,7902.7100,13848.0714,13292.1664,1.681976,1.752319
2018-03-11,treino,7085.8999,12915.9898,12397.5015,1.749602,1.822773
2018-03-12,treino,7187.5601,13646.9335,13099.1029,1.822469,1.898688
2018-03-13,treino,8549.7998,13935.6434,13376.2230,1.564507,1.629938
2018-03-14,treino,8721.7700,13892.7823,13335.0825,1.528942,1.592886
2018-03-15,treino,9641.1348,13093.7266,12568.1034,1.303592,1.358111
2018-03-16,treino,9415.7700,13946.3163,13386.4674,1.421707,1.481166
2018-03-17,treino,8894.7549,13892.1525,13334.4780,1.499139,1.561836
2018-03-18,treino,7769.4299,12932.9021,12413.7349,1.597766,1.664588
2018-03-19,treino,8381.7400,13566.5770,13021.9720,1.553612,1.618587
2018-03-20,treino,8833.9551,13870.8190,13314.0008,1.507139,1.570171
2018-03-21,treino,8312.1299,13632.6109,13085.3552,1.574248,1.640086
2018-03-22,treino,7811.4600,13531.3121,12988.1228,1.662701,1.732239
2018-03-23,treino,7601.9849,13670.5391,13121.7608,1.726097,1.798285
2018-03-24,treino,7981.4299,12888.8065,12371.4094,1.550024,1.614849
2018-03-25,treino,6748.6101,12281.4416,11788.4260,1.746793,1.819848
2018-03-26,treino,7042.0601,12967.6713,12447.1083,1.767538,1.841460
2018-03-27,treino,7874.1050,13043.8352,12520.2147,1.590049,1.656548
2018-03-28,treino,7244.4399,13215.8210,12685.2966,1.751039,1.824271
2018-03-29,treino,7406.6350,13322.6943,12787.8796,1.726544,1.798751
2018-03-30,treino,6578.3799,10715.7695,10285.6049,1.563547,1.628937
2018-03-31,treino,6245.2549,11379.5312,10922.7211,1.748963,1.822108
2018-04-01,treino,6131.1050,10992.1913,10550.9303,1.720886,1.792856
2018-04-02,treino,6666.8000,12364.6823,11868.3252,1.780213,1.854665
2018-04-03,treino,7405.5049,13124.7665,12597.8972,1.701153,1.772299
2018-04-04,treino,7151.3301,13118.0224,12591.4238,1.760711,1.834347
2018-04-05,treino,7791.9800,12901.3553,12383.4544,1.589256,1.655722
2018-04-06,treino,8287.7051,12756.6033,12244.5133,1.477431,1.539220
2018-04-07,treino,7558.9551,12475.2330,11974.4381,1.584139,1.650391
2018-04-08,treino,6709.2700,11735.8421,11264.7286,1.678980,1.749198
2018-04-09,treino,6433.9351,12840.6851,12325.2197,1.915658,1.995775
2018-04-10,treino,6503.3599,12557.0187,12052.9406,1.853341,1.930851
2018-04-11,treino,7439.1001,12478.3929,11977.4711,1.610070,1.677406
2018-04-12,treino,7210.3799,12993.3116,12471.7194,1.729690,1.802029
2018-04-13,treino,7695.9399,12965.5992,12445.1194,1.617102,1.684732
2018-04-14,treino,6829.6602,11906.2127,11428.2600,1.673328,1.743310
2018-04-15,treino,6147.7300,10865.9612,10429.7675,1.696523,1.767475
2018-04-16,treino,5684.9849,10771.7562,10339.3441,1.818711,1.894773
2018-04-17,treino,5941.0601,11245.9913,10794.5420,1.816939,1.892927
2018-04-18,treino,6510.8999,11210.7374,10760.7033,1.652721,1.721841
2018-04-19,treino,6923.8701,11472.1654,11011.6367,1.590388,1.656901
2018-04-20,treino,7351.4900,10766.1845,10333.9961,1.405701,1.464490
2018-04-21,treino,7118.1699,10100.8543,9695.3744,1.362060,1.419024
2018-04-22,treino,6172.6602,11000.0265,10558.4509,1.710519,1.782056
2018-04-23,treino,5999.3799,11384.0122,10927.0222,1.821359,1.897531
2018-04-24,treino,6693.8501,11272.6822,10820.1614,1.616433,1.684036
2018-04-25,treino,8072.2451,10860.9339,10424.9420,1.291455,1.345466
2018-04-26,treino,7195.1699,10984.1993,10543.2591,1.465325,1.526607
2018-04-27,treino,6452.5601,10881.9421,10445.1068,1.618754,1.686453
2018-04-28,treino,6234.6499,10828.5960,10393.9022,1.667119,1.736841
2018-04-29,treino,5763.8999,10475.7029,10055.1753,1.744509,1.817468
2018-04-30,treino,6089.5000,10268.5503,9856.3385,1.618579,1.686271
2018-05-01,treino,6127.0898,10076.9852,9672.4634,1.578639,1.644661
2018-05-02,treino,6756.7749,11370.7445,10914.2872,1.615310,1.682866
2018-05-03,treino,7194.0400,10965.6992,10525.5016,1.463086,1.524276
2018-05-04,treino,6840.7549,10311.5224,9897.5856,1.446856,1.507366
2018-05-05,treino,6654.8999,9882.4331,9485.7213,1.425374,1.484986
2018-05-06,treino,6029.0601,9396.1353,9018.9450,1.495912,1.558474
2018-05-07,treino,6229.0449,9971.8314,9571.5309,1.536597,1.600860
2018-05-08,treino,6362.0400,9584.2630,9199.5206,1.446002,1.506476
2018-05-09,treino,6625.5151,9949.8327,9550.4153,1.441460,1.501745
2018-05-10,treino,6865.0449,9481.8698,9101.2378,1.325736,1.381181
2018-05-11,treino,6399.5400,9056.9631,8693.3882,1.358440,1.415252
2018-05-12,treino,6118.6450,8764.5337,8412.6979,1.374928,1.432430
2018-05-13,treino,5880.1499,8165.1888,7837.4125,1.332859,1.388602
2018-05-14,treino,6023.6001,8585.5808,8240.9287,1.368107,1.425324
2018-05-15,treino,6299.2300,9606.0440,9220.4273,1.463739,1.524955
2018-05-16,treino,6330.4351,10115.4520,9709.3861,1.533763,1.597908
2018-05-17,treino,6380.2900,11003.8993,10562.1682,1.655437,1.724671
2018-05-18,treino,6591.5400,10941.5316,10502.3043,1.593301,1.659936
2018-05-19,treino,6159.6499,9981.8831,9581.1791,1.555475,1.620528
2018-05-20,treino,5563.0801,9610.4342,9224.6412,1.658190,1.727538
2018-05-21,treino,5682.0400,9696.9295,9307.6643,1.638085,1.706593
2018-05-22,treino,5717.2949,9428.1784,9049.7017,1.582864,1.649063
2018-05-23,treino,5776.0200,9698.8849,9309.5412,1.611757,1.679164
2018-05-24,treino,5812.2700,9613.8496,9227.9195,1.587662,1.654061
2018-05-25,treino,5894.4800,9358.6151,8982.9310,1.523956,1.587691
2018-05-26,treino,5993.6699,9096.3044,8731.1502,1.456729,1.517652
2018-05-27,treino,5475.8901,9053.9035,8690.4514,1.587039,1.653412
2018-05-28,treino,5531.5649,9262.4373,8890.6141,1.607251,1.674470
2018-05-29,treino,5598.0151,8720.7225,8370.6454,1.495288,1.557824
2018-05-30,treino,5491.9551,8327.3748,7993.0878,1.455418,1.516286
2018-05-31,treino,5442.2251,8935.8101,8577.0987,1.576028,1.641941
2018-06-01,treino,5855.3101,9341.6812,8966.6768,1.531375,1.595420
2018-06-02,treino,6091.5400,9271.7111,8899.5155,1.460963,1.522064
2018-06-03,treino,5671.4399,8540.1139,8197.2869,1.445363,1.505811
2018-06-04,treino,5974.9102,8918.8097,8560.7807,1.432788,1.492710
2018-06-05,treino,5999.3750,8715.3259,8365.4654,1.394389,1.452706
2018-06-06,treino,6027.3750,8941.8383,8582.8848,1.423984,1.483538
2018-06-07,treino,5938.5898,9041.0652,8678.1285,1.461311,1.522426
2018-06-08,treino,6055.2500,9456.0467,9076.4514,1.498939,1.561628
2018-06-09,treino,5925.1401,9647.0224,9259.7607,1.562792,1.628151
2018-06-10,treino,5613.6450,9304.3495,8930.8437,1.590917,1.657452
2018-06-11,treino,5719.3301,9081.7685,8717.1979,1.524164,1.587908
2018-06-12,treino,5484.1450,9531.0588,9148.4522,1.668164,1.737930
2018-06-13,treino,5410.0449,9749.9497,9358.5562,1.729848,1.802194
2018-06-14,treino,5695.6602,9436.8472,9058.0226,1.590338,1.656849
2018-06-15,treino,5854.1650,9304.0500,8930.5562,1.525505,1.589304
2018-06-16,treino,5803.7500,8532.3997,8189.8824,1.411136,1.470153
2018-06-17,treino,5866.3701,8536.8604,8194.1641,1.396803,1.455220
2018-06-18,treino,6114.4102,8896.3748,8539.2464,1.396577,1.454985
2018-06-19,treino,5542.6899,8913.0512,8555.2534,1.543520,1.608073
2018-06-20,treino,5626.0449,8690.3146,8341.4582,1.482650,1.544658
2018-06-21,treino,5818.8799,8540.9102,8198.0513,1.408871,1.467793
2018-06-22,treino,6155.8301,8490.4511,8149.6178,1.323886,1.379254
2018-06-23,treino,5845.0850,9186.3384,8817.5700,1.508544,1.571635
2018-06-24,treino,5684.6499,8675.4656,8327.2052,1.464858,1.526121
2018-06-25,treino,5893.6201,9012.0724,8650.2995,1.467740,1.529123
2018-06-26,treino,5968.8101,9803.2445,9409.7116,1.576480,1.642412
2018-06-27,treino,6048.0400,9481.8084,9101.1789,1.504815,1.567749
2018-06-28,treino,6216.1602,9375.8366,8999.4611,1.447752,1.508300
2018-06-29,treino,6074.5449,9558.3565,9174.6541,1.510344,1.573510
2018-06-30,treino,6636.2300,8655.0284,8307.5885,1.251854,1.304209
2018-07-01,treino,6831.5601,8113.5244,7787.8221,1.139977,1.187653
2018-07-02,treino,6164.4600,8947.1795,8588.0117,1.393149,1.451413
2018-07-03,treino,5957.1401,9306.0895,8932.5139,1.499463,1.562174
2018-07-04,treino,5909.7349,9448.4483,9069.1580,1.534613,1.598794
2018-07-05,treino,5927.3799,9455.9537,9076.3621,1.531260,1.595301
2018-07-06,treino,5912.7900,9229.0958,8858.6109,1.498212,1.560870
2018-07-07,treino,6019.1550,8196.1515,7867.1323,1.307016,1.361678
2018-07-08,treino,5761.3149,8014.4853,7692.7587,1.335244,1.391086
2018-07-09,treino,5957.0200,8815.7622,8461.8699,1.420487,1.479895
2018-07-10,treino,5888.1499,8890.8759,8533.9683,1.449346,1.509961
2018-07-11,treino,5641.6851,8755.3342,8403.8676,1.489602,1.551901
2018-07-12,treino,5487.1299,8411.4038,8073.7437,1.471396,1.532933
2018-07-13,treino,5435.5000,8476.0752,8135.8189,1.496793,1.559392
2018-07-14,treino,5426.7051,8103.4873,7778.1880,1.433317,1.493261
2018-07-15,treino,5153.9600,7635.0828,7328.5866,1.421933,1.481401
2018-07-16,treino,5209.5850,8425.5310,8087.3038,1.552389,1.617313
2018-07-17,treino,5420.7100,8202.8564,7873.5681,1.452498,1.513244
2018-07-18,treino,5416.3149,8217.0702,7887.2113,1.456195,1.517096
2018-07-19,treino,5430.1201,8325.0932,7990.8978,1.471588,1.533132
2018-07-20,treino,5488.1050,7975.6240,7655.4575,1.394918,1.453256
2018-07-21,treino,5567.0049,7615.1189,7309.4241,1.312990,1.367902
2018-07-22,treino,5214.7549,8211.5664,7881.9284,1.511467,1.574679
2018-07-23,treino,5318.7300,8931.3955,8572.8613,1.611825,1.679235
2018-07-24,treino,5708.5200,7993.7441,7672.8501,1.344105,1.400318
2018-07-25,treino,5895.3101,7820.8794,7506.9248,1.273372,1.326627
2018-07-26,treino,6069.7200,7898.3471,7581.2827,1.249033,1.301270
2018-07-27,treino,6744.4451,8104.1396,7778.8141,1.153366,1.201602
2018-07-28,treino,6380.3350,8131.6325,7805.2032,1.223322,1.274484
2018-07-29,treino,5728.2900,8316.9918,7983.1217,1.393631,1.451915
2018-07-30,treino,5211.8550,9530.3422,9147.7644,1.755184,1.828589
2018-07-31,treino,5307.2900,11144.1430,10696.7822,2.015489,2.099780
2018-08-01,treino,13246.6802,11641.4200,11174.0969,0.843539,0.878818
2018-08-02,treino,11338.1152,10551.5745,10128.0012,0.893270,0.930629
2018-08-03,treino,9701.9800,9539.8435,9156.8843,0.943816,0.983288
2018-08-04,treino,9161.3501,9050.0257,8686.7293,0.948193,0.987848
2018-08-05,treino,7762.8398,8535.2236,8192.5930,1.055360,1.099498
2018-08-06,treino,7628.6650,9675.9730,9287.5491,1.217454,1.268370
2018-08-07,treino,7725.3599,9563.8167,9179.8952,1.188281,1.237977
2018-08-08,treino,7873.2451,9555.4774,9171.8906,1.164944,1.213664
2018-08-09,treino,8972.1602,9897.4193,9500.1058,1.058843,1.103126
2018-08-10,treino,8473.7749,9483.8606,9103.1487,1.074273,1.119201
2018-08-11,treino,8197.8601,10077.0801,9672.5545,1.179888,1.229233
2018-08-12,treino,7096.9600,9733.6538,9342.9144,1.316467,1.371524
2018-08-13,treino,6610.9551,10694.5320,10265.2199,1.552759,1.617698
2018-08-14,treino,7188.5400,10870.3747,10434.0038,1.451477,1.512181
2018-08-15,treino,7374.3650,11179.3936,10730.6177,1.455124,1.515981
2018-08-16,treino,7906.0850,11432.8237,10973.8743,1.388029,1.446079
2018-08-17,treino,7765.2251,10778.0660,10345.4007,1.332273,1.387991
2018-08-18,treino,7083.4600,9854.1717,9458.5944,1.335307,1.391152
2018-08-19,treino,5939.6001,9813.9290,9419.9672,1.585960,1.652288
2018-08-20,treino,6596.8501,10516.3158,10094.1579,1.530148,1.594142
2018-08-21,treino,7339.8701,9843.9181,9448.7524,1.287319,1.341157
2018-08-22,treino,7863.4651,9800.2065,9406.7955,1.196266,1.246296
2018-08-23,treino,7538.5400,10225.3633,9814.8852,1.301961,1.356412
2018-08-24,treino,7026.0200,9773.3831,9381.0489,1.335187,1.391027
2018-08-26,treino,5746.5151,9083.9241,8719.2669,1.517314,1.580771
2018-08-27,treino,5955.8550,9579.0508,9194.5177,1.543778,1.608342
2018-08-28,treino,6570.9600,9536.9444,9154.1016,1.393115,1.451378
2018-08-29,treino,6686.0400,9916.5920,9518.5090,1.423639,1.483179
2018-08-30,treino,6763.2451,9905.5268,9507.8879,1.405817,1.464612
2018-08-31,treino,7576.9250,9550.1987,9166.8238,1.209834,1.260432
2018-09-01,treino,7217.7749,8388.4171,8051.6797,1.115535,1.162189
2018-09-02,treino,6298.6499,8270.5121,7938.5078,1.260351,1.313061
2018-09-03,treino,6248.3149,9364.9850,8989.0451,1.438635,1.498802
2018-09-04,treino,6214.2100,9558.5950,9174.8830,1.476436,1.538183
2018-09-05,treino,5951.3301,9612.2637,9226.3973,1.550308,1.615145
2018-09-06,treino,5371.8149,9087.2031,8722.4143,1.623737,1.691645
2018-09-07,treino,4961.7100,8667.2067,8319.2779,1.676696,1.746818
2018-09-08,treino,4830.6899,8617.0194,8271.1052,1.712200,1.783807
2018-09-09,treino,4557.9399,8133.5968,7807.0887,1.712855,1.784490
2018-09-10,treino,5362.2100,8639.6567,8292.8338,1.546533,1.611212
2018-09-11,treino,5180.5249,8155.6115,7828.2197,1.511086,1.574283
2018-09-12,treino,4957.0801,7805.5810,7492.2406,1.511422,1.574633
2018-09-13,treino,4943.2251,7895.4288,7578.4816,1.533105,1.597222
2018-09-14,treino,5134.7500,7840.6384,7525.8906,1.465678,1.526976
2018-09-15,treino,5062.0801,7522.7943,7220.8058,1.426450,1.486107
2018-09-16,treino,4907.6450,7209.5518,6920.1378,1.410073,1.469045
2018-09-17,treino,4936.3398,8258.4055,7926.8873,1.605823,1.672982
2018-09-18,treino,5396.3901,8049.9435,7726.7935,1.431845,1.491727
2018-09-19,treino,6513.8901,8298.1946,7965.0791,1.222784,1.273923
2018-09-20,treino,7238.1150,8180.7072,7852.3080,1.084855,1.130226
2018-09-21,treino,7271.3398,8915.5017,8557.6055,1.176895,1.226115
2018-09-22,treino,7198.4150,8872.9107,8516.7243,1.183139,1.232620
2018-09-23,treino,5472.4150,8382.4249,8045.9281,1.470270,1.531760
2018-09-24,treino,5597.0801,10192.3256,9783.1737,1.747907,1.821008
2018-09-25,treino,7066.8101,10902.9351,10465.2571,1.480903,1.542837
2018-09-26,treino,8010.4199,10385.6840,9968.7701,1.244475,1.296522
2018-09-27,treino,7715.5100,10186.4104,9777.4959,1.267252,1.320251
2018-09-28,treino,7231.1550,10419.2971,10001.0338,1.383048,1.440890
2018-09-29,treino,6381.0100,10035.5024,9632.6459,1.509580,1.572714
2018-09-30,treino,5292.8701,9215.5634,8845.6218,1.671233,1.741128
2018-10-01,treino,5751.6299,10257.3893,9845.6256,1.711797,1.783388
2018-10-02,treino,6549.3599,11556.1731,11092.2721,1.693642,1.764474
2018-10-03,treino,7430.5750,10490.1720,10069.0636,1.355085,1.411758
2018-10-04,treino,8456.3950,10799.5058,10365.9798,1.225815,1.277082
2018-10-05,treino,8072.2300,11416.6260,10958.3269,1.357534,1.414309
2018-10-06,treino,6187.2300,10062.1975,9658.2694,1.561001,1.626285
2018-10-07,treino,5100.6401,8924.2564,8566.0088,1.679399,1.749635
2018-10-08,treino,5658.5850,10535.1995,10112.2835,1.787069,1.861808
2018-10-09,treino,7201.0000,11979.9768,11499.0630,1.596870,1.663655
2018-10-10,treino,7664.9150,12393.6880,11896.1666,1.552028,1.616937
2018-10-11,treino,8174.1599,12272.8713,11780.1998,1.441151,1.501423
2018-10-12,treino,7418.4800,11602.4285,11136.6706,1.501207,1.563990
2018-10-13,treino,6727.3750,11387.1667,10930.0501,1.624712,1.692661
2018-10-14,treino,5519.3149,11651.5083,11183.7802,2.026299,2.111042
2018-10-15,treino,5535.8901,12578.4468,12073.5085,2.180952,2.272163
2018-10-16,treino,6823.6050,13119.2639,12592.6155,1.845449,1.922629
2018-10-17,treino,7111.2100,13121.2488,12594.5207,1.771080,1.845150
2018-10-18,treino,7927.9150,12147.3387,11659.7064,1.470715,1.532224
2018-10-19,treino,7822.4399,11454.0221,10994.2217,1.405472,1.464252
2018-10-20,treino,7732.6350,11401.0886,10943.4132,1.415224,1.474412
2018-10-21,treino,6546.8250,10660.2697,10232.3330,1.562946,1.628311
2018-10-22,treino,6666.6851,11832.8177,11357.8113,1.703667,1.774918
2018-10-23,treino,7184.7349,12694.1703,12184.5866,1.695899,1.766825
2018-10-24,treino,6567.9600,12481.9691,11980.9038,1.824144,1.900433
2018-10-25,treino,6537.1299,12981.8072,12460.6767,1.906139,1.985857
2018-10-26,treino,8491.7200,12888.5682,12371.1807,1.456852,1.517781
2018-10-27,treino,7992.1899,12012.9812,11530.7425,1.442751,1.503090
2018-10-28,treino,7757.3599,10006.3803,9604.6928,1.238139,1.289921
2018-10-29,treino,7534.3650,12370.4687,11873.8793,1.575963,1.641873
2018-10-30,treino,7601.0750,13436.1081,12896.7406,1.696700,1.767659
2018-10-31,treino,7487.7151,13028.7140,12505.7005,1.670162,1.740012
2018-11-01,treino,7902.1399,12977.9310,12456.9561,1.576403,1.642331
2018-11-02,treino,7795.3850,13200.7703,12670.8500,1.625430,1.693408
2018-11-03,treino,7487.1201,13140.2720,12612.7803,1.684597,1.755050
2018-11-04,treino,6742.9150,12858.7750,12342.5835,1.830452,1.907005
2018-11-05,treino,7407.4751,12622.5541,12115.8452,1.635624,1.704029
2018-11-06,treino,7235.3501,12978.1802,12457.1953,1.721713,1.793718
2018-11-07,treino,6702.9150,12954.5432,12434.5072,1.855089,1.932673
2018-11-08,treino,6993.8550,12794.5798,12280.9653,1.755965,1.829403
2018-11-09,treino,6840.2300,12816.6332,12302.1334,1.798497,1.873714
2018-11-10,treino,6216.6899,13005.7062,12483.6164,2.008081,2.092063
2018-11-11,treino,5862.5801,13129.8237,12602.7514,2.149694,2.239598
2018-11-12,treino,6729.6001,12995.9680,12474.2691,1.853642,1.931165
2018-11-13,treino,7801.8101,12876.0623,12359.1768,1.584142,1.650394
2018-11-14,treino,8299.2300,12895.6183,12377.9478,1.491457,1.553833
2018-11-15,treino,7665.1699,12829.9772,12314.9417,1.606610,1.673802
2018-11-16,treino,6582.1401,13235.9431,12704.6109,1.930164,2.010887
2018-11-17,treino,6895.4102,13323.1221,12788.2902,1.854609,1.932173
2018-11-18,treino,6751.3950,12193.3625,11703.8828,1.733550,1.806051
2018-11-19,treino,7649.6899,13143.0612,12615.4575,1.649146,1.718117
2018-11-20,treino,7491.8501,12487.2498,11985.9725,1.599868,1.666778
2018-11-21,treino,7769.6899,13495.2408,12953.4995,1.667184,1.736909
2018-11-22,treino,7499.9451,12558.7843,12054.6353,1.607296,1.674517
2018-11-23,treino,7448.2949,12605.7862,12099.7505,1.624499,1.692439
2018-11-24,treino,7438.9399,12195.2662,11705.7100,1.573572,1.639382
2018-11-25,treino,6969.3999,12804.9215,12290.8919,1.763551,1.837306
2018-11-26,treino,7058.8398,12434.9995,11935.8196,1.690904,1.761621
2018-11-27,treino,7310.6050,11942.4231,11463.0168,1.567998,1.633575
2018-11-28,treino,7464.9500,11804.2028,11330.3451,1.517806,1.581284
2018-11-29,treino,7251.5601,12834.6805,12319.4562,1.698870,1.769920
2018-11-30,treino,8231.8501,12801.3052,12287.4207,1.492668,1.555095
2018-12-01,treino,7740.7100,11700.2025,11230.5197,1.450838,1.511515
2018-12-02,treino,6621.2600,10716.1442,10285.9646,1.553475,1.618445
2018-12-03,treino,6160.3501,11584.2484,11119.2203,1.804966,1.880453
2018-12-04,treino,7157.7549,11642.8957,11175.5134,1.561315,1.626613
2018-12-05,treino,7519.3701,12045.3761,11561.8369,1.537607,1.601913
2018-12-06,treino,7621.4199,11773.8782,11301.2378,1.482826,1.544841
2018-12-07,treino,7719.4199,11297.1478,10843.6449,1.404723,1.463471
2018-12-08,treino,6663.1150,10330.2838,9915.5938,1.488132,1.550369
2018-12-09,treino,6061.9399,10070.0395,9665.7966,1.594505,1.661191
2018-12-10,treino,6364.8999,10613.0852,10187.0427,1.600503,1.667439
2018-12-11,treino,7958.5898,10959.9730,10520.0053,1.321843,1.377125
2018-12-12,treino,8128.2900,10999.2340,10557.6903,1.298882,1.353204
2018-12-13,treino,8399.5249,11860.7376,11384.6104,1.355387,1.412072
2018-12-14,treino,8295.4700,11784.2509,11311.1941,1.363539,1.420565
2018-12-15,treino,6940.7300,10635.3878,10208.4500,1.470804,1.532315
2018-12-16,treino,6099.6099,10037.2315,9634.3056,1.579495,1.645553
2018-12-17,treino,6189.1499,10861.0324,10425.0365,1.684405,1.754850
2018-12-18,treino,7951.7151,11919.6203,11441.1294,1.438825,1.499000
2018-12-19,treino,8384.1099,12098.4314,11612.7624,1.385092,1.443019
2018-12-20,treino,7119.2000,11218.5010,10768.1552,1.512551,1.575809
2018-12-21,treino,7280.3550,11644.9549,11177.4899,1.535295,1.599504
2018-12-22,treino,6553.2451,10865.0549,10428.8976,1.591410,1.657966
2018-12-23,treino,5952.0898,10792.1485,10358.9178,1.740383,1.813170
2018-12-24,treino,5755.7251,10268.9856,9856.7563,1.712513,1.784134
2018-12-25,treino,5791.3101,9382.8338,9006.1774,1.555119,1.620157
2018-12-26,treino,6203.1001,10304.9649,9891.2913,1.594572,1.661260
2018-12-27,treino,6488.0400,10230.7857,9820.0899,1.513568,1.576868
2018-12-28,treino,6374.1450,10227.7555,9817.1813,1.540157,1.604569
2018-12-29,treino,5741.6099,9755.1143,9363.5135,1.630817,1.699021
2018-12-30,treino,5795.5850,9216.2022,8846.2350,1.526375,1.590211
2018-12-31,treino,5476.7051,9190.0948,8821.1756,1.610672,1.678034
2019-01-01,treino,5589.2100,9235.3345,8864.5992,1.586020,1.652351
2019-01-02,treino,5943.8101,9862.1000,9466.2044,1.592616,1.659222
2019-01-03,treino,7103.0400,9091.1186,8726.1726,1.228512,1.279891
2019-01-04,treino,8262.4399,8900.3100,8543.0237,1.033959,1.077201
2019-01-05,treino,7469.1201,8412.4224,8074.7214,1.081081,1.126294
2019-01-06,treino,7460.1750,8602.4444,8257.1153,1.106826,1.153116
2019-01-07,treino,9117.6602,8608.2410,8262.6793,0.906228,0.944128
2019-01-08,treino,9051.3848,9398.1877,9020.9150,0.996634,1.038315
2019-01-09,treino,8337.3101,10106.9955,9701.2690,1.163597,1.212261
2019-01-10,treino,7913.6450,11283.8585,10830.8891,1.368635,1.425874
2019-01-11,treino,8104.8450,11258.5583,10806.6045,1.333351,1.389115
2019-01-12,treino,7702.8701,11209.3980,10759.4177,1.396806,1.455224
2019-01-13,treino,7124.6650,10667.8520,10239.6110,1.437206,1.497313
2019-01-14,treino,7578.4800,11513.2390,11051.0615,1.458216,1.519202
2019-01-15,treino,8898.6748,11576.9298,11112.1955,1.248747,1.300972
2019-01-16,treino,9350.7451,12088.1369,11602.8812,1.240851,1.292746
2019-01-17,treino,8964.4102,11866.6375,11390.2735,1.270610,1.323750
2019-01-18,treino,8150.7100,11693.1793,11223.7784,1.377031,1.434621
2019-01-19,treino,8204.5349,10806.0424,10372.2540,1.264210,1.317082
2019-01-20,treino,7168.7749,11066.8935,10622.6337,1.481792,1.543764
2019-01-21,treino,7398.5449,11384.1225,10927.1282,1.476929,1.538697
2019-01-22,treino,7575.6050,12107.3472,11621.3203,1.534045,1.598202
2019-01-23,treino,8100.6599,12313.2363,11818.9444,1.459010,1.520029
2019-01-24,treino,8483.7749,11677.9159,11209.1277,1.321243,1.376500
2019-01-25,treino,7948.8149,11710.8213,11240.7122,1.414137,1.473279
2019-01-26,treino,7008.6899,10347.1905,9931.8218,1.417073,1.476337
2019-01-27,treino,6221.8550,10684.6319,10255.7173,1.648338,1.717274
2019-01-28,treino,6812.5850,11195.5944,10746.1682,1.577400,1.643370
2019-01-29,treino,7697.4849,10663.7512,10235.6749,1.329743,1.385355
2019-01-30,treino,8094.4551,10731.9705,10301.1555,1.272619,1.325842
2019-01-31,treino,8761.4502,10671.7418,10243.3447,1.169138,1.218034
2019-02-01,treino,9562.3701,10814.5147,10380.3862,1.085545,1.130945
2019-02-02,treino,8363.0898,9772.1324,9379.8484,1.121577,1.168483
2019-02-03,treino,6503.2849,9176.5171,8808.1430,1.354414,1.411059
2019-02-04,treino,6720.1450,10234.9048,9824.0437,1.461880,1.523018
2019-02-05,treino,7389.2700,10297.8374,9884.4500,1.337676,1.393620
2019-02-06,treino,6912.4150,10566.4700,10142.2988,1.467258,1.528622
2019-02-07,treino,6298.7900,10172.6000,9764.2399,1.550177,1.615009
2019-02-08,treino,6370.5801,9740.0926,9349.0948,1.467542,1.528918
2019-02-09,treino,6025.1851,8541.2373,8198.3652,1.360683,1.417589
2019-02-10,treino,5681.8398,8218.5087,7888.5921,1.388387,1.446452
2019-02-11,treino,6447.8350,9454.2239,9074.7017,1.407403,1.466263
2019-02-12,treino,6800.7500,9494.1177,9112.9940,1.339998,1.396040
2019-02-13,treino,6900.0601,8991.8714,8630.9095,1.250846,1.303158
2019-02-14,treino,6289.1201,8829.0813,8474.6543,1.347510,1.403866
2019-02-15,treino,6132.0850,9028.3755,8665.9482,1.413214,1.472317
2019-02-16,treino,6490.6450,8021.9004,7699.8762,1.186304,1.235917
2019-02-17,treino,5631.4800,7757.2695,7445.8684,1.322187,1.377483
2019-02-18,treino,6206.7549,8671.9374,8323.8186,1.341090,1.397177
2019-02-19,treino,6245.5049,9443.0269,9063.9542,1.451276,1.511972
2019-02-20,treino,6472.1050,9575.1565,9190.7797,1.420060,1.479450
2019-02-21,treino,7235.7700,9495.2623,9114.0927,1.259589,1.312267
2019-02-22,treino,7263.9951,9253.9263,8882.4447,1.222804,1.273944
2019-02-23,treino,8295.4551,9851.7213,9456.2423,1.139931,1.187605
2019-02-24,treino,7461.2849,9159.3339,8791.6495,1.178302,1.227581
2019-02-25,treino,7177.7400,9757.4290,9365.7353,1.304831,1.359401
2019-02-26,treino,7415.5500,9880.6167,9483.9777,1.278931,1.332419
2019-02-27,treino,6599.3250,10115.2130,9709.1566,1.471235,1.532765
2019-02-28,treino,6112.7100,9957.3495,9557.6303,1.563567,1.628958
2019-03-01,treino,6739.8350,9867.4377,9471.3279,1.405276,1.464047
2019-03-02,treino,6401.4951,9203.1795,8833.7350,1.379949,1.437661
2019-03-03,treino,5403.1602,8493.1013,8152.1616,1.508777,1.571877
2019-03-04,treino,5581.8750,8375.2007,8038.9939,1.440196,1.500428
2019-03-05,treino,5942.9600,9567.7497,9183.6702,1.545302,1.609930
2019-03-06,treino,6592.6851,9875.1165,9478.6983,1.437760,1.497890
2019-03-07,treino,7164.2700,10548.3660,10124.9215,1.413252,1.472357
2019-03-08,treino,8378.1602,11249.4306,10797.8432,1.288808,1.342709
2019-03-09,treino,7646.9900,10045.6595,9642.3952,1.260940,1.313675
2019-03-10,treino,6516.3901,9376.4840,9000.0826,1.381145,1.438908
2019-03-11,treino,5902.2300,10210.5491,9800.6656,1.660502,1.729948
2019-03-12,treino,5988.1499,10246.2265,9834.9109,1.642396,1.711084
2019-03-13,treino,6977.5850,10611.5088,10185.5295,1.459750,1.520800
2019-03-14,treino,7143.8101,11281.5092,10828.6340,1.515807,1.579201
2019-03-15,treino,7255.9500,10922.4321,10483.9715,1.444879,1.505307
2019-03-16,treino,6583.2900,10054.8743,9651.2401,1.466021,1.527333
2019-03-17,treino,6004.8350,9217.3212,8847.3090,1.473364,1.534983
2019-03-18,treino,6110.0898,10869.2795,10432.9525,1.707496,1.778907
2019-03-19,treino,7669.5901,10924.1897,10485.6585,1.367173,1.424351
2019-03-20,treino,8407.6201,10947.2477,10507.7908,1.249794,1.302063
2019-03-21,treino,7289.1602,10317.6576,9903.4745,1.358658,1.415480
2019-03-22,treino,6399.0449,9276.6546,8904.2606,1.391498,1.449694
2019-03-23,treino,5882.7900,8466.5503,8126.6764,1.381432,1.439207
2019-03-24,treino,5456.2749,8760.6710,8408.9903,1.541160,1.605614
2019-03-25,treino,5926.6001,9438.7508,9059.8498,1.528676,1.592608
2019-03-26,treino,6906.5200,10772.4693,10340.0286,1.497140,1.559754
2019-03-27,treino,6581.9849,10836.6958,10401.6769,1.580325,1.646418
2019-03-28,treino,6088.7700,10213.2346,9803.2433,1.610053,1.677389
2019-03-29,treino,6123.4600,9998.3975,9597.0305,1.567256,1.632802
2019-03-30,treino,5751.4199,9407.8867,9030.2246,1.570086,1.635750
2019-03-31,treino,5373.1499,8772.6848,8420.5217,1.567148,1.632689
2019-04-01,treino,6369.9849,9761.9983,9370.1211,1.470980,1.532499
2019-04-02,treino,7047.9751,10231.3902,9820.6701,1.393403,1.451678
2019-04-03,treino,7355.2300,10251.2773,9839.7589,1.337791,1.393740
2019-04-04,treino,7634.2900,10880.0727,10443.3125,1.367948,1.425158
2019-04-05,treino,7557.4250,10758.3290,10326.4559,1.366399,1.423544
2019-04-06,treino,6627.9199,9968.7612,9568.5839,1.443678,1.504056
2019-04-07,treino,5679.8550,9742.6799,9351.5782,1.646447,1.715304
2019-04-08,treino,6086.8901,10613.4455,10187.3885,1.673661,1.743656
2019-04-09,treino,5770.7900,10230.8687,9820.1695,1.701703,1.772871
2019-04-10,treino,5763.3901,10437.9624,10018.9499,1.738378,1.811080
2019-04-11,treino,6165.3901,10709.8280,10279.9020,1.667356,1.737088
2019-04-12,treino,5876.4600,10064.0277,9660.0261,1.643851,1.712600
2019-04-13,treino,6228.1201,9355.4027,8979.8476,1.441823,1.502123
2019-04-14,treino,5420.6401,9569.3178,9185.1754,1.694482,1.765348
2019-04-15,treino,5686.2700,10294.0547,9880.8191,1.737663,1.810335
2019-04-16,treino,6679.8799,10157.3021,9749.5562,1.459541,1.520582
2019-04-17,treino,6716.1401,9595.1099,9209.9321,1.371313,1.428664
2019-04-18,treino,6284.6450,9040.7028,8677.7806,1.380791,1.438538
2019-04-19,treino,5418.6450,8369.2731,8033.3042,1.482530,1.544532
2019-04-20,treino,5208.6650,7627.3505,7321.1648,1.405574,1.464358
2019-04-21,treino,5290.8999,7713.3593,7403.7208,1.399331,1.457854
2019-04-22,treino,5647.2251,8617.1351,8271.2163,1.464651,1.525906
2019-04-23,treino,5807.5000,8917.5402,8559.5622,1.473881,1.535521
2019-04-24,treino,5668.8701,9687.9786,9299.0728,1.640375,1.708979
2019-04-25,treino,5492.2900,9668.3528,9280.2349,1.689684,1.760350
2019-04-26,treino,6327.3999,8898.9639,8541.7316,1.349959,1.406417
2019-04-27,treino,6531.8950,8434.7438,8096.1468,1.239479,1.291317
2019-04-28,treino,5695.7251,7786.0397,7473.4837,1.312122,1.366997
2019-04-29,treino,6166.2349,8449.5927,8110.3995,1.315292,1.370300
2019-04-30,treino,6416.3901,8069.8180,7745.8702,1.207201,1.257688
2019-05-01,treino,5926.5649,7833.1271,7518.6808,1.268641,1.321698
2019-05-02,treino,6305.5950,8189.2611,7860.5185,1.246594,1.298729
2019-05-03,treino,7147.7651,8681.8980,8333.3794,1.165872,1.214631
2019-05-04,treino,6430.6450,8814.7187,8460.8683,1.315711,1.370736
2019-05-05,treino,5590.7251,8087.2878,7762.6387,1.388485,1.446554
2019-05-06,treino,5408.1851,8979.7917,8619.3147,1.593754,1.660408
2019-05-07,treino,5501.8750,9450.1392,9070.7810,1.648671,1.717622
2019-05-08,treino,6150.7749,9364.0820,8988.1784,1.461308,1.522423
2019-05-09,treino,5984.4849,8474.1129,8133.9355,1.359171,1.416014
2019-05-10,treino,5970.1001,8022.4110,7700.3663,1.289822,1.343765
2019-05-11,treino,6140.7651,7289.1147,6996.5068,1.139354,1.187004
2019-05-12,treino,5447.7500,6915.5380,6637.9266,1.218471,1.269430
2019-05-13,treino,5354.4351,7853.3438,7538.0860,1.407821,1.466699
2019-05-14,treino,5664.3398,8627.6932,8281.3506,1.462015,1.523160
2019-05-15,treino,5534.1250,8734.9320,8384.2844,1.515015,1.578376
2019-05-16,treino,5217.8149,8160.5932,7833.0014,1.501203,1.563987
2019-05-17,treino,5169.2051,8037.8409,7715.1768,1.492527,1.554947
2019-05-18,treino,5186.9150,7139.6182,6853.0115,1.321211,1.376467
2019-05-19,treino,5173.2651,6419.8258,6162.1139,1.191146,1.240962
2019-05-20,treino,5214.4351,7033.8404,6751.4800,1.294767,1.348917
2019-05-21,treino,5145.9150,8254.4291,7923.0704,1.539682,1.604074
2019-05-22,treino,5171.7500,8707.5075,8357.9608,1.616080,1.683668
2019-05-23,treino,5173.1250,9155.2621,8787.7412,1.698730,1.769774
2019-05-24,treino,5120.3750,7905.5537,7588.2000,1.481962,1.543940
2019-05-25,treino,5171.7900,7141.2085,6854.5381,1.325371,1.380800
2019-05-26,treino,4999.0801,6309.0740,6055.8080,1.211384,1.262047
2019-05-27,treino,4893.7251,7356.2132,7060.9118,1.442850,1.503193
2019-05-28,treino,4967.6401,7911.2613,7593.6785,1.528629,1.592559
2019-05-29,treino,5136.8101,7837.5767,7522.9518,1.464518,1.525767
2019-05-30,treino,5196.2100,8063.8682,7740.1592,1.489578,1.551875
2019-05-31,treino,5240.4951,8168.1730,7840.2769,1.496095,1.558664
2019-06-01,treino,6059.3350,6541.4745,6278.8792,1.036232,1.079570
2019-06-02,treino,5430.9150,6302.3372,6049.3416,1.113872,1.160456
2019-06-03,treino,5317.9399,8129.7831,7803.4281,1.467378,1.528747
2019-06-04,treino,5606.9849,8449.4591,8110.2713,1.446459,1.506952
2019-06-05,treino,5303.4951,7071.4586,6787.5881,1.279833,1.333358
2019-06-06,treino,5158.3149,7053.8899,6770.7246,1.312585,1.367479
2019-06-07,treino,5324.6650,7243.2630,6952.4957,1.305715,1.360323
2019-06-08,treino,5173.8149,6772.2183,6500.3602,1.256396,1.308941
2019-06-09,treino,5061.2700,6822.1782,6548.3146,1.293809,1.347918
2019-06-10,treino,5110.1250,8206.7308,7877.2869,1.541506,1.605975
2019-06-11,treino,5162.3501,8153.2127,7825.9172,1.515960,1.579361
2019-06-12,treino,5289.0850,8324.6358,7990.4588,1.510745,1.573927
2019-06-13,treino,5200.8550,8573.2198,8229.0639,1.582252,1.648425
2019-06-14,treino,5120.7900,8400.0775,8062.8721,1.574537,1.640387
2019-06-15,treino,5233.3301,8572.5841,8228.4537,1.572317,1.638074
2019-06-16,treino,5140.1499,7732.0229,7421.6353,1.443856,1.504241
2019-06-17,treino,5121.2100,9156.5095,8788.9386,1.716184,1.787958
2019-06-18,treino,5154.7349,8542.1298,8199.2220,1.590620,1.657142
2019-06-19,treino,5400.8750,8829.3215,8474.8848,1.569169,1.634795
2019-06-20,treino,5219.6299,8046.0140,7723.0218,1.479611,1.541491
2019-06-21,treino,5042.8350,7286.9602,6994.4387,1.387005,1.445013
2019-06-22,treino,5080.7900,7049.1222,6766.1483,1.331712,1.387407
2019-06-23,treino,5171.5850,7105.5927,6820.3519,1.318813,1.373968
2019-06-24,treino,5097.6201,7824.7446,7510.6349,1.473361,1.534980
2019-06-25,treino,5035.2349,8936.0691,8577.3473,1.703465,1.774708
2019-06-26,treino,5199.5449,8694.3880,8345.3681,1.605019,1.672144
2019-06-27,treino,5336.5249,8537.1295,8194.4224,1.535535,1.599754
2019-06-28,treino,5540.7549,8763.5122,8411.7173,1.518154,1.581646
2019-06-29,treino,5240.3799,8439.4151,8100.6306,1.545810,1.610459
2019-06-30,treino,5117.6602,8169.6815,7841.7249,1.532287,1.596370
2019-07-01,treino,5082.4600,8654.8289,8307.3969,1.634523,1.702882
2019-07-02,treino,5102.6450,8701.0319,8351.7452,1.636748,1.705200
2019-07-03,treino,5827.1699,9254.4315,8882.9297,1.524399,1.588152
2019-07-04,treino,5534.4150,8768.3148,8416.3272,1.520726,1.584325
2019-07-05,treino,5316.2251,8487.8148,8147.0873,1.532495,1.596587
2019-07-06,treino,5254.5898,7601.0545,7295.9244,1.388486,1.446555
2019-07-07,treino,5242.3950,7178.8035,6890.6239,1.314404,1.369375
2019-07-08,treino,5050.8501,7748.7409,7437.6821,1.472560,1.534146
2019-07-09,treino,5276.0000,7590.8702,7286.1489,1.380999,1.438755
2019-07-10,treino,5247.8501,7855.3338,7539.9960,1.436778,1.496867
2019-07-11,treino,5276.4351,7917.8386,7599.9918,1.440365,1.500604
2019-07-12,treino,5198.4600,7730.5964,7420.2660,1.427397,1.487094
2019-07-13,treino,5243.8550,7261.0036,6969.5241,1.329084,1.384669
2019-07-14,treino,5429.6499,7581.4425,7277.0997,1.340252,1.396304
2019-07-15,treino,5116.9199,8403.4801,8066.1381,1.576366,1.642293
2019-07-16,treino,5065.1450,8705.9375,8356.4539,1.649796,1.718793
2019-07-17,treino,4996.8101,9261.8091,8890.0111,1.779137,1.853544
2019-07-18,treino,5029.5151,9021.8130,8659.6492,1.721766,1.793774
2019-07-19,treino,5081.2349,8510.5893,8168.9476,1.607670,1.674906
2019-07-20,treino,5140.8750,8290.8682,7958.0467,1.547995,1.612735
2019-07-21,treino,5137.6299,7775.1200,7463.0024,1.452616,1.513367
2019-07-22,treino,5061.2900,8770.7719,8418.6856,1.663348,1.732912
2019-07-23,treino,5436.3501,9091.7580,8726.7863,1.605266,1.672401
2019-07-24,treino,5158.2100,9660.7413,9272.9289,1.797703,1.872886
2019-07-25,treino,5205.0400,9198.4027,8829.1500,1.696269,1.767211
2019-07-26,treino,5155.1650,9220.0185,8849.8981,1.716705,1.788501
2019-07-27,treino,5281.7300,8693.7129,8344.7200,1.579922,1.645997
2019-07-28,treino,5226.4551,7905.5412,7588.1880,1.451880,1.512601
2019-07-29,treino,5058.6899,8678.3941,8330.0162,1.646675,1.715542
2019-07-30,treino,5119.0400,8899.3219,8542.0752,1.668687,1.738475
2019-07-31,treino,5287.6250,9265.1970,8893.2630,1.681901,1.752242
2019-08-01,treino,5496.5601,8327.6873,7993.3879,1.454253,1.515073
2019-08-02,treino,5568.5049,8163.2901,7835.5900,1.407126,1.465975
2019-08-03,treino,5550.6899,7637.7637,7331.1599,1.320766,1.376003
2019-08-04,treino,5499.2949,7403.5173,7106.3169,1.292223,1.346267
2019-08-05,treino,5604.7651,7929.8535,7611.5243,1.358045,1.414841
2019-08-06,treino,5598.2300,8043.2059,7720.3264,1.379066,1.436741
2019-08-07,treino,6009.2500,8310.7412,7977.1220,1.327474,1.382991
2019-08-08,treino,5840.3101,8729.4420,8379.0149,1.434687,1.494688
2019-08-09,treino,5643.4399,8823.8153,8469.5997,1.500787,1.563553
2019-08-10,treino,5694.6299,8019.6154,7697.6829,1.351744,1.408277
2019-08-11,treino,5416.9102,7664.8730,7357.1809,1.358188,1.414990
2019-08-12,treino,5489.8550,8373.8399,8037.6877,1.464098,1.525330
2019-08-13,treino,6388.5801,8043.6537,7720.7562,1.208525,1.259068
2019-08-14,treino,6569.1602,7859.9327,7544.4104,1.148459,1.196490
2019-08-15,treino,5969.7900,7790.7189,7477.9750,1.252636,1.305024
2019-08-16,treino,6005.5400,7866.5039,7550.7178,1.257292,1.309875
2019-08-17,treino,5894.5601,7735.8003,7425.2610,1.259680,1.312363
2019-08-18,treino,5387.1050,6861.7508,6586.2986,1.222604,1.273736
2019-08-19,treino,5830.4399,7431.7514,7133.4176,1.223478,1.274647
2019-08-20,treino,6863.3501,7841.3045,7526.5299,1.096626,1.142489
2019-08-21,treino,6619.0049,8296.0700,7963.0398,1.203057,1.253371
2019-08-22,treino,6235.7900,8214.5047,7884.7487,1.264435,1.317316
2019-08-23,treino,5859.6899,7983.1525,7662.6837,1.307694,1.362385
2019-08-24,treino,5635.9600,7742.0095,7431.2210,1.318537,1.373681
2019-08-25,treino,5332.9951,7376.5707,7080.4520,1.327669,1.383195
2019-08-26,treino,5177.1001,8360.2239,8024.6183,1.550022,1.614847
2019-08-27,treino,5637.3901,8941.8090,8582.8568,1.522488,1.586161
2019-08-28,treino,5878.0400,8437.8523,8099.1305,1.377862,1.435487
2019-08-29,treino,5726.2900,8630.8400,8284.3710,1.446726,1.507231
2019-08-30,treino,5825.6401,8696.7663,8347.6508,1.432916,1.492843
2019-08-31,treino,5760.1602,7673.0547,7365.0342,1.278616,1.332091
2019-09-01,treino,5601.9951,7362.7920,7067.2264,1.261555,1.314316
2019-09-02,treino,6258.6101,8751.9791,8400.6472,1.342254,1.398390
2019-09-03,treino,6843.5449,8514.3367,8172.5446,1.194198,1.244141
2019-09-04,treino,7068.5549,8704.1837,8354.7705,1.181963,1.231395
2019-09-05,treino,7455.8000,8789.0049,8436.1867,1.131493,1.178814
2019-09-06,treino,6499.3149,8992.7221,8631.7261,1.328098,1.383642
2019-09-07,treino,5722.6899,7942.6595,7623.8162,1.332209,1.387924
2019-09-08,treino,5460.4399,7456.9707,7157.6245,1.310815,1.365636
2019-09-09,treino,6141.7749,8551.1320,8207.8627,1.336399,1.392290
2019-09-10,treino,7349.8501,9889.9202,9492.9078,1.291578,1.345595
2019-09-11,treino,8846.6548,10451.5027,10031.9467,1.133982,1.181407
2019-09-12,treino,9029.7100,11010.1585,10568.1762,1.170378,1.219326
2019-09-13,treino,8074.1250,10398.5902,9981.1582,1.236191,1.287891
2019-09-14,treino,7416.6899,9959.1029,9559.3133,1.288892,1.342796
2019-09-15,treino,5688.4399,9723.9399,9333.5905,1.640800,1.709421
2019-09-16,treino,6154.0049,10589.1487,10164.0671,1.651618,1.720692
2019-09-17,treino,7915.3250,11021.9258,10579.4712,1.336581,1.392479
2019-09-18,treino,8411.8101,10568.2223,10143.9807,1.205921,1.256355
2019-09-19,treino,7981.6450,10129.4413,9722.8138,1.218147,1.269092
2019-09-20,treino,7612.6750,10362.5362,9946.5516,1.306578,1.361221
2019-09-21,treino,7661.5649,8798.0025,8444.8231,1.102232,1.148330
2019-09-22,treino,6488.1399,8047.0100,7723.9778,1.190476,1.240265
2019-09-23,treino,5684.3999,8280.5446,7948.1376,1.398237,1.456714
2019-09-24,treino,5922.6499,8593.0805,8248.1273,1.392641,1.450884
2019-09-25,treino,5924.6499,8649.8335,8302.6021,1.401366,1.459974
2019-09-26,treino,6322.3999,8785.7585,8433.0706,1.333840,1.389624
2019-09-27,treino,7780.9500,9022.1498,8659.9725,1.112971,1.159518
2019-09-28,treino,7547.2500,8473.5909,8133.4344,1.077669,1.122739
2019-09-29,treino,6831.2500,8117.3234,7791.4686,1.140563,1.188263
2019-09-30,treino,7477.9851,8830.9966,8476.4927,1.133526,1.180933
2019-10-01,treino,7656.2202,9444.3120,9065.1877,1.184029,1.233548
2019-10-02,treino,7729.9351,10012.2355,9610.3130,1.243259,1.295255
2019-10-03,treino,7330.5000,10500.8970,10079.3581,1.374989,1.432494
2019-10-04,treino,7137.4500,10474.4366,10053.9599,1.408621,1.467532
2019-10-05,treino,6674.3999,10163.1780,9755.1962,1.461584,1.522710
2019-10-06,treino,5313.3501,9323.3215,8949.0542,1.684258,1.754697
2019-10-07,treino,5490.5049,9864.6372,9468.6397,1.724548,1.796672
2019-10-08,treino,5708.2500,9398.5123,9021.2266,1.580384,1.646479
2019-10-09,treino,5428.2500,9091.7796,8726.8071,1.607665,1.674901
2019-10-10,treino,5640.3501,7598.4776,7293.4509,1.293085,1.347164
2019-10-11,treino,6459.0000,7267.4773,6975.7380,1.080003,1.125171
2019-10-12,treino,6635.9250,7754.8117,7443.5093,1.121699,1.168611
2019-10-13,treino,5608.0149,8207.3468,7877.8781,1.404753,1.463503
2019-10-14,treino,6260.0750,8566.3753,8222.4942,1.313482,1.368414
2019-10-15,treino,7484.0300,8438.1822,8099.4471,1.082231,1.127492
2019-10-16,treino,7012.0200,9303.9285,8930.4397,1.273590,1.326854
2019-10-17,treino,6702.5801,9813.6466,9419.6961,1.405384,1.464160
2019-10-18,treino,6872.6250,9414.9800,9037.0332,1.314932,1.369925
2019-10-19,treino,6147.9800,9149.7278,8782.4290,1.428506,1.488249
2019-10-20,treino,5177.7600,9046.5443,8683.3877,1.677055,1.747193
2019-10-21,treino,6259.6150,8843.6450,8488.6334,1.356095,1.412810
2019-10-22,treino,7314.9700,8546.8590,8203.7613,1.121503,1.168407
2019-10-23,treino,7409.8950,9388.3922,9011.5127,1.216146,1.267007
2019-10-24,treino,6850.4651,9908.3927,9510.6388,1.388320,1.446382
2019-10-25,treino,6143.4199,10148.1687,9740.7894,1.585565,1.651876
2019-10-26,treino,5799.6201,9113.9785,8748.1148,1.508394,1.571479
2019-10-27,treino,5330.7500,8488.4501,8147.6971,1.528434,1.592356
2019-10-28,treino,5631.0601,9439.2025,9060.2834,1.608984,1.676275
2019-10-29,treino,5818.9951,8203.3990,7874.0888,1.353170,1.409762
2019-10-30,treino,6578.8901,7660.6789,7353.1553,1.117689,1.164433
2019-10-31,treino,7235.7949,7908.8795,7591.3923,1.049144,1.093022
2019-11-01,treino,6797.6099,8730.7268,8380.2481,1.232823,1.284382
2019-11-02,treino,5801.3550,8527.4283,8185.1106,1.410896,1.469903
2019-11-03,treino,5703.4849,8070.2395,7746.2748,1.358165,1.414966
2019-11-04,treino,5867.4600,9258.9789,8887.2944,1.514675,1.578022
2019-11-05,treino,6796.0898,10216.1877,9806.0779,1.442900,1.503245
2019-11-06,treino,6849.3149,10067.9333,9663.7749,1.410911,1.469918
2019-11-07,treino,6436.1450,9719.5254,9329.3532,1.449525,1.510147
2019-11-08,treino,6144.6001,9403.5482,9026.0603,1.468942,1.530376
2019-11-09,treino,5855.8101,8688.9985,8340.1948,1.424260,1.483825
2019-11-10,treino,5441.4351,7558.4710,7255.0502,1.333297,1.389058
2019-11-11,treino,5206.8901,8894.6440,8537.5852,1.639671,1.708245
2019-11-12,treino,5009.5049,9682.6987,9294.0048,1.855274,1.932865
2019-11-13,treino,5046.8350,9504.3456,9122.8114,1.807630,1.883229
2019-11-14,treino,5075.4751,9101.4471,8736.0865,1.721235,1.793221
2019-11-15,treino,5024.4500,8517.1920,8175.2852,1.627101,1.695149
2019-11-16,treino,4915.1851,8717.4914,8367.5440,1.702386,1.773584
2019-11-17,treino,5088.3101,8260.5526,7928.9481,1.558267,1.623437
2019-11-18,treino,5233.3301,9066.8576,8702.8855,1.662973,1.732522
2019-11-19,treino,5208.0649,8820.0489,8465.9845,1.625553,1.693537
2019-11-20,treino,5098.6851,8438.4889,8099.7415,1.588594,1.655032
2019-11-21,treino,5009.9399,8580.7889,8236.3291,1.643998,1.712753
2019-11-22,treino,5587.1299,8446.3310,8107.2688,1.451061,1.511748
2019-11-23,treino,5545.4551,8255.6526,7924.2449,1.428962,1.488724
2019-11-24,treino,5053.2251,8030.9512,7708.5636,1.525474,1.589272
2019-11-25,treino,5213.4351,8446.1555,8107.1003,1.555040,1.620075
2019-11-26,treino,5625.2100,8456.8087,8117.3259,1.443026,1.503377
2019-11-27,treino,5129.2949,8099.2002,7774.0729,1.515622,1.579008
2019-11-28,treino,5484.2749,8226.1374,7895.9144,1.439737,1.499950
2019-11-29,treino,5257.5449,8302.5187,7969.2295,1.515770,1.579163
2019-11-30,treino,5610.9102,7875.3108,7559.1711,1.347227,1.403571
2019-12-01,treino,5836.7349,7574.3932,7270.3333,1.245617,1.297711
2019-12-02,treino,5657.0249,7939.4910,7620.7750,1.347135,1.403475
2019-12-03,treino,5656.2700,8028.5886,7706.2959,1.362434,1.419414
2019-12-04,treino,5646.3149,8034.5697,7712.0369,1.365853,1.422976
2019-12-05,treino,7334.4900,8301.4583,7968.2118,1.086403,1.131839
2019-12-06,treino,8017.6899,8270.1100,7938.1219,0.990076,1.031483
2019-12-07,treino,7824.2500,8963.9900,8604.1473,1.099677,1.145668
2019-12-08,treino,7477.2000,8130.9980,7804.5942,1.043786,1.087439
2019-12-09,treino,6563.7749,7934.4556,7615.9417,1.160299,1.208825
2019-12-10,treino,6502.4600,9330.0082,8955.4724,1.377244,1.434843
2019-12-11,treino,6465.3101,9969.8430,9569.6223,1.480149,1.542052
2019-12-12,treino,6145.2451,9993.0945,9591.9403,1.560872,1.626151
2019-12-13,treino,6017.5898,9509.9600,9128.2004,1.516920,1.580360
2019-12-14,treino,6151.2251,8489.2268,8148.4426,1.324686,1.380087
2019-12-15,treino,5715.2651,7808.0214,7494.5829,1.311327,1.366170
2019-12-16,treino,5897.9551,9298.4107,8925.1434,1.513261,1.576548
2019-12-17,treino,7023.7749,10447.7575,10028.3518,1.427772,1.487485
2019-12-18,treino,8318.6599,11072.7495,10628.2546,1.277640,1.331074
2019-12-19,treino,7631.0200,10733.6027,10302.7222,1.350111,1.406575
2019-12-20,treino,7745.2100,10752.5775,10320.9354,1.332557,1.388287
2019-12-21,treino,7248.7500,9484.6512,9103.9075,1.255928,1.308453
2019-12-22,treino,6593.6050,9339.1381,8964.2359,1.359535,1.416393
2019-12-23,treino,6145.5898,9298.2480,8924.9872,1.452259,1.512995
2019-12-24,treino,7235.5649,8551.0661,8207.7995,1.134369,1.181810
2019-12-25,treino,6656.6401,8396.7309,8059.6598,1.210770,1.261407
2019-12-26,treino,6541.6899,9799.7085,9406.3175,1.437903,1.498039
2019-12-27,treino,7756.3398,10236.3037,9825.3864,1.266756,1.319734
2019-12-28,treino,7599.1602,10133.5935,9726.7993,1.279983,1.333515
2019-12-29,treino,7138.3601,10007.2348,9605.5130,1.345619,1.401895
2019-12-30,treino,7006.9050,10378.5616,9961.9336,1.421731,1.481191
2019-12-31,treino,8286.5049,10274.9425,9862.4741,1.190185,1.239961
2020-01-01,treino,7222.8950,9773.6226,9381.2787,1.298825,1.353145
2020-01-02,treino,6442.5898,10674.4308,10245.9257,1.590343,1.656854
2020-01-03,treino,6853.1602,10489.1603,10068.0925,1.469117,1.530558
2020-01-04,treino,6554.3101,9744.3065,9353.1395,1.427021,1.486702
2020-01-05,treino,5988.9951,9196.6207,8827.4395,1.473943,1.535587
2020-01-06,treino,7302.2700,10284.9310,9872.0616,1.351917,1.408457
2020-01-07,treino,7893.7700,11352.5202,10896.7945,1.380430,1.438162
2020-01-08,treino,7778.3101,12249.0427,11757.3277,1.511553,1.574769
2020-01-09,treino,7443.3350,12437.0780,11937.8147,1.603826,1.670901
2020-01-10,treino,7311.3398,10846.7369,10411.3149,1.423995,1.483550
2020-01-11,treino,8183.4050,9816.8870,9422.8064,1.151453,1.199609
2020-01-12,treino,7542.4800,10250.9169,9839.4129,1.304533,1.359091
2020-01-13,treino,7201.7100,11291.4255,10838.1523,1.504942,1.567881
2020-01-14,treino,7257.7100,11909.1178,11431.0485,1.575021,1.640892
2020-01-15,treino,7744.2749,12188.2898,11699.0137,1.510666,1.573845
2020-01-16,treino,8850.0552,12584.0688,12078.9048,1.364839,1.421920
2020-01-17,treino,8360.4600,10993.7797,10552.4550,1.262186,1.314973
2020-01-18,treino,7695.8149,10324.3641,9909.9118,1.287701,1.341556
2020-01-19,treino,6305.6201,9584.9591,9200.1888,1.459046,1.520066
2020-01-20,treino,6037.1401,11507.7364,11045.7798,1.829638,1.906157
2020-01-21,treino,6950.2900,11299.3461,10845.7549,1.560475,1.625737
2020-01-22,treino,6413.4600,11775.8465,11303.1271,1.762407,1.836114
2020-01-23,treino,6572.7651,11970.4472,11489.9159,1.748110,1.821219
2020-01-24,treino,6479.7749,11298.4272,10844.8729,1.673650,1.743645
2020-01-25,treino,6583.2500,10282.0713,9869.3168,1.499156,1.561853
2020-01-26,treino,5678.6201,9697.0897,9307.8181,1.639099,1.707649
2020-01-27,treino,6260.2251,10775.0107,10342.4680,1.652092,1.721186
2020-01-28,treino,6917.0400,11224.8133,10774.2141,1.557634,1.622777
2020-01-29,treino,6942.0549,11064.6691,10620.4986,1.529878,1.593861
2020-01-30,treino,6665.9849,10749.6178,10318.0944,1.547872,1.612608
2020-01-31,treino,7013.7200,10664.4032,10236.3006,1.459468,1.520506
2020-02-01,treino,8296.8398,10659.8188,10231.9003,1.233229,1.284805
2020-02-02,treino,7332.2800,10181.4839,9772.7672,1.332842,1.388584
2020-02-03,treino,6680.7600,11132.0572,10685.1815,1.599396,1.666286
2020-02-04,treino,7485.2800,11448.5482,10988.9676,1.468077,1.529475
2020-02-05,treino,7100.4600,11642.1542,11174.8016,1.573814,1.639634
2020-02-06,treino,7279.6350,11553.9409,11090.1295,1.523446,1.587159
2020-02-07,treino,7143.5300,11162.8981,10714.7844,1.499929,1.562659
2020-02-08,treino,7074.9399,10392.1980,9975.0226,1.409909,1.468874
2020-02-09,treino,7178.9451,9770.2744,9378.0650,1.306329,1.360962
2020-02-10,treino,6712.6201,10037.0427,9634.1243,1.435226,1.495250
2020-02-11,treino,6713.6899,10501.7005,10080.1294,1.501429,1.564222
2020-02-12,treino,6508.0601,10985.7725,10544.7692,1.620263,1.688026
2020-02-13,treino,6342.5400,10825.4328,10390.8660,1.638281,1.706798
2020-02-14,treino,6577.9751,10903.2708,10465.5793,1.591003,1.657542
2020-02-15,treino,6291.7100,10335.3781,9920.4837,1.576755,1.642698
2020-02-16,treino,6063.1001,9808.2462,9414.5125,1.552756,1.617695
2020-02-17,treino,6807.2849,11158.7366,10710.7899,1.573431,1.639235
2020-02-18,treino,7768.9299,11440.3850,10981.1321,1.413468,1.472582
2020-02-19,treino,8003.6101,10685.5102,10256.5604,1.281492,1.335086
2020-02-20,treino,8795.9751,10837.2487,10402.2075,1.182610,1.232069
2020-02-21,treino,9030.0098,10255.2142,9843.5378,1.090092,1.135681
2020-02-22,treino,7927.9600,8939.7094,8580.8415,1.082352,1.127618
2020-02-23,treino,6552.9351,9075.9266,8711.5904,1.329418,1.385017
2020-02-24,treino,6296.8101,9526.7664,9144.3322,1.452217,1.512951
2020-02-25,treino,6718.1101,9972.2799,9571.9613,1.424800,1.484388
2020-02-26,treino,7316.3000,10092.0835,9686.9556,1.324024,1.379397
2020-02-27,treino,7856.4551,9890.4643,9493.4300,1.208361,1.258897
2020-02-28,treino,7544.6499,9424.9312,9046.5849,1.199073,1.249220
2020-02-29,treino,6994.9102,9164.9915,8797.0800,1.257640,1.310237
2020-03-01,treino,6491.8950,8830.0656,8475.5991,1.305566,1.360168
2020-03-02,treino,6201.2500,9574.7820,9190.4203,1.482027,1.544008
2020-03-03,treino,7296.0100,10355.0299,9939.3465,1.362299,1.419273
2020-03-04,treino,7331.1602,10272.5596,9860.1869,1.344970,1.401219
2020-03-05,treino,7407.0500,10558.2942,10134.4512,1.368217,1.425438
2020-03-06,treino,8052.2000,10046.2918,9643.0022,1.197561,1.247646
2020-03-07,treino,6587.8850,9181.0345,8812.4790,1.337680,1.393624
2020-03-08,treino,5809.7900,8654.8156,8307.3842,1.429894,1.489695
2020-03-09,treino,5857.6899,9631.2279,9244.6002,1.578199,1.644202
2020-03-10,treino,6955.4150,10134.3339,9727.5100,1.398552,1.457042
2020-03-11,treino,7860.8550,10579.0005,10154.3262,1.291758,1.345782
2020-03-12,treino,7596.9500,10336.5038,9921.5642,1.305993,1.360612
2020-03-13,treino,6975.1899,10319.3035,9905.0543,1.420041,1.479430
2020-03-14,treino,6367.0801,9671.4747,9283.2314,1.458004,1.518981
2020-03-15,treino,5593.8950,9442.9761,9063.9055,1.620321,1.688086
2020-03-16,treino,6613.6050,9968.9447,9568.7600,1.446830,1.507339
2020-03-17,treino,7335.3650,9781.6719,9389.0050,1.279964,1.333495
2020-03-18,treino,7506.3799,9408.0310,9030.3632,1.203025,1.253338
2020-03-19,treino,7235.1201,9658.7291,9270.9974,1.281388,1.334978
2020-03-20,treino,7474.4751,9357.0809,8981.4584,1.201617,1.251871
2020-03-21,treino,6476.5249,8118.3830,7792.4857,1.203189,1.253509
2020-03-22,treino,5645.6401,7523.0555,7221.0565,1.279050,1.332543
2020-03-23,treino,5536.2300,8002.5106,7681.2648,1.387454,1.445480
2020-03-24,treino,5985.3350,8140.7735,7813.9774,1.305520,1.360120
2020-03-25,treino,6100.8999,7888.2764,7571.6162,1.241065,1.292969
2020-03-26,treino,6006.6899,7569.9642,7266.0821,1.209665,1.260256
2020-03-27,treino,5431.8501,7585.7850,7281.2679,1.340477,1.396538
2020-03-28,treino,5403.3599,7283.3430,6990.9667,1.293818,1.347929
2020-03-29,treino,5468.9399,7401.1790,7104.0725,1.298985,1.353311
2020-03-30,treino,5815.5000,8038.1642,7715.4871,1.326711,1.382197
2020-03-31,treino,5950.3301,7813.6006,7499.9382,1.260424,1.313137
2020-04-01,treino,5595.1602,8091.4873,7766.6696,1.388105,1.446158
2020-04-02,treino,5553.6299,7709.0421,7399.5770,1.332386,1.388109
2020-04-03,treino,5463.6602,7393.4538,7096.6574,1.298883,1.353205
2020-04-04,treino,5301.4399,6853.0568,6577.9536,1.240786,1.292678
2020-04-05,treino,5484.3101,6264.8232,6013.3336,1.096461,1.142317
2020-04-06,treino,5789.5049,7028.3981,6746.2562,1.165256,1.213989
2020-04-07,treino,5910.1450,6354.6237,6099.5292,1.032044,1.075206
2020-04-08,treino,6034.0649,5863.5112,5628.1315,0.932726,0.971735
2020-04-09,treino,6933.9050,5528.5369,5306.6041,0.765312,0.797319
2020-04-10,treino,6757.7151,5216.8236,5007.4039,0.740991,0.771980
2020-04-11,treino,5678.1851,5730.4432,5500.4052,0.968691,1.009203
2020-04-12,treino,5444.1602,5701.8096,5472.9211,1.005283,1.047326
2020-04-13,treino,5834.8950,6293.9375,6041.2791,1.035371,1.078672
2020-04-14,treino,6188.8149,6908.5716,6631.2399,1.071488,1.116300
2020-04-15,treino,5609.2700,6740.2333,6469.6592,1.153387,1.201624
2020-04-16,treino,6007.3550,6736.9238,6466.4826,1.076428,1.121446
2020-04-17,treino,5922.6401,6690.6499,6422.0663,1.084325,1.129674
2020-04-18,treino,5619.5249,7131.7228,6845.4331,1.218152,1.269097
2020-04-19,treino,5491.9199,7045.1922,6762.3761,1.231332,1.282829
2020-04-20,treino,5438.7451,7288.4275,6995.8472,1.286298,1.340094
2020-04-21,treino,5631.7900,7364.7637,7069.1190,1.255217,1.307713
2020-04-22,treino,5672.8701,7636.8103,7330.2448,1.292158,1.346199
2020-04-23,treino,6025.3301,7627.3401,7321.1547,1.215063,1.265879
2020-04-24,treino,6040.6099,7787.8451,7475.2166,1.237494,1.289248
2020-04-25,treino,6963.5000,7364.6894,7069.0477,1.015157,1.057613
2020-04-26,treino,7226.7500,7427.9868,7129.8042,0.986585,1.027846
2020-04-27,treino,7108.6499,7668.0150,7360.1968,1.035386,1.078688
2020-04-28,treino,7242.7900,7482.4247,7182.0567,0.991615,1.033086
2020-04-29,treino,6680.6650,7714.1798,7404.5084,1.108349,1.154702
2020-04-30,treino,6135.1299,7638.5539,7331.9184,1.195071,1.245052
2020-05-01,treino,5459.9751,7041.2286,6758.5716,1.237839,1.289608
2020-05-02,treino,5330.9150,7280.7072,6988.4368,1.310926,1.365752
2020-05-03,treino,5392.7651,6963.4429,6683.9085,1.239421,1.291256
2020-05-04,treino,5350.4951,7755.5325,7444.2011,1.391311,1.449498
2020-05-05,treino,5299.7700,7926.9084,7608.6975,1.435666,1.495708
2020-05-06,treino,5275.1699,7440.5140,7141.8284,1.353858,1.410479
2020-05-07,treino,5475.6499,7265.1795,6973.5325,1.273553,1.326816
2020-05-08,treino,5606.5049,6694.3608,6425.6282,1.146102,1.194035
2020-05-09,treino,5184.3101,6432.2534,6174.0426,1.190909,1.240715
2020-05-10,treino,5095.1099,6689.8957,6421.3424,1.260295,1.313003
2020-05-11,treino,5159.1201,6946.2188,6667.3758,1.292347,1.346396
2020-05-12,treino,5375.2349,7004.7653,6723.5721,1.250842,1.303155
2020-05-13,treino,5252.6050,7263.5367,6971.9555,1.327333,1.382845
2020-05-14,treino,5187.5898,7344.2533,7049.4319,1.358903,1.415735
2020-05-15,treino,5169.6899,7396.4165,7099.5012,1.373293,1.430727
2020-05-16,treino,5153.4399,7474.7380,7174.6786,1.392212,1.450437
2020-05-17,treino,5085.4849,7651.8840,7344.7134,1.444250,1.504652
2020-05-18,treino,5039.6499,8686.4820,8337.7794,1.654436,1.723628
2020-05-19,treino,5087.5850,8799.3136,8446.0816,1.660136,1.729566
2020-05-20,treino,4938.8501,8855.8002,8500.3006,1.721109,1.793089
2020-05-21,treino,5069.2749,8841.8582,8486.9183,1.674188,1.744206
2020-05-22,treino,5411.6602,8789.1232,8436.3002,1.558912,1.624108
2020-05-23,treino,5271.3950,7639.9678,7333.2755,1.391145,1.449326
2020-05-24,treino,5273.0601,7663.9329,7356.2786,1.395068,1.453413
2020-05-25,treino,5208.0249,8615.8785,8270.0101,1.587936,1.654347
2020-05-26,treino,5312.4951,8826.2795,8471.9649,1.594724,1.661419
2020-05-27,treino,5403.8398,8916.5063,8558.5698,1.583794,1.650032
2020-05-28,treino,5387.1299,8665.0243,8317.1831,1.543899,1.608468
2020-05-29,treino,5280.3350,8581.4947,8237.0066,1.559940,1.625180
2020-05-30,treino,5339.3301,7656.3199,7348.9712,1.376385,1.433948
2020-05-31,treino,5309.2300,7311.6005,7018.0899,1.321866,1.377149
2020-06-01,treino,5254.6250,8147.7021,7820.6278,1.488332,1.550577
2020-06-02,treino,5284.2749,8286.0682,7953.4394,1.505115,1.568062
2020-06-03,treino,5382.7100,8257.8877,7926.3902,1.472565,1.534151
2020-06-04,treino,5547.3149,7726.8044,7416.6263,1.336976,1.392891
2020-06-05,treino,5586.1899,7795.8863,7482.9350,1.339542,1.395564
2020-06-06,treino,5463.0049,7228.6694,6938.4879,1.270086,1.323204
2020-06-07,treino,5407.3101,7101.7810,6816.6932,1.260644,1.313367
2020-06-08,treino,5822.5601,7407.2707,7109.9196,1.221099,1.272167
2020-06-09,treino,6421.7500,7817.8080,7503.9766,1.168525,1.217395
2020-06-10,treino,5689.8950,7876.0935,7559.9225,1.328658,1.384225
2020-06-11,treino,5450.9849,7640.5461,7333.8306,1.345414,1.401682
2020-06-12,treino,5071.0049,7596.4180,7291.4739,1.437876,1.498010
2020-06-13,treino,4883.8950,6744.8794,6474.1188,1.325606,1.381045
2020-06-14,treino,4993.5400,6009.9096,5768.6530,1.155223,1.203537
2020-06-15,treino,4920.6899,7114.1768,6828.5914,1.387730,1.445768
2020-06-16,treino,4953.5898,7760.6131,7449.0778,1.503774,1.566664
2020-06-17,treino,4957.3350,7585.7403,7281.2249,1.468778,1.530205
2020-06-18,treino,4911.1001,7503.4820,7202.2687,1.466529,1.527862
2020-06-19,treino,4913.6001,7841.9659,7527.1648,1.531904,1.595972
2020-06-20,treino,4998.7749,7705.1412,7395.8327,1.479529,1.541406
2020-06-21,treino,5011.3799,7620.7468,7314.8261,1.459643,1.520688
2020-06-22,treino,4970.2949,8262.7530,7931.0602,1.595692,1.662427
2020-06-23,treino,4964.6699,7878.2735,7562.0149,1.523166,1.586868
2020-06-24,treino,5061.2500,7719.6950,7409.8023,1.464026,1.525255
2020-06-25,treino,5415.9399,7845.6868,7530.7364,1.390476,1.448629
2020-06-26,treino,5054.3999,7769.0755,7457.2005,1.475388,1.537092
2020-06-27,treino,3034.5000,7327.0828,7032.9508,2.317664,2.414593
2020-06-28,treino,5163.0601,7074.1400,6790.1619,1.315143,1.370145
2020-06-29,treino,5156.0000,7759.9204,7448.4129,1.444611,1.505027
2020-06-30,treino,5807.8101,7686.6084,7378.0438,1.270366,1.323495
2020-07-01,treino,6400.0850,8400.4462,8063.2259,1.259862,1.312552
2020-07-02,treino,5869.0249,8249.4309,7918.2729,1.349163,1.405588
2020-07-03,treino,5548.7500,7868.6388,7552.7670,1.361165,1.418092
2020-07-04,treino,5183.8550,7184.7970,6896.3768,1.330357,1.385995
2020-07-05,treino,5072.5649,7049.4844,6766.4960,1.333940,1.389728
2020-07-06,treino,5222.1699,7967.5861,7647.7422,1.464476,1.525723
2020-07-07,treino,5016.9399,8591.5739,8246.6812,1.643767,1.712513
2020-07-08,treino,5056.8501,8731.3332,8380.8302,1.657322,1.726635
2020-07-09,treino,5055.3350,9209.8646,8840.1518,1.748678,1.821811
2020-07-10,treino,4962.3999,8600.1810,8254.9427,1.663498,1.733069
2020-07-11,treino,4965.4399,8133.8950,7807.3749,1.572343,1.638102
2020-07-12,treino,4932.1499,7423.3011,7125.3066,1.444665,1.505084
2020-07-13,treino,4860.3398,7990.1678,7669.4174,1.577959,1.643952
2020-07-14,treino,5020.4551,8207.5356,7878.0594,1.569192,1.634819
2020-07-15,treino,5005.8901,8049.8420,7726.6961,1.543521,1.608074
2020-07-16,treino,5082.3101,7742.3994,7431.5952,1.462248,1.523402
2020-07-17,treino,5050.8999,7670.3063,7362.3962,1.457640,1.518602
2020-07-18,treino,5126.1050,7132.2718,6845.9601,1.335509,1.391363
2020-07-19,treino,4909.3999,6941.4694,6662.8171,1.357155,1.413914
2020-07-20,treino,4838.4800,7517.5412,7215.7636,1.491329,1.553699
2020-07-21,treino,5082.6001,7560.5323,7257.0289,1.427818,1.487532
2020-07-22,treino,5135.0601,7593.9175,7289.0739,1.419472,1.478837
2020-07-23,treino,5204.0601,7560.7772,7257.2639,1.394539,1.452861
2020-07-24,treino,5107.0649,6899.9573,6622.9714,1.296825,1.351061
2020-07-25,treino,5171.4102,6845.6207,6570.8161,1.270604,1.323744
2020-07-26,treino,5056.1099,6622.5206,6356.6719,1.257226,1.309806
2020-07-27,treino,5116.7949,7397.3997,7100.4449,1.387674,1.445710
2020-07-28,treino,5226.8999,7565.3983,7261.6995,1.389294,1.447397
2020-07-29,treino,5371.9102,7434.7997,7136.3435,1.328455,1.384014
2020-07-30,treino,5469.7100,7337.5652,7043.0124,1.287639,1.341491
2020-07-31,treino,5282.2900,6971.5128,6691.6545,1.266809,1.319790
2020-08-01,treino,5334.1899,7077.8660,6793.7382,1.273621,1.326887
2020-08-02,treino,5675.3701,6948.1091,6669.1902,1.175111,1.224257
2020-08-03,treino,5099.8750,8170.7628,7842.7628,1.537834,1.602150
2020-08-04,treino,5006.6050,8228.0005,7897.7028,1.577457,1.643429
2020-08-05,treino,5415.8149,8264.6667,7932.8971,1.464765,1.526025
2020-08-06,treino,5166.7251,8266.9018,7935.0424,1.535797,1.600027
2020-08-07,treino,5772.3999,8248.8797,7917.7438,1.371655,1.429021
2020-08-08,treino,5963.0801,7890.9383,7574.1713,1.270178,1.323299
2020-08-09,treino,5194.7549,7844.5983,7529.6916,1.449480,1.510100
2020-08-10,treino,5496.4600,8328.0550,7993.7407,1.454343,1.515167
2020-08-11,treino,5554.1250,8267.3649,7935.4870,1.428756,1.488509
2020-08-12,treino,5859.0449,8169.2225,7841.2843,1.338321,1.394293
2020-08-13,treino,5949.2500,8182.7099,7854.2303,1.320205,1.375419
2020-08-14,treino,6273.4150,8179.4350,7851.0869,1.251485,1.303825
2020-08-15,treino,6247.1401,7763.7349,7452.0743,1.192878,1.242766
2020-08-16,treino,5469.8101,7653.4039,7346.1723,1.343040,1.399208
2020-08-17,treino,5354.2251,8293.7598,7960.8223,1.486830,1.549012
2020-08-18,treino,5728.9951,8421.3568,8083.2971,1.410945,1.469954
2020-08-19,treino,6024.0601,8240.2340,7909.4452,1.312976,1.367887
2020-08-20,treino,6746.3149,9124.2292,8757.9541,1.298183,1.352476
2020-08-21,treino,6663.0801,9510.3939,9128.6169,1.370030,1.427327
2020-08-22,treino,6092.6401,8855.3525,8499.8709,1.395105,1.453451
2020-08-23,treino,5175.7349,8946.5510,8587.4084,1.659167,1.728557
2020-08-24,treino,5094.1099,10218.3998,9808.2012,1.925400,2.005925
2020-08-25,treino,5128.6899,10408.2988,9990.4771,1.947959,2.029426
2020-08-26,treino,5277.8101,10470.2347,10049.9267,1.904185,1.983822
2020-08-27,treino,5240.4600,10964.1920,10524.0550,2.008231,2.092219
2020-08-28,treino,5390.6851,10469.6252,10049.3416,1.864205,1.942170
2020-08-29,treino,5177.9399,9540.4138,9157.4317,1.768547,1.842511
2020-08-30,treino,5109.4199,8499.7631,8158.5560,1.596768,1.663548
2020-08-31,treino,5000.9399,9547.1240,9163.8725,1.832430,1.909066
2020-09-01,treino,5287.9849,8996.2900,8635.1507,1.632976,1.701270
2020-09-02,treino,5285.9102,8826.5470,8472.2217,1.602793,1.669825
2020-09-03,treino,5458.8701,8936.0419,8577.3211,1.571263,1.636976
2020-09-04,treino,5721.9751,9046.1569,8683.0158,1.517486,1.580950
2020-09-05,treino,5468.0601,8491.7108,8150.8269,1.490625,1.552966
2020-09-06,treino,5054.5049,7720.6480,7410.7170,1.466161,1.527479
2020-09-07,treino,4946.7100,7558.2539,7254.8419,1.466599,1.527936
2020-09-08,treino,5249.3149,8081.8177,7757.3882,1.477791,1.539595
2020-09-09,treino,5393.2500,8704.8719,8355.4311,1.549239,1.614031
2020-09-10,treino,5696.3899,8901.1089,8543.7905,1.499861,1.562588
2020-09-11,treino,6008.8550,9154.7354,8787.2356,1.462381,1.523541
2020-09-12,treino,5559.9751,8767.0125,8415.0772,1.513510,1.576808
2020-09-13,treino,5084.2251,8651.9977,8304.6794,1.633421,1.701734
2020-09-14,treino,5995.1050,9385.0358,9008.2911,1.502608,1.565450
2020-09-15,treino,6674.9102,9060.9817,8697.2455,1.302976,1.357469
2020-09-16,treino,6765.4849,9124.5957,8758.3058,1.294557,1.348698
2020-09-17,treino,7017.3501,9252.1766,8880.7652,1.265544,1.318472
2020-09-18,treino,7297.0500,9473.9302,9093.6170,1.246205,1.298323
2020-09-19,treino,7979.4600,9008.9718,8647.3234,1.083698,1.129020
2020-09-20,treino,7373.9199,8276.3871,7944.1470,1.077330,1.122386
2020-09-21,treino,6507.8550,9094.2083,8729.1383,1.341323,1.397420
2020-09-22,treino,7654.8950,9550.6656,9167.2720,1.197570,1.247655
2020-09-23,treino,6978.4199,9277.5017,8905.0737,1.276087,1.329456
2020-09-24,treino,6243.2749,10411.2658,9993.3249,1.600654,1.667597
2020-09-25,treino,6871.3149,9352.3789,8976.9451,1.306438,1.361076
2020-09-26,treino,6879.3701,9019.8274,8657.7432,1.258508,1.311141
2020-09-27,treino,6126.2349,8836.9338,8482.1916,1.384568,1.442474
2020-09-28,treino,7123.6399,9231.6814,8861.0928,1.243900,1.295922
2020-09-29,treino,8081.8049,9247.4111,8876.1911,1.098293,1.144226
2020-09-30,treino,7469.8101,10144.2486,9737.0267,1.303517,1.358033
2020-10-01,treino,8200.4150,9720.4383,9330.2294,1.137775,1.185359
2020-10-02,treino,8558.0701,9662.6560,9274.7667,1.083745,1.129070
2020-10-03,treino,8724.7451,9022.2264,8660.0459,0.992584,1.034096
2020-10-04,treino,6540.3101,8530.4177,8187.9800,1.251925,1.304283
2020-10-05,treino,6592.0601,9629.9640,9243.3870,1.402200,1.460843
2020-10-06,treino,8035.8850,10199.7482,9790.2984,1.218322,1.269275
2020-10-07,treino,8787.7002,10789.9576,10356.8149,1.178558,1.227848
2020-10-08,treino,9041.1401,10096.7967,9691.4796,1.071931,1.116761
2020-10-09,treino,9112.7002,9820.8171,9426.5787,1.034444,1.077707
2020-10-10,treino,7238.8000,9787.0164,9394.1349,1.297748,1.352022
2020-10-11,treino,5574.4600,9228.0515,8857.6086,1.588963,1.655416
2020-10-12,treino,5237.1250,9172.0311,8803.8370,1.681044,1.751349
2020-10-13,treino,6066.1401,8657.8246,8310.2724,1.369944,1.427238
2020-10-14,treino,8215.4399,8004.0900,7682.7808,0.935164,0.974274
2020-10-15,treino,8052.5649,7674.0555,7365.9949,0.914739,0.952995
2020-10-16,treino,7474.6951,8030.2228,7707.8645,1.031195,1.074321
2020-10-17,treino,7104.7251,8363.4125,8027.6789,1.129907,1.177162
2020-10-18,treino,5822.7949,7805.8456,7492.4945,1.286752,1.340567
2020-10-19,treino,5760.9800,9256.4177,8884.8361,1.542244,1.606744
2020-10-20,treino,5923.1899,10236.6160,9825.6862,1.658850,1.728227
2020-10-21,treino,6066.4102,9632.3215,9245.6499,1.524073,1.587812
2020-10-22,treino,6397.7651,9080.1564,8715.6505,1.362296,1.419270
2020-10-23,treino,6353.3301,8359.2585,8023.6916,1.262911,1.315729
2020-10-24,treino,6829.7600,8161.7837,7834.1441,1.147060,1.195032
2020-10-25,treino,6456.6401,7791.5659,7478.7880,1.158310,1.206752
2020-10-26,treino,6130.4102,8063.0599,7739.3834,1.262458,1.315256
2020-10-27,treino,6740.2651,8163.1101,7835.4173,1.162479,1.211096
2020-10-28,treino,7590.1650,8994.4258,8633.3614,1.137441,1.185011
2020-10-29,treino,8667.3301,9012.8093,8651.0068,0.998117,1.039860
2020-10-30,treino,7968.5449,8292.4677,7959.5821,0.998875,1.040650
2020-10-31,treino,6574.0898,8381.9185,8045.4420,1.223811,1.274993
2020-11-01,treino,5945.0601,7911.5097,7593.9169,1.277349,1.330770
2020-11-02,treino,5297.0249,8291.5653,7958.7159,1.502488,1.565325
2020-11-03,treino,5599.7400,8883.5174,8526.9051,1.522732,1.586416
2020-11-04,treino,6390.3550,8891.4369,8534.5067,1.335529,1.391384
2020-11-05,treino,6193.8650,8847.8458,8492.6656,1.371142,1.428485
2020-11-06,treino,6154.8999,8674.8924,8326.6550,1.352850,1.409429
2020-11-07,treino,6196.3000,8334.9031,8000.3140,1.291144,1.345142
2020-11-08,treino,5611.0200,7612.4563,7306.8684,1.302235,1.356697
2020-11-09,treino,6222.7100,8018.6681,7696.7737,1.236885,1.288614
2020-11-10,treino,6614.9500,8160.1127,7832.5402,1.184066,1.233586
2020-11-11,treino,7290.5649,8676.7242,8328.4133,1.142355,1.190131
2020-11-12,treino,7497.1799,9327.2513,8952.8262,1.194159,1.244101
2020-11-13,treino,7385.6951,9374.8370,8998.5016,1.218369,1.269324
2020-11-14,treino,6647.7100,8463.3387,8123.5937,1.222014,1.273121
2020-11-15,treino,6454.5400,7979.7786,7659.4453,1.186676,1.236305
2020-11-16,treino,6330.9250,9105.7743,8740.2399,1.380563,1.438301
2020-11-17,treino,7200.1150,9466.4600,9086.4466,1.261986,1.314765
2020-11-18,treino,6578.7749,8803.4561,8450.0578,1.284442,1.338160
2020-11-19,treino,6065.4102,8634.9750,8288.3401,1.366493,1.423642
2020-11-20,treino,5798.2100,8394.1031,8057.1375,1.389591,1.447706
2020-11-21,treino,5465.5400,8438.3073,8099.5672,1.481934,1.543911
2020-11-22,treino,5343.6650,8159.0282,7831.4992,1.465567,1.526860
2020-11-23,treino,5672.5898,8920.8698,8562.7581,1.509497,1.572627
2020-11-24,treino,6824.8701,8687.3810,8338.6423,1.221802,1.272901
2020-11-25,treino,6661.6899,9302.4304,8929.0017,1.340351,1.396407
2020-11-26,treino,6713.9199,8734.2948,8383.6729,1.248700,1.300923
2020-11-27,treino,6370.6150,8626.5613,8280.2641,1.299759,1.354118
2020-11-28,treino,5681.7549,8417.1669,8079.2755,1.421968,1.481438
2020-11-29,treino,5610.5898,8304.7077,7971.3307,1.420765,1.480184
2020-11-30,treino,5734.4050,8633.7292,8287.1443,1.445162,1.505602
2020-12-01,treino,6262.5249,9012.0082,8650.2379,1.381270,1.439037
2020-12-02,treino,6500.6150,8835.6662,8480.9749,1.304642,1.359205
2020-12-03,treino,6044.8901,8929.4594,8571.0029,1.417892,1.477191
2020-12-04,treino,7222.9102,9064.7604,8700.8725,1.204621,1.255001
2020-12-05,treino,6592.5601,8596.3377,8251.2538,1.251601,1.303945
2020-12-06,treino,5570.5601,8073.6729,7749.5704,1.391165,1.449347
2020-12-07,treino,5618.0049,8748.4220,8397.2329,1.494700,1.557212
2020-12-08,treino,5798.0601,8563.8312,8220.0522,1.417725,1.477017
2020-12-09,treino,6303.7500,8843.3929,8488.3914,1.346562,1.402878
2020-12-10,treino,5800.1851,8868.8932,8512.8680,1.467689,1.529071
2020-12-11,treino,5455.4150,8540.7352,8197.8834,1.502706,1.565552
2020-12-12,treino,5492.8101,8405.0323,8067.6279,1.468761,1.530188
2020-12-13,treino,5506.7900,7585.7532,7281.2373,1.322229,1.377527
2020-12-14,treino,5590.0898,7637.7672,7331.1633,1.311457,1.366305
2020-12-15,treino,5763.8398,8005.4833,7684.1181,1.333160,1.388915
2020-12-16,treino,6137.0400,7959.7280,7640.1996,1.244932,1.296998
2020-12-17,treino,6372.4102,8461.9279,8122.2396,1.274595,1.327901
2020-12-18,treino,5861.8301,8290.1978,7957.4033,1.357495,1.414268
2020-12-19,treino,5776.0649,7979.2508,7658.9387,1.325979,1.381434
2020-12-20,treino,5362.1401,7121.2703,6835.4001,1.274752,1.328065
2020-12-21,treino,5239.9849,7988.8951,7668.1958,1.463400,1.524603
2020-12-22,treino,5373.7100,8267.5047,7935.6212,1.476749,1.538510
2020-12-23,treino,5257.2651,7880.5353,7564.1859,1.438806,1.498980
2020-12-24,treino,5143.7349,7690.3840,7381.6679,1.435079,1.495097
2020-12-25,treino,5308.9102,6911.8495,6634.3862,1.249670,1.301934
2020-12-26,treino,5239.2349,7440.8739,7142.1739,1.363209,1.420221
2020-12-27,treino,5254.3301,7281.9829,6989.6613,1.330267,1.385901
2020-12-28,treino,5113.1001,8186.1858,7857.5666,1.536752,1.601022
2020-12-29,treino,5322.6499,8010.3388,7688.7787,1.444540,1.504953
2020-12-30,treino,5139.9751,7038.2202,6755.6840,1.314342,1.369310
2020-12-31,treino,5200.9849,6491.8659,6231.2620,1.198093,1.248199
2021-01-01,treino,5314.2500,5881.5790,5645.4740,1.062328,1.106756
2021-01-02,treino,5232.2749,6649.7506,6382.8088,1.219892,1.270910
2021-01-03,treino,5082.1699,7007.5927,6726.2860,1.323507,1.378858
2021-01-04,treino,5095.4849,7456.4209,7157.0968,1.404596,1.463339
2021-01-05,treino,5177.2251,7047.1774,6764.2816,1.306546,1.361188
2021-01-06,treino,5480.6299,7396.4523,7099.5355,1.295387,1.349562
2021-01-07,treino,5295.1401,7865.4080,7549.6659,1.425773,1.485401
2021-01-08,treino,5202.7100,7612.9431,7307.3357,1.404525,1.463265
2021-01-09,treino,4986.5000,8065.2754,7741.5099,1.552494,1.617422
2021-01-10,treino,4935.0000,7519.0967,7217.2566,1.462463,1.523626
2021-01-11,treino,5092.2549,8310.3972,7976.7919,1.566456,1.631968
2021-01-12,treino,5155.0601,8407.9807,8070.4580,1.565541,1.631015
2021-01-13,treino,5217.6851,8669.1831,8321.1749,1.594802,1.661500
2021-01-14,treino,5172.8501,8491.2359,8150.3711,1.575605,1.641500
2021-01-15,treino,5093.9399,8119.4243,7793.4852,1.529952,1.593938
2021-01-16,treino,5151.3650,7842.1169,7527.3098,1.461226,1.522338
2021-01-17,treino,5141.4500,7303.7167,7010.5227,1.363530,1.420556
2021-01-18,treino,5130.1650,7946.1900,7627.2051,1.486737,1.548915
2021-01-19,treino,5124.5400,7951.5885,7632.3868,1.489380,1.551669
2021-01-20,treino,5310.5850,8477.0150,8136.7210,1.532170,1.596249
2021-01-21,treino,5920.6699,9692.3411,9303.2601,1.571319,1.637035
2021-01-22,treino,5997.8999,10029.5717,9626.9532,1.605054,1.672181
2021-01-23,treino,5376.5601,9769.3448,9377.1727,1.744084,1.817025
2021-01-24,treino,5636.3301,9331.3669,8956.7766,1.589115,1.655575
2021-01-25,treino,5750.8750,10097.4573,9692.1138,1.685329,1.755812
2021-01-26,treino,5844.4900,10890.5048,10453.3258,1.788578,1.863380
2021-01-27,treino,5838.0000,11442.8066,10983.4565,1.881373,1.960056
2021-01-28,treino,6037.3750,12045.3311,11561.7937,1.915037,1.995127
2021-01-29,treino,5813.6899,12706.0116,12195.9525,2.097799,2.185533
2021-01-30,treino,5941.2300,11955.4562,11475.5268,1.931507,2.012286
2021-01-31,treino,6013.1450,11625.7039,11159.0117,1.855770,1.933382
2021-02-01,treino,5662.1851,12720.2578,12209.6268,2.156345,2.246528
2021-02-02,treino,6598.7651,12959.1749,12438.9530,1.885043,1.963879
2021-02-03,treino,7736.2251,13285.9580,12752.6180,1.648429,1.717370
2021-02-04,treino,7922.1602,13301.3639,12767.4054,1.611607,1.679007
2021-02-05,treino,7052.9600,12461.9115,11961.6513,1.695976,1.766905
2021-02-06,treino,5797.4951,12242.4018,11750.9534,2.026902,2.111671
2021-02-07,treino,5254.2651,11117.5450,10671.2519,2.030969,2.115909
2021-02-08,treino,5199.0249,12149.2402,11661.5316,2.243023,2.336831
2021-02-09,treino,5214.7949,12397.0822,11899.4244,2.281859,2.377290
2021-02-10,treino,5199.2900,11788.0932,11314.8822,2.176236,2.267251
2021-02-11,treino,5146.3901,10256.2493,9844.5313,1.912900,1.992902
2021-02-12,treino,5409.0898,9907.7679,9510.0391,1.758159,1.831689
2021-02-13,treino,5319.8550,9694.1943,9305.0390,1.749115,1.822267
2021-02-14,treino,5140.1650,9160.0883,8792.3736,1.710524,1.782061
2021-02-15,treino,5078.1299,10583.9730,10159.0992,2.000559,2.084227
2021-02-16,treino,5087.3999,11338.0732,10882.9275,2.139192,2.228658
2021-02-17,treino,5316.7500,11576.1636,11111.4601,2.089897,2.177301
2021-02-18,treino,5312.5850,11652.1235,11184.3707,2.105260,2.193306
2021-02-19,treino,5150.0649,10360.5455,9944.6407,1.930974,2.011731
2021-02-20,treino,5131.1699,9218.5973,8848.5339,1.724467,1.796588
2021-02-21,treino,5095.1602,8755.5280,8404.0536,1.649419,1.718401
2021-02-22,treino,5087.3701,9498.6427,9117.3374,1.792151,1.867103
2021-02-23,treino,5255.5649,10000.1000,9598.6646,1.826381,1.902764
2021-02-24,treino,5113.3501,11135.0292,10688.0342,2.090221,2.177639
2021-02-25,treino,5016.8398,9945.4010,9546.1615,1.902824,1.982404
2021-02-26,treino,4977.1450,9240.6342,8869.6862,1.782083,1.856613
2021-02-27,treino,4954.5649,8775.8055,8423.5172,1.700153,1.771257
2021-02-28,treino,4878.8398,7899.9637,7582.8344,1.554229,1.619230
2021-03-01,treino,4869.0850,8102.5419,7777.2805,1.597278,1.664079
2021-03-02,treino,4832.5200,8752.8219,8401.4562,1.738525,1.811233
2021-03-03,treino,4721.0400,8573.3620,8229.2004,1.743091,1.815990
2021-03-04,treino,4857.1250,8031.2638,7708.8637,1.587125,1.653502
2021-03-05,treino,5365.8550,8026.3683,7704.1648,1.435776,1.495823
2021-03-06,treino,5144.7549,8274.4781,7942.3146,1.543769,1.608333
2021-03-07,treino,4922.0151,7729.4194,7419.1363,1.507337,1.570377
2021-03-08,treino,5206.1750,8660.0909,8312.4477,1.596652,1.663427
2021-03-09,treino,5517.7900,8642.5397,8295.6010,1.503428,1.566305
2021-03-10,treino,5388.0649,8763.5681,8411.7710,1.561186,1.626478
2021-03-11,treino,5866.5449,9184.1969,8815.5144,1.502676,1.565521
2021-03-12,treino,5763.1799,9076.0729,8711.7309,1.511619,1.574838
2021-03-13,treino,5544.2251,8363.1739,8027.4499,1.447894,1.508448
2021-03-14,treino,5135.0701,8372.8334,8036.7216,1.565066,1.630520
2021-03-15,treino,5128.9849,9490.7565,9109.7678,1.776135,1.850416
2021-03-16,treino,5046.4199,9785.3185,9392.5051,1.861221,1.939061
2021-03-17,treino,4973.4351,9146.4310,8779.2646,1.765232,1.839057
2021-03-18,treino,4930.1050,9351.4150,8976.0199,1.820655,1.896798
2021-03-19,treino,4626.3350,8505.4631,8164.0271,1.764686,1.838488
2021-03-20,treino,4566.4199,7856.3142,7540.9371,1.651389,1.720454
2021-03-21,treino,4566.2251,7384.6265,7088.1845,1.552307,1.617228
2021-03-22,treino,4586.8550,8196.1723,7867.1523,1.715152,1.786883
2021-03-23,treino,4774.4600,8572.7827,8228.6443,1.723471,1.795550
2021-03-24,treino,4579.3750,8470.8087,8130.7639,1.775518,1.849774
2021-03-25,treino,4564.9951,8782.4338,8429.8794,1.846635,1.923865
2021-03-26,treino,4644.2151,8860.7853,8505.0856,1.831329,1.907919
2021-03-27,treino,4596.9351,7692.0130,7383.2315,1.606120,1.673292
2021-03-28,treino,4676.3101,7801.4480,7488.2734,1.601321,1.668291
2021-03-29,treino,4558.2800,8380.2165,8043.8084,1.764659,1.838460
2021-03-30,treino,4536.0901,7443.1480,7144.3568,1.575003,1.640873
2021-03-31,treino,4526.3999,7424.8042,7126.7493,1.574485,1.640333
2021-04-01,treino,4564.3599,6491.6373,6231.0427,1.365151,1.422245
2021-04-02,treino,4572.7749,5855.4982,5620.4402,1.229109,1.280513
2021-04-03,treino,4586.0801,6113.9223,5868.4903,1.279631,1.333148
2021-04-04,treino,4562.8601,6155.8832,5908.7668,1.294970,1.349128
2021-04-05,treino,4545.3901,6916.2719,6638.6310,1.460520,1.521601
2021-04-06,treino,4538.6450,6873.5120,6597.5876,1.453647,1.514441
2021-04-07,treino,4486.2900,6979.6817,6699.4955,1.493326,1.555780
2021-04-08,treino,4430.6401,7260.6417,6969.1768,1.572950,1.638734
2021-04-09,treino,4435.0898,7415.8615,7118.1655,1.604965,1.672088
2021-04-10,treino,4478.8101,6963.3938,6683.8613,1.492330,1.554742
2021-04-11,treino,4435.6250,7004.7752,6723.5816,1.515814,1.579208
2021-04-12,treino,4439.7900,6889.4218,6612.8588,1.489453,1.551745
2021-04-13,treino,4484.6201,7398.0961,7101.1133,1.583437,1.649659
2021-04-14,treino,4490.2100,7038.9715,6756.4052,1.504697,1.567626
2021-04-15,treino,4502.3599,7104.0017,6818.8249,1.514500,1.577840
2021-04-16,treino,4538.1299,6968.0255,6688.3071,1.473802,1.535440
2021-04-17,treino,4540.2949,6771.3300,6499.5076,1.431517,1.491385
2021-04-18,treino,4553.6250,6578.0993,6314.0338,1.386595,1.444585
2021-04-19,treino,4580.9351,7319.6262,7025.7934,1.533703,1.597845
2021-04-20,treino,4721.5601,7170.7225,6882.8673,1.457753,1.518719
2021-04-21,treino,4561.3101,6828.1903,6554.0854,1.436887,1.496980
2021-04-22,treino,4496.7900,6978.6013,6698.4584,1.489609,1.551907
2021-04-23,treino,4510.4351,7106.8953,6821.6022,1.512404,1.575656
2021-04-24,treino,4545.1099,6479.5021,6219.3946,1.368371,1.425599
2021-04-25,treino,4591.9951,6321.7913,6068.0148,1.321433,1.376698
2021-04-26,treino,4615.3350,6465.8680,6206.3078,1.344714,1.400953
2021-04-27,treino,4634.2800,6633.5163,6367.2262,1.373941,1.431402
2021-04-28,treino,4634.0000,6562.9422,6299.4851,1.359406,1.416259
2021-04-29,treino,4580.1602,6496.1899,6235.4125,1.361396,1.418332
2021-04-30,treino,4541.7749,6570.5278,6306.7662,1.388613,1.446687
2021-05-01,treino,4519.8301,6016.1730,5774.6650,1.277629,1.331062
2021-05-02,treino,4528.5200,6353.2189,6098.1808,1.346617,1.402935
2021-05-03,treino,4537.8799,6933.2489,6654.9266,1.466528,1.527861
2021-05-04,treino,4542.8101,6937.3900,6658.9014,1.465811,1.527114
2021-05-05,treino,4556.1899,6741.3955,6470.7747,1.420216,1.479612
2021-05-06,treino,4527.3701,6355.3220,6100.1994,1.347405,1.403756
2021-05-07,treino,4739.6699,6454.9797,6195.8566,1.307234,1.361905
2021-05-08,treino,4784.8799,6313.5201,6060.0756,1.266505,1.319473
2021-05-09,treino,2394.0200,5870.3729,5634.7178,2.353664,2.452099
2021-05-10,treino,19404.1904,6598.3413,6333.4632,0.326397,0.340047
2021-05-11,treino,11461.2046,6569.3421,6305.6281,0.550172,0.573181
2021-05-12,treino,6531.5000,6498.0284,6237.1772,0.954938,0.994875
2021-05-13,treino,4650.6750,6427.1497,6169.1437,1.326505,1.381982
2021-05-14,treino,3472.7500,6305.2836,6052.1697,1.742760,1.815646
2021-05-15,treino,2221.7500,5995.6252,5754.9420,2.590274,2.698605
2021-05-16,treino,5939.7251,5889.5805,5653.1543,0.951754,0.991558
2021-05-17,treino,2184.7700,6756.5942,6485.3633,2.968442,3.092588
2021-05-18,treino,2181.1650,6475.1677,6215.2342,2.849502,2.968674
2021-05-19,treino,2187.6250,6482.5192,6222.2906,2.844313,2.963268
2021-05-20,treino,2194.3750,6597.3204,6332.4833,2.885780,3.006469
2021-05-21,treino,2190.6250,6161.0448,5913.7212,2.699559,2.812460
2021-05-22,treino,2201.1250,6833.1079,6558.8055,2.979751,3.104371
2021-05-23,treino,2216.5000,8087.8876,7763.2144,3.502465,3.648945
2021-05-24,treino,2199.6250,9017.0784,8655.1046,3.934809,4.099371
2021-05-25,treino,4137.0500,9308.9664,8935.2753,2.159818,2.250146
2021-05-26,treino,4122.9401,9109.0639,8743.3975,2.120671,2.209361
2021-05-27,treino,4118.5000,9160.7797,8793.0373,2.135010,2.224300
2021-05-28,treino,4118.2400,8137.8763,7811.1964,1.896732,1.976057
2021-05-29,treino,4139.3650,7342.5055,7047.7543,1.702617,1.773824
2021-05-30,treino,4179.8000,6477.7561,6217.7187,1.487564,1.549777
2021-05-31,treino,4187.7700,5920.3882,5682.7253,1.356981,1.413733
2021-06-01,treino,4157.9900,6006.8878,5765.7525,1.386668,1.444661
2021-06-02,treino,3914.0349,6041.5389,5799.0126,1.481594,1.543558
2021-06-03,treino,4080.8999,5976.0076,5736.1120,1.405600,1.464385
2021-06-04,treino,4074.6099,6092.3036,5847.7394,1.435165,1.495187
2021-06-05,treino,4326.0601,5831.5715,5597.4740,1.293897,1.348010
2021-06-06,treino,4205.6250,5470.4501,5250.8491,1.248530,1.300746
2021-06-07,treino,4235.0050,5861.6518,5626.3467,1.328534,1.384096
2021-06-08,treino,4163.3400,5927.6270,5689.6735,1.366613,1.423767
2021-06-09,treino,4187.3099,5797.4727,5564.7440,1.328954,1.384534
2021-06-10,treino,4533.3550,5918.8164,5681.2166,1.253204,1.305615
2021-06-11,treino,4946.7900,5946.5639,5707.8502,1.153849,1.202106
2021-06-12,treino,4921.6050,5653.2355,5426.2969,1.102546,1.148657
2021-06-13,treino,4674.4399,5211.3309,5002.1317,1.070103,1.114857
2021-06-14,treino,4823.1001,5762.0922,5530.7837,1.146728,1.194686
2021-06-15,treino,4491.4800,5980.3477,5740.2778,1.278037,1.331487
2021-06-16,treino,3977.8750,5944.5510,5705.9181,1.434414,1.494404
2021-06-17,treino,3828.7000,5997.6667,5756.9016,1.503618,1.566502
2021-06-18,treino,3668.0000,6011.1528,5769.8463,1.573022,1.638809
2021-06-19,treino,3507.8950,5553.5521,5330.6151,1.519605,1.583158
2021-06-20,treino,3404.6250,5232.5865,5022.5341,1.475209,1.536905
2021-06-21,treino,3310.4601,5780.4594,5548.4137,1.676025,1.746120
2021-06-22,treino,3266.9550,5992.9271,5752.3522,1.760769,1.834408
2021-06-23,treino,3236.5399,5744.8750,5514.2577,1.703751,1.775005
2021-06-24,treino,3189.6600,5722.4846,5492.7662,1.722054,1.794074
2021-06-25,treino,3161.1600,5728.5475,5498.5856,1.739420,1.812166
2021-06-26,treino,3115.8151,5501.7425,5280.8853,1.694865,1.765747
2021-06-27,treino,3079.5200,5059.0212,4855.9362,1.576848,1.642795
2021-06-28,treino,3121.4850,5649.9772,5423.1695,1.737368,1.810029
2021-06-29,treino,3115.8350,5743.8453,5513.2693,1.769436,1.843437
2021-06-30,treino,3119.8151,5826.6449,5592.7451,1.792653,1.867625
2021-07-01,treino,3120.8350,5232.4622,5022.4148,1.609318,1.676623
2021-07-02,treino,3104.5150,5006.6904,4805.7061,1.547973,1.612713
2021-07-03,treino,3112.5150,4947.3544,4748.7521,1.525696,1.589504
2021-07-04,treino,3112.8151,4657.3049,4470.3461,1.436110,1.496171
2021-07-05,treino,3110.8500,5045.6581,4843.1096,1.556844,1.621955
2021-07-06,treino,3111.4850,5144.8452,4938.3150,1.587125,1.653502
2021-07-07,treino,3110.5000,5213.3697,5004.0887,1.608773,1.676055
2021-07-08,treino,3115.5150,5132.3942,4926.3638,1.581236,1.647366
2021-07-09,treino,3121.1500,5056.0184,4853.0540,1.554893,1.619922
2021-07-10,treino,3118.8350,4984.1265,4784.0480,1.533922,1.598073
2021-07-11,treino,3143.6899,4860.7487,4665.6230,1.484123,1.546192
2021-07-12,treino,3124.0000,5202.6970,4993.8445,1.598542,1.665396
2021-07-13,treino,3113.7250,5853.1730,5618.2083,1.804337,1.879798
2021-07-14,treino,3107.1000,5955.5856,5716.5097,1.839822,1.916767
2021-07-15,treino,3095.3550,6572.1151,6308.2898,2.037986,2.123219
2021-07-16,treino,3163.2101,5753.3480,5522.3906,1.745818,1.818832
2021-07-17,treino,3183.8600,5668.5721,5441.0178,1.708938,1.780409
2021-07-18,treino,3205.7100,5092.2114,4887.7941,1.524715,1.588482
2021-07-19,treino,3182.9600,5443.7210,5225.1930,1.641614,1.710270
2021-07-20,treino,3167.4750,5383.6958,5167.5774,1.631450,1.699681
2021-07-21,treino,3164.5400,5547.9617,5325.2491,1.682788,1.753165
2021-07-22,treino,3167.1450,5372.1669,5156.5113,1.628126,1.696218
2021-07-23,treino,3157.6500,5259.2885,5048.1641,1.598709,1.665570
2021-07-24,treino,3159.6700,5189.4130,4981.0937,1.576460,1.642391
2021-07-25,treino,3157.2900,4836.1812,4642.0417,1.470261,1.531751
2021-07-26,treino,3142.4750,5208.7462,4999.6508,1.590991,1.657530
2021-07-27,treino,3134.6600,5138.3390,4932.0700,1.573399,1.639201
2021-07-28,treino,3157.3550,5364.7637,5149.4052,1.630924,1.699132
2021-07-29,treino,3127.5150,5579.3800,5355.4062,1.712352,1.783966
2021-07-30,treino,3107.5399,5212.2918,5003.0541,1.609973,1.677305
2021-07-31,treino,3094.6100,5222.4001,5012.7566,1.619835,1.687579
2021-08-01,treino,3100.1901,5039.5137,4837.2118,1.560295,1.625550
2021-08-02,treino,3109.0200,5167.8995,4960.4439,1.595501,1.662228
2021-08-03,treino,3109.2100,5226.4731,5016.6661,1.613486,1.680965
2021-08-04,treino,3094.8500,5079.3639,4875.4623,1.575347,1.641231
2021-08-05,treino,3101.0399,5200.5685,4991.8013,1.609719,1.677040
2021-08-06,treino,3092.9150,5204.4850,4995.5607,1.615163,1.682712
2021-08-07,treino,3095.8800,5314.2677,5100.9363,1.647653,1.716561
2021-08-08,treino,3097.5800,4922.5561,4724.9493,1.525368,1.589162
2021-08-09,treino,3099.5850,5612.7791,5387.4646,1.738125,1.810816
2021-08-10,treino,3104.5400,5548.7093,5325.9667,1.715541,1.787289
2021-08-11,treino,3123.1500,5959.5251,5720.2911,1.831577,1.908178
2021-08-12,treino,3119.5000,6036.2994,5793.9834,1.857344,1.935021
2021-08-13,treino,3104.5900,5806.0963,5573.0214,1.795091,1.870165
2021-08-14,treino,3102.9399,5485.6100,5265.4005,1.696907,1.767875
2021-08-15,treino,3103.8550,5255.5406,5044.5668,1.625259,1.693230
2021-08-16,treino,3096.6200,5628.0048,5402.0791,1.744508,1.817467
2021-08-17,treino,3104.5450,5934.2248,5696.0064,1.834731,1.911464
2021-08-18,treino,3087.0250,5866.0318,5630.5509,1.823941,1.900222
2021-08-19,treino,3087.7650,5982.1983,5742.0541,1.859615,1.937388
2021-08-20,treino,3088.4399,6097.7836,5852.9994,1.895131,1.974390
2021-08-21,treino,3144.5850,5666.7893,5439.3066,1.729738,1.802079
2021-08-22,treino,3219.7450,5414.6518,5197.2907,1.614193,1.681702
2021-08-23,treino,3422.8600,6252.2610,6001.2757,1.753293,1.826619
2021-08-24,treino,4019.3950,6239.8641,5989.3764,1.490119,1.552439
2021-08-25,treino,5006.1001,6635.1903,6368.8330,1.272214,1.325421
2021-08-26,treino,6514.7000,6269.3762,6017.7038,0.923712,0.962343
2021-08-27,treino,7945.2451,6213.1609,5963.7451,0.750606,0.781997
2021-08-28,treino,7531.0098,5797.0723,5564.3597,0.738860,0.769760
2021-08-29,treino,5987.2251,5638.7694,5412.4115,0.903993,0.941800
2021-08-30,treino,6177.4150,7070.7177,6786.8770,1.098660,1.144608
2021-08-31,treino,7149.8799,8380.1501,8043.7446,1.125018,1.172069
2021-09-01,treino,7422.3701,9578.2477,9193.7468,1.238654,1.290457
2021-09-02,treino,7563.1699,9738.8015,9347.8555,1.235971,1.287661
2021-09-03,treino,7656.2100,9402.3715,9024.9308,1.178773,1.228071
2021-09-04,treino,7195.6650,9016.3236,8654.3801,1.202721,1.253022
2021-09-05,treino,6185.3401,8078.0832,7753.8037,1.253578,1.306005
2021-09-06,treino,6114.2500,8390.3222,8053.5084,1.317170,1.372257
2021-09-07,treino,5480.4199,8506.8597,8165.3677,1.489916,1.552228
2021-09-08,treino,5895.6401,8865.2320,8509.3538,1.443330,1.503693
2021-09-09,treino,9088.5098,8975.3622,8615.0630,0.947907,0.987550
2021-09-10,treino,9723.0200,8443.2693,8104.3300,0.833520,0.868379
2021-09-11,treino,8230.9902,8139.4790,7812.7348,0.949185,0.988882
2021-09-12,treino,6399.9900,7224.5981,6934.5801,1.083530,1.128845
2021-09-13,treino,5539.4600,8545.5588,8202.5133,1.480742,1.542670
2021-09-14,treino,6788.9849,8772.5038,8420.3480,1.240296,1.292167
2021-09-15,treino,7037.3450,8115.2637,7789.4916,1.106879,1.153171
2021-09-16,treino,5979.2800,6955.8143,6676.5861,1.116620,1.163320
2021-09-17,treino,5298.7651,6164.4106,5916.9518,1.116666,1.163367
2021-09-18,treino,4849.1450,6269.9863,6018.2894,1.241103,1.293009
2021-09-19,treino,4181.1000,6030.0179,5787.9541,1.384314,1.442208
2021-09-20,treino,4270.7550,7558.9847,7255.5434,1.698890,1.769941
2021-09-21,treino,5373.5898,8325.3044,7991.1006,1.487107,1.549300
2021-09-22,treino,6374.7400,7413.0495,7115.4665,1.116197,1.162879
2021-09-23,treino,6414.2900,6244.9409,5994.2494,0.934515,0.973598
2021-09-24,treino,6016.5100,5654.5046,5427.5150,0.902104,0.939831
2021-09-25,treino,5087.8999,5255.0038,5044.0515,0.991382,1.032843
2021-09-26,treino,4362.6499,5054.7071,4851.7953,1.112121,1.158632
2021-09-27,treino,4372.0400,6772.7431,6500.8640,1.486918,1.549104
2021-09-28,treino,4563.9102,7753.6349,7442.3797,1.630703,1.698902
2021-09-29,treino,4993.1250,7417.7815,7120.0085,1.425962,1.485599
2021-09-30,treino,5827.6650,7793.6436,7480.7823,1.283667,1.337353
2021-10-01,treino,6171.7849,7502.5888,7201.4114,1.166828,1.215627
2021-10-02,treino,6109.0601,6102.5676,5857.5914,0.958837,0.998937
2021-10-03,treino,5828.4351,5878.5174,5642.5353,0.968105,1.008593
2021-10-04,treino,5141.5601,6721.5922,6451.7664,1.254827,1.307306
2021-10-05,treino,4893.4399,7772.1532,7460.1546,1.524522,1.588280
2021-10-06,treino,4973.2451,8913.0945,8555.2950,1.720264,1.792209
2021-10-07,treino,5543.9250,9998.3882,9597.0215,1.731088,1.803485
2021-10-08,treino,6325.1150,9532.3865,9149.7267,1.446571,1.507069
2021-10-09,treino,4657.1099,8272.3363,7940.2588,1.704976,1.776281
2021-10-10,treino,4572.5801,7520.0955,7218.2153,1.578587,1.644607
2021-10-11,treino,4590.4399,8530.8617,8188.4062,1.783796,1.858397
2021-10-12,treino,4584.5850,8170.8003,7842.7988,1.710689,1.782233
2021-10-13,treino,4514.1851,9010.9995,8649.2697,1.916020,1.996152
2021-10-14,treino,4869.3901,9303.9188,8930.4303,1.833994,1.910695
2021-10-15,treino,4884.7100,9287.1659,8914.3499,1.824950,1.901273
2021-10-16,treino,5179.5151,8150.0544,7822.8857,1.510351,1.573517
2021-10-17,treino,4958.6450,7787.4273,7474.8156,1.507431,1.570475
2021-10-18,treino,4514.9600,9416.0255,9038.0367,2.001798,2.085517
2021-10-19,treino,4600.5898,10085.5191,9680.6548,2.104220,2.192223
2021-10-20,treino,4635.5151,10305.9089,9892.1974,2.134002,2.223250
2021-10-21,treino,4625.8999,10275.3577,9862.8726,2.132098,2.221267
2021-10-22,treino,4568.6201,9714.2046,9324.2460,2.040933,2.126289
2021-10-23,treino,4441.6899,7865.5042,7549.7582,1.699749,1.770836
2021-10-24,treino,4636.1299,7488.8695,7188.2428,1.550483,1.615328
2021-10-25,treino,4413.6401,8532.9632,8190.4233,1.855707,1.933316
2021-10-26,treino,4562.3101,8721.8923,8371.7682,1.834985,1.911727
2021-10-27,treino,4757.0850,9639.1939,9252.2465,1.944940,2.026282
2021-10-28,treino,4812.3149,10357.4253,9941.6457,2.065876,2.152275
2021-10-29,treino,4828.7500,10380.5368,9963.8296,2.063439,2.149736
2021-10-30,treino,4702.5100,9615.9598,9229.9450,1.962770,2.044857
2021-10-31,treino,4565.2549,9377.7167,9001.2658,1.971690,2.054150
2021-11-01,treino,4597.9651,10012.0490,9610.1339,2.090084,2.177496
2021-11-02,treino,4912.3599,9489.3549,9108.4224,1.854185,1.931730
2021-11-03,treino,4987.1851,10649.0759,10221.5886,2.049571,2.135288
2021-11-04,treino,5030.9351,10976.0925,10535.4778,2.094139,2.181720
2021-11-05,treino,5056.7300,10528.7224,10106.0665,1.998538,2.082121
2021-11-06,treino,5076.8149,9653.7517,9266.2198,1.825203,1.901537
2021-11-07,treino,4867.8901,8941.4904,8582.5509,1.763095,1.836831
2021-11-08,treino,4824.5400,9091.8668,8726.8908,1.808854,1.884504
2021-11-09,treino,4567.3999,8801.7216,8448.3929,1.849716,1.927075
2021-11-10,treino,4390.8398,8094.2757,7769.3462,1.769444,1.843446
2021-11-11,treino,4446.8350,7646.4135,7339.4625,1.650491,1.719518
2021-11-12,treino,4384.9600,7699.9334,7390.8339,1.685496,1.755987
2021-11-13,treino,4424.4250,7372.1164,7076.1766,1.599344,1.666232
2021-11-14,treino,4489.1450,6400.9317,6143.9782,1.368630,1.425869
2021-11-15,treino,4627.3101,6686.1841,6417.7797,1.386935,1.444940
2021-11-16,treino,5131.8101,7612.8300,7307.2271,1.423908,1.483459
2021-11-17,treino,5187.2151,7725.7913,7415.6539,1.429602,1.489391
2021-11-18,treino,5110.7600,7725.0906,7414.9812,1.450857,1.511535
2021-11-19,treino,5047.6851,7559.6628,7256.1943,1.437529,1.497649
2021-11-20,treino,4869.0200,6855.8732,6580.6570,1.351536,1.408060
2021-11-21,treino,4643.2300,6707.6422,6438.3765,1.386616,1.444607
2021-11-22,treino,4658.2549,8351.8552,8016.5856,1.720942,1.792915
2021-11-23,treino,4850.6099,8458.9007,8119.3339,1.673879,1.743884
2021-11-24,treino,4968.5801,8479.1577,8138.7777,1.638049,1.706556
2021-11-25,treino,4850.7549,8152.6293,7825.3572,1.613225,1.680693
2021-11-26,treino,4831.2200,8088.4856,7763.7884,1.607004,1.674212
2021-11-27,treino,4858.6951,8507.4567,8165.9407,1.680686,1.750976
2021-11-28,treino,4760.6150,7857.4739,7542.0502,1.584260,1.650517
2021-11-29,treino,4871.7400,8509.6281,8168.0250,1.676613,1.746733
2021-11-30,treino,4945.3101,8213.4253,7883.7127,1.594180,1.660851
2021-12-01,treino,4827.8599,8966.0135,8606.0896,1.782589,1.857140
2021-12-02,treino,4816.8550,9190.2153,8821.2913,1.831338,1.907929
2021-12-03,treino,4842.9551,8782.1621,8429.6186,1.740594,1.813389
2021-12-04,treino,4749.7651,7927.1992,7608.9766,1.601969,1.668967
2021-12-05,treino,4606.9399,7030.1470,6747.9348,1.464733,1.525991
2021-12-06,treino,4739.1699,7460.7443,7161.2467,1.511076,1.574272
2021-12-07,treino,4960.8350,7377.8175,7081.6488,1.427511,1.487213
2021-12-08,treino,5071.2100,7000.9182,6719.8795,1.325104,1.380522
2021-12-09,treino,5081.1899,7182.7040,6894.3678,1.356841,1.413587
2021-12-10,treino,5041.6450,7110.8316,6825.3805,1.353800,1.410419
2021-12-11,treino,4989.5000,6991.8917,6711.2153,1.345068,1.401321
2021-12-12,treino,4640.6450,7176.1205,6888.0485,1.484287,1.546363
2021-12-13,treino,4518.6650,8353.1972,8017.8737,1.774390,1.848598
2021-12-14,treino,4710.3901,7636.1986,7329.6577,1.556062,1.621139
2021-12-15,treino,4760.7200,8161.6893,7834.0535,1.645561,1.714381
2021-12-16,treino,4742.5100,7837.3434,7522.7279,1.586233,1.652573
2021-12-17,treino,4757.8999,7561.8750,7258.3176,1.525530,1.589330
2021-12-18,treino,4594.3301,7047.6480,6764.7333,1.472409,1.533988
2021-12-19,treino,4507.3101,6195.7690,5947.0515,1.319424,1.374605
2021-12-20,treino,4762.2300,7047.0330,6764.1431,1.420373,1.479776
2021-12-21,treino,4964.8000,6869.2685,6593.5145,1.328052,1.383594
2021-12-22,treino,5225.6050,7087.7274,6803.2038,1.301898,1.356346
2021-12-23,treino,5249.0249,6471.5032,6211.7167,1.183404,1.232896
2021-12-24,treino,4913.6299,6069.3095,5825.6684,1.185614,1.235199
2021-12-25,treino,4696.1001,5699.0387,5470.2615,1.164852,1.213568
2021-12-26,treino,4478.5000,6252.3605,6001.3712,1.340040,1.396084
2021-12-27,treino,4395.1650,6852.1187,6577.0532,1.496429,1.559013
2021-12-28,treino,4330.4000,7057.5952,6774.2813,1.564355,1.629779
2021-12-29,treino,4305.7000,6477.4310,6217.4066,1.443994,1.504385
2021-12-30,treino,4293.9000,6264.0492,6012.5906,1.400263,1.458825
2021-12-31,treino,4291.8750,5394.0395,5177.5059,1.206351,1.256803
2022-01-01,treino,4284.7750,5228.5704,5018.6792,1.171282,1.220267
2022-01-02,treino,4280.6250,5572.3013,5348.6117,1.249493,1.301749
2022-01-03,treino,4335.9951,6494.5777,6233.8650,1.437701,1.497829
2022-01-04,treino,4356.7500,6778.7158,6506.5969,1.493452,1.555911
2022-01-05,treino,4382.0000,6617.4875,6351.8408,1.449530,1.510152
2022-01-06,treino,4407.3999,6504.9954,6243.8645,1.416678,1.475926
2022-01-07,treino,4375.5950,6478.7774,6218.6989,1.421224,1.480662
2022-01-08,treino,4345.1499,5917.3501,5679.8091,1.307161,1.361829
2022-01-09,treino,4342.6250,5050.8380,4848.0815,1.116394,1.163084
2022-01-10,treino,4335.6001,6081.1676,5837.0505,1.346307,1.402613
2022-01-11,treino,4375.5049,6674.1566,6406.2350,1.464113,1.525345
2022-01-12,treino,4401.1499,6879.2168,6603.0635,1.500304,1.563050
2022-01-13,treino,4375.7000,7037.5404,6755.0315,1.543760,1.608323
2022-01-14,treino,4362.1001,6947.9692,6669.0560,1.528864,1.592804
2022-01-15,treino,4392.4849,6325.1577,6071.2461,1.382189,1.439995
2022-01-16,treino,4438.6201,5797.3723,5564.6476,1.253689,1.306120
2022-01-17,treino,4346.2500,6688.2537,6419.7662,1.477082,1.538856
2022-01-18,treino,4363.0000,6890.8500,6614.2297,1.515982,1.579383
2022-01-19,treino,4364.3750,6805.9704,6532.7574,1.496837,1.559438
2022-01-20,treino,4367.0249,6759.2241,6487.8877,1.485654,1.547787
2022-01-21,treino,4373.5249,6595.7558,6330.9815,1.447570,1.508110
2022-01-22,treino,4374.6250,6278.8007,6026.7499,1.377661,1.435277
2022-01-23,treino,4361.8999,5854.9553,5619.9190,1.288411,1.342295
2022-01-24,treino,4435.6899,7122.7393,6836.8102,1.541318,1.605779
2022-01-25,treino,4458.2549,7077.4928,6793.3801,1.523776,1.587503
2022-01-26,treino,4528.0801,6828.5689,6554.4487,1.447512,1.508049
2022-01-27,treino,4556.2549,6318.8079,6065.1511,1.331170,1.386842
2022-01-28,treino,4424.5701,6030.9840,5788.8814,1.308349,1.363067
2022-01-29,treino,4382.6899,5257.2058,5046.1651,1.151385,1.199539
2022-01-30,treino,4435.7300,5088.8788,4884.5952,1.101193,1.147247
2022-01-31,treino,5052.9551,5699.2471,5470.4615,1.082626,1.127904
2022-02-01,treino,6320.3650,6219.0135,5969.3628,0.944465,0.983964
2022-02-02,treino,5818.4102,6334.6421,6080.3497,1.045019,1.088724
2022-02-03,treino,5444.2949,6399.1444,6142.2627,1.128202,1.175385
2022-02-04,treino,5419.4399,6365.6860,6110.1475,1.127450,1.174602
2022-02-05,treino,5207.7900,5656.8559,5429.7720,1.042625,1.086230
2022-02-06,treino,5120.3149,5032.4175,4830.4005,0.943380,0.982834
2022-02-07,treino,4739.6399,6372.3108,6116.5062,1.290500,1.344471
2022-02-08,treino,4729.4050,6868.7808,6593.0464,1.394054,1.452356
2022-02-09,treino,4703.2100,7358.7241,7063.3218,1.501809,1.564617
2022-02-10,treino,4738.0200,7275.9057,6983.8281,1.473997,1.535643
2022-02-11,treino,4924.3899,6985.4460,6705.0283,1.361596,1.418540
2022-02-12,treino,4821.4800,6301.5575,6048.5933,1.254510,1.306976
2022-02-13,treino,4730.3501,5389.3788,5173.0322,1.093583,1.139319
2022-02-14,treino,4666.0801,6409.2700,6151.9818,1.318448,1.373588
2022-02-15,treino,4516.8350,6925.6045,6647.5890,1.471736,1.533287
2022-02-16,treino,4397.6499,7098.3103,6813.3619,1.549319,1.614114
2022-02-17,treino,4403.1750,7233.6825,6943.2998,1.576885,1.642833
2022-02-18,treino,4334.3999,6081.2820,5837.1603,1.346706,1.403027
2022-02-19,treino,4327.5000,5426.6729,5208.8292,1.203658,1.253997
2022-02-20,treino,4431.3501,5060.2466,4857.1124,1.096080,1.141920
2022-02-21,treino,4552.0249,5905.4084,5668.3468,1.245236,1.297315
2022-02-22,treino,4559.6001,5994.9299,5754.2746,1.262013,1.314793
2022-02-23,treino,4528.2500,6790.9008,6518.2928,1.439473,1.499674
2022-02-24,treino,4473.9751,7185.1414,6896.7073,1.541517,1.605986
2022-02-25,treino,4522.8000,7038.0176,6755.4895,1.493652,1.556120
2022-02-26,treino,4563.4399,6911.8624,6634.3986,1.453815,1.514617
2022-02-27,treino,4491.9751,6186.2608,5937.9249,1.321896,1.377181
2022-02-28,treino,4490.0000,6522.1334,6260.3145,1.394279,1.452591
2022-03-01,treino,4500.5500,6505.1703,6244.0324,1.387393,1.445417
2022-03-02,treino,4509.7500,7050.5085,6767.4790,1.500633,1.563392
2022-03-03,treino,4497.4500,7546.7996,7243.8474,1.610657,1.678017
2022-03-04,treino,4563.3901,7988.7075,7668.0158,1.680333,1.750608
2022-03-05,treino,4901.7800,6729.3783,6459.2400,1.317734,1.372844
2022-03-06,treino,5214.0400,5994.5480,5753.9081,1.103541,1.149694
2022-03-07,treino,6103.3149,7207.9733,6918.6226,1.133584,1.180993
2022-03-08,treino,6433.0901,8192.2471,7863.3846,1.222334,1.273454
2022-03-09,treino,6189.2600,8622.5473,8276.4113,1.337221,1.393147
2022-03-10,treino,5805.6699,8769.1697,8417.1478,1.449815,1.510449
2022-03-11,treino,5776.8901,7667.1364,7359.3535,1.273930,1.327208
2022-03-12,treino,5739.9700,6813.6068,6540.0873,1.139394,1.187046
2022-03-13,treino,5632.7251,6090.9604,5846.4502,1.037943,1.081352
2022-03-14,treino,6227.6099,7262.2943,6970.7630,1.119332,1.166145
2022-03-15,treino,6416.6250,7694.6448,7385.7577,1.151035,1.199173
2022-03-16,treino,6026.1699,8614.6173,8268.7995,1.372148,1.429534
2022-03-17,treino,5996.8401,8807.2087,8453.6598,1.409686,1.468642
2022-03-18,treino,5904.3101,8993.6940,8632.6589,1.462094,1.523242
2022-03-19,treino,6039.3550,7911.9182,7594.3090,1.257470,1.310060
2022-03-20,treino,5375.0601,6625.9529,6359.9664,1.183236,1.232722
2022-03-21,treino,5067.0449,7994.3042,7673.3877,1.514371,1.577705
2022-03-22,treino,5294.5601,8842.5287,8487.5619,1.603072,1.670116
2022-03-23,treino,5427.6550,8830.3812,8475.9020,1.561614,1.626924
2022-03-24,treino,5318.4199,8924.3661,8566.1141,1.610650,1.678011
2022-03-25,treino,5095.4951,8038.8028,7716.1001,1.514298,1.577629
2022-03-26,treino,5320.4199,7072.1533,6788.2549,1.275887,1.329247
2022-03-27,treino,5216.6099,6162.9789,5915.5776,1.133989,1.181415
2022-03-28,treino,5247.8101,7622.8418,7316.8370,1.394265,1.452576
2022-03-29,treino,5349.3350,8579.3711,8234.9683,1.539438,1.603820
2022-03-30,treino,5803.3350,8405.0827,8067.6764,1.390179,1.448319
2022-03-31,treino,5287.6550,7795.2946,7482.3670,1.415063,1.474244
2022-04-01,treino,5045.6250,7882.1147,7565.7019,1.499458,1.562168
2022-04-02,treino,4909.1650,7341.8135,7047.0901,1.435497,1.495532
2022-04-03,treino,4844.7100,6697.3452,6428.4928,1.326910,1.382404
2022-04-04,treino,4841.6899,7650.7868,7343.6603,1.516756,1.580189
2022-04-05,treino,4827.2500,8138.4982,7811.7933,1.618270,1.685949
2022-04-06,treino,4801.6250,8356.6925,8021.2287,1.670524,1.740388
2022-04-07,treino,4802.3750,8183.6303,7855.1138,1.635673,1.704080
2022-04-08,treino,4804.2500,7322.8493,7028.8871,1.463056,1.524244
2022-04-09,treino,4811.0000,6838.3341,6563.8220,1.364336,1.421396
2022-04-10,treino,4808.7500,6406.1636,6149.0001,1.278711,1.332189
2022-04-11,treino,4809.8950,7196.6023,6907.7082,1.436145,1.496208
2022-04-12,treino,4818.5200,6480.4020,6220.2584,1.290906,1.344895
2022-04-13,treino,4570.3850,7106.0011,6820.7439,1.492378,1.554793
2022-04-14,treino,4575.4800,6836.1307,6561.7070,1.434102,1.494079
2022-04-15,treino,4457.8550,6231.9886,5981.8170,1.341860,1.397979
2022-04-16,treino,4336.2500,5266.1430,5054.7435,1.165695,1.214446
2022-04-17,treino,4324.5651,5287.5536,5075.2946,1.173597,1.222679
2022-04-18,treino,4266.1400,5997.0963,5756.3541,1.349312,1.405743
2022-04-19,treino,4254.9250,7259.6361,6968.2115,1.637681,1.706172
2022-04-20,treino,4282.8850,6263.2598,6011.8329,1.403688,1.462393
2022-04-21,treino,4351.8500,5509.3686,5288.2053,1.215163,1.265983
2022-04-22,treino,4406.1000,6339.7514,6085.2539,1.381098,1.438858
2022-04-23,treino,4439.8149,5400.1821,5183.4019,1.167482,1.216308
2022-04-24,treino,4400.3350,5244.1557,5033.6389,1.143922,1.191763
2022-04-25,treino,4293.4150,6533.1927,6270.9299,1.460593,1.521677
2022-04-26,treino,4170.5000,8120.6482,7794.6599,1.868999,1.947164
2022-04-27,treino,4148.2000,9052.1245,8688.7439,2.094582,2.182181
2022-04-28,treino,4161.2750,8189.0882,7860.3525,1.888929,1.967928
2022-04-29,treino,4157.0500,7069.5211,6785.7284,1.632342,1.700610
2022-04-30,treino,4146.0500,6320.2689,6066.5535,1.463213,1.524407
2022-05-01,treino,4169.9500,5533.3632,5311.2366,1.273693,1.326962
2022-05-02,treino,4188.3750,6387.8879,6131.4580,1.463923,1.525147
2022-05-03,treino,4206.9449,6788.1651,6515.6669,1.548788,1.613562
2022-05-04,treino,4219.2700,6975.3680,6695.3548,1.586851,1.653217
2022-05-05,treino,4026.5900,6649.5003,6382.5685,1.585105,1.651397
2022-05-06,treino,3968.7100,6373.9811,6118.1095,1.541586,1.606059
2022-05-07,treino,3961.9800,5706.1395,5477.0772,1.382409,1.440224
2022-05-08,treino,3968.3350,6058.7887,5815.5699,1.465494,1.526784
2022-05-09,treino,3968.6899,6758.4986,6487.1913,1.634593,1.702955
2022-05-10,treino,3971.4000,7059.8918,6776.4856,1.706322,1.777683
2022-05-11,treino,3977.2350,7743.6867,7432.8308,1.868844,1.947003
2022-05-12,treino,3974.7100,8134.4725,7807.9293,1.964402,2.046558
2022-05-13,treino,3987.9601,7402.2259,7105.0774,1.781632,1.856143
2022-05-14,treino,3960.4399,6362.4100,6107.0029,1.542001,1.606491
2022-05-15,treino,3984.5651,6029.4920,5787.4493,1.452467,1.513212
2022-05-16,treino,3997.5400,6871.8295,6595.9727,1.650008,1.719015
2022-05-17,treino,3984.6899,7367.5549,7071.7981,1.774742,1.848966
2022-05-18,treino,3865.1500,7851.4683,7536.2857,1.949804,2.031349
2022-05-19,treino,3754.9200,7847.5103,7532.4866,2.006031,2.089927
2022-05-20,treino,3737.0200,7298.4617,7005.4785,1.874616,1.953016
2022-05-21,treino,3738.1550,6412.2328,6154.8257,1.646488,1.715347
2022-05-22,treino,3712.2900,5469.7967,5250.2219,1.414281,1.473429
2022-05-23,treino,3710.8550,6308.2579,6055.0246,1.631706,1.699947
2022-05-24,treino,3726.3101,7121.3159,6835.4439,1.834373,1.911091
2022-05-25,treino,3745.6250,7441.6548,7142.9234,1.907004,1.986759
2022-05-26,treino,3784.3650,7596.8877,7291.9248,1.926856,2.007441
2022-05-27,treino,3781.7900,6856.6343,6581.3875,1.740284,1.813066
2022-05-28,treino,3776.2100,6677.8170,6409.7485,1.697403,1.768391
2022-05-29,treino,3792.5050,6436.1885,6177.8197,1.628955,1.697081
2022-05-30,treino,3865.0050,7592.4591,7287.6740,1.885554,1.964411
2022-05-31,treino,3903.6700,8505.7648,8164.3168,2.091446,2.178915
2022-06-01,treino,3888.6500,8293.3961,7960.4732,2.047105,2.132719
2022-06-02,treino,3875.7100,8564.5850,8220.7757,2.121102,2.209811
2022-06-03,treino,3881.6300,7795.8184,7482.8698,1.927765,2.008388
2022-06-04,treino,3855.3800,6703.3906,6434.2955,1.668913,1.738711
2022-06-05,treino,3852.1500,5570.3926,5346.7796,1.387999,1.446048
2022-06-06,treino,3857.6700,5784.9519,5552.7258,1.439399,1.499597
2022-06-07,treino,3869.6100,6631.4440,6365.2371,1.644930,1.713724
2022-06-08,treino,3877.2899,6991.8683,6711.1928,1.730898,1.803287
2022-06-09,treino,3874.7700,7511.7253,7210.1811,1.860802,1.938625
2022-06-10,treino,3892.5250,7103.9736,6818.7978,1.751767,1.825030
2022-06-11,treino,3915.3151,6785.8720,6513.4658,1.663587,1.733161
2022-06-12,treino,3931.5200,6421.5430,6163.7621,1.567781,1.633349
2022-06-13,treino,3903.0850,7335.1099,7040.6556,1.803869,1.879311
2022-06-14,treino,3858.2300,8236.3077,7905.6765,2.049042,2.134737
2022-06-15,treino,3874.3350,7935.8940,7617.3224,1.966098,2.048324
2022-06-16,treino,3846.1500,7386.7415,7090.2146,1.843458,1.920555
2022-06-17,treino,3813.7900,7721.0261,7411.0799,1.943232,2.024502
2022-06-18,treino,3838.1300,6942.5279,6663.8330,1.736219,1.808831
2022-06-19,treino,3798.4800,6203.0647,5954.0542,1.567483,1.633039
2022-06-20,treino,3776.7300,6758.7494,6487.4320,1.717738,1.789577
2022-06-21,treino,3761.2300,7048.0352,6765.1050,1.798642,1.873864
2022-06-22,treino,3770.5250,7653.6905,7346.4474,1.948388,2.029874
2022-06-23,treino,3773.8950,7736.1304,7425.5779,1.967616,2.049906
2022-06-24,treino,3794.0250,7396.4369,7099.5208,1.871237,1.949496
2022-06-25,treino,3841.8900,6872.0707,6596.2043,1.716916,1.788721
2022-06-26,treino,3784.0050,6450.7830,6191.8284,1.636316,1.704750
2022-06-27,treino,3774.9750,6615.2573,6349.7001,1.682051,1.752398
2022-06-28,treino,3787.6400,7356.3227,7061.0169,1.864226,1.942192
2022-06-29,treino,3798.8400,7449.9375,7150.8736,1.882383,1.961109
2022-06-30,treino,3793.0651,7609.6413,7304.1664,1.925663,2.006198
2022-07-01,treino,3774.3101,7222.2921,6932.3667,1.836724,1.913540
2022-07-02,treino,3756.9850,6383.2321,6126.9892,1.630826,1.699031
2022-07-03,treino,3740.3400,5887.8032,5651.4483,1.510945,1.574136
2022-07-04,treino,3743.6300,7465.7725,7166.0730,1.914204,1.994260
2022-07-05,treino,3760.2750,7587.9898,7283.3841,1.936929,2.017935
2022-07-06,treino,3743.2101,7755.3907,7444.0651,1.988685,2.071856
2022-07-07,treino,3753.7100,7970.2195,7650.2700,2.038056,2.123291
2022-07-08,treino,3761.6899,7418.9503,7121.1303,1.893067,1.972239
2022-07-09,treino,3846.9601,6472.9420,6213.0979,1.615067,1.682612
2022-07-10,treino,3867.0250,6319.8524,6066.1537,1.568687,1.634293
2022-07-11,treino,3884.7350,7190.6885,6902.0317,1.776706,1.851011
2022-07-12,treino,4105.5300,7251.4379,6960.3424,1.695358,1.766261
2022-07-13,treino,4097.6200,7396.1632,7099.2581,1.732532,1.804990
2022-07-14,treino,3918.2700,7317.3402,7023.5992,1.792526,1.867493
2022-07-15,treino,3909.9200,7353.7864,7058.5824,1.805301,1.880802
2022-07-16,treino,3941.8600,6692.7632,6424.0948,1.629712,1.697869
2022-07-17,treino,3856.8950,6612.1138,6346.6829,1.645542,1.714362
2022-07-18,treino,3820.7700,7184.8988,6896.4744,1.804996,1.880484
2022-07-19,treino,3800.3600,7415.0093,7117.3476,1.872809,1.951133
2022-07-20,treino,3853.1901,7226.7114,6936.6085,1.800225,1.875514
2022-07-21,treino,3924.3600,7412.4173,7114.8596,1.812999,1.888822
2022-07-22,treino,4058.5349,7251.7034,6960.5973,1.715052,1.786779
2022-07-23,treino,4118.2750,6916.5905,6638.9368,1.612067,1.679487
2022-07-24,treino,3937.1500,6398.3442,6141.4947,1.559883,1.625121
2022-07-25,treino,3938.4401,6912.2465,6634.7673,1.684618,1.755072
2022-07-26,treino,4070.5850,7249.4734,6958.4568,1.709449,1.780941
2022-07-27,treino,4142.8350,7296.3865,7003.4867,1.690506,1.761206
2022-07-28,treino,4166.0651,7034.1972,6751.8225,1.620671,1.688451
2022-07-29,treino,4344.8398,6639.6695,6373.1324,1.466828,1.528174
2022-07-30,treino,4266.6300,6305.1233,6052.0158,1.418453,1.477776
2022-07-31,treino,4027.7900,5614.8798,5389.4809,1.338074,1.394035
2022-08-01,treino,3995.1899,5914.2523,5676.8357,1.420918,1.480343
2022-08-02,treino,4524.8550,6664.3252,6396.7983,1.413702,1.472826
2022-08-03,treino,5372.8550,7199.6355,6910.6196,1.286210,1.340002
2022-08-04,treino,5497.9150,7308.5499,7015.1618,1.275968,1.329331
2022-08-05,treino,5292.0850,7105.2863,6820.0579,1.288728,1.342625
2022-08-06,treino,5134.6401,6767.4677,6495.8003,1.265094,1.318002
2022-08-07,treino,5015.2949,6244.8407,5994.1533,1.195175,1.245159
2022-08-08,treino,4749.4199,6982.4706,6702.1724,1.411156,1.470173
2022-08-09,treino,5086.6851,7596.7286,7291.7721,1.433502,1.493454
2022-08-10,treino,5329.3149,7936.1232,7617.5423,1.429366,1.489145
2022-08-11,treino,5407.8350,8019.2068,7697.2907,1.423359,1.482887
2022-08-12,treino,5298.0249,6926.8098,6648.7460,1.254948,1.307432
2022-08-13,treino,5075.7100,6716.3405,6446.7256,1.270113,1.323232
2022-08-14,treino,4948.5449,6432.3366,6174.1224,1.247664,1.299844
2022-08-15,treino,4702.7700,7644.4162,7337.5453,1.560260,1.625514
2022-08-16,treino,4828.1450,8159.8515,7832.2894,1.622215,1.690059
2022-08-17,treino,5026.1450,8412.7196,8075.0067,1.606600,1.673792
2022-08-18,treino,5151.6250,8489.2639,8148.4782,1.581730,1.647881
2022-08-19,treino,5323.7349,8064.8246,7741.0773,1.454069,1.514881
2022-08-20,treino,5127.9399,7461.2005,7161.6845,1.396601,1.455009
2022-08-21,treino,5160.4199,7158.4886,6871.1245,1.331505,1.387191
2022-08-22,treino,4821.6699,8702.9113,8353.5492,1.732501,1.804958
2022-08-23,treino,5088.7549,8474.1915,8134.0109,1.598429,1.665278
2022-08-24,treino,4975.0601,8621.4718,8275.3789,1.663373,1.732938
2022-08-25,treino,4890.1099,8618.3394,8272.3722,1.691654,1.762402
2022-08-26,treino,4712.6401,8644.9659,8297.9299,1.760782,1.834421
2022-08-27,treino,4596.8599,8095.2880,7770.3178,1.690353,1.761047
2022-08-28,treino,4404.3750,7468.0315,7168.2414,1.627527,1.695594
2022-08-29,treino,4430.7300,8252.0207,7920.7587,1.787687,1.862452
2022-08-30,treino,4534.4600,7706.7161,7397.3444,1.631362,1.699589
2022-08-31,treino,4368.5000,8011.7246,7690.1089,1.760355,1.833976
2022-09-01,treino,4340.1250,8410.2109,8072.5987,1.859992,1.937781
2022-09-02,treino,4352.6499,7896.7573,7579.7567,1.741412,1.814241
2022-09-03,treino,4404.9399,7282.5607,6990.2159,1.586904,1.653271
2022-09-04,treino,4432.0850,7068.7388,6784.9775,1.530877,1.594901
2022-09-05,treino,4445.0400,7371.7690,7075.8431,1.591851,1.658426
2022-09-06,treino,4369.7700,7573.8200,7269.7831,1.663653,1.733231
2022-09-07,treino,4306.7749,7257.2101,6965.8829,1.617424,1.685068
2022-09-08,treino,4355.1899,8229.8612,7899.4888,1.813810,1.889668
2022-09-09,treino,4526.4751,7920.8087,7602.8426,1.679639,1.749885
2022-09-10,treino,4558.0000,7522.8875,7220.8952,1.584224,1.650480
2022-09-11,treino,4482.4951,7215.5958,6925.9391,1.545108,1.609728
2022-09-12,treino,4519.3550,6999.4184,6718.4398,1.486593,1.548765
2022-09-13,treino,4711.7651,8219.6509,7889.6884,1.674466,1.744495
2022-09-14,treino,4728.1299,8514.7779,8172.9680,1.728584,1.800876
2022-09-15,treino,4742.6602,8578.4555,8234.0894,1.736175,1.808786
2022-09-16,treino,4802.0249,8143.3048,7816.4070,1.627731,1.695806
2022-09-17,treino,4463.4299,7168.4936,6880.7278,1.541579,1.606050
2022-09-18,treino,4218.5000,6618.5588,6352.8691,1.505955,1.568937
2022-09-19,treino,4244.7500,7298.0605,7005.0934,1.650296,1.719315
2022-09-20,treino,4353.9600,8354.2224,8018.8577,1.841739,1.918764
2022-09-21,treino,4638.5601,8703.0386,8353.6713,1.800919,1.876237
2022-09-22,treino,5195.1399,8632.6315,8286.0906,1.594970,1.661674
2022-09-23,treino,5264.8950,8257.1930,7925.7234,1.505391,1.568349
2022-09-24,treino,5180.4500,7764.1632,7452.4854,1.438579,1.498743
2022-09-25,treino,4995.3350,6860.0181,6584.6355,1.318157,1.373285
2022-09-26,treino,5049.7100,8065.1275,7741.3680,1.533032,1.597147
2022-09-27,treino,5723.2749,9442.7715,9063.7091,1.583658,1.649890
2022-09-28,treino,5759.9600,10372.7097,9956.3166,1.728539,1.800830
2022-09-29,treino,5750.3999,10374.0964,9957.6477,1.731644,1.804065
2022-09-30,treino,6090.2651,9405.4147,9027.8518,1.482341,1.544336
2022-10-01,treino,5117.7549,8422.5422,8084.4350,1.579684,1.645749
2022-10-02,treino,4459.1951,7591.7960,7287.0375,1.634160,1.702504
2022-10-03,treino,4394.8999,9339.7034,8964.7784,2.039814,2.125123
2022-10-04,treino,4297.8500,10566.4090,10142.2402,2.359840,2.458534
2022-10-05,treino,4245.1000,10740.7438,10309.5767,2.428583,2.530151
2022-10-06,treino,4289.1000,11087.0791,10642.0090,2.481175,2.584943
2022-10-07,treino,4434.1899,9874.6330,9478.2343,2.137535,2.226931
2022-10-08,treino,4598.9399,8860.5083,8504.8197,1.849300,1.926641
2022-10-09,treino,4780.1450,7735.6427,7425.1097,1.553323,1.618286
2022-10-10,treino,4333.1499,9430.5406,9051.9692,2.089004,2.176371
2022-10-11,treino,4233.9250,10131.6633,9724.9466,2.296910,2.392972
2022-10-12,treino,4243.0250,9360.5710,8984.8083,2.117548,2.206108
2022-10-13,treino,4369.8101,10097.3160,9691.9781,2.217940,2.310699
2022-10-14,treino,4710.6899,10085.5229,9680.6584,2.055040,2.140986
2022-10-15,treino,4705.4600,9302.9715,8929.5211,1.897694,1.977059
2022-10-16,treino,4429.3701,8577.3056,8232.9857,1.858726,1.936462
2022-10-17,treino,4354.6250,10642.5958,10215.3687,2.345866,2.443975
2022-10-18,treino,4439.3550,11340.4979,10885.2548,2.451990,2.554537
2022-10-19,treino,4839.9399,11861.7682,11385.5997,2.352426,2.450809
2022-10-20,treino,5076.5400,11665.1498,11196.8741,2.205611,2.297854
2022-10-21,treino,5253.7051,11643.6184,11176.2071,2.127300,2.216268
2022-10-22,treino,5173.5000,11429.9580,10971.1237,2.120639,2.209328
2022-10-23,treino,5049.6851,11186.4313,10737.3729,2.126345,2.215273
2022-10-24,treino,4946.3850,12588.4674,12083.1268,2.442820,2.544983
2022-10-25,treino,5304.6951,12677.6025,12168.6838,2.293946,2.389883
2022-10-26,treino,5524.8101,12695.6591,12186.0156,2.205690,2.297936
2022-10-27,treino,5452.8450,12596.2360,12090.5836,2.217298,2.310030
2022-10-28,treino,5458.0151,11981.3947,11500.4240,2.107071,2.195193
2022-10-29,treino,5313.7451,10408.2738,9990.4530,1.880115,1.958745
2022-10-30,treino,5038.5400,9265.9335,8893.9699,1.765188,1.839012
2022-10-31,treino,5399.1399,10764.4365,10332.3183,1.913697,1.993732
2022-11-01,treino,5811.0898,10735.2265,10304.2809,1.773210,1.847369
2022-11-02,treino,5751.5000,11190.4391,10741.2198,1.867551,1.945656
2022-11-03,treino,5623.1299,11583.0043,11118.0262,1.977195,2.059886
2022-11-04,treino,5842.2900,12710.0902,12199.8674,2.088200,2.175532
2022-11-05,treino,5735.3201,11660.3296,11192.2474,1.951460,2.033074
2022-11-06,treino,5677.9351,10500.9497,10079.4087,1.775189,1.849431
2022-11-07,treino,5588.8398,11803.0608,11329.2489,2.027120,2.111898
2022-11-08,treino,5724.4551,12391.6637,11894.2235,2.077791,2.164689
2022-11-09,treino,5776.9951,12426.9225,11928.0668,2.064753,2.151105
2022-11-10,treino,5897.3750,12678.5072,12169.5522,2.063554,2.149856
2022-11-11,treino,5994.1899,11879.1507,11402.2843,1.902223,1.981777
2022-11-12,treino,5967.3901,10772.4334,10339.9941,1.732750,1.805217
2022-11-13,treino,5663.6250,9654.5372,9266.9738,1.636227,1.704657
2022-11-14,treino,5510.8049,10653.3504,10225.6915,1.855571,1.933175
2022-11-15,treino,5987.1499,10956.6576,10516.8231,1.756566,1.830029
2022-11-16,treino,5826.9800,12352.5747,11856.7036,2.034794,2.119893
2022-11-17,treino,5703.4351,12428.1690,11929.2633,2.091593,2.179067
2022-11-18,treino,5808.6851,11707.8559,11237.8659,1.934666,2.015578
2022-11-19,treino,5701.1050,10698.5457,10269.0725,1.801242,1.876574
2022-11-20,treino,5491.5601,10032.4955,9629.7597,1.753556,1.826894
2022-11-21,treino,5550.0100,10297.2157,9883.8532,1.780871,1.855351
2022-11-22,treino,5711.2600,11197.7121,10748.2009,1.881932,1.960638
2022-11-23,treino,5843.9102,11036.8798,10593.8248,1.812797,1.888612
2022-11-24,treino,5852.0601,11528.9638,11066.1550,1.890985,1.970069
2022-11-25,treino,5755.8950,11155.4498,10707.6351,1.860290,1.938091
2022-11-26,treino,5670.4351,10538.1511,10115.1167,1.783834,1.858438
2022-11-27,treino,5588.2651,10120.3893,9714.1251,1.738308,1.811007
2022-11-28,treino,5908.7700,11728.8139,11257.9826,1.905301,1.984984
2022-11-29,treino,5890.2800,11816.5007,11342.1493,1.925570,2.006102
2022-11-30,treino,7080.2949,11292.8344,10839.5046,1.530940,1.594967
2022-12-01,treino,6698.3850,10935.5909,10496.6020,1.567035,1.632571
2022-12-02,treino,6101.2949,9850.8140,9455.3714,1.549732,1.614545
2022-12-03,treino,5789.5601,8664.3429,8316.5290,1.436470,1.496546
2022-12-04,treino,5745.1401,8132.7772,7806.3020,1.358766,1.415592
2022-12-05,treino,5677.4050,9194.0318,8824.9545,1.554399,1.619407
2022-12-06,treino,5955.5000,9484.0325,9103.3138,1.528556,1.592483
2022-12-07,treino,6057.9199,10315.1354,9901.0536,1.634398,1.702752
2022-12-08,treino,6031.7600,11103.0471,10657.3360,1.766870,1.840764
2022-12-09,treino,6024.5249,10485.6148,10064.6894,1.670620,1.740488
2022-12-10,treino,6022.1602,9493.9827,9112.8644,1.513222,1.576508
2022-12-11,treino,5883.5898,8677.8994,8329.5413,1.415724,1.474933
2022-12-12,treino,5878.4651,9952.6945,9553.1622,1.625112,1.693077
2022-12-13,treino,6352.1101,10185.9058,9777.0117,1.539175,1.603547
2022-12-14,treino,6637.8550,10451.2862,10031.7389,1.511292,1.574498
2022-12-15,treino,6884.2500,11050.2119,10606.6217,1.540708,1.605144
2022-12-16,treino,7009.2849,10460.0073,10040.1099,1.432401,1.492307
2022-12-17,treino,6776.9399,9261.8381,8890.0389,1.311807,1.366670
2022-12-18,treino,5744.7200,8478.5268,8138.1722,1.416635,1.475882
2022-12-19,treino,5371.4150,9671.3682,9283.1292,1.728246,1.800525
2022-12-20,treino,5711.1001,9708.2971,9318.5757,1.631660,1.699900
2022-12-21,treino,5890.0549,9508.6340,9126.9276,1.549549,1.614354
2022-12-22,treino,5742.3350,9769.5544,9377.3738,1.633025,1.701321
2022-12-23,treino,5683.4600,9169.5600,8801.4651,1.548610,1.613376
2022-12-24,treino,5546.7400,8385.2319,8048.6224,1.451055,1.511741
2022-12-25,treino,5438.1250,7415.7897,7118.0967,1.308925,1.363667
2022-12-26,treino,5415.5000,8504.1833,8162.7987,1.507303,1.570341
2022-12-27,treino,5526.7500,8745.3353,8394.2701,1.518844,1.582365
2022-12-28,treino,5668.7200,8291.2788,7958.4409,1.403922,1.462637
2022-12-29,treino,5676.2600,8320.9040,7986.8768,1.407067,1.465913
2022-12-30,treino,5527.2100,7553.1399,7249.9332,1.311680,1.366538
2022-12-31,treino,5360.7749,7111.5928,6826.1112,1.273344,1.326598
2023-01-01,teste,5215.3398,6760.0018,6488.6341,1.244144,1.296177
2023-01-02,teste,5346.6401,7105.1859,6819.9614,1.275560,1.328907
2023-01-03,teste,5864.2100,7379.9692,7083.7142,1.207957,1.258476
2023-01-04,teste,6127.4299,7292.2336,6999.5005,1.142322,1.190097
2023-01-05,teste,6084.9299,7197.7195,6908.7805,1.135392,1.182876
2023-01-06,teste,7027.6050,7182.5952,6894.2633,0.981026,1.022054
2023-01-07,teste,7273.6099,6579.3067,6315.1927,0.868234,0.904545
2023-01-08,teste,6086.2849,6451.8425,6192.8453,1.017508,1.060063
2023-01-09,teste,5668.1899,7679.5542,7371.2728,1.300463,1.354851
2023-01-10,teste,7284.6099,8492.5959,8151.6765,1.119027,1.165827
2023-01-11,teste,8491.9299,9316.2531,8942.2695,1.053031,1.097071
2023-01-12,teste,8555.0950,9643.5139,9256.3930,1.081974,1.127225
2023-01-13,teste,9461.2949,9227.6545,8857.2275,0.936154,0.975306
2023-01-14,teste,8164.3000,8429.0840,8090.7141,0.990987,1.032432
2023-01-15,teste,6548.7300,7416.0432,7118.3400,1.086980,1.132440
2023-01-16,teste,5941.8049,8826.4835,8472.1608,1.425856,1.485489
2023-01-17,teste,8082.2900,9247.3110,8876.0949,1.098215,1.144145
2023-01-18,teste,7810.8201,9497.5718,9116.3095,1.167139,1.215951
2023-01-19,teste,8998.3101,9659.1881,9271.4380,1.030353,1.073445
2023-01-20,teste,10481.1348,9373.0630,8996.7989,0.858380,0.894279
2023-01-21,teste,10809.5352,9280.9149,8908.3499,0.824120,0.858586
2023-01-22,teste,10932.9199,7983.5209,7663.0374,0.700914,0.730228
2023-01-23,teste,11140.3799,8942.0415,8583.0799,0.770448,0.802669
2023-01-24,teste,11193.2148,9625.4896,9239.0923,0.825419,0.859940
2023-01-25,teste,11001.2500,9899.2051,9501.8200,0.863704,0.899825
2023-01-26,teste,11226.4648,10074.8433,9670.4075,0.861394,0.897419
2023-01-27,teste,10836.2100,9649.6287,9262.2623,0.854751,0.890498
2023-01-28,teste,10132.3101,8897.9009,8540.7113,0.842918,0.878171
2023-01-29,teste,9663.0000,7914.7246,7597.0028,0.786195,0.819075
2023-01-30,teste,9526.2749,8708.2722,8358.6949,0.877436,0.914132
2023-01-31,teste,8701.8999,9367.8266,8991.7727,1.033311,1.076527
2023-02-01,teste,8062.0300,9924.8292,9526.4155,1.181640,1.231058
2023-02-02,teste,7120.3599,10212.0061,9802.0642,1.376625,1.434198
2023-02-03,teste,7609.9751,9787.1580,9394.2708,1.234468,1.286096
2023-02-04,teste,7527.8501,8870.3276,8514.2449,1.131033,1.178335
2023-02-05,teste,7912.6550,7903.6720,7586.3938,0.958767,0.998865
2023-02-06,teste,8557.4102,10183.0135,9774.2354,1.142196,1.189964
2023-02-07,teste,9040.5200,10515.0583,10092.9509,1.116413,1.163103
2023-02-08,teste,9632.9502,10374.3640,9957.9045,1.033734,1.076966
2023-02-09,teste,9825.5049,10289.2228,9876.1812,1.005158,1.047195
2023-02-10,teste,9856.1699,9814.4699,9420.4863,0.955796,0.995769
2023-02-11,teste,9963.9600,9338.1781,8963.3144,0.899574,0.937195
2023-02-12,teste,9915.0449,8477.8317,8137.5049,0.820723,0.855047
2023-02-13,teste,10127.7148,10141.8810,9734.7541,0.961199,1.001399
2023-02-14,teste,11540.7349,10658.5365,10230.6695,0.886483,0.923558
2023-02-15,teste,13221.3599,10371.0732,9954.7459,0.752929,0.784418
2023-02-16,teste,14491.6948,10690.5134,10261.3627,0.708086,0.737699
2023-02-17,teste,14534.9399,9738.6896,9347.7481,0.643123,0.670019
2023-02-18,teste,14465.1948,9082.9371,8718.3196,0.602710,0.627917
2023-02-19,teste,13521.9248,7970.7776,7650.8056,0.565807,0.589471
2023-02-20,teste,13046.6499,9532.9337,9150.2518,0.701349,0.730681
2023-02-21,teste,13130.2300,8724.1881,8373.9718,0.637763,0.664435
2023-02-22,teste,12850.4702,10246.3060,9834.9872,0.765341,0.797349
2023-02-23,teste,12630.4751,10038.3953,9635.4227,0.762871,0.794776
2023-02-24,teste,12500.5103,9962.6525,9562.7204,0.764986,0.796980
2023-02-25,teste,13163.1802,9294.4104,8921.3037,0.677747,0.706092
2023-02-26,teste,14709.7100,8105.9430,7780.5450,0.528939,0.551061
2023-02-27,teste,16053.4448,9494.1686,9113.0429,0.567669,0.591410
2023-02-28,teste,15385.4648,10301.2859,9887.7600,0.642669,0.669547
2023-03-01,teste,14564.9600,10720.0565,10289.7198,0.706471,0.736017
2023-03-02,teste,12421.7651,10647.2709,10219.8561,0.822738,0.857146
2023-03-03,teste,10644.1748,10471.4747,10051.1169,0.944283,0.983775
2023-03-04,teste,9833.7852,9555.7612,9172.1630,0.932719,0.971728
2023-03-05,teste,8012.3601,9410.9719,9033.1860,1.127406,1.174557
2023-03-06,teste,6977.6401,10998.5310,10557.0155,1.512978,1.576254
2023-03-07,teste,6972.9399,11130.8907,10684.0618,1.532218,1.596298
2023-03-08,teste,7111.7200,11081.4015,10636.5593,1.495638,1.558189
2023-03-09,teste,7056.8250,10676.8452,10248.2431,1.452246,1.512981
2023-03-10,teste,6963.8650,10684.9766,10256.0482,1.472752,1.534346
2023-03-11,teste,7024.5349,9446.0521,9066.8580,1.290741,1.344723
2023-03-12,teste,9606.9150,8225.5315,7895.3329,0.821839,0.856209
2023-03-13,teste,11384.7100,9579.0965,9194.5615,0.807624,0.841400
2023-03-14,teste,13350.7749,10558.4850,10134.6344,0.759105,0.790852
2023-03-15,teste,14907.0249,10533.1693,10110.3349,0.678226,0.706591
2023-03-16,teste,16296.3750,10654.5120,10226.8065,0.627551,0.653796
2023-03-17,teste,16419.5806,10806.6192,10372.8076,0.631734,0.658154
2023-03-18,teste,16034.9600,10489.2726,10068.2003,0.627891,0.654150
2023-03-19,teste,15889.8198,9262.7574,8890.9213,0.559536,0.582937
2023-03-20,teste,15613.5601,9660.2735,9272.4799,0.593874,0.618710
2023-03-21,teste,15641.8301,11132.8030,10685.8974,0.683162,0.711733
2023-03-22,teste,15068.6152,11095.5130,10650.1043,0.706774,0.736333
2023-03-23,teste,14082.7852,11077.7207,10633.0262,0.755037,0.786614
2023-03-24,teste,13073.6250,10837.3159,10402.2721,0.795669,0.828945
2023-03-25,teste,10808.3252,10686.3866,10257.4015,0.949028,0.988718
2023-03-26,teste,8846.3252,9115.0820,8749.1740,0.989018,1.030381
2023-03-27,teste,8242.6650,10500.0306,10078.5265,1.222727,1.273864
2023-03-28,teste,8424.9399,10731.7757,10300.9686,1.222676,1.273810
2023-03-29,teste,8536.3101,10481.6496,10060.8834,1.178599,1.227890
2023-03-30,teste,9040.0449,10092.4507,9687.3081,1.071600,1.116416
2023-03-31,teste,7299.4399,10171.4415,9763.1280,1.337517,1.393455
2023-04-01,teste,6098.9399,9976.6985,9576.2025,1.570142,1.635809
2023-04-02,teste,5749.4849,8791.4840,8438.5662,1.467708,1.529091
2023-04-03,teste,5612.6899,10032.4947,9629.7590,1.715712,1.787466
2023-04-04,teste,5788.2300,10184.0090,9775.1910,1.688805,1.759434
2023-04-05,teste,5769.9199,9802.6443,9409.1354,1.630722,1.698922
2023-04-06,teste,5560.6299,9659.4262,9271.6666,1.667377,1.737110
2023-04-07,teste,5401.2749,9248.6335,8877.3644,1.643568,1.712306
2023-04-08,teste,5223.2749,9800.2447,9406.8322,1.800945,1.876264
2023-04-09,teste,5176.4399,9085.3032,8720.5907,1.684670,1.755126
2023-04-10,teste,5123.9751,9900.4591,9503.0236,1.854619,1.932183
2023-04-11,teste,5176.9351,9698.5415,9309.2117,1.798209,1.873414
2023-04-12,teste,5293.4849,10154.8141,9747.1681,1.841352,1.918361
2023-04-13,teste,5534.2500,10249.0793,9837.6492,1.777594,1.851936
2023-04-14,teste,8301.5300,10193.5733,9784.3714,1.178623,1.227915
2023-04-15,teste,10044.7451,9602.2778,9216.8123,0.917576,0.955950
2023-04-16,teste,9683.5200,8806.2309,8452.7212,0.872898,0.909404
2023-04-17,teste,9108.2549,9601.2739,9215.8487,1.011813,1.054129
2023-04-18,teste,8785.0400,9947.5568,9548.2307,1.086874,1.132329
2023-04-19,teste,10091.9150,9896.2551,9498.9884,0.941247,0.980612
2023-04-20,teste,14107.6851,10115.9148,9709.8303,0.688265,0.717050
2023-04-21,teste,15914.5801,8742.7625,8391.8006,0.527303,0.549356
2023-04-22,teste,14851.9351,7902.1854,7584.9669,0.510706,0.532064
2023-04-23,teste,10817.0249,7274.2742,6982.2620,0.645488,0.672484
2023-04-24,teste,7728.0898,8921.9648,8563.8092,1.108140,1.154485
2023-04-25,teste,6810.8999,9544.4918,9161.3460,1.345101,1.401355
2023-04-26,teste,7611.8450,9486.6875,9105.8622,1.196275,1.246306
2023-04-27,teste,8563.6152,9541.1883,9158.1751,1.069429,1.114154
2023-04-28,teste,8866.7700,9551.8699,9168.4279,1.034021,1.077266
2023-04-29,teste,9081.2202,9543.6145,9160.5039,1.008731,1.050918
2023-04-30,teste,9702.7700,8574.1945,8229.9994,0.848211,0.883685
2023-05-01,teste,10204.7148,8578.0202,8233.6716,0.806850,0.840594
2023-05-02,teste,9987.4302,9743.1188,9351.9995,0.936377,0.975538
2023-05-03,teste,9018.9751,10136.1440,9729.2475,1.078753,1.123869
2023-05-04,teste,7213.0151,10056.3353,9652.6425,1.338226,1.394193
2023-05-05,teste,6448.7549,9851.8547,9456.3704,1.466387,1.527714
2023-05-06,teste,5797.5249,8949.6618,8590.3943,1.481735,1.543704
2023-05-07,teste,5643.7451,8055.3505,7731.9834,1.370009,1.427306
2023-05-08,teste,5575.7300,10090.1640,9685.1132,1.737013,1.809658
2023-05-09,teste,5727.3301,9972.8949,9572.5517,1.671381,1.741282
2023-05-10,teste,6108.5801,10077.3086,9672.7738,1.583473,1.649697
2023-05-11,teste,6245.3550,10229.3034,9818.6671,1.572155,1.637906
2023-05-12,teste,6300.7949,9845.7257,9450.4874,1.499888,1.562616
2023-05-13,teste,5986.6499,9245.8998,8874.7404,1.482422,1.544420
2023-05-14,teste,5658.3501,8326.5631,7992.3088,1.412480,1.471553
2023-05-15,teste,5599.0000,9087.8407,8723.0263,1.557961,1.623119
2023-05-16,teste,5594.0449,9617.6456,9231.5631,1.650248,1.719265
2023-05-17,teste,5466.9399,9389.1747,9012.2638,1.648502,1.717446
2023-05-18,teste,5214.1602,9452.3129,9072.8674,1.740044,1.812816
2023-05-19,teste,5222.5000,9559.6188,9175.8658,1.756987,1.830468
2023-05-20,teste,5132.3398,8860.8385,8505.1366,1.657166,1.726471
2023-05-21,teste,5076.8901,8034.7958,7712.2539,1.519090,1.582622
2023-05-22,teste,5024.2100,8880.5014,8524.0103,1.696587,1.767542
2023-05-23,teste,5042.1499,9274.2588,8901.9609,1.765509,1.839346
2023-05-24,teste,5180.9150,8636.5807,8289.8813,1.600081,1.666999
2023-05-25,teste,5164.3350,8566.7448,8222.8488,1.592238,1.658828
2023-05-26,teste,5094.5400,7932.4465,7614.0132,1.494544,1.557049
2023-05-27,teste,5016.4951,7919.5876,7601.6705,1.515335,1.578709
2023-05-28,teste,5036.4102,7529.8637,7227.5913,1.435068,1.495085
2023-05-29,teste,5008.2300,8523.1855,8181.0381,1.633519,1.701836
2023-05-30,teste,5086.6602,8687.5202,8338.7760,1.639342,1.707903
2023-05-31,teste,5131.6899,9076.1518,8711.8067,1.697649,1.768648
2023-06-01,teste,5113.2100,9375.4308,8999.0717,1.759965,1.833570
2023-06-02,teste,5122.2900,8251.3986,7920.1616,1.546215,1.610881
2023-06-03,teste,5133.3750,7375.1933,7079.1299,1.379040,1.436714
2023-06-04,teste,5239.9150,6767.0278,6495.3781,1.239596,1.291438
2023-06-05,teste,5018.0200,6828.9352,6554.8004,1.306252,1.360882
2023-06-06,teste,5338.2949,7312.2042,7018.6694,1.314777,1.369764
2023-06-07,teste,5433.4351,7606.9906,7301.6222,1.343832,1.400033
2023-06-08,teste,5144.8101,7612.5324,7306.9415,1.420255,1.479653
2023-06-09,teste,4906.4600,7698.6340,7389.5867,1.506093,1.569081
2023-06-10,teste,4870.5898,7269.8084,6977.9755,1.432676,1.492593
2023-06-11,teste,4899.8398,6561.4558,6298.0584,1.285360,1.339116
2023-06-12,teste,5016.5200,7797.9859,7484.9503,1.492060,1.554461
2023-06-13,teste,5368.9600,9146.4740,8779.3059,1.635197,1.703584
2023-06-14,teste,5855.8101,10250.4423,9838.9574,1.680204,1.750474
2023-06-15,teste,6419.4849,10595.8728,10170.5212,1.584320,1.650580
2023-06-16,teste,7584.1401,10051.5325,9648.0324,1.272133,1.325336
2023-06-17,teste,6374.3398,9339.8156,8964.8862,1.406402,1.465221
2023-06-18,teste,6463.0049,8565.2645,8221.4279,1.272075,1.325276
2023-06-19,teste,5711.2549,9378.4144,9001.9355,1.576175,1.642093
2023-06-20,teste,6003.2900,9769.3962,9377.2220,1.562014,1.627340
2023-06-21,teste,6018.1001,10127.9007,9721.3350,1.615350,1.682907
2023-06-22,teste,6144.5449,10307.7809,9893.9942,1.610208,1.677550
2023-06-23,teste,6046.1899,9972.0869,9571.7761,1.583109,1.649317
2023-06-24,teste,5679.5601,9017.6478,8655.6511,1.524000,1.587737
2023-06-25,teste,5138.2300,7893.6505,7576.7746,1.474588,1.536259
2023-06-26,teste,5009.4600,9598.5186,9213.2040,1.839161,1.916079
2023-06-27,teste,5338.0000,9922.7914,9524.4595,1.784275,1.858897
2023-06-28,teste,5276.3350,10049.8912,9646.4570,1.828250,1.904711
2023-06-29,teste,5177.3599,9633.1235,9246.4197,1.785933,1.860625
2023-06-30,teste,5216.3101,9146.6300,8779.4556,1.683078,1.753467
2023-07-01,teste,4930.8701,8448.3524,8109.2090,1.644580,1.713359
2023-07-02,teste,4862.8101,8059.9547,7736.4029,1.590933,1.657469
2023-07-03,teste,4812.7900,9008.0907,8646.4777,1.796562,1.871698
2023-07-04,teste,4816.4199,8734.8087,8384.1661,1.740746,1.813548
2023-07-05,teste,4854.6299,9081.7933,8717.2217,1.795651,1.870749
2023-07-06,teste,4938.7500,8770.6513,8418.5699,1.704595,1.775885
2023-07-07,teste,5783.6001,8139.8517,7813.0926,1.350905,1.407402
2023-07-08,teste,5779.1050,7418.3966,7120.5989,1.232128,1.283658
2023-07-09,teste,4949.5601,7264.5394,6972.9180,1.408796,1.467714
2023-07-10,teste,4852.6299,7978.4764,7658.1953,1.578154,1.644155
2023-07-11,teste,5060.5400,9159.7456,8792.0447,1.737373,1.810033
2023-07-12,teste,5007.5901,9079.4974,8715.0179,1.740362,1.813147
2023-07-13,teste,4938.1050,8917.1710,8559.2078,1.733298,1.805788
2023-07-14,teste,5310.6250,8328.6906,7994.3508,1.505350,1.568307
2023-07-15,teste,5265.2700,7409.7837,7112.3318,1.350801,1.407294
2023-07-16,teste,4957.0500,6666.4785,6398.8652,1.290862,1.344848
2023-07-17,teste,4868.7100,7808.0572,7494.6173,1.539344,1.603722
2023-07-18,teste,4911.9800,8692.9214,8343.9603,1.698696,1.769739
2023-07-19,teste,4990.3301,8750.7004,8399.4199,1.683139,1.753531
2023-07-20,teste,4956.8999,8535.5447,8192.9012,1.652828,1.721952
2023-07-21,teste,4981.2749,8111.7460,7786.1151,1.563077,1.628448
2023-07-22,teste,4976.8398,7306.8548,7013.5348,1.409235,1.468172
2023-07-23,teste,4959.7900,6929.5493,6651.3755,1.341060,1.397146
2023-07-24,teste,4926.4600,8259.3049,7927.7505,1.609218,1.676519
2023-07-25,teste,5065.3350,9077.1912,8712.8043,1.720085,1.792022
2023-07-26,teste,5119.8398,9277.4781,8905.0510,1.739322,1.812064
2023-07-27,teste,5162.1899,9247.0188,8875.8145,1.719389,1.791298
2023-07-28,teste,5202.6250,8706.2432,8356.7474,1.606256,1.673433
2023-07-29,teste,5075.2700,7990.1348,7669.3857,1.511129,1.574327
2023-07-30,teste,4972.7300,7316.2437,7022.5467,1.412212,1.471273
2023-07-31,teste,4931.3101,8136.5352,7809.9092,1.583739,1.649974
2023-08-01,teste,5128.6201,8995.1267,8634.0342,1.683500,1.753908
2023-08-02,teste,5223.8501,9308.8842,8935.1964,1.710462,1.781997
2023-08-03,teste,5335.1899,9276.8670,8904.4645,1.669006,1.738807
2023-08-04,teste,5165.0801,8818.3068,8464.3124,1.638757,1.707293
2023-08-05,teste,5243.9600,8093.2046,7768.3180,1.481384,1.543338
2023-08-06,teste,5106.7900,7419.8459,7121.9900,1.394612,1.452937
2023-08-07,teste,5012.2100,8292.3129,7959.4335,1.588009,1.654422
2023-08-08,teste,5251.7651,9100.1469,8734.8385,1.663220,1.732779
2023-08-09,teste,5495.6201,8536.5682,8193.8836,1.490984,1.553340
2023-08-10,teste,5654.6650,8896.3744,8539.2461,1.510124,1.573281
2023-08-11,teste,5796.0649,8890.9604,8534.0494,1.472387,1.533965
2023-08-12,teste,5861.4800,7975.0143,7654.8722,1.305962,1.360580
2023-08-13,teste,5641.7900,7199.9588,6910.9299,1.224953,1.276183
2023-08-14,teste,5218.3101,7766.1022,7454.3465,1.428498,1.488241
2023-08-15,teste,5927.3398,8538.3904,8195.6327,1.382683,1.440510
2023-08-16,teste,5730.4150,8810.2248,8456.5548,1.475732,1.537450
2023-08-17,teste,5678.2651,9458.2725,9078.5878,1.598831,1.665698
2023-08-18,teste,5636.7251,8842.0310,8487.0842,1.505676,1.568647
2023-08-19,teste,5576.2349,8759.5389,8407.9036,1.507810,1.570870
2023-08-20,teste,5390.0898,8519.0176,8177.0375,1.517050,1.580496
2023-08-21,teste,5255.3350,9463.7405,9083.8363,1.728498,1.800787
2023-08-22,teste,6108.8950,10279.1832,9866.5446,1.615111,1.682658
2023-08-23,teste,6160.7349,10919.4676,10481.1259,1.701279,1.772429
2023-08-24,teste,6835.7651,10693.4720,10264.2025,1.501544,1.564342
2023-08-25,teste,6932.1602,9749.3350,9357.9661,1.349935,1.406392
2023-08-26,teste,6427.9102,8741.0710,8390.1770,1.305273,1.359862
2023-08-27,teste,5599.4600,8347.7077,8012.6046,1.430960,1.490806
2023-08-28,teste,5803.3701,9439.5938,9060.6589,1.561275,1.626571
2023-08-29,teste,6371.2900,9580.4986,9195.9073,1.443335,1.503698
2023-08-30,teste,5859.4800,9692.2905,9303.2115,1.587720,1.654121
2023-08-31,teste,5960.3550,9924.0950,9525.7107,1.598178,1.665017
2023-09-01,teste,5872.0601,9525.6077,9143.2200,1.557072,1.622192
2023-09-02,teste,5733.0850,8712.9169,8363.1531,1.458753,1.519761
2023-09-03,teste,5384.1650,8418.8549,8080.8957,1.500863,1.563632
2023-09-04,teste,5229.6851,9232.3929,8861.7757,1.694514,1.765382
2023-09-05,teste,6079.5400,9139.4803,8772.5929,1.442970,1.503318
2023-09-06,teste,5813.6099,8729.2493,8378.8299,1.441244,1.501520
2023-09-07,teste,5424.8950,8448.8955,8109.7303,1.494910,1.557430
2023-09-08,teste,5322.1250,8638.5022,8291.7257,1.557973,1.623130
2023-09-09,teste,5929.6450,8491.2195,8150.3553,1.374510,1.431995
2023-09-10,teste,5529.0649,7897.6536,7580.6170,1.371049,1.428389
2023-09-11,teste,5363.2500,8995.7866,8634.6675,1.609969,1.677301
2023-09-12,teste,6107.3101,9005.5257,8644.0157,1.415356,1.474549
2023-09-13,teste,6216.2051,9309.2525,8935.5500,1.437461,1.497578
2023-09-14,teste,6206.6602,9617.6961,9231.6117,1.487372,1.549577
2023-09-15,teste,5871.8599,8748.7813,8397.5778,1.430139,1.489951
2023-09-16,teste,5792.9199,8464.2140,8124.4339,1.402476,1.461131
2023-09-17,teste,5478.8398,8484.7112,8144.1083,1.486466,1.548633
2023-09-18,teste,5333.4849,9692.6403,9303.5474,1.744366,1.817318
2023-09-19,teste,6341.6001,9405.5680,9027.9991,1.423615,1.483154
2023-09-20,teste,6546.0801,10056.8390,9653.1260,1.474642,1.536315
2023-09-21,teste,6607.9951,10549.3590,10125.8747,1.532367,1.596454
2023-09-22,teste,6444.8799,10563.0468,10139.0130,1.573189,1.638983
2023-09-23,teste,6061.5349,10253.4112,9841.8071,1.623649,1.691554
2023-09-24,teste,5637.2400,10279.0205,9866.3884,1.750216,1.823414
2023-09-25,teste,5671.8401,11368.2921,10911.9333,1.923879,2.004339
2023-09-26,teste,6585.1499,11152.5340,10704.8363,1.625603,1.693588
2023-09-27,teste,6790.0850,10920.4279,10482.0477,1.543729,1.608290
2023-09-28,teste,6564.5801,10876.3295,10439.7195,1.590310,1.656820
2023-09-29,teste,6344.3000,10240.0375,9828.9703,1.549260,1.614053
2023-09-30,teste,6098.8301,9411.8071,9033.9877,1.481266,1.543215
2023-10-01,teste,5889.5249,9889.5329,9492.5361,1.611766,1.679173
2023-10-02,teste,5259.6401,10688.2269,10259.1680,1.950546,2.032121
2023-10-03,teste,6587.1299,10483.8057,10062.9529,1.527669,1.591559
2023-10-04,teste,6970.3401,9760.1975,9368.3925,1.344037,1.400247
2023-10-05,teste,7097.2400,9005.3855,8643.8811,1.217921,1.268857
2023-10-06,teste,7295.0750,9516.5113,9134.4887,1.252145,1.304512
2023-10-07,teste,6717.7651,8655.0721,8307.6304,1.236666,1.288386
2023-10-08,teste,6184.5901,8147.9343,7820.8507,1.264571,1.317457
2023-10-09,teste,6038.5898,9053.1845,8689.7613,1.439038,1.499222
2023-10-10,teste,6941.0801,9429.8880,9051.3427,1.304025,1.358562
2023-10-11,teste,6714.8049,9215.9057,8845.9504,1.317380,1.372476
2023-10-12,teste,6256.1550,8780.1110,8427.6499,1.347097,1.403436
2023-10-13,teste,5644.8901,8946.4862,8587.3463,1.521260,1.584882
2023-10-14,teste,5756.7900,8299.4213,7966.2566,1.383802,1.441675
2023-10-15,teste,5139.4299,8461.8850,8122.1985,1.580370,1.646464
2023-10-16,teste,5091.1050,9140.3154,8773.3945,1.723279,1.795350
2023-10-17,teste,5768.9600,9739.9108,9348.9203,1.620556,1.688330
2023-10-18,teste,5816.5049,9771.4786,9379.2208,1.612518,1.679957
2023-10-19,teste,6102.4150,9711.3169,9321.4742,1.527506,1.591389
2023-10-20,teste,6134.9102,9084.1485,8719.4823,1.421289,1.480730
2023-10-21,teste,5479.8901,8552.4896,8209.1659,1.498053,1.560705
2023-10-22,teste,5201.3450,8651.1669,8303.8819,1.596487,1.663256
2023-10-23,teste,5185.5200,9811.9448,9418.0626,1.816223,1.892181
2023-10-24,teste,6058.6250,9716.3193,9326.2757,1.539339,1.603717
2023-10-25,teste,6396.4099,9454.2350,9074.7124,1.418720,1.478053
2023-10-26,teste,6290.3101,9793.2870,9400.1537,1.494386,1.556885
2023-10-27,teste,6955.9399,9415.3692,9037.4068,1.299236,1.353573
2023-10-28,teste,6951.6001,8819.2472,8465.2150,1.217736,1.268664
2023-10-29,teste,6745.4250,9538.4202,9155.5181,1.357293,1.414058
2023-10-30,teste,6777.8901,9550.3319,9166.9517,1.352479,1.409042
2023-10-31,teste,7188.9399,10069.4823,9665.2618,1.344463,1.400691
2023-11-01,teste,7599.9050,10833.2521,10398.3714,1.368224,1.425446
2023-11-02,teste,7760.5500,10647.8103,10220.3738,1.316965,1.372043
2023-11-03,teste,8875.3398,10619.2921,10193.0004,1.148463,1.196494
2023-11-04,teste,9443.7100,10300.0680,9886.5910,1.046897,1.090680
2023-11-05,teste,8808.5752,9529.6312,9147.0819,1.038429,1.081858
2023-11-06,teste,8086.8350,10525.3861,10102.8641,1.249298,1.301546
2023-11-07,teste,8364.5950,10446.6880,10027.3252,1.198782,1.248917
2023-11-08,teste,7817.7500,11219.6066,10769.2164,1.377534,1.435145
2023-11-09,teste,7279.3398,11486.8476,11025.7296,1.514661,1.578007
2023-11-10,teste,7434.9900,11017.9663,10575.6706,1.422419,1.481907
2023-11-11,teste,7563.2900,11509.3594,11047.3376,1.460652,1.521740
2023-11-12,teste,7271.1899,11193.0384,10743.7147,1.477573,1.539368
2023-11-13,teste,8481.7500,11636.1300,11169.0193,1.316830,1.371902
2023-11-14,teste,8496.1899,11485.9677,11024.8849,1.297627,1.351896
2023-11-15,teste,7755.3799,10765.9444,10333.7657,1.332464,1.388190
2023-11-16,teste,8129.1799,11702.4130,11232.6414,1.381768,1.439556
2023-11-17,teste,7878.1001,11685.2008,11216.1202,1.423709,1.483251
2023-11-18,teste,8008.4651,10910.3668,10472.3905,1.307665,1.362354
2023-11-19,teste,7335.4951,11156.8472,10708.9764,1.459885,1.520940
2023-11-20,teste,6784.8398,11911.0017,11432.8568,1.685059,1.755532
2023-11-21,teste,7379.9900,11525.3198,11062.6573,1.499007,1.561699
2023-11-22,teste,7363.9150,12302.3713,11808.5156,1.603565,1.670629
2023-11-23,teste,7380.0400,11703.9340,11234.1014,1.522228,1.585890
2023-11-24,teste,7698.8950,11395.4138,10937.9662,1.420719,1.480136
2023-11-25,teste,7618.8750,10335.3677,9920.4737,1.302092,1.356548
2023-11-26,teste,6395.8599,9433.5195,9054.8285,1.415733,1.474942
2023-11-27,teste,6307.8501,10083.0215,9678.2574,1.534320,1.598488
2023-11-28,teste,7564.6602,10914.3100,10476.1754,1.384884,1.442802
2023-11-29,teste,7855.3350,11455.9255,10996.0487,1.399819,1.458362
2023-11-30,teste,7754.0100,11883.1192,11406.0936,1.470993,1.532513
2023-12-01,teste,7667.5901,12052.3554,11568.5361,1.508758,1.571857
2023-12-02,teste,7560.9050,12005.6194,11523.6762,1.524113,1.587855
2023-12-03,teste,6696.6050,11063.6011,10619.4735,1.585800,1.652121
2023-12-04,teste,7198.6150,12171.5145,11682.9118,1.622939,1.690813
2023-12-05,teste,6588.5049,12394.2215,11896.6786,1.805672,1.881189
2023-12-06,teste,6362.2451,12123.8068,11637.1192,1.829090,1.905586
2023-12-07,teste,7186.5750,12163.1978,11674.9289,1.624547,1.692489
2023-12-08,teste,7383.0750,11559.6799,11095.6381,1.502848,1.565700
2023-12-09,teste,6795.6299,11214.8174,10764.6195,1.584050,1.650298
2023-12-10,teste,6077.4600,10293.4175,9880.2074,1.625713,1.693704
2023-12-11,teste,6538.0449,11011.9225,10569.8694,1.616671,1.684284
2023-12-12,teste,7335.2451,11219.1246,10768.7538,1.468084,1.529482
2023-12-13,teste,6870.5400,11823.6200,11348.9829,1.651833,1.720916
2023-12-14,teste,6463.6350,12672.8401,12164.1126,1.881931,1.960637
2023-12-15,teste,7022.4250,12500.1663,11998.3705,1.708579,1.780036
2023-12-16,teste,6922.6201,11692.6162,11223.2380,1.621241,1.689045
2023-12-17,teste,6386.0801,11620.2218,11153.7497,1.746572,1.819617
2023-12-18,teste,6660.5100,13275.2141,12742.3054,1.913113,1.993123
2023-12-19,teste,6746.2900,12719.0525,12208.4698,1.809657,1.885340
2023-12-20,teste,6832.8701,12042.3633,11558.9451,1.691668,1.762417
2023-12-21,teste,6431.0801,11927.7311,11448.9146,1.780248,1.854701
2023-12-22,teste,6608.2349,11204.5956,10754.8080,1.627486,1.695550
2023-12-23,teste,6288.4700,10518.7007,10096.4471,1.605549,1.672696
2023-12-24,teste,6713.3350,9722.2620,9331.9800,1.390066,1.448202
2023-12-25,teste,5609.8701,9117.5235,8751.5175,1.560021,1.625265
2023-12-26,teste,5993.1201,9713.2107,9323.2920,1.555666,1.620727
2023-12-27,teste,5969.3950,10039.8951,9636.8623,1.614378,1.681895
2023-12-28,teste,5445.9199,10409.6909,9991.8133,1.834734,1.911466
2023-12-29,teste,5456.3250,10074.0553,9669.6512,1.772191,1.846308
2023-12-30,teste,5787.8201,9668.5159,9280.3913,1.603435,1.670494
2023-12-31,teste,5445.8599,9347.5401,8972.3006,1.647545,1.716449
2024-01-01,teste,5377.6851,9367.7370,8991.6867,1.672037,1.741965
2024-01-02,teste,5785.1250,10436.4269,10017.4760,1.731592,1.804011
2024-01-03,teste,6174.2349,10756.3487,10324.5551,1.672200,1.742135
2024-01-04,teste,5944.7051,10839.7606,10404.6187,1.750233,1.823431
2024-01-05,teste,6248.3950,10405.9813,9988.2526,1.598531,1.665385
2024-01-06,teste,6141.5701,10347.5205,9932.1386,1.617199,1.684833
2024-01-07,teste,6169.8899,10216.8939,9806.7557,1.589454,1.655928
2024-01-08,teste,6477.5100,11247.2130,10795.7147,1.666646,1.736348
2024-01-09,teste,6995.8601,11251.5619,10799.8890,1.543754,1.608317
2024-01-10,teste,6553.9399,10862.9650,10426.8916,1.590935,1.657471
2024-01-11,teste,7724.6450,10285.0318,9872.1584,1.278008,1.331457
2024-01-12,teste,7427.5200,10189.0236,9780.0042,1.316725,1.371793
2024-01-13,teste,6583.6250,9690.2811,9301.2828,1.412790,1.471876
2024-01-14,teste,6893.0400,9867.1589,9471.0602,1.374003,1.431467
2024-01-15,teste,6938.8350,10797.6733,10364.2209,1.493654,1.556122
2024-01-16,teste,7603.1050,10849.1202,10413.6025,1.369651,1.426933
2024-01-17,teste,7183.2700,10797.4685,10364.0242,1.442800,1.503141
2024-01-18,teste,7128.8950,10858.4463,10422.5542,1.462015,1.523160
2024-01-19,teste,7225.2900,10835.3354,10400.3711,1.439440,1.499640
2024-01-20,teste,7810.7700,10596.9310,10171.5370,1.302245,1.356708
2024-01-21,teste,7130.1450,10219.9045,9809.6455,1.375799,1.433338
2024-01-22,teste,6845.7700,10966.2191,10526.0007,1.537592,1.601897
2024-01-23,teste,7452.5601,10620.0033,10193.6831,1.367810,1.425014
2024-01-24,teste,7085.8550,10447.4953,10028.1001,1.415228,1.474416
2024-01-25,teste,6847.9099,10227.4702,9816.9075,1.433563,1.493517
2024-01-26,teste,6636.1250,9676.4821,9288.0378,1.399618,1.458152
2024-01-27,teste,6498.8101,8922.9501,8564.7549,1.317896,1.373013
2024-01-28,teste,5819.3750,8098.0405,7772.9598,1.335704,1.391565
2024-01-29,teste,5729.1201,8800.4552,8447.1773,1.474428,1.536092
2024-01-30,teste,5943.9150,9335.5158,8960.7589,1.507552,1.570600
2024-01-31,teste,7093.0200,9662.2675,9274.3938,1.307538,1.362222
2024-02-01,teste,7090.0400,9684.4750,9295.7098,1.311094,1.365927
2024-02-02,teste,6088.7900,9390.7547,9013.7804,1.480389,1.542302
2024-02-03,teste,5346.0400,8837.6540,8482.8829,1.586760,1.653122
2024-02-04,teste,5080.4800,8303.4938,7970.1655,1.568782,1.634392
2024-02-05,teste,4985.7500,8561.9393,8218.2363,1.648345,1.717282
2024-02-06,teste,5337.8750,9068.7354,8704.6880,1.630740,1.698941
2024-02-07,teste,5148.1899,9005.5844,8644.0720,1.679051,1.749272
2024-02-08,teste,5373.9399,9197.2381,8828.0322,1.642749,1.711452
2024-02-09,teste,6572.9150,8328.8469,7994.5009,1.216279,1.267147
2024-02-10,teste,5567.6450,7717.3350,7407.5369,1.330461,1.386104
2024-02-11,teste,5170.4800,7354.3237,7059.0981,1.365269,1.422368
2024-02-12,teste,4988.0601,7606.8037,7301.4428,1.463784,1.525002
2024-02-13,teste,4973.3350,7780.2825,7467.9575,1.501600,1.564399
2024-02-14,teste,5123.3350,7828.4393,7514.1812,1.466658,1.527997
2024-02-15,teste,5475.9399,7487.2061,7186.6462,1.312404,1.367291
2024-02-16,teste,5699.1899,7718.2468,7408.4122,1.299906,1.354271
2024-02-17,teste,7290.0200,7359.1568,7063.7372,0.968960,1.009484
2024-02-18,teste,7103.7500,7157.0464,6869.7401,0.967058,1.007503
2024-02-19,teste,7013.5200,8107.4557,7781.9970,1.109571,1.155975
2024-02-20,teste,7059.8350,8394.6204,8057.6340,1.141335,1.189068
2024-02-21,teste,6666.1899,8803.2340,8449.8446,1.267567,1.320580
2024-02-22,teste,6089.1250,9074.6118,8710.3285,1.430473,1.490298
2024-02-23,teste,5982.0601,8291.9561,7959.0910,1.330493,1.386137
2024-02-24,teste,5556.4800,7323.5617,7029.5710,1.265112,1.318022
2024-02-25,teste,5240.4150,7141.8800,6855.1826,1.308137,1.362846
2024-02-26,teste,5050.1250,7860.7159,7545.1621,1.494055,1.556539
2024-02-27,teste,5130.0850,8637.6864,8290.9426,1.616141,1.683732
2024-02-28,teste,5447.4600,8568.5221,8224.5548,1.509796,1.572939
2024-02-29,teste,6032.9800,8942.3411,8583.3675,1.422741,1.482243
2024-03-01,teste,5820.3101,9010.5626,8648.8504,1.485978,1.548124
2024-03-02,teste,6063.0200,8603.3877,8258.0207,1.362031,1.418994
2024-03-03,teste,5622.2900,8322.0447,7987.9718,1.420768,1.480188
2024-03-04,teste,5046.0601,8710.0097,8360.3627,1.656810,1.726101
2024-03-05,teste,5732.4150,8720.2966,8370.2366,1.460159,1.521226
2024-03-06,teste,5577.6250,8271.7054,7939.6532,1.423483,1.483016
2024-03-07,teste,5290.7500,8560.3129,8216.6751,1.553027,1.617977
2024-03-08,teste,5105.6899,8001.4279,7680.2255,1.504248,1.567159
2024-03-09,teste,4954.1250,7441.9416,7143.1988,1.441869,1.502171
2024-03-10,teste,4983.8101,7268.4912,6976.7112,1.399875,1.458421
2024-03-11,teste,5442.0000,7557.3735,7253.9968,1.332965,1.388713
2024-03-12,teste,5403.3750,7422.3527,7124.3962,1.318509,1.373651
2024-03-13,teste,5279.7300,7696.9342,7387.9551,1.399305,1.457827
2024-03-14,teste,5304.7700,7821.7224,7507.7340,1.415280,1.474470
2024-03-15,teste,5300.2500,7585.4775,7280.9727,1.373704,1.431155
2024-03-16,teste,5500.8101,7186.8978,6898.3932,1.254069,1.306516
2024-03-17,teste,5379.8550,6888.9971,6612.4512,1.229113,1.280517
2024-03-18,teste,5079.3101,7283.8087,6991.4138,1.376449,1.434015
2024-03-19,teste,5338.2300,7659.6658,7352.1828,1.377270,1.434870
2024-03-20,teste,5478.6799,7495.5440,7194.6494,1.313209,1.368130
2024-03-21,teste,5667.5400,6901.2994,6624.2596,1.168807,1.217689
2024-03-22,teste,5428.0850,6866.5848,6590.9386,1.214229,1.265011
2024-03-23,teste,5271.3350,6487.7186,6227.2813,1.181348,1.230754
2024-03-24,teste,4872.3101,6105.9614,5860.8490,1.202889,1.253196
2024-03-25,teste,4840.4150,7017.8974,6736.1770,1.391653,1.449854
2024-03-26,teste,4880.8350,7533.0219,7230.6228,1.481432,1.543388
2024-03-27,teste,4971.7900,7260.9182,6969.4422,1.401797,1.460423
2024-03-28,teste,5008.4800,6779.5619,6507.4090,1.299278,1.353617
2024-03-29,teste,4856.7300,6568.3605,6304.6859,1.298134,1.352424
2024-03-30,teste,4829.7300,6854.1285,6578.9823,1.362184,1.419154
2024-03-31,teste,4746.1650,6620.6170,6354.8447,1.338943,1.394940
2024-04-01,teste,4635.4150,7094.0046,6809.2290,1.468958,1.530393
2024-04-02,teste,4546.8550,6950.1573,6671.1562,1.467202,1.528564
2024-04-03,teste,4726.0200,6957.8605,6678.5501,1.413145,1.472245
2024-04-04,teste,4925.0200,6674.3977,6406.4665,1.300800,1.355202
2024-04-05,teste,4895.0400,6608.6863,6343.3929,1.295882,1.350078
2024-04-06,teste,4493.4800,6417.0806,6159.4789,1.370759,1.428087
2024-04-07,teste,4659.8750,5333.7010,5119.5896,1.098654,1.144602
2024-04-08,teste,4203.2000,5672.7323,5445.0110,1.295444,1.349622
2024-04-09,teste,4170.6000,6766.1348,6494.5209,1.557215,1.622341
2024-04-10,teste,4296.5400,7673.4226,7365.3874,1.714260,1.785954
2024-04-11,teste,4696.9800,7085.3928,6800.9629,1.447944,1.508500
2024-04-12,teste,4629.9399,6131.7381,5885.5909,1.271202,1.324367
2024-04-13,teste,4346.6450,5721.9612,5492.2637,1.263564,1.316409
2024-04-14,teste,4179.3700,5366.5230,5151.0939,1.232505,1.284051
2024-04-15,teste,4180.1500,5467.3467,5247.8703,1.255426,1.307931
2024-04-16,teste,4289.4100,5380.0998,5164.1257,1.203924,1.254275
2024-04-17,teste,6055.0601,5998.9511,5758.1344,0.950962,0.990734
2024-04-18,teste,6180.9250,6840.2183,6565.6305,1.062241,1.106666
2024-04-19,teste,5963.8550,7024.2335,6742.2587,1.130520,1.177801
2024-04-20,teste,5361.1899,6868.5364,6592.8118,1.229729,1.281159
2024-04-21,teste,5148.5850,6724.2387,6454.3067,1.253608,1.306036
2024-04-22,teste,4850.0200,7893.7880,7576.9066,1.562242,1.627578
2024-04-23,teste,5041.3550,8431.6070,8093.1359,1.605349,1.672488
2024-04-24,teste,4769.6899,8253.6053,7922.2797,1.660963,1.730428
2024-04-25,teste,4725.7700,8570.2343,8226.1982,1.740711,1.813511
2024-04-26,teste,4859.8950,8076.7364,7752.5109,1.595201,1.661916
2024-04-27,teste,4335.9399,7485.4780,7184.9874,1.657077,1.726380
2024-04-28,teste,4250.5200,7535.3150,7232.8239,1.701633,1.772798
2024-04-29,teste,4276.3101,7891.9776,7575.1689,1.771426,1.845511
2024-04-30,teste,4280.1050,8010.2752,7688.7176,1.796385,1.871514
2024-05-01,teste,4282.1050,7439.4271,7140.7852,1.667588,1.737329
2024-05-02,teste,4288.6250,7301.9770,7008.8527,1.634289,1.702638
2024-05-03,teste,4247.0400,6540.1457,6277.6038,1.478113,1.539930
2024-05-04,teste,4255.8350,5968.6382,5729.0383,1.346161,1.402460
2024-05-05,teste,4210.1450,5484.5628,5264.3953,1.250407,1.302702
2024-05-06,teste,4211.8750,6042.1474,5799.5967,1.376963,1.434551
2024-05-07,teste,4235.7300,6263.8877,6012.4356,1.419457,1.478821
2024-05-08,teste,4251.5601,6518.0965,6256.4396,1.471563,1.533107
2024-05-09,teste,4252.9800,6166.5826,5919.0366,1.391739,1.449944
2024-05-10,teste,4207.2700,5991.0016,5750.5040,1.366802,1.423964
2024-05-11,teste,4220.2500,5997.0211,5756.2819,1.363967,1.421011
2024-05-12,teste,4216.5850,5393.0145,5176.5220,1.227657,1.279001
2024-05-13,teste,4269.3101,5745.8671,5515.2100,1.291827,1.345854
2024-05-14,teste,4257.0200,5693.4257,5464.8738,1.283732,1.337420
2024-05-15,teste,4046.8700,5793.0210,5560.4709,1.374018,1.431482
2024-05-16,teste,4002.8300,5851.2592,5616.3713,1.403100,1.461781
2024-05-17,teste,3976.1050,5863.9145,5628.5186,1.415586,1.474789
2024-05-18,teste,3967.2200,5780.4375,5548.3927,1.398559,1.457050
2024-05-19,teste,4024.1901,5518.7928,5297.2511,1.316352,1.371405
2024-05-20,teste,4038.9150,5950.1640,5711.3058,1.414069,1.473209
2024-05-21,teste,4022.8550,5986.6308,5746.3086,1.428416,1.488155
2024-05-22,teste,4023.5850,6288.5042,6036.0639,1.500171,1.562911
2024-05-23,teste,4031.8101,6472.3923,6212.5702,1.540889,1.605332
2024-05-24,teste,4110.9399,6095.0466,5850.3724,1.423123,1.482641
2024-05-25,teste,4138.7700,5534.2567,5312.0943,1.283496,1.337174
2024-05-26,teste,4093.5601,5139.5568,4933.2389,1.205122,1.255523
2024-05-27,teste,4100.5150,5624.5438,5398.7570,1.316605,1.371668
2024-05-28,teste,4124.5649,6096.3645,5851.6373,1.418728,1.478062
2024-05-29,teste,4080.7900,6272.9064,6021.0923,1.475472,1.537179
2024-05-30,teste,4062.3750,5532.9820,5310.8708,1.307332,1.362007
2024-05-31,teste,4038.2500,5512.3231,5291.0412,1.310231,1.365028
2024-06-01,teste,3940.2100,5461.4623,5242.2220,1.330442,1.386084
2024-06-02,teste,3932.7800,5208.0021,4998.9366,1.271095,1.324255
2024-06-03,teste,3955.9700,6041.0645,5798.5572,1.465774,1.527075
2024-06-04,teste,4022.2900,7064.1147,6780.5390,1.685741,1.756242
2024-06-05,teste,3997.3101,7177.9768,6889.8303,1.723617,1.795702
2024-06-06,teste,3992.6650,7376.0726,7079.9740,1.773245,1.847406
2024-06-07,teste,3979.7700,6851.0015,6575.9808,1.652352,1.721457
2024-06-08,teste,3999.5000,6262.1890,6010.8051,1.502889,1.565743
2024-06-09,teste,4034.2700,5425.3391,5207.5490,1.290828,1.344813
2024-06-10,teste,4040.1450,6084.2899,5840.0474,1.445504,1.505958
2024-06-11,teste,3993.8950,6792.1695,6519.5105,1.632369,1.700638
2024-06-12,teste,3954.5000,7352.0723,7056.9371,1.784533,1.859166
2024-06-13,teste,3947.2300,6933.9783,6655.6267,1.686151,1.756669
2024-06-14,teste,4066.6450,6793.6572,6520.9385,1.603518,1.670580
2024-06-15,teste,4038.3000,6492.2349,6231.6163,1.543129,1.607665
2024-06-16,teste,4029.1650,5855.2531,5620.2049,1.394881,1.453217
2024-06-17,teste,4005.4150,6763.9353,6492.4097,1.620908,1.688698
2024-06-18,teste,4020.1899,6855.3807,6580.1842,1.636784,1.705238
2024-06-19,teste,4051.7900,7079.0449,6794.8698,1.677004,1.747140
2024-06-20,teste,4037.8950,7079.4348,6795.2441,1.682868,1.753249
2024-06-21,teste,3982.5601,6647.8244,6380.9599,1.602226,1.669234
2024-06-22,teste,3981.1250,6071.3412,5827.6185,1.463812,1.525032
2024-06-23,teste,3994.5200,5793.1151,5560.5613,1.392047,1.450266
2024-06-24,teste,3974.3999,6221.8875,5972.1214,1.502647,1.565491
2024-06-25,teste,3867.4800,6448.3627,6189.5052,1.600397,1.667329
2024-06-26,teste,3913.8950,6133.0690,5886.8684,1.504095,1.566999
2024-06-27,teste,4015.5601,5777.4340,5545.5097,1.381005,1.438762
2024-06-28,teste,3870.1599,5592.5965,5368.0921,1.387047,1.445056
2024-06-29,teste,3916.5200,5751.1106,5520.2430,1.409477,1.468424
2024-06-30,teste,4055.8950,5455.6108,5236.6055,1.291110,1.345107
2024-07-01,teste,3962.0200,6159.5013,5912.2396,1.492229,1.554637
2024-07-02,teste,3955.1450,6105.4596,5860.3673,1.481707,1.543675
2024-07-03,teste,3961.2900,6208.0208,5958.8114,1.504260,1.567171
2024-07-04,teste,3970.2700,6252.9445,6001.9318,1.511719,1.574942
2024-07-05,teste,3872.4800,6242.8771,5992.2685,1.547398,1.612113
2024-07-06,teste,3880.7100,6253.8284,6002.7801,1.546825,1.611517
2024-07-07,teste,3872.7900,6010.2406,5768.9707,1.489616,1.551915
2024-07-08,teste,3938.7500,6184.7809,5936.5044,1.507205,1.570240
2024-07-09,teste,4060.2700,6425.2028,6167.2750,1.518932,1.582457
2024-07-10,teste,4095.1450,6496.2477,6235.4680,1.522649,1.586329
2024-07-11,teste,4141.8350,6570.3353,6306.5814,1.522654,1.586334
2024-07-12,teste,4033.9800,6631.7033,6365.4860,1.577967,1.643960
2024-07-13,teste,4125.2300,6333.6932,6079.4389,1.473721,1.535355
2024-07-14,teste,4029.1899,6335.4771,6081.1512,1.509274,1.572395
2024-07-15,teste,3991.6250,6572.6530,6308.8062,1.580511,1.646611
2024-07-16,teste,3889.9800,6782.4192,6510.1516,1.673569,1.743561
2024-07-17,teste,3882.7900,6697.3238,6428.4723,1.655632,1.724874
2024-07-18,teste,3915.2300,6817.5593,6543.8811,1.671391,1.741292
2024-07-19,teste,3935.3950,6720.4532,6450.6732,1.639142,1.707695
2024-07-20,teste,3905.1450,6277.6210,6025.6177,1.542995,1.607526
2024-07-21,teste,3905.1250,5787.0545,5554.7440,1.422424,1.481913
2024-07-22,teste,3881.7100,6055.3750,5812.2933,1.497354,1.559976
2024-07-23,teste,3881.7900,5945.5788,5706.9046,1.470173,1.531659
2024-07-24,teste,3869.9399,5962.8318,5723.4650,1.478954,1.540807
2024-07-25,teste,3925.0400,6305.8068,6052.6720,1.542066,1.606559
2024-07-26,teste,3910.4800,6298.4431,6045.6039,1.546000,1.610657
2024-07-27,teste,3904.3550,5964.4737,5725.0410,1.466322,1.527646
2024-07-28,teste,3903.2500,5814.1568,5580.7583,1.429772,1.489568
2024-07-29,teste,3927.1450,6621.1881,6355.3928,1.618324,1.686005
2024-07-30,teste,3872.8550,6478.8035,6218.7240,1.605721,1.672875
2024-07-31,teste,3853.6650,6091.7100,5847.1696,1.517301,1.580758
2024-08-01,teste,3830.5850,6115.4350,5869.9423,1.532388,1.596476
2024-08-02,teste,3812.9600,6236.9815,5986.6095,1.570069,1.635732
2024-08-03,teste,3913.3350,6169.4471,5921.7861,1.513233,1.576519
2024-08-04,teste,3878.8101,6218.0681,5968.4554,1.538734,1.603087
2024-08-05,teste,3884.6450,6553.5757,6290.4946,1.619323,1.687046
2024-08-06,teste,3856.9399,6665.8094,6398.2229,1.658886,1.728264
2024-08-07,teste,3875.6250,6682.7938,6414.5255,1.655094,1.724314
2024-08-08,teste,3911.6650,6736.9255,6466.4842,1.653128,1.722265
2024-08-09,teste,3978.3750,6438.3287,6179.8740,1.553366,1.618331
2024-08-10,teste,3918.1450,5847.3326,5612.6024,1.432464,1.492373
2024-08-11,teste,3904.0200,5873.1270,5637.3613,1.443989,1.504379
2024-08-12,teste,4525.0601,6172.8286,5925.0319,1.309382,1.364143
2024-08-13,teste,5243.1650,6482.6339,6222.4007,1.186764,1.236397
2024-08-14,teste,5074.2500,6477.6143,6217.5826,1.225321,1.276566
2024-08-15,teste,5060.7300,6637.5719,6371.1190,1.258933,1.311584
2024-08-16,teste,5057.5601,6762.3374,6490.8760,1.283401,1.337075
2024-08-17,teste,5024.4399,6469.3350,6209.6356,1.235886,1.287573
2024-08-18,teste,5055.2900,6354.5973,6099.5038,1.206559,1.257019
2024-08-19,teste,5282.0200,6980.4262,6700.2100,1.268494,1.321545
2024-08-20,teste,5306.3101,6970.6250,6690.8023,1.260914,1.313648
2024-08-21,teste,5121.8950,6991.8519,6711.1770,1.310292,1.365091
2024-08-22,teste,5183.7300,6917.4046,6639.7183,1.280877,1.334445
2024-08-23,teste,5310.0850,6724.2599,6454.3271,1.215485,1.266319
2024-08-24,teste,4931.5400,6447.5999,6188.7731,1.254937,1.307421
2024-08-25,teste,4612.9800,5634.8603,5408.6594,1.172487,1.221523
2024-08-26,teste,4729.7900,6281.8342,6029.6617,1.274826,1.328142
2024-08-27,teste,4937.4600,6426.0303,6168.0693,1.249239,1.301485
2024-08-28,teste,5040.8350,6637.2623,6370.8218,1.263843,1.316699
2024-08-29,teste,4975.0200,6668.9308,6401.2190,1.286672,1.340483
2024-08-30,teste,4881.7900,6673.7034,6405.8000,1.312183,1.367061
2024-08-31,teste,4738.5400,6374.7978,6118.8935,1.291304,1.345308
2024-09-01,teste,4592.2900,6094.0965,5849.4603,1.273757,1.327028
2024-09-02,teste,4693.1899,6932.1502,6653.8719,1.417772,1.477066
2024-09-03,teste,4990.8750,7309.3288,7015.9094,1.405747,1.464539
2024-09-04,teste,4972.4800,7307.8099,7014.4515,1.410655,1.469651
2024-09-05,teste,5041.6450,7226.7911,6936.6851,1.375877,1.433419
2024-09-06,teste,4916.5850,7082.3098,6798.0037,1.382668,1.440494
2024-09-07,teste,4742.8750,6580.8984,6316.7205,1.331834,1.387534
2024-09-08,teste,4591.5000,6295.4920,6042.7713,1.316078,1.371119
2024-09-09,teste,4714.7700,6608.8891,6343.5876,1.345471,1.401742
2024-09-10,teste,4972.3350,7434.7531,7136.2988,1.435201,1.495224
2024-09-11,teste,5035.7500,7495.8646,7194.9571,1.428776,1.488530
2024-09-12,teste,4939.9551,7193.5694,6904.7970,1.397745,1.456201
2024-09-13,teste,5519.6650,7097.6155,6812.6949,1.234259,1.285878
2024-09-14,teste,5223.3550,6716.3484,6446.7331,1.234213,1.285830
2024-09-15,teste,4852.2500,6392.5940,6135.9753,1.264563,1.317449
2024-09-16,teste,4957.0000,7161.1082,6873.6389,1.386653,1.444646
2024-09-17,teste,4952.0000,7223.0929,6933.1353,1.400068,1.458621
2024-09-18,teste,5071.2500,7228.1550,6937.9942,1.368103,1.425320
2024-09-19,teste,5460.4150,7607.4398,7302.0534,1.337271,1.393198
2024-09-20,teste,5638.6250,7293.1478,7000.3780,1.241504,1.293427
2024-09-21,teste,5314.5200,6642.0596,6375.4265,1.199624,1.249795
2024-09-22,teste,4868.8101,6737.4921,6467.0281,1.328256,1.383807
2024-09-23,teste,5506.0400,7686.4129,7377.8562,1.339957,1.395997
2024-09-24,teste,5732.9399,8596.2388,8251.1588,1.439254,1.499447
2024-09-25,teste,5794.0400,8487.3475,8146.6388,1.406038,1.464841
2024-09-26,teste,5874.0400,8128.6842,7802.3734,1.328281,1.383832
2024-09-27,teste,6077.1899,7708.0357,7398.6110,1.217439,1.268355
2024-09-28,teste,6007.3550,8521.7995,8179.7078,1.361616,1.418561
2024-09-29,teste,5669.6450,8091.9119,7767.0772,1.369941,1.427234
2024-09-30,teste,5400.5000,7968.2814,7648.4096,1.416241,1.475471
2024-10-01,teste,5787.6650,9051.5129,8688.1568,1.501151,1.563932
2024-10-02,teste,5875.1899,8667.7253,8319.7757,1.416086,1.475310
2024-10-03,teste,6166.2700,8477.6271,8137.3086,1.319648,1.374839
2024-10-04,teste,5559.8101,7823.9225,7509.8458,1.350738,1.407228
2024-10-05,teste,5221.8350,7437.8480,7139.2695,1.367196,1.424374
2024-10-06,teste,4951.7100,7263.0011,6971.4415,1.407886,1.466766
2024-10-07,teste,4952.1899,7787.9890,7475.3548,1.509505,1.572635
2024-10-08,teste,4946.9600,7800.3804,7487.2487,1.513505,1.576803
2024-10-09,teste,5596.5200,7244.8214,6953.9916,1.242556,1.294523
2024-10-10,teste,5523.2900,7543.8697,7241.0351,1.311000,1.365829
2024-10-11,teste,5421.4700,7105.6232,6820.3812,1.258032,1.310645
2024-10-12,teste,5298.7100,6199.2540,5950.3966,1.122990,1.169955
2024-10-13,teste,5774.6899,5817.6997,5584.1590,0.967006,1.007448
2024-10-14,teste,5741.2000,6591.1590,6326.5692,1.101959,1.148046
2024-10-15,teste,5787.1699,6661.5524,6394.1368,1.104881,1.151090
2024-10-16,teste,5935.9849,7013.7317,6732.1785,1.134130,1.181562
2024-10-17,teste,6253.7651,7706.1588,7396.8095,1.182777,1.232243
2024-10-18,teste,7037.1450,7412.0555,7114.5124,1.010994,1.053276
2024-10-19,teste,6526.9250,6890.7645,6614.1476,1.013363,1.055744
2024-10-20,teste,6674.2300,6465.7229,6206.1685,0.929870,0.968759
2024-10-21,teste,7265.5098,7187.2868,6898.7665,0.949523,0.989234
2024-10-22,teste,7670.5898,7897.5294,7580.4978,0.988255,1.029586
2024-10-23,teste,7682.0752,8325.5128,7991.3006,1.040253,1.083758
2024-10-24,teste,8087.7900,8783.5213,8430.9232,1.042426,1.086022
2024-10-25,teste,9016.1748,8361.6996,8026.0348,0.890182,0.927411
2024-10-26,teste,9381.4902,7602.8262,7297.6249,0.777875,0.810407
2024-10-27,teste,9007.7900,6773.6160,6501.7018,0.721787,0.751973
2024-10-28,teste,8055.6201,7147.6883,6860.7576,0.851673,0.887292
2024-10-29,teste,9080.6250,7685.5453,7377.0234,0.812392,0.846367
2024-10-30,teste,5784.5000,8338.9219,8004.1715,1.383727,1.441598
2024-10-31,teste,5664.5000,8079.1701,7754.8469,1.369026,1.426281
2024-11-01,teste,5648.9600,7515.1907,7213.5074,1.276962,1.330367
2024-11-02,teste,5656.9199,7028.4408,6746.2971,1.192574,1.242450
2024-11-03,teste,5212.4600,7075.0898,6791.0735,1.302854,1.357342
2024-11-04,teste,7865.0601,8182.4336,7853.9651,0.998589,1.040352
2024-11-05,teste,7118.7100,8391.9826,8055.1021,1.131540,1.178863
2024-11-06,teste,6344.9800,8316.2890,7982.4471,1.258073,1.310688
2024-11-07,teste,7499.9800,7879.1096,7562.8175,1.008378,1.050551
2024-11-08,teste,7040.4551,7929.3079,7611.0006,1.081038,1.126249
2024-11-09,teste,6226.6150,6396.4948,6139.7195,0.986045,1.027283
2024-11-10,teste,6676.9600,7127.7414,6841.6115,1.024660,1.067513
2024-11-11,teste,6386.3550,8209.5173,7879.9615,1.233875,1.285478
2024-11-12,teste,7618.9150,7935.7040,7617.1399,0.999767,1.041579
2024-11-13,teste,7304.7300,7971.1714,7651.1836,1.047429,1.091234
2024-11-14,teste,6835.5400,8177.0811,7848.8275,1.148238,1.196260
2024-11-15,teste,6308.9900,7890.8205,7574.0582,1.200518,1.250726
2024-11-16,teste,5805.4751,7839.5270,7524.8239,1.296160,1.350368
2024-11-17,teste,5960.3350,8154.5510,7827.2018,1.313215,1.368136
2024-11-18,teste,7545.3550,8620.5425,8274.4869,1.096633,1.142497
2024-11-19,teste,8179.5000,8873.5907,8517.3769,1.041308,1.084857
2024-11-20,teste,7078.4399,8614.6755,8268.8555,1.168175,1.217030
2024-11-21,teste,6989.1250,8935.1033,8576.4202,1.227109,1.278429
2024-11-22,teste,7432.0400,8678.5828,8330.1973,1.120849,1.167726
2024-11-23,teste,7861.0000,8447.7809,8108.6605,1.031505,1.074645
2024-11-24,teste,6365.6650,7715.5939,7405.8658,1.163408,1.212064
2024-11-25,teste,6731.2549,8414.7845,8076.9887,1.199923,1.250106
2024-11-26,teste,7338.1050,8542.2901,8199.3758,1.117370,1.164100
2024-11-27,teste,8376.2100,9348.9013,8973.6071,1.071321,1.116125
2024-11-28,teste,7798.8501,9848.1202,9452.7858,1.212074,1.262766
2024-11-29,teste,8562.7998,9785.6936,9392.8652,1.096939,1.142815
2024-11-30,teste,7774.5000,9388.3081,9011.4320,1.159101,1.207577
2024-12-01,teste,6871.4399,9298.5800,8925.3058,1.298899,1.353221
2024-12-02,teste,8999.4600,10190.4049,9781.3301,1.086880,1.132335
2024-12-03,teste,10087.8750,10150.8301,9743.3440,0.965847,1.006241
2024-12-04,teste,10572.0200,10520.9248,10098.5819,0.955218,0.995167
2024-12-05,teste,8275.3750,10809.4540,10375.5287,1.253784,1.306219
2024-12-06,teste,7657.1899,10559.6038,10135.7082,1.323685,1.379044
2024-12-07,teste,10129.5601,10196.0796,9786.7770,0.966160,1.006567
2024-12-08,teste,10114.9150,9151.5383,8784.1669,0.868437,0.904757
2024-12-09,teste,10306.5601,10370.5583,9954.2516,0.965817,1.006209
2024-12-10,teste,9965.2100,10324.5089,9910.0507,0.994465,1.036055
2024-12-11,teste,9300.6899,11089.1285,10643.9761,1.144429,1.192291
2024-12-12,teste,10006.1099,12239.6476,11748.3098,1.174114,1.223217
2024-12-13,teste,9205.9399,11314.7892,10860.5781,1.179736,1.229075
2024-12-14,teste,8727.7700,10829.6760,10394.9388,1.191019,1.240830
2024-12-15,teste,7764.5898,10267.3675,9855.2032,1.269250,1.322332
2024-12-16,teste,6316.3799,11293.9368,10840.5628,1.716262,1.788040
2024-12-17,teste,6341.0801,11773.4340,11300.8115,1.782159,1.856692
2024-12-18,teste,6471.7998,12341.8993,11846.4567,1.830473,1.907027
2024-12-19,teste,6788.3799,11864.5838,11388.3023,1.677617,1.747778
2024-12-20,teste,6907.7500,10817.2596,10383.0209,1.503097,1.565960
2024-12-21,teste,7099.9199,9684.7343,9295.9587,1.309305,1.364062
2024-12-22,teste,5993.9600,9023.9991,8661.7475,1.445079,1.505515
2024-12-23,teste,5522.6201,9195.5268,8826.3896,1.598225,1.665066
2024-12-24,teste,5396.9600,8532.2283,8189.7179,1.517469,1.580932
2024-12-25,teste,5276.5801,7615.2037,7309.5056,1.385273,1.443208
2024-12-26,teste,5231.9199,8261.9897,7930.3275,1.515759,1.579151
2024-12-27,teste,5391.8301,9033.0161,8670.4025,1.608063,1.675315
2024-12-28,teste,5281.6201,8528.7582,8186.3871,1.549977,1.614800
2024-12-29,teste,5209.5400,7571.7590,7267.8049,1.395095,1.453441
2024-12-30,teste,5345.2900,8301.7718,7968.5127,1.490754,1.553100
2024-12-31,teste,5776.1201,7801.7897,7488.6015,1.296476,1.350697
