epoca,loss_total,loss_dados,loss_fisica,loss_contorno
0,1.8556709359326011,0.7971816755880965,5.2919380067686665,0.00010165899077126305
1,1.3911699108400082,0.5076590793260375,4.416939492432579,0.0001229330274547306
2,1.0854941601226846,0.3581045268485365,3.636370066376561,0.00011561999883582809
3,0.8628986613432363,0.27406535592998393,2.9436856677041168,0.00009617187242899507
4,0.6901747822177084,0.2241984545952542,2.3295193940320096,0.0000724488160522549
5,0.5495826933414696,0.19203623528929573,1.78748638186107,0.00004918167995984794
6,0.43090511321781094,0.16792611425711093,1.3147484577148432,0.000029307417731386804
7,0.32698946981927046,0.1445521247869175,0.9121062974797117,0.00001608553641062155
8,0.23360091704209782,0.11676076078525832,0.583522988284897,0.00013555859986009593
9,0.15405264868631438,0.08640269024650385,0.3337325816739264,0.000903442105025251
10,0.09985925812441425,0.06351340291791256,0.16493002854597125,0.0033598494973074294
11,0.08153616253682873,0.058023351914589016,0.07442067977269992,0.008628674667699726
12,0.09685608828964162,0.06941880170054562,0.05344058335112694,0.01674916991887062
13,0.1288285163034601,0.08619619938524871,0.0864106895399105,0.025350179010229297
14,0.1593669527748195,0.09828051309929296,0.1481574385651106,0.03145495196250441
15,0.17840269598949704,0.10320409637712404,0.20680461518995433,0.03383767657438212
16,0.1825636440453054,0.10187638560686631,0.23728253476682826,0.03323075148507343
17,0.17209022866829787,0.09506623169342612,0.2334791283336988,0.030328171308131986
18,0.15088768918578072,0.08440164590611747,0.20389934670802512,0.025706173938058203
19,0.12417676494758079,0.07164370899440237,0.1624047645450275,0.02005210304417291
20,0.09735992814870788,0.05888891428665589,0.12118191756353315,0.014234630349345356
21,0.07608554102825124,0.04938153282841416,0.08745576909496684,0.009212854380843717
22,0.06413201645650375,0.045717635891168056,0.06416455294696076,0.005581469975943543
23,0.060958556521940384,0.04728713531797395,0.05174216328620333,0.0033229885467257704
24,0.06253920949178449,0.05068000001301973,0.049050789258184305,0.0020490516271279074
25,0.06474910125363514,0.05262811254143379,0.0537336973597456,0.001374249240252227
26,0.06571232170323749,0.05215412917064393,0.0626189126107,0.0010344100104535511
27,0.06568618529458699,0.050345775396469304,0.07233348897812526,0.0008737121024926398
28,0.06571664792005444,0.048914746603781166,0.07996920295884737,0.0008080607245038059
29,0.06649556444400674,0.048970508014372395,0.08364829705509348,0.0007953970186156553
30,0.06793760205280883,0.05056029913789359,0.08278811222476187,0.0008196804699628649
31,0.06923115870559131,0.05275769931397925,0.07795703208423597,0.0008820529747648627
32,0.06916311459156689,0.05407369405245482,0.07046907476704811,0.000995605585702462
33,0.06680305347960125,0.05323925673405118,0.061924537005063375,0.0011788893445373813
34,0.06227489850556675,0.05005883045804891,0.053842456021501124,0.0014475768432176109
35,0.05688122478485766,0.045587064367717284,0.04745893616804401,0.0018023731835315722
36,0.052345450011578094,0.04139411767535437,0.04366856127660756,0.002217620080902213
37,0.049845499566200345,0.03860088292593667,0.04301090692555795,0.0026424352551520833
38,0.04962682229746577,0.03748261490813531,0.045584091319796204,0.0030273891253712205
39,0.05121913290443447,0.03769565181393251,0.05086241474675348,0.0033509981411512617
40,0.053783331679244636,0.03862734539654187,0.057596425016274426,0.003636701279447878
41,0.056380777390529574,0.039643163423232604,0.0640430855719838,0.003928996852900215
42,0.058290952655488636,0.040330193171364284,0.06855174461734874,0.004250410560654601
43,0.059197120646248116,0.040589421010039595,0.07017255403720246,0.0045731888287680305
44,0.05904813692828211,0.040451577392796235,0.06887730810538849,0.004821097914408176
45,0.05791108309303772,0.039938062250767334,0.06531715397079305,0.004909590048111775
46,0.05606089840372588,0.03917786607975489,0.060395652493484525,0.004803901825274087
47,0.05398650413139467,0.03844656257185813,0.05498758682201823,0.004542424195132895
48,0.05210021306758801,0.037919941741533535,0.04987787396039612,0.004204696533975252
49,0.050516753862989816,0.03750540066155325,0.045758315579848524,0.003859690085466864
50,0.04917892105347819,0.03701644216355266,0.043135007914006644,0.0035354773071241937
51,0.04807983488039871,0.036417354825692624,0.04217389236952249,0.003227701580801589
52,0.04729582892936119,0.035847429639676,0.042631116064268094,0.002922176076831575
53,0.04690236034537421,0.03549325674572956,0.04396179604848645,0.002616744389947363
54,0.04689462796132024,0.035455969918146354,0.04555064786061565,0.0023285284710507577
55,0.04712631074331607,0.03565765270395831,0.046914905753872756,0.0020856768885832064
56,0.04731691204590547,0.035849976127730936,0.04778028159801758,0.001910879598571016
57,0.04720366095730013,0.035780936847175676,0.04804866312311155,0.0018129914855021427
58,0.04672642653804178,0.03539268933081297,0.047736204160004916,0.001786496375227818
59,0.04604765104537792,0.034844775366715805,0.046939244916277344,0.001815026695406649
60,0.045400073190930375,0.034356112026979795,0.04583230877526646,0.0018774994088972855
61,0.044936821735503,0.0340489731183934,0.04466154687024018,0.0019555392430615614
62,0.04468942225736301,0.033910729208605384,0.04369403531601584,0.002039885985554462
63,0.0445965855424122,0.03384020269158129,0.04312811270324972,0.0021307603101809658
64,0.04456257384077449,0.03372716569740368,0.04302318875705514,0.002230770391959785
65,0.044526685335163484,0.03353124127295967,0.04330257480551618,0.002334929101100579
66,0.04448495023556298,0.03329568581582733,0.04381909499282282,0.002425445421171089
67,0.04444311832560968,0.033081658846529464,0.04442399708622115,0.002476660061835989
68,0.04437865656694043,0.032910739755627895,0.0449953163461224,0.0024688535420880568
69,0.044258093678414,0.03277022578838492,0.045433058039334534,0.002401256282162165
70,0.04405572119988855,0.032631742411266686,0.04565800722305633,0.0022923773440105934
71,0.04374887706047502,0.03245483869524626,0.045634351337063055,0.0021671680978161377
72,0.04333239405187271,0.03220988799854137,0.04539600555285702,0.002043304942759935
73,0.04284559411123122,0.03191148228297837,0.04504013957936819,0.001926083912379211
74,0.04236375384205189,0.031614527108297465,0.04468154173746413,0.0018129183862616008
75,0.04195843882365893,0.031376340144600535,0.04440223624268547,0.0017016514305213067
76,0.041662325126423976,0.031220096226875584,0.04423219187504772,0.0015957905245388498
77,0.04145257858613762,0.031116554196141913,0.04416271855566256,0.0015034806788631935
78,0.041266793985230664,0.031000841473382175,0.044169237743867336,0.001432104963075018
79,0.041055084429572314,0.030826578249114823,0.04422483686166725,0.0013835388081240452
80,0.040821013207315085,0.03060705530806221,0.044303257335706614,0.0013533064321115521
81,0.04060638914082487,0.030396820766943645,0.04438031148856792,0.0013335060761676396
82,0.040444616900075385,0.030239189493689107,0.04443977089131627,0.0013174732281230265
83,0.04033255609130493,0.030133531887761137,0.04447916031463356,0.0013031921406170736
84,0.040236048909038806,0.030041459907192206,0.04450759485831295,0.0012930700301840088
85,0.040118886239938485,0.029920995254476872,0.04453704919692975,0.0012904811460756583
86,0.03997382188136674,0.029762700608045388,0.04457582214176892,0.0012959568449675716
87,0.039826030543534466,0.02959462930933733,0.04462794497428865,0.0013058122393394046
88,0.03970486142954884,0.029451939210558196,0.044694391883611746,0.001314043842268298
89,0.03961663612863834,0.029346235281126565,0.04477201913766329,0.0013159970199791127
90,0.03954196909354158,0.029260825325941035,0.04485151863364487,0.0013108400408715739
91,0.039450635453589275,0.02916605370066259,0.044918959383093565,0.0013007898763079673
92,0.03932103809403442,0.029040505676829618,0.04496267305252803,0.0012879978066991926
93,0.03915349966360766,0.02888542825064834,0.04498038246111807,0.0012719949207357095
94,0.03896666949912447,0.028720883231607257,0.044979497083745094,0.0012498868507682009
95,0.03878136789882058,0.02856820499044979,0.04497069382486276,0.0012190241433982305
96,0.03860756091919945,0.028435458139841656,0.04496178539397007,0.0011797457005637804
97,0.03844125990508532,0.028314216393041682,0.044956636272853616,0.001135716257472913
98,0.03827087257810232,0.028187728160793072,0.04495733748880632,0.001091676919547988
99,0.038090326927296296,0.028046393173699703,0.0449654213691103,0.0010508494797745354
100,0.03790740486704363,0.027897282489511552,0.04498066293831039,0.0010139897898700004
101,0.037737707573161076,0.0277573454104432,0.04499987957759409,0.000980386247199057
102,0.03759094771189411,0.027637629782107175,0.04501835164175084,0.0009496476014367747
103,0.03746308961876309,0.0275338853907982,0.0450328408998132,0.0009226360480022449
104,0.03734016032185831,0.027430679621676706,0.04504302519652145,0.0009008756608773121
105,0.037210607431208576,0.02731542574256482,0.04505049293710791,0.0008850831012221802
106,0.037075318012910224,0.027189615803199577,0.04505719076867475,0.0008742640559756952
107,0.0369450480345682,0.027066022477449384,0.045064814908757224,0.0008660625753673638
108,0.03682885427446277,0.0269558190284733,0.045074796314526586,0.0008580759830841562
109,0.036725886096567316,0.026859254697512873,0.04508786034382389,0.0008490593302896597
110,0.03662672130077527,0.02676702223866035,0.04510316550213255,0.000839065961688409
111,0.036521469691549256,0.026669273806708516,0.04511825367251361,0.0008285451503380226
112,0.036407443546615,0.026564010380995852,0.04513036401174551,0.0008173603632700403
113,0.03628966382684298,0.02645743288901634,0.045137849417930795,0.0008046610542404885
114,0.0361746322299184,0.026356904145379882,0.04514039921975888,0.0007896482405867414
115,0.03606429125292091,0.026264182456301906,0.0451384266193501,0.0007724234727489896
116,0.0359550714418695,0.02617444900491098,0.04513271458262497,0.0007540795204335221
117,0.03584198183166086,0.026081130023594398,0.04512458473850223,0.0007359348603660131
118,0.035724036599802736,0.025982179670454603,0.04511590196908285,0.0007186765355315636
119,0.03560577868787225,0.025881933211319375,0.04510838925122603,0.0007021676263076704
120,0.03549332368526045,0.02578678657992146,0.04510279930485583,0.0006859772443678286
121,0.0353891729114478,0.025699349214061962,0.045098861132200456,0.0006700514709457425
122,0.035290691768004576,0.02561662346507711,0.04509593204189093,0.0006548818945492759
123,0.03519321156153111,0.025533428364078774,0.045093495869831704,0.0006410840234859909
124,0.035094734801384996,0.02544766317065781,0.045091111106682374,0.0006288494093907077
125,0.034997531117571715,0.025362053760796737,0.04508822672661631,0.0006178320114517129
126,0.03490523263120039,0.025280862555405896,0.04508435158764609,0.000607499758265273
127,0.03481896201747621,0.025205468381347688,0.045079471395396295,0.0005975993570492639
128,0.03473635910726372,0.02513325403040219,0.04507414355784055,0.0005882763652934179
129,0.03465401005349597,0.02506042940860111,0.0450690536275622,0.0005797699193824177
130,0.03457061560167399,0.02498569810528943,0.045064484841732706,0.0005720205280380152
131,0.03448768690981789,0.024911062289467684,0.04506018487116738,0.0005645876461167316
132,0.03440734053942946,0.024839273524353753,0.04505563719533315,0.0005569395760090805
133,0.034329857366791165,0.02477096156092168,0.04505041094137938,0.0005488136175936016
134,0.03425340958185979,0.024704248742797752,0.045044301463148355,0.0005403005464323655
135,0.0341759096471343,0.02463684982028727,0.04503724458307442,0.0005316109102321461
136,0.03409703055703454,0.02456839261613149,0.04502917939587071,0.0005228020617289045
137,0.03401838593722307,0.024500633727332962,0.045020007575862435,0.0005137506947176187
138,0.033941844845186905,0.02443553506236244,0.04500969796469816,0.0005043701898848332
139,0.03386786526766441,0.024373360682263485,0.04499844937984688,0.0004948147094315414
140,0.033795430112936044,0.02431265092137089,0.044986699960718975,0.0004854391994213578
141,0.0337234831459008,0.02425193916859494,0.04497488423638702,0.00047656713002845356
142,0.03365223978020367,0.024191302319103103,0.0449631502389787,0.00046830741330482976
143,0.033583010467128235,0.02413217366478327,0.044951314372717786,0.0004605739278014128
144,0.03351678317516521,0.024075686013949344,0.044939131912149065,0.00045327077878605363
145,0.03345323584279641,0.024021509758805546,0.04492657226559724,0.00044641163087140944
146,0.03339117509691561,0.023968339595138763,0.04491379648987329,0.00044007620380218495
147,0.033329787778297024,0.023915339207909222,0.044900899587521956,0.0004342686528834109
148,0.03326933902329939,0.0238629543613289,0.044887736314445044,0.00042883739908148195
149,0.03321062120509859,0.023812248424124882,0.044874030215465134,0.00042356673788067226
150,0.03315388791299515,0.023763640513657872,0.04485962698741799,0.00041832200185368317
151,0.033098508552660534,0.02371648295677883,0.04484460016520102,0.00041310556284150006
152,0.0330436119282599,0.02366981095620115,0.04482911164772126,0.0004079786425144933
153,0.03298893652800034,0.023623348384253392,0.04481320418903937,0.00040294730593907303
154,0.03293496439834652,0.023577676635452197,0.04479675056507382,0.0003979376498795576
155,0.032882261478525694,0.023533460498621477,0.04477960336038136,0.0003928803078279506
156,0.032830840593584265,0.023490694715693164,0.04476176870952432,0.00038779213598623755
157,0.03278022098326481,0.023448774446253314,0.044743409667008564,0.00038276460360977887
158,0.03273003766743419,0.023407226289640055,0.04472467405668451,0.00037787656645723087
159,0.0326804678067796,0.023366223902781178,0.044705544594944954,0.00037313498500942825
160,0.03263201887453005,0.02332634395666066,0.04468587233857632,0.00036850045015412807
161,0.03258496432371808,0.023287891081983002,0.04466555663117239,0.0003639619155006035
162,0.03253909502814161,0.023250596133780256,0.044644657927460404,0.0003595673088692744
163,0.03249402025213942,0.023213973668108994,0.04462331836091379,0.0003553829118476657
164,0.03244962315854883,0.023177872162270866,0.0446015952376261,0.0003514319487527405
165,0.03240615086034838,0.02314258947789523,0.044579406767931345,0.00034768002886687374
166,0.032363870768227734,0.023108461409415044,0.0445566497317944,0.00034407941245381216
167,0.03232273020800112,0.023075446132707282,0.04453333996311555,0.0003406160826707231
168,0.032282409172072105,0.023043183484333478,0.04450960255673723,0.0003373051763911838
169,0.03224266432779257,0.023011410589922697,0.04448553117159971,0.0003341475035499279
170,0.03220354332892453,0.022980221863089272,0.044461090893668155,0.0003311032871016204
171,0.03216523987761818,0.02294989030051441,0.0444361753267168,0.0003281145117604064
172,0.03212780225598134,0.022920508548941922,0.044410740358020374,0.0003251456354353365
173,0.032091056017566365,0.02289188168401461,0.04438485626140166,0.0003222030812714206
174,0.03205479470944012,0.022863759825948883,0.04435862914626528,0.00031930905423818197
175,0.032019002238575234,0.0228361164647839,0.04433209158607458,0.0003164674565764171
176,0.03198384274487088,0.022809140079070082,0.044305194201580786,0.000313663825484641
177,0.03194944526686769,0.022782970483628755,0.044277902572468615,0.0003108942687452129
178,0.03191576395517369,0.02275752979968522,0.04425026773326482,0.0003081806088355099
179,0.0318826616757565,0.022732626950322906,0.044222387219157604,0.0003055572816020709
180,0.03185008768814414,0.02270818345456834,0.044194308031890166,0.0003030426271977614
181,0.03181813044149824,0.022684303100441207,0.04416598989089747,0.0003006293628775421
182,0.031786891022495906,0.022661114867929658,0.044137371823498105,0.00029830178986662263
183,0.031756349808780546,0.022638601632949996,0.04410845557228391,0.00029605706137376833
184,0.031726383191813076,0.022616617319757417,0.04407930600180019,0.00029390467169562105
185,0.031696900556635974,0.022595058854111342,0.044049972046734276,0.0002918472931777768
186,0.03166792316435783,0.022573966508577254,0.04402043396460914,0.0002898698628587467
187,0.03163951677010772,0.02255343832473711,0.043990640779371135,0.0002879502894963783
188,0.03161167859696877,0.022533484129808143,0.04396058460943026,0.0002860775452745741
189,0.031584322619733936,0.02251400443308069,0.043930316241135824,0.0002842549384260777
190,0.031557370027270035,0.02249490621956619,0.04389988677630458,0.0002824864524429289
191,0.03153082272513073,0.022476198952523292,0.04386929398426104,0.00028076497575522653
192,0.03150473087470767,0.022457954561522993,0.04383850024872849,0.000279076263438981
193,0.03147910975112089,0.022440198907250217,0.04380749248357924,0.0002774123471548212
194,0.031453908875836996,0.022422867348292748,0.04377631065365408,0.0002757793968134333
195,0.03142906922787841,0.022405881050742683,0.04374500596353596,0.00027418698442853586
196,0.03140458919209094,0.022389235691359904,0.043713586703892714,0.00027263615995248863
197,0.031380511793302944,0.022372985035839385,0.04368202400894996,0.00027112195567356484
198,0.03135685810686757,0.022357153944673316,0.043650303761847094,0.0002696434098248356
199,0.03133359735170422,0.022341698359851232,0.04361845420561059,0.00026820815073087416
200,0.03131068527003762,0.022326556804812638,0.043586515993615904,0.0002668252665018028
201,0.03128811385398121,0.022311718242460143,0.04355449805449885,0.00026549600062129516
202,0.031265907300233604,0.022297217780722696,0.04352237808004044,0.0002642139035028205
203,0.031244075219518178,0.022283073314697904,0.04349014401893998,0.0002629731010322786
204,0.031222588151883966,0.02226925095718466,0.04345781944260012,0.00026177330617928367
205,0.031201404634889126,0.02225570076001957,0.043425440732486886,0.0002606157283721768
206,0.031180509819305192,0.022242409350810868,0.04339301951011971,0.00025949656647038136
207,0.0311599152346023,0.022229399763891024,0.04336054044284884,0.0002584073821415096
208,0.031139625239645495,0.02221668462868264,0.043327994079472125,0.00025734179506842924
209,0.03111961809693297,0.022204238840748253,0.043295398274988385,0.0002562996011870379
210,0.03109986469450931,0.022192025138885067,0.04326278060695502,0.0002552834342332335
211,0.03108035619061203,0.022180033390140467,0.04323014820591222,0.00025429315928911895
212,0.03106110326709046,0.022168280505148717,0.043197486184956564,0.0002533255249504281
213,0.031042110971235902,0.02215677524117302,0.04316478458181882,0.0002523788136991182
214,0.031023364705695146,0.022145498030938085,0.043132055619238836,0.00025145555090929473
215,0.031004844070810892,0.022134420772191916,0.04309931901616668,0.00025055949538563494
216,0.030986543152320516,0.022123536737093854,0.04306657728092824,0.0002496909590410134
217,0.030968468486542125,0.022112857656916163,0.04303381691692006,0.00024884744624194944
218,0.030950620178896965,0.02210238650131236,0.04300103115563492,0.0002480274464576181
219,0.030932984099824954,0.022092105621604605,0.04296823124327484,0.0002472322295653757
220,0.03091554371301812,0.022081994073748286,0.04293543228762262,0.00024646318174530955
221,0.030898294147659683,0.022072048748307455,0.04290263436333616,0.00024571852668499425
222,0.030881237550697476,0.022062277027916636,0.04286982807519011,0.0002449949077428175
223,0.030864369741631294,0.022052677031793175,0.042837012505281366,0.00024429020878184796
224,0.030847677516011838,0.022043233051008183,0.042804200249984284,0.0002436044150067993
225,0.03083114873075812,0.022033930519416767,0.04277140382038939,0.00024293744726347374
226,0.03081478006294195,0.022024767944537046,0.04273862375680792,0.00024228736704332113
227,0.03079857225070928,0.02201574977257362,0.042705854707563946,0.00024165153662286952
228,0.0307825207544941,0.022006872055171395,0.042673099318723914,0.00024102883557792148
229,0.03076661565633201,0.021998122356234474,0.042640368805026016,0.00024041953909233215
230,0.03075084884576717,0.021989489941571946,0.04260767259509257,0.00023982438517670856
231,0.03073521814461469,0.02198097307396834,0.042575010333431584,0.00023924300396003338
232,0.03071972376841971,0.021972573796902577,0.04254237686876622,0.00023867459776389283
233,0.03070436231799392,0.021964288436600272,0.042509772485500495,0.0002381193842935459
234,0.030689126731158898,0.021956107437994907,0.04247720381093997,0.0002375785309759963
235,0.03067401134500443,0.021948023639380754,0.04244467537677525,0.00023705263026862412
236,0.03065901452369825,0.02194003687059454,0.042412184619427265,0.0002365407292182554
237,0.030644134780444057,0.021932147335296644,0.0423797288703209,0.00023604167108323392
238,0.030629366990852305,0.021924349336101923,0.04234731237183585,0.00023555518038320875
239,0.03061470436866721,0.021916634378403965,0.04231494286475416,0.0002350814173124154
240,0.030600142626550964,0.021908998132700797,0.04228262337255757,0.0002346198193386538
241,0.030585680264117673,0.021901441028823285,0.042250351075636156,0.00023416902016715665
242,0.03057131490615814,0.021893962349965206,0.04221812410008887,0.00023372773617516142
243,0.030557042131370657,0.021886558043984226,0.042185944540900064,0.0002332951792064135
244,0.030542856482332466,0.021879221501875053,0.04215381765517443,0.00023287144942252437
245,0.030528754417219146,0.021871949118297953,0.04212174514945565,0.00023245626903006217
246,0.030514734821782227,0.02186474137387581,0.04208972371200522,0.0002320487055053737
247,0.030500796026220963,0.021857597512430403,0.042057751470763495,0.00023164821963785946
248,0.03048693427437,0.02185051277901233,0.04202583159565677,0.0002312551762263127
249,0.030473145695433405,0.021843481958697775,0.04199396791291687,0.00023087015415225432
250,0.030459428415678443,0.02183650335461682,0.04196215967434769,0.00023049312619208534
251,0.030445781696373173,0.021829577384548906,0.041930403250252976,0.00023012366177367085
252,0.030432203658654684,0.021822702413433728,0.04189869773579458,0.00022976169806203993
253,0.03041869104284776,0.021815874200441832,0.04186704599036567,0.00022940764433279192
254,0.030405241147535376,0.02180908956259623,0.04183544991282702,0.00022906160237374046
255,0.030391852476696103,0.021802347684476035,0.04180390852034094,0.00022872308815188194
256,0.030378523690203545,0.021795648126040526,0.041772420568246656,0.00022839145051368678
257,0.030365252480440617,0.021788988587194007,0.04174098763808144,0.00022806636563031945
258,0.030352036071176355,0.021782365780989115,0.04170961290467051,0.00022774770925313722
259,0.03033887243426547,0.021775777804558593,0.041678297635762585,0.00022743510255435976
260,0.03032576036687099,0.021769224331908713,0.04164704070200588,0.0002271278945611001
261,0.030312698474682077,0.021762704576805094,0.04161584141602624,0.00022682561467173717
262,0.03029968471331055,0.021756216305343728,0.04158470101989335,0.00022652820398814876
263,0.03028671710006329,0.021749757257546805,0.041553620653062937,0.00022623571190389394
264,0.0302737943834635,0.021743326575252703,0.04152259922070173,0.00022594796407045064
265,0.030260915660846894,0.021736924070883047,0.04149163449050389,0.00022566469186306924
266,0.030248079626453185,0.0217305486538201,0.041460725571271805,0.00022538585837872277
267,0.030235284603220728,0.02172419837139834,0.04142987298138573,0.0002251116355452417
268,0.030222529196922285,0.021717871824726842,0.041399076515777185,0.0002248420690400085
269,0.03020981249791562,0.0217115686599909,0.04136833445392152,0.00022457694714041835
270,0.03019713357318749,0.021705288483695833,0.04133764525892966,0.00022431603770572628
271,0.03018449110071014,0.021699030024433845,0.041307008960558264,0.00022405928416463885
272,0.030171883682401847,0.021692791797635665,0.041276426132776496,0.00022380665821088207
273,0.030159310278825017,0.021686573093009046,0.04124589627304189,0.00022355793120759206
274,0.030146770092869455,0.021680373725519175,0.041215418158648265,0.00022331273562062795
275,0.030134262152996097,0.021674193051733022,0.04118499145438987,0.00022307081038509824
276,0.03012178527506022,0.021668029834746246,0.041154616946455176,0.00022283205102293708
277,0.03010933841827082,0.021661883068731107,0.04112429512685247,0.00022259632416921646
278,0.030096920843354934,0.021655752381285632,0.041094025431363784,0.00022236337579654145
279,0.030084531856136514,0.021649637435592475,0.041063807193057904,0.00022213298193245846
280,0.0300721705828681,0.021643537375303123,0.041033640586549784,0.00022190509025501844
281,0.030059836116995416,0.021637451183130617,0.04100352602091206,0.00022167972968238726
282,0.03004752775813062,0.021631378304718077,0.040973463052394146,0.00022145684293370998
283,0.030035244953235132,0.021625318535047056,0.0409434505930742,0.0002212362995732355
284,0.03002298705944025,0.021619271419220428,0.04091348801978072,0.00022101803626367838
285,0.03001075331118821,0.021613236154229144,0.04088357541237863,0.00022080207448333425
286,0.02999854301025987,0.021607212087653017,0.040853712684841274,0.00022058838563859492
287,0.029986355609305827,0.021601198959169673,0.040823899132377384,0.0002203768236606746
288,0.029974190569875946,0.021595196529249443,0.04079413408636022,0.00022016722335445755
289,0.02996204724712227,0.021589204251838395,0.04076441750549133,0.00021995949418560976
290,0.02994992498170433,0.021583221512526098,0.040734749518127514,0.0002197535655527343
291,0.029937823231058213,0.021577247997905755,0.040705129699757134,0.00021954929320103044
292,0.029925741530343452,0.021571283591935064,0.04067555724056882,0.00021934649029462387
293,0.029913679367656515,0.02156532800786345,0.04064603164334177,0.00021914503112471117
294,0.02990163618210019,0.021559380763390628,0.04061655278643614,0.00021894486142233488
295,0.02988961147128138,0.021553441493344847,0.04058712032596508,0.0002187459127435146
296,0.029877604821921845,0.021547510054185225,0.04055773348252119,0.00021854807123238067
297,0.02986561582279476,0.021541586270094455,0.040528391531346186,0.00021835124643106702
298,0.02985364401201112,0.02153566976939173,0.04049909413212544,0.00021815541619429974
299,0.029841688936525956,0.021529760171329893,0.04046984096864656,0.00021796057146674836
300,0.029829750211946497,0.0215238572888141,0.040440631347809,0.00021776665357059374
301,0.029817827484014087,0.02151796101804798,0.04041146442834571,0.0002175735802969639
302,0.029805920363589544,0.02151207112575694,0.040382339670850725,0.00021738130366245575
303,0.029794028440847758,0.021506187287843495,0.04035325678053176,0.00021718979689790943
304,0.029782151343815854,0.02150030928572653,0.0403242153102362,0.00021699899604208256
305,0.02977028873993376,0.02149443701894202,0.04029521462221684,0.000216808796548369
306,0.029758440285329188,0.021488570331191857,0.04026625423182496,0.000216619107772337
307,0.029746605611457685,0.021482708957016993,0.040237333902718594,0.00021642987389697388
308,0.029734784366904684,0.02147685266840479,0.04020845331962746,0.00021624103457440038
309,0.029722976239889468,0.021471001362451957,0.04017961188166127,0.0002160525011052544
310,0.029711180927489766,0.021465154952803316,0.04015080892059206,0.00021586419056803948
311,0.029699398108377524,0.02145931326395997,0.04012204392945204,0.0002156760585271454
312,0.029687627462296737,0.02145347610072745,0.0400933164232181,0.00021548807692566872
313,0.029675868696984225,0.021447643355655396,0.04006462571385985,0.0002153001985568572
314,0.02966412153595615,0.02144181496834069,0.04003597100366392,0.0002151123668826743
315,0.02965238569109418,0.021435990818106543,0.04000735162685199,0.00021492454761723435
316,0.02964066086617633,0.021430170736790738,0.03997876702889707,0.0002147367236061787
317,0.029628946780670008,0.02142435460965256,0.039950216546192505,0.00021454886177894498
318,0.029617243171123867,0.021418542387616923,0.03992169937802139,0.00021436090790266445
319,0.029605549770231915,0.021412733999719456,0.039893214783879694,0.0002141728137365198
320,0.02959386630076327,0.02140692932232048,0.0398647621576687,0.00021398454690904563
321,0.02958219249210193,0.021401128248899975,0.03983634087275291,0.00021379606865137247
322,0.029570528088605573,0.02139533072923745,0.039807950189827,0.00021360732140271975
323,0.029558872836796462,0.02138953671213625,0.03977958938143401,0.00021341824837340753
324,0.029547226475576324,0.021383746097313736,0.039751257836388935,0.0002132288109848016
325,0.029535588745470128,0.021377958777388077,0.03972295495646605,0.00021303897678883832
326,0.02952395939884331,0.021372174690382804,0.03969468002672485,0.0002128487031155363
327,0.029512338193645047,0.021366393793392436,0.03966643227077274,0.00021265794609806203
328,0.029500724883044626,0.021360616011296463,0.039638210970606935,0.00021246667762677665
329,0.029489119218438126,0.021354841251045895,0.03961001543767782,0.0002122748798566638
330,0.02947752095833003,0.02134906944987646,0.03958184490425421,0.0002120825276027285
331,0.029465929866650524,0.021343300570275284,0.039553698539508624,0.0002118895884735115
332,0.02945434570419629,0.021337534554969735,0.03952557556075991,0.00021169603707457292
333,0.02944276822816271,0.021331771323378556,0.03949747524518647,0.0002115018557468579
334,0.029431197199122933,0.02132601081190945,0.03946939683309021,0.00021130702059544415
335,0.029419632382354736,0.02132025298475091,0.03944133949888993,0.00021111149782583792
336,0.029408073541881758,0.02131449780015949,0.039413302429640105,0.0002109152557942485
337,0.029396520438279564,0.021308745195591013,0.03938528485943918,0.00021071827080071587
338,0.029384972833377855,0.021302995115379475,0.039357286000268256,0.00021052051794472724
339,0.02937343049277285,0.02129724752761723,0.03932930499839154,0.00021032196547731167
340,0.029361893182041868,0.021291502400671944,0.03930134099039405,0.0002101225832911132
341,0.029350360663902248,0.021285759683304848,0.039273393151727516,0.00020992235025189308
342,0.029338832700914457,0.021280019322083052,0.03924546065302101,0.00020972124822720304
343,0.029327309058140783,0.021274281281532272,0.039217542608780055,0.00020951925485250062
344,0.029315789500995403,0.02126854553145807,0.039189638108514745,0.00020931634783438413
345,0.029304273792461345,0.021262812027322463,0.03916174626722021,0.0002091125116948386
346,0.02929276169432557,0.021257080719190666,0.039133866205165735,0.00020890773410175582
347,0.029281252969493687,0.02125135157057745,0.03910599700249099,0.00020870199841803555
348,0.02926974738099261,0.021245624552556297,0.03907813771611325,0.0002084952852136625
349,0.0292582446896669,0.021239899625541913,0.03905028742799323,0.00020828757852634142
350,0.02924674465458586,0.021234176741843098,0.03902244523956356,0.00020807886483004934
351,0.02923524703493028,0.02122845586213591,0.03899461022857506,0.00020786912707935345
352,0.02922375158977038,0.021222736955185492,0.03896678144754019,0.000207658345076851
353,0.029212258076351284,0.021217019983251477,0.03893895795896486,0.0002074465013068368
354,0.02920076625003668,0.02121130490102795,0.038911138836047576,0.0002072335817992116
355,0.029189275865688098,0.021205591668938952,0.038883323126295576,0.00020701957149002955
356,0.029177786677775614,0.021199880255582483,0.038855509843898066,0.00020680445341351482
357,0.029166298439117756,0.02119417062580027,0.03882769800080354,0.00020658821315677796
358,0.029154810900558787,0.021188462736870868,0.038799886617470324,0.00020637084019385215
359,0.029143323811880124,0.021182756548501127,0.0387720746972921,0.00020615232392057588
360,0.029131836922046284,0.021177052026999,0.03874426121611057,0.00020593265182517213
361,0.02912034997833995,0.02117134913662913,0.03871644514576074,0.00020571181255867046
362,0.02910886272598111,0.021165647835173447,0.03868862546669054,0.00020548979746955523
363,0.02909737490872961,0.021159948081482235,0.03866080114844763,0.00020526659755785054
364,0.029085886269172908,0.021154249840193082,0.03863297113745479,0.0002050422014888661
365,0.029074396548165016,0.02114855307519441,0.03860513437498848,0.00020481659797291099
366,0.02906290548448074,0.02114285774453156,0.038577289811329095,0.00020458977768336004
367,0.02905141281519726,0.02113716380549342,0.03854943639196764,0.00020436173131031137
368,0.029039918275956304,0.021131471219229717,0.03852157304439361,0.0002041324478478673
369,0.02902842160061372,0.021125779946289516,0.0384936986892177,0.0002039019164806665
370,0.029016922520955984,0.0211200899421152,0.03846581225150804,0.00020367012853917608
371,0.029005420766929132,0.021114401160869885,0.03843791264948817,0.0002034370761616139
372,0.02899391606683311,0.02110871355989863,0.03840999878166736,0.0002032027506010068
373,0.028982408147097433,0.021103027096642833,0.038382069535272706,0.00020296714340005637
374,0.028970896732054476,0.021097341724402044,0.03835412379847249,0.00020273024795793446
375,0.02895938154405706,0.021091657394741625,0.03832616045445508,0.00020249205842441678
376,0.028947862303621005,0.021085974061286955,0.038298178371540224,0.00020225256802600564
377,0.028936338729285294,0.021080291677646742,0.038270176409377306,0.00020201176976309345
378,0.028924810537459347,0.021074610193897954,0.03824215342902308,0.00020176965775677672
379,0.02891327744249361,0.021068929558402342,0.0382141082878478,0.0002015262265217073
380,0.02890173915678165,0.021063249721203388,0.03818603982977535,0.00020128146962319172
381,0.028890195390680252,0.021057570632628912,0.03815794688893582,0.0002010353802641759
382,0.028878645852408878,0.02105189224017162,0.03812982829831183,0.00020078795257489043
383,0.028867090248091788,0.021046214489520734,0.03810168288671932,0.00020053918122718754
384,0.028855528281820347,0.021040537327224777,0.03807350947107867,0.0002002890603798346
385,0.028843959655600923,0.021034860699661987,0.03804530685907541,0.00020003758412385516
386,0.02883238406930099,0.021029184550495832,0.038017073856238766,0.00019978474755740584
387,0.028820801220671308,0.021023508821517097,0.03798880926338223,0.00019953054647776382
388,0.028809210805376326,0.021017833455006327,0.03796051186974827,0.00019927497642034157
389,0.028797612516970054,0.02101215839308419,0.037932180454987335,0.00019901803288839556
390,0.02878600604396018,0.021006483575596094,0.03790381379557712,0.00019875970924865786
391,0.02877439106012226,0.02100080900139086,0.03787541058121341,0.00019849994248871924
392,0.028762767248491482,0.02099513460262316,0.03784696972852782,0.00019823870016276015
393,0.028751134292385128,0.020989460223217474,0.03781849032518168,0.00019797600413131757
394,0.028739491873956885,0.020983785826996063,0.037789971021070325,0.00019771184274675627
395,0.02872783967295078,0.020978111461127127,0.037761410156410644,0.00019744618054152638
396,0.028716177366717374,0.02097243705512458,0.037732806387167105,0.00019717903415937573
397,0.028704504631123704,0.020966762440187383,0.037704158664384764,0.0001969104580593673
398,0.0286928211398728,0.020961087523884987,0.0376754657386048,0.00019664046826685461
399,0.028681126563867964,0.020955412275845277,0.03764672620046602,0.00019636904792948365
400,0.028669420572487503,0.020949736583079786,0.03761793889913225,0.00019609620958127032
401,0.028657702834079965,0.020944060279937445,0.0375891028477242,0.0001958219845976791
402,0.02864597301432544,0.020938383289666955,0.037560216801572656,0.00019554636434395095
403,0.028634230775988506,0.020932705598406702,0.037531279336084335,0.00019526931036493688
404,0.028622475780985628,0.020927027123435547,0.03750228924041179,0.00019499080946772438
405,0.02861070769059211,0.02092134773138,0.03747324545944262,0.00019471086732358612
406,0.028598926163206667,0.02091566735042329,0.037444146743510494,0.00019442946408127846
407,0.02858713085427269,0.02090998594979122,0.03741499168737201,0.00019414656700706708
408,0.02857532141852044,0.02090430344288345,0.03738577900223554,0.00019386217518988327
409,0.028563497509715353,0.020898619714638692,0.03735650742692073,0.00019357630969251525
410,0.028551658778215375,0.02089293471207125,0.03732717546151106,0.0001932889738419101
411,0.028539804871382395,0.020887248415775043,0.037297781470390624,0.00019300016152922484
412,0.028527935436173116,0.020881560753990485,0.03726832396550586,0.0001927098890814576
413,0.02851605011877547,0.02087587162414409,0.03723880156276956,0.00019241818207746893
414,0.028504148562253077,0.020870180962839584,0.03720921278145776,0.00019212504312194159
415,0.028492230407225618,0.02086448872014491,0.037179556123237485,0.00019183046243321036
416,0.028480295294249277,0.020858794798658518,0.03714983025246659,0.00019153444509744123
417,0.028468342863030762,0.02085309908347003,0.037120033897617144,0.00019123700003730542
418,0.028456372750160632,0.020847401499498305,0.03709016566870098,0.0001909381169221314
419,0.028444384590077643,0.02084170198334195,0.03706022413764045,0.0001906377792076002
420,0.02843237801725297,0.020836000432645062,0.037030207990020964,0.00019033598660371463
421,0.028420352665159715,0.020830296732389914,0.03700011594132108,0.0001900327445055867
422,0.028408308164259287,0.02082459079694394,0.036969946602866705,0.00018972804674200521
423,0.028396244143155412,0.020818882543311285,0.036939698559140706,0.0001894218880159863
424,0.02838416023044743,0.02081317185696442,0.03690937047066354,0.00018911427935030135
425,0.028372056053532824,0.020807458621954617,0.03687896098207994,0.00018880523516221778
426,0.028359931237039462,0.02080174275326005,0.03684846862630575,0.00018849475851825937
427,0.02834778540428055,0.02079602416942598,0.03681789191627286,0.000188182851599996
428,0.028335618178838198,0.020790302765487097,0.03678722943701771,0.0001878695259475558
429,0.02832342918326424,0.02078457843795277,0.03675647977410342,0.00018755479049078558
430,0.02831121803787741,0.020778851104598407,0.036725641454104764,0.000187238642458047
431,0.02829898436158112,0.02077312067813357,0.03669471302529374,0.0001869210783887976
432,0.028286727769735065,0.020767387077802735,0.03666369306509993,0.00018660207891234458
433,0.028274447881709415,0.020761650187713854,0.03663258027507766,0.000186281638980029
434,0.028262144317472412,0.02075590987668579,0.03660137335970838,0.00018595976884494442
435,0.028249816692230003,0.02075016607417903,0.03657007078609338,0.00018563646083229638
436,0.028237464619202544,0.02074441872054851,0.036538670953589925,0.00018531170793604674
437,0.028225087714314808,0.020738667694845843,0.036507172442177944,0.00018498553103337535
438,0.028212685593538657,0.020732912858204545,0.03647557389368888,0.00018465795659633878
439,0.028200257869215165,0.020727154110612205,0.03644387384038226,0.0001843289905265101
440,0.02818780415324068,0.02072139134878556,0.03641207083726013,0.00018399863700309217
441,0.028175324060338968,0.020715624427770453,0.03638016358029176,0.0001836669165101624
442,0.028162817204514752,0.020709853212701464,0.03634815074081977,0.00018333384364933322
443,0.02815028319350592,0.020704077635848226,0.03631603082513995,0.00018299939262970592
444,0.028137721639671806,0.02069829760260439,0.03628380246496395,0.0001826635440746255
445,0.028125132161779257,0.02069251294311675,0.03625146450753582,0.00018232631715534085
446,0.02811251437384456,0.020686723551594902,0.03621901556490568,0.00018198770926852335
447,0.028099867884797472,0.020680929383198092,0.03618645402370609,0.00018164769685816208
448,0.028087192308569008,0.020675130322307562,0.03615377847186502,0.0001813062918884415
449,0.028074487263343877,0.020669326198188568,0.03612098765710335,0.00018096353373464065
450,0.02806175236264053,0.020663516902841086,0.036088080117078945,0.00018061943638365407
451,0.028048987217540695,0.020657702366151796,0.036055054266385465,0.00018027399811180295
452,0.02803619144503399,0.02065188245813615,0.0360219087201739,0.000179927242863061
453,0.028023364665258954,0.020646057027819017,0.03598864218014313,0.00017957920141130882
454,0.028010506476425952,0.020640225986164468,0.03595525317590812,0.00017922985507986026
455,0.027997616306208707,0.020634389466526622,0.035921739752160085,0.00017887888925006515
456,0.027984693711115307,0.02062854748216433,0.03588810061907107,0.00017852610513676264
457,0.027971738329630104,0.020622699531098933,0.035854336021687666,0.00017817159419363808
458,0.0279587497606298,0.02061684553089738,0.03582044464917303,0.00017781529989781332
459,0.02794572757052074,0.0206109857200157,0.035786423908592165,0.00017745706878660516
460,0.02793267136599954,0.020605119844698972,0.0357522725744947,0.00017709700640162587
461,0.027919580776056708,0.020599247395113294,0.03571799010547627,0.00017673535984815732
462,0.027906455389844386,0.020593368323258518,0.03568357444090276,0.0001763721784053148
463,0.027893294786141085,0.020587482725728686,0.03564902317087821,0.00017600742623675666
464,0.027880098589282244,0.02058159024280362,0.03561433560206344,0.00017564122606593359
465,0.02786686643665622,0.020575690438469876,0.03557951156519618,0.00017527368514710733
466,0.027853597934744217,0.020569783288153433,0.03554454978756962,0.00017490468907685656
467,0.02784029269588292,0.020563868772975117,0.03550944911809545,0.0001745340992887129
468,0.02782695037086106,0.020557946530304284,0.0354742095551695,0.00017416192952287467
469,0.0278135706075601,0.020552016299714558,0.03543883069365394,0.0001737881691147498
470,0.027800153026208987,0.020546078172446153,0.03540331084489488,0.0001734126847838584
471,0.027786697260334153,0.020540132140999805,0.0353676484871551,0.00017303542190332595
472,0.027773202971811912,0.02053417793633168,0.035331842810615695,0.00017265647335709173
473,0.027759669810810537,0.020528215444032733,0.03529589238181558,0.00017227589041468705
474,0.02774609740970774,0.020522244762418314,0.03525979499070745,0.00017189364914793482
475,0.027732485421513128,0.02051626580910589,0.03522354899352516,0.00017150981370220514
476,0.027718833519463904,0.020510278339213376,0.03518715331575647,0.00017112451709923383
477,0.027705141363578538,0.020504282297619317,0.03515060635554274,0.00017073779485067341
478,0.027691408609122625,0.02049827773385412,0.03511390631276485,0.00017034961271553402
479,0.0276776349371947,0.020492264492090052,0.03507705223576584,0.0001699599979514781
480,0.027663820042243634,0.020486242336875484,0.03504004359793881,0.00016956898578038602
481,0.02764996360676612,0.020480211201668236,0.035002879433366454,0.00016917651842459288
482,0.0276360653170525,0.020474171027147065,0.03496555880807638,0.0001687825282901586
483,0.027622124882183543,0.020468121577073128,0.03492808136962077,0.00016838703118625972
484,0.027608142014946855,0.020462062634666975,0.03489044665536595,0.00016799004920669213
485,0.027594116417938852,0.020455994143583366,0.034852653607593514,0.0001675915528367855
486,0.027580047804040993,0.020449916011495088,0.03481470123232122,0.00016719154608165805
487,0.02756593590567001,0.02044382802561306,0.03477658890575438,0.00016679009890607237
488,0.0275517804553082,0.020437730045020953,0.03473831576725919,0.00016638725683540366
489,0.027537581182404753,0.02043162203318157,0.03469988064094811,0.00016598302103356047
490,0.027523337832980093,0.02042550387568011,0.03466128266803757,0.00016557742369247103
491,0.02750905016940733,0.020419375390611772,0.034622521292425386,0.0001651705203104816
492,0.027494717953605932,0.020413236493132376,0.03458359572300438,0.00016476231587267867
493,0.027480340951659264,0.020407087150927972,0.03454450508288756,0.00016435278415377982
494,0.027465918948601648,0.020400927241671134,0.034505248877469946,0.000163941931436523
495,0.0274514517410988,0.020394756616974413,0.034465826764619484,0.0001635297712004888
496,0.027436939125482968,0.020388575208191234,0.03442623817907458,0.00016311628147681886
497,0.027422380906880005,0.020382382938792448,0.03438648260598604,0.00016270144689034844
498,0.02740777690792151,0.020376179647026506,0.034346559829048176,0.0001622852950853671
499,0.027393126958612436,0.02036996518542041,0.034306469596225526,0.00016186785394692484
500,0.027378430891269033,0.02036373947275223,0.03426621145433367,0.0001614491276500691
501,0.027363688551771827,0.02035750239632577,0.03422578509417706,0.0001610291366106468
502,0.027348899802599004,0.02035125378917407,0.034185190446796354,0.00016060792406566484
503,0.027334064512982398,0.020344993522646557,0.034144427387788494,0.0001601855127781444
504,0.027319182559538278,0.020338721503883567,0.034103495755187584,0.00015976190461719082
505,0.027304253835959604,0.020332437593517418,0.034062395629693466,0.00015933711650349273
506,0.027289278249503557,0.02032614163093356,0.03402112724560581,0.0001589111694488333
507,0.027274255696133475,0.020319833542025025,0.03397969069553211,0.00015848401500202954
508,0.027259186096272085,0.02031351325600915,0.033938086238352365,0.0001580555925924629
509,0.027244069405669147,0.02030718053705068,0.03389631463704751,0.00015762594120896523
510,0.027228905577733033,0.020300835268481126,0.03385437618054934,0.00015719507314203922
511,0.027213694562316953,0.020294477458999954,0.033812270695622364,0.0001567629641925287
512,0.027198436337207345,0.020288106970041374,0.03376999853143972,0.00015632966087802638
513,0.02718313090334258,0.020281723565890475,0.03372756044303611,0.00015589524884488667
514,0.027167778259474716,0.020275327142448507,0.033684956840803956,0.00015545974886541745
515,0.027152378414426272,0.020268917629578866,0.033642188127272446,0.00015502315939291785
516,0.027136931407735966,0.020262494822805444,0.03359925526838495,0.0001545855312535333
517,0.027121437293786563,0.02025605852820447,0.03355615930165563,0.0001541469052509665
518,0.02710589612795063,0.02024960868420804,0.033512900926202786,0.00015370725850203233
519,0.02709030798547919,0.02024314519949437,0.03346948105824066,0.0001532665743366853
520,0.0270746729696868,0.02023666788163056,0.03342590106261621,0.00015282487553299831
521,0.027058991192636783,0.02023017659761157,0.033382162171594815,0.0001523821607062512
522,0.027043262772257715,0.020223671294386215,0.033338265373030244,0.00015193840326544836
523,0.02702748784973823,0.020217151852494546,0.03329421188175835,0.00015149362089201285
524,0.02701166658675661,0.020210618113361847,0.03325000304167479,0.00015104786505980194
525,0.026995799150537222,0.020204070007861934,0.03320563990688869,0.00015060116129754695
526,0.026979885721425578,0.020197507494933313,0.03316112349277521,0.00015015352793722216
527,0.026963926505806764,0.020190930455038923,0.03311645518373378,0.00014970501402108584
528,0.026947921723890236,0.02018433876440077,0.033071636503503817,0.00014925565878870286
529,0.026931871584010548,0.020177732441293065,0.033026668714786184,0.00014880539976024415
530,0.026915776338598037,0.0201711113956117,0.03298155361849297,0.00014835421928774046
531,0.02689963627436512,0.02016447538000277,0.032936293572640156,0.00014790217983431603
532,0.026883451669603903,0.02015782432356463,0.03289089033166449,0.0001474492797063721
533,0.026867222810089558,0.020151158218771472,0.03284534547016956,0.00014699549728417092
534,0.026850950022514572,0.020144476868920607,0.03279966130156785,0.0001465408932803957
535,0.02683463365208239,0.020137780074695705,0.03275384025286042,0.00014608552681460136
536,0.026818274039668282,0.020131067808686374,0.03270788424897918,0.00014562938118607195
537,0.0268018715488653,0.02012433998939228,0.032661795477277225,0.00014517246401757325
538,0.026785426578436487,0.020117596385002608,0.0326155767151892,0.00014471485039603898
539,0.02676893953424499,0.02011083685073474,0.032569230517365245,0.0001442565800372061
540,0.026752410827187125,0.02010406136159492,0.03252275912558198,0.00014379764047580743
541,0.026735840900510587,0.02009726980748637,0.03247616520053334,0.000143338052917548
542,0.02671923022421273,0.02009046203476621,0.03242945166897417,0.00014287785565168394
543,0.026702579271569032,0.020083638013730275,0.03238262110401641,0.00014241703703547429
544,0.026685888529995924,0.020076797735862663,0.03233567604475306,0.00014195558518264733
545,0.02666915851750178,0.020069941079852358,0.03228861944507968,0.0001414935486334866
546,0.0266523897668054,0.0200630679400479,0.032241454230471256,0.00014103098066324565
547,0.026635582815317013,0.0200561783131879,0.03219418302109614,0.00014056789790988715
548,0.026618738223446178,0.020049272164543462,0.03214680863515067,0.00014010433187258215
549,0.02660185657892576,0.02004234939339412,0.03209933423161068,0.00013964033920950495
550,0.026584938479294287,0.020035409956069183,0.032051762878226475,0.00013917594757980768
551,0.026567984533328606,0.02002845384452168,0.032004097616613526,0.00013871116548422465
552,0.02655099537607023,0.020021480971867348,0.03195634185800968,0.00013824603260094448
553,0.026533971662436765,0.020014491228520753,0.03190849918351428,0.00013778059721315485
554,0.02651691405555,0.020007484579391357,0.03186057300164144,0.00013731487583035668
555,0.02649982323632956,0.02000046099801635,0.031812566780091096,0.00013684888229499026
556,0.02648269991090225,0.019993420410001874,0.031764484236834985,0.00013638265353338021
557,0.026465544798961328,0.019986362770311936,0.0317163290478737,0.00013591621907465485
558,0.02644835862996128,0.019979288082333235,0.03166810476242621,0.00013544959514280393
559,0.026431142154127278,0.019972196316000262,0.03161981508923995,0.00013498282027902246
560,0.026413896141895266,0.019965087417848845,0.031571463869299904,0.00013451595018643795
561,0.02639662137410964,0.019957961388746157,0.03152305481369099,0.00013404902262528626
562,0.026379318646008277,0.019950818257606966,0.03147459161156099,0.00013358206608911493
563,0.026361988752265215,0.019943658022322175,0.031426078148208414,0.00013311510030135726
564,0.02634463245109036,0.019936480884531954,0.03137751784129738,0.00013264799829892915
565,0.02632725061107347,0.019929286693426525,0.03132891545723017,0.00013218082620091283
566,0.02630984411075872,0.019922075337299092,0.031280275612468024,0.00013171365096602267
567,0.026292413790557523,0.019914847054297604,0.03123160160222088,0.00013124641581574412
568,0.026274960524455895,0.01990760192499236,0.031182897205339715,0.0001307791583955915
569,0.026257485236922555,0.019900339762484558,0.03113416711211956,0.00013031205201408374
570,0.026239988832930543,0.019893060607079894,0.031085415214565044,0.000129845182937639
571,0.026222472209391272,0.019885764661659453,0.031036644941273433,0.00012937855947713067
572,0.026204936318601553,0.019878451873706637,0.030987860856499325,0.00012891227359505063
573,0.02618738203497514,0.019871122140006855,0.03093906793915186,0.0001284463071379126
574,0.026169810139846695,0.019863776009462226,0.03089026936018252,0.0001279802583479655
575,0.02615222167429005,0.019856413117212292,0.03084147161539004,0.0001275142339997517
576,0.026134617671712115,0.019849033234331816,0.030792680542280588,0.00012704832892418235
577,0.026116999051712043,0.019841636935096503,0.03074389874789987,0.00012658236703556581
578,0.026099366796273313,0.01983422441092654,0.03069512991463723,0.00012611640241932663
579,0.026081721982452153,0.019826795270269367,0.03064637964433481,0.00012565078331582203
580,0.026064065614602994,0.019819349667099986,0.030597651523936724,0.0001251856427156628
581,0.026046398661570637,0.019811888086416,0.030548948126284396,0.00012472094989775826
582,0.02602872220401117,0.01980441040958481,0.03050027459434456,0.0001242568755574502
583,0.02601103735463777,0.019796916440282083,0.030451636733826233,0.0001237935675904393
584,0.025993345153884743,0.019789406558246687,0.030403038502825917,0.00012333089507287075
585,0.025975646675142787,0.019781881014182514,0.030354484450260188,0.0001228687709082351
586,0.02595794307501429,0.019774339601457688,0.030305980791494047,0.00012240731525779507
587,0.025940235472229414,0.0197667824256243,0.030257532476149377,0.0001219465513752373
588,0.025922524939692087,0.019759209945357483,0.030209142997348643,0.00012148639486487408
589,0.025904812613676723,0.01975162227812351,0.030160816972915436,0.0001210269409701228
590,0.025887099659508906,0.019744019407628065,0.030112559406561545,0.00012056837056853304
591,0.025869387184405297,0.019736401711327595,0.030064373764217694,0.00012011072023416198
592,0.025851676301131155,0.019728769556660176,0.03001626353418779,0.0001196540376334215
593,0.025833968185705714,0.019721122955511303,0.02996823360059019,0.00011919851007636956
594,0.02581626400123425,0.019713462047782616,0.029920288521728015,0.00011874424910603082
595,0.02579856487599855,0.019705787237668672,0.029872432063662902,0.00011829122559729666
596,0.02578087198134525,0.019698098710901064,0.029824668995408248,0.00011783947136253381
597,0.025763186520941277,0.019690396486454487,0.02977700483010011,0.00011738906846676456
598,0.025745509659624327,0.01968268082563644,0.02972944418702865,0.0001169399965821587
599,0.025727842553876126,0.019674952034797504,0.029681991437630326,0.00011649223155255826
600,0.02571018639968003,0.019667210183014015,0.029634651721597186,0.00011604587234657948
601,0.02569254238324921,0.01965945540432494,0.02958742981205465,0.00011560101651333851
602,0.02567491165462781,0.019651688055996902,0.029540329553749956,0.0001151576878809122
603,0.025657295382539407,0.019643908392387506,0.029493355145795437,0.00011471596099281502
604,0.02563969475861479,0.019636116534573173,0.02944651130273617,0.0001142759634943811
605,0.02562211094702727,0.019628312756158367,0.029399802198096948,0.00011383775124951338
606,0.025604545100085106,0.01962049738740891,0.029353231838184782,0.00011340134503924039
607,0.025586998397441135,0.019612670590397643,0.029306804919049717,0.00011296682323355048
608,0.02556947201560872,0.019604832535843067,0.029260526144438075,0.00011253425087803974
609,0.02555196710172952,0.019596983545081752,0.029214399657711606,0.00011210362510544403
610,0.02553448480729833,0.019589123878541677,0.02916842981086787,0.00011167496658307664
611,0.025517026284852775,0.01958125371002657,0.029122621288683807,0.00011124831708944147
612,0.025499592160660826,0.019573373281153942,0.029076978501360894,0.00011082317923470712
613,0.025482182776930252,0.019565483349417163,0.029031504454025425,0.00011039853670800587
614,0.025464799332065847,0.019557583178327006,0.028986207441612385,0.00010997466541636177
615,0.02544744289665334,0.019549672676438427,0.028941092692080842,0.00010955168179874387
616,0.025430114313745,0.0195417529059361,0.028896160372473275,0.00010912933331424496
617,0.02541281458715146,0.01953382389723842,0.028851414094082293,0.00010870787109658114
618,0.02539554482392338,0.019525884984881905,0.02880685988800229,0.00010828786144101829
619,0.025378305924391623,0.01951793661306995,0.028762499643650158,0.00010786938259164152
620,0.025361098776865057,0.01950997934380978,0.02871833529539911,0.00010745237397545661
621,0.025343924478873035,0.01950201271673199,0.02867437344802655,0.00010703707253573503
622,0.025326784086038657,0.019494036587631353,0.028630620100722665,0.00010662347826277004
623,0.025309678509833625,0.019486051612983047,0.028587078317678035,0.00010621123331496943
624,0.02529260874243391,0.019478057937654038,0.028543752864031442,0.00010580023197358656
625,0.02527557584457473,0.01947005525256053,0.02850064970184919,0.00010539065164435923
626,0.02525858072886493,0.019462044010016288,0.028457771212455553,0.00010498247635753144
627,0.025241624247704982,0.019454024942129593,0.0284151181509869,0.00010457567537800899
628,0.025224707352844343,0.019445998162285264,0.02837269331631826,0.0001041705272954258
629,0.025207830957401624,0.01943796388924694,0.028330498952931625,0.00010376727756835674
630,0.025190995856621042,0.01942992285491489,0.028288535345525834,0.00010336593260098519
631,0.025174202893027728,0.019421875392415952,0.028246804491919502,0.00010296660222787613
632,0.02515745296872754,0.019413821396797887,0.028205310350481617,0.00010256950183332897
633,0.025140746895575605,0.019405761179620642,0.028164055540807677,0.00010217460779342853
634,0.025124085443006674,0.01939769520375106,0.02812304228587422,0.0001017817820807657
635,0.02510746944633287,0.019389623458274784,0.028082274667529186,0.00010139105455224802
636,0.02509089970759658,0.019381545960321444,0.028041756464081205,0.00010100245445889481
637,0.02507437692558927,0.01937346310955682,0.028001489594575536,0.00010061589711734506
638,0.025057901804352203,0.019365375104358293,0.027961476325094797,0.0001002314349749522
639,0.02504147506763251,0.019357281898694838,0.027921719496870848,0.00009984926956350243
640,0.025025097357395658,0.019349183788186328,0.02788222038298314,0.00009946949261270175
641,0.02500876926942105,0.019341081228490556,0.027842979553952645,0.00009909213013996836
642,0.024992491437635454,0.019332974363054197,0.027803998837032367,0.0000987173071747852
643,0.02497626447297326,0.019324863329300702,0.02776528016547582,0.00009834511057738957
644,0.024960088914838672,0.0193167485023296,0.027726824603371704,0.00009797549183473
645,0.024943965304142675,0.019308630093402473,0.027688633851662234,0.00009760844040775506
646,0.02492789419129227,0.019300508109901582,0.027650710327167823,0.00009724401595712378
647,0.024911876060136683,0.019292382763080276,0.027613055488096092,0.00009688219943719004
648,0.0248959113459021,0.01928425435535083,0.02757567021047732,0.00009652294845580351
649,0.024880000490938678,0.019276122960048346,0.02753855600922169,0.00009616632904599286
650,0.02486414390249943,0.019267988639540934,0.027501714189869488,0.00009581242498460181
651,0.024848341921075046,0.019259851626500856,0.027465145184227335,0.00009546125772872307
652,0.024832594875075536,0.01925171205539214,0.02742884967590708,0.00009511288450197911
653,0.02481690309082235,0.01924356993488864,0.027392828777698598,0.00009476740039399065
654,0.024801266843611048,0.01923542542455707,0.027357082982257596,0.00009442482260245797
655,0.024785686371947713,0.019227278751693992,0.0273216124799251,0.00009408512426870046
656,0.024770161915024114,0.019219129991124323,0.02728641797784256,0.00009374832833127883
657,0.02475469368106973,0.0192109792211548,0.02725150002556043,0.0000934144548028436
658,0.024739281823150418,0.019202826650176818,0.02721685846289989,0.0000930834803936208
659,0.02472392647405045,0.019194672431826848,0.027182493115560136,0.0000927554191115744
660,0.02470862775033616,0.019186516646851524,0.027148403863428195,0.00009243033079899689
661,0.024693385718524495,0.01917835948509519,0.02711458994508084,0.00009210824441313628
662,0.02467820040715793,0.019170201174312198,0.02708105027386424,0.00009178917807288333
663,0.02466307183431865,0.0191620418258033,0.027047784088043484,0.00009147319090665298
664,0.024647999987915382,0.01915388154426265,0.027014790557405,0.00009116033217173025
665,0.024632984812488174,0.019145720510218452,0.026982068482161153,0.00009085060583748966
666,0.024618026234493686,0.0191375588525092,0.026949616794199018,0.0000905440231446828
667,0.0246031241635104,0.01912939664559805,0.026917434543181937,0.00009024060927596104
668,0.024588278468129568,0.019121234038514047,0.026885520350165358,0.00008994035958244926
669,0.02457348898375942,0.01911307120544562,0.026853872564193203,0.0000896432654751549
670,0.02455875552916895,0.019104908250601148,0.02682248961466036,0.00008934935563572803
671,0.02454407789148516,0.019096745294027363,0.026791369673967877,0.00008905866266422196
672,0.02452945581863035,0.019088582522572093,0.026760510476394647,0.00008877120077932614
673,0.024514889037892576,0.019080420095465584,0.02672990971808835,0.00008848699880932131
674,0.024500377256911635,0.019072258141946116,0.026699565093683608,0.00008820609622879772
675,0.024485920149222778,0.01906409684064885,0.02666947400407221,0.00008792850775948778
676,0.024471517362009407,0.01905593637355257,0.026639633748129752,0.00008765423883088486
677,0.02445716852707101,0.019047776863154946,0.026610041771015076,0.00008738330971304669
678,0.02444287324978856,0.019039618436948534,0.026580695403777076,0.00008711573208461063
679,0.02442863110455656,0.019031461258067615,0.026551591729823677,0.00008685150052420727
680,0.024414441646710364,0.019023305461194268,0.026522727821325948,0.00008659062125090545
681,0.02440030441133677,0.019015151160371446,0.026494100696881722,0.00008633311158897984
682,0.024386218903774008,0.01900699850458561,0.02646570710176477,0.0000860789788354414
683,0.024372184606343533,0.0189988476431245,0.026437543654889564,0.00008582823224111812
684,0.024358200985859613,0.01899069868898465,0.026409607011927523,0.00008558089448945693
685,0.02434426748676396,0.018982551767016943,0.026381893696768532,0.00008533698039330508
686,0.024330383530173326,0.018974407027365303,0.026354400062435474,0.00008509649032092953
687,0.024316548522668367,0.018966264598409097,0.02632712247858465,0.00008485942854233918
688,0.024302761854745843,0.018958124596331522,0.02630005728841804,0.00008462580073071184
689,0.024289022882374896,0.018949987160543472,0.026273200661733925,0.00008439558948463884
690,0.024275330921414942,0.018941852511261143,0.026246548451700387,0.00008416871981372234
691,0.024261685336530073,0.01893372060223419,0.026220097461874127,0.00008394524192105519
692,0.024248085454537594,0.01892559152277444,0.026193843836967264,0.00008372516436970286
693,0.024234530548379242,0.01891746558380723,0.0261677826964695,0.00008350842527811284
694,0.024221019907958632,0.01890934288157352,0.026141909834180757,0.00008329505954895795
695,0.024207552824641564,0.018901223394105767,0.026116221387549047,0.0000830851530259892
696,0.024194128541416546,0.018893107312935205,0.0260907126362292,0.00008287870123550025
697,0.024180746256294534,0.018884994807902723,0.02606537900998914,0.00008267564639398321
698,0.02416740467643803,0.018876885953374983,0.026040216565806268,0.00008247540990179373
699,0.024154102834312685,0.01886878076854642,0.026015221867758814,0.000082277692214502
700,0.024140839973485338,0.018860678917037726,0.02599039256363815,0.00008208254371998359
701,0.02412761524113024,0.01885258059057371,0.025965723745065835,0.00008188990154336394
702,0.024114427741898484,0.01884448615085846,0.025941209287027006,0.00008169973363461977
703,0.024101276647215165,0.01883639544372999,0.025916844669979917,0.00008151226948918963
704,0.024088161110744532,0.018828308396354996,0.025892625011799203,0.00008132771202969371
705,0.024075080235332866,0.018820225328418736,0.02586854425517417,0.00008114605587929533
706,0.024062033184793875,0.018812146273993337,0.02584459801199994,0.00008096730840054882
707,0.024049019171376546,0.018804071046726784,0.02582078325624618,0.00008079147340052559
708,0.024036037360522053,0.018795999826685336,0.02579709578185345,0.00008061837746602825
709,0.024023086914173906,0.018787932823892704,0.02577353114883788,0.00008044786051362666
710,0.024010167037048395,0.01877986994300213,0.02575008572160701,0.00008027994972486452
711,0.023997276901798332,0.01877181129914781,0.025726754626192803,0.00008011467741196197
712,0.023984415639603008,0.018763757309212103,0.02570353151704747,0.000079952026981412
713,0.023971582397861412,0.01875570818428179,0.025680410720780505,0.00007979206942352177
714,0.023958776289477676,0.018747664111184236,0.0256573870106579,0.00007963477616185959
715,0.023945996471223703,0.01873962530967388,0.025634455214092893,0.00007948011873124615
716,0.02393324211648802,0.01873159186249442,0.025611610683336603,0.00007932811732628071
717,0.023920512409704733,0.01872356376481888,0.02558884918928715,0.00007917880702842196
718,0.02390780653568018,0.01871554106444543,0.025566166498188814,0.00007903217159698738
719,0.02389512368816373,0.01870752383259406,0.025543558511818255,0.00007888815320602121
720,0.023882463074519987,0.01869951210788624,0.02552102137532984,0.00007874669156777942
721,0.023869823888519413,0.01869150594987515,0.025498551094631294,0.00007860771971800182
722,0.02385720521016772,0.018683505559885613,0.02547614319126234,0.0000784710120296382
723,0.023844606224972233,0.018675510982535018,0.025453793775020838,0.0000783364874330476
724,0.023832026168657528,0.018667521982614357,0.02543149959965839,0.00007820426611149064
725,0.023819464233496783,0.018659538663046298,0.02540925595263334,0.00007807437992381539
726,0.023806919608099428,0.018651561191746185,0.025387058013538757,0.00007794681364548854
727,0.02379439149239381,0.018643589675421953,0.02536490176634616,0.00007782146370262554
728,0.023781879148062894,0.01863562416626968,0.025342783613083206,0.000077698259176575
729,0.02376938181801111,0.01862766480354598,0.025320699476931937,0.0000775771190787412
730,0.023756898757060937,0.01861971156627803,0.02529864570219515,0.00007745805034387637
731,0.02374442925496216,0.01861176422808617,0.025276619389380556,0.00007734114899987787
732,0.02373197259903592,0.018603822796426136,0.025254616939084193,0.00007722641479294395
733,0.023719528078135453,0.018595887516387546,0.02523263408549786,0.00007711374464833737
734,0.02370709501536094,0.018587958511411828,0.02521066710726926,0.00007700308249526112
735,0.023694672745388376,0.01858003584705374,0.025188712403503965,0.00007689441763384104
736,0.0236822605944768,0.018572119668744124,0.025166765913337465,0.0000767877430651848
737,0.023669857911090723,0.018564210028346375,0.025144823865589434,0.0000766831096264629
738,0.023657464071075027,0.018556306946128885,0.02512288272088108,0.00007658058076992464
739,0.023645078427770333,0.018548410667244386,0.025100938319602934,0.00007648009660535997
740,0.023632700208844476,0.01854052159266961,0.02507898623253962,0.00007638136966694241
741,0.023620328812161306,0.018532639749592888,0.025057023549168098,0.00007628435273479922
742,0.023607963677906175,0.018524765049623814,0.02503504759835854,0.00007618910861065088
743,0.023595604200740937,0.018516897845190394,0.02501305384316154,0.0000760955869182351
744,0.023583249806465745,0.018509038325921642,0.02499103822418521,0.00007600383570706068
745,0.023570899972549873,0.018501186383457515,0.02496899784696067,0.00007591401970022532
746,0.023558554158963026,0.018493342249558925,0.024946928813307342,0.00007582614674263255
747,0.023546211836692525,0.018485506240605288,0.024924827269662816,0.00007574014215467394
748,0.023533872538681926,0.018477678266110405,0.024902691192584727,0.00007565603405457376
749,0.023521535807012755,0.018469858300142257,0.024880518535964,0.0000755737996776982
750,0.023509201172018677,0.018462046596990345,0.0248583062919553,0.00007549331663727034
751,0.023496868203861494,0.01845424322765625,0.024836052064820167,0.0000754145632412086
752,0.023484536496534127,0.01844644821960968,0.024813753492166243,0.00007533757849120088
753,0.023472205627322242,0.01843866191862875,0.024791406936076673,0.00007526232147815658
754,0.023459875193323806,0.018430884615865596,0.024769008926953256,0.00007518879206755823
755,0.023447544829920338,0.01842311635305738,0.024746556985885217,0.00007511707968591778
756,0.023435214172942174,0.018415357305813153,0.024724048339178135,0.00007504719929339299
757,0.023422882868277678,0.01840760771957618,0.024701480225044828,0.00007497910369253141
758,0.023410550602871935,0.01839986760766656,0.02467885099533319,0.00007491279613873914
759,0.023398217078853416,0.0183921369953499,0.024656159171010605,0.00007484824930139401
760,0.023385881998020577,0.01838441606002761,0.024633402843339355,0.00007478536932509395
761,0.02337354508959654,0.018376704836168118,0.024610580651371252,0.00007472412315417104
762,0.023361206104594634,0.018369003277247525,0.024587691497910357,0.00007466452776503502
763,0.023348864792502835,0.018361311522418704,0.024564733577406763,0.0000746065546027796
764,0.023336520919832415,0.01835362972325033,0.024541705036414188,0.00007455018929924611
765,0.023324174281912417,0.01834595791759879,0.024518604485670767,0.00007449546717947228
766,0.02331182468225789,0.018338296240817897,0.024495430301478438,0.00007444238114430457
767,0.02329947193635065,0.018330644877395986,0.02447218084421214,0.00007439089011223386
768,0.023287115888836387,0.018323003865385348,0.02444885516933352,0.00007434098958433463
769,0.023274756401298582,0.018315373247089924,0.02442545246011716,0.00007429266218522362
770,0.023262393359314765,0.01830775320343111,0.024401971592733333,0.00007424583733699246
771,0.0232500266621043,0.018300143824261473,0.024378411952468707,0.0000742004473490864
772,0.0232376562281322,0.018292545026372068,0.024354773393360972,0.00007415652308793531
773,0.023225281966430582,0.01828495695770849,0.024331054814572525,0.0000741140458075869
774,0.023212903799743095,0.018277379770564903,0.02430725509585167,0.00007407301000785805
775,0.02320052168475325,0.0182698134153765,0.024283373967510877,0.00007403347587457431
776,0.023188135584022794,0.018262257989452243,0.02425941083957722,0.00007399542665510786
777,0.023175745467890363,0.01825471370804059,0.024235364886050784,0.00007395878263961387
778,0.023163351338532815,0.018247180583010076,0.024211236111291015,0.00007392353326453758
779,0.023150953212249414,0.018239658627487318,0.024187024558710076,0.00007388967302008153
780,0.023138551106386268,0.018232148032752485,0.024162729656640427,0.00007385714230569691
781,0.023126145060466636,0.018224648912697372,0.02413835111523009,0.00007382592472324526
782,0.02311373513299962,0.018217161338852983,0.024113888796622837,0.00007379603482206993
783,0.023101321383529588,0.018209685558190084,0.024089341940044872,0.00007376743733052943
784,0.023088903885935177,0.018202221797592497,0.02406470985707227,0.00007374011692822586
785,0.02307648273640093,0.018194770140206956,0.02403999240487771,0.00007371411521843197
786,0.023064058037935778,0.01818733074007544,0.024015189301304033,0.00007368943759953116
787,0.023051629904348368,0.018179903786451936,0.023990300313308975,0.00007366605523463685
788,0.023039198472182623,0.01817248934200572,0.023965325837058155,0.00007364396276527381
789,0.02302676388922677,0.018165087494064893,0.0239402663208291,0.0000736231309960552
790,0.023014326309248913,0.01815769841651942,0.023915121966861352,0.00007360349935722058
791,0.023001885902894266,0.01815032219903173,0.02388989325706415,0.00007358505244970735
792,0.022989442853384546,0.018142958906455696,0.023864580724653212,0.00007356780199820589
793,0.02297699734876395,0.018135608706888177,0.023839184541795493,0.00007355173351667345
794,0.02296454959086913,0.01812827174685478,0.02381370501124788,0.00007353684176477138
795,0.02295209979725451,0.018120948116485628,0.02378814273125487,0.00007352313451790758
796,0.02293964819268793,0.01811363797051083,0.023762498189029556,0.00007351058437118776
797,0.022927195012783508,0.018106341458562766,0.023736771989361947,0.00007349915634835358
798,0.02291474050828584,0.018099058643963998,0.02371096511270755,0.00007348884178033179
799,0.022902284937858283,0.01809178961833896,0.023685078501414627,0.00007347961923639542
800,0.02288982856765633,0.018084534512810783,0.023659113011703207,0.00007347145250490375
801,0.0228773716767489,0.01807729340372315,0.02363306973038267,0.00007346432694921797
802,0.022864914553032526,0.018070066374378788,0.023606949752379983,0.00007345822817774374
803,0.02285245749048696,0.018062853558152344,0.023580754027434123,0.00007345312684779117
804,0.022840000794140145,0.018055655046859714,0.023554483680515506,0.00007344901117733131
805,0.02282754477900098,0.01804847090812014,0.023528139967610686,0.00007344587735870579
806,0.022815089766291322,0.018041301258157588,0.023501724043395143,0.00007344369945470431
807,0.022802636086541563,0.018034146202863494,0.023475237168768495,0.00007344244992436973
808,0.022790184080138512,0.018027005816843505,0.023448680769128878,0.00007344210946923368
809,0.0227777340931859,0.018019880212549508,0.023422056172609118,0.00007344264611456928
810,0.02276528647851828,0.01801276951111441,0.023395364687053048,0.00007344402999326148
811,0.022752841597441315,0.01800567379860868,0.02336860774129983,0.00007344625057266791
812,0.022740399816788912,0.01799859318256898,0.023341786702404388,0.00007344929373905319
813,0.022727961508853884,0.017991527792521885,0.02331490289399183,0.00007345313753363295
814,0.022715527004805613,0.017984477725549727,0.02328795779837563,0.00007345771958076344
815,0.02270309659387924,0.017977443272414836,0.02326095278733206,0.00007346276399799448
816,0.022690670667737854,0.01797042423869869,0.023233890712927134,0.00007346828645373741
817,0.022678249612441182,0.017963420585930652,0.023206773574221712,0.00007347431166618546
818,0.02266583380955495,0.01795643249715495,0.023179602480012294,0.00007348081639754112
819,0.02265342366229799,0.01794945985350578,0.023152379671196627,0.00007348787455288093
820,0.02264101957771223,0.017942502677430285,0.02312510713678336,0.00007349547292527541
821,0.022628621957694467,0.017935561300946562,0.02309778597353432,0.00007350346204103867
822,0.02261623121984134,0.017928635732509076,0.023070418363088666,0.00007351181471452926
823,0.022603847788855217,0.017921725843677787,0.023043006844968746,0.00007352057618368253
824,0.022591472082607648,0.017914831809097437,0.023015552859391174,0.00007352970163197263
825,0.022579104527775975,0.017907953737264563,0.022988058063084328,0.00007353917789454781
826,0.022566745559489176,0.017901091668433424,0.022960524352227642,0.0000735490206102251
827,0.02255439560647979,0.017894245944766088,0.022932952556082378,0.00007355915049722572
828,0.022542055100383106,0.017887416857535948,0.022905343553609354,0.00007356953212528683
829,0.022529724480872027,0.017880604437319415,0.0228776989968944,0.00007358024417373326
830,0.022517404183850367,0.017873808847872846,0.02285002011800245,0.00007359131237702866
831,0.0225050946460426,0.017867030297241626,0.022822308174744763,0.00007360271385202288
832,0.02249279631215452,0.017860268804097246,0.02279456528385856,0.00007361445128556209
833,0.022480509625128525,0.017853524487916883,0.022766793366442044,0.00007362646392323192
834,0.022468235025380093,0.017846797551936893,0.022738994051786976,0.00007363866308580706
835,0.022455972957743226,0.01784008799933429,0.022711169513528716,0.00007365105570319408
836,0.02244372386544944,0.01783339585685431,0.022683321721373252,0.00007366366432048014
837,0.022431488187820488,0.01782672130553993,0.022655452089118594,0.00007367646445683922
838,0.022419266367020768,0.01782006443343407,0.022627562383753023,0.00007368945683609141
839,0.02240705884510645,0.017813425322393495,0.022599654460216556,0.00007370263066964187
840,0.02239486606023666,0.01780680417161324,0.02257172981929234,0.00007371592476495069
841,0.02238268845143209,0.01780020106525674,0.022543790343282966,0.000073729317518758
842,0.02237052645746171,0.01779361600079549,0.022515838197873974,0.00007374281709142483
843,0.022358380512702756,0.017787049086925744,0.022487875198642007,0.00007375638604861216
844,0.022346251050308713,0.017780500404782584,0.02245990328375196,0.00007376998877573585
845,0.022334138502541942,0.01777396996866684,0.022431924617751144,0.00007378361032487645
846,0.02232204329709049,0.017767457885253708,0.02240394101642189,0.00007379720855240324
847,0.02230996585898826,0.017760964245339225,0.02237595427950753,0.00007381075774752677
848,0.022297906611880636,0.01775448904730375,0.02234796646315889,0.00007382427194510828
849,0.022285865975145275,0.017748032359914925,0.02231997938862032,0.00007383773750628584
850,0.022273844364715637,0.017741594285176847,0.022291994798260564,0.00007385111988667648
851,0.022261842194458214,0.017735174859570043,0.022264014669307046,0.00007386440102676054
852,0.0222498598738053,0.01772877416926507,0.022236040784223726,0.0000738775476954825
853,0.022237897807683024,0.017722392337357333,0.022208074728707446,0.00007389052458420366
854,0.02222595639787663,0.017716029418776928,0.02218011823194249,0.00007390333271120116
855,0.02221403604144948,0.01770968549477051,0.0221521728848778,0.0000739159697034077
856,0.02220213712717403,0.017703360697302512,0.022124240099185104,0.00007392841003449606
857,0.022190260013283326,0.017697055160236296,0.022096321426072176,0.00007394056783259429
858,0.022178405074349372,0.017690768939318428,0.022068418780562867,0.00007395237891837011
859,0.02216657268715608,0.01768450200937236,0.022040534101522766,0.00007396385747917081
860,0.02215476322155083,0.017678254480017475,0.022012668701715015,0.00007397500119035509
861,0.022142977043763792,0.017672026375592325,0.021984824170990604,0.00007398583397334652
862,0.02213121451596325,0.017665817690678175,0.021957002317279935,0.00007399636182909163
863,0.022119475993831045,0.01765962858188562,0.02192920450535017,0.00007400651087539327
864,0.022107761828653143,0.01765345913635806,0.021901432286613648,0.00007401623497235524
865,0.02209607236727102,0.017647309340345547,0.021873687399060576,0.0000740255471133602
866,0.022084407949827058,0.017641179293717803,0.021845971071659365,0.00007403444177737921
867,0.022072768911147712,0.01763506908946791,0.02181828451250407,0.00007404291917899001
868,0.022061155581116425,0.01762897877510279,0.021790629101680403,0.0000740509856775512
869,0.02204956828281582,0.01762290852248694,0.021763005807471144,0.00007405859883465393
870,0.022038007333430927,0.017616858494288012,0.021735415549331782,0.00007406572927655636
871,0.022026473044888455,0.01761082874464746,0.02170785948964793,0.00007407240231140625
872,0.02201496572245838,0.017604819375420497,0.02168033857645755,0.00007407863174637248
873,0.02200348566537208,0.017598830481007213,0.02165285383173794,0.00007408441801728076
874,0.021992033167489072,0.01759286207479223,0.021625406654053565,0.0000740897618861314
875,0.02198060851610575,0.017586914228380567,0.021597998318552337,0.00007409462401471544
876,0.021969211992157484,0.0175809870279784,0.021570630012840986,0.00007409896161088664
877,0.02195784387078831,0.01757508048199041,0.02154330305830499,0.00007410277713690216
878,0.021946504420428874,0.017569194639035418,0.021516018524921538,0.00007410607640914833
879,0.02193519390293879,0.017563329578958387,0.021488777332608337,0.00007410885745873125
880,0.021923912574314027,0.01755748533025874,0.021461580590757423,0.00007411112590380037
881,0.021912660686899718,0.01755166196899109,0.02143442929241524,0.0000741128594255792
882,0.021901438485578056,0.017545859621641662,0.02140732429901211,0.00007411400413397015
883,0.02189024620822665,0.017540078236531288,0.02138026693119351,0.00007411458545665847
884,0.02187908408534388,0.017534317883196572,0.021353257999028357,0.0000741146023416388
885,0.021867952340845785,0.017528578642299047,0.021326298263396302,0.00007411404586747696
886,0.021856851193039012,0.017522860459771347,0.02129938899171222,0.00007411293492522284
887,0.021845780853101102,0.017517163401189795,0.02127253109763748,0.0000741112323838108
888,0.021834741525614175,0.01751148755596745,0.02124572536569739,0.00007410889650724598
889,0.02182373340943919,0.017505832877795804,0.021218972911032367,0.00007410594943691268
890,0.021812756696486014,0.017500199402948013,0.021192274480401452,0.00007410239745771174
891,0.021801811572085873,0.01749458719851707,0.021165630702973913,0.00007409823297402018
892,0.021790898215778457,0.017488996228294737,0.021139042588877225,0.00007409346970827446
893,0.021780016800340304,0.01748342653882521,0.021112510893180492,0.00007408808287899602
894,0.021769167492019983,0.01747787821281444,0.02108603619420274,0.00007408204036499402
895,0.02175835045121123,0.017472351233905798,0.021059619287793596,0.00007407535974671127
896,0.021747565831656157,0.01746684564113098,0.021033260698419338,0.00007406805084131175
897,0.02173681378064884,0.017461361499752748,0.021006960846206752,0.00007406011165474664
898,0.02172609443965703,0.017455898788005988,0.020980720474508982,0.00007405155674924579
899,0.0217154079437187,0.017450457532535428,0.02095454019379215,0.00007404237242484164
900,0.021704754421604255,0.017445037784679623,0.0209284205054975,0.00007403253582513266
901,0.021694133996309827,0.017439639518321344,0.020902362096480106,0.00007402205869246528
902,0.0216835467845271,0.017434262746343913,0.020876365460610734,0.00007401094606104154
903,0.02167299289676794,0.01742890750346367,0.020850430996665593,0.000073999193971151
904,0.021662472437786615,0.017423573761080485,0.0208245593196103,0.00007398681278407247
905,0.021651985506194085,0.017418261529148483,0.020798750913287988,0.00007397379438800594
906,0.021641532194600296,0.01741297083770821,0.02077300615581363,0.0000739601257293595
907,0.0216311125899679,0.01740770166013536,0.020747325553054103,0.00007394581922171695
908,0.021620726773286494,0.017402453998439836,0.0207217094733047,0.00007393088018571921
909,0.021610374819697888,0.017397227863791817,0.02069615824831955,0.00007391530624216216
910,0.02160005679876155,0.017392023214634247,0.0206706723976867,0.00007389910458995974
911,0.02158977277421692,0.01738684003586521,0.020645252350936807,0.00007388226816434972
912,0.021579522804116694,0.017381678321766934,0.020619898469889396,0.00007386478837187997
913,0.0215693069410385,0.017376538025589663,0.0205946111968666,0.00007384667607551714
914,0.02155912523190498,0.01737141912658842,0.020569390845491354,0.0000738279362182882
915,0.021548977718103417,0.01736632160792253,0.020544237702411334,0.00007380856969861888
916,0.021538864435641757,0.017361245415660916,0.02051915217824905,0.00007378858433103082
917,0.02152878541503797,0.017356190519815445,0.020494134593978863,0.00007376797642675583
918,0.02151874068144926,0.017351156893461617,0.020469185226159297,0.00007374674275578195
919,0.021508730254784635,0.017346144481847733,0.020444304397828753,0.00007372489337115056
920,0.02149875414964015,0.017341153253237773,0.020419492321137708,0.00007370243217483442
921,0.021488812375396037,0.017336183172661654,0.020394749204810284,0.00007367936177232737
922,0.021478904936292703,0.01733123417816793,0.02037007534188827,0.00007365568974712068
923,0.021469031831421893,0.01732630622658803,0.020345470948544567,0.00007363141512494858
924,0.02145919305483639,0.01732139926946658,0.020320936228428264,0.00007360653968415975
925,0.021449388595604132,0.01731651323872307,0.020296471416171715,0.00007358107364671694
926,0.021439618437837912,0.01731164808418623,0.020272076664360927,0.00007355502077949613
927,0.0214298825607576,0.017306803746303792,0.020247752148176316,0.00007352838481854638
928,0.021420180938718253,0.017301980148091256,0.020223498093979945,0.00007350117183100772
929,0.021410513541283264,0.017297177228169987,0.020199314657765144,0.0000734733815602507
930,0.02140088033327634,0.017292394916356216,0.020175201992879324,0.00007344501834426236
931,0.021391281274823145,0.017287633132305656,0.020151160253674732,0.00007341609178254359
932,0.021381716321442264,0.01728289180962598,0.02012718952772838,0.00007338660627060671
933,0.021372185424052573,0.017278170868978395,0.020103289938032985,0.0000733565674675795
934,0.02136268852901231,0.01727347022078413,0.02007946163583975,0.00007332598106023294
935,0.02135322557823531,0.017268789785127435,0.020055704725246412,0.00007329484805859298
936,0.021343796509183097,0.0172641294697491,0.02003201932617081,0.00007326317419983192
937,0.021334401254934562,0.017259489178434038,0.020008405546007406,0.00007323096729904478
938,0.02132503974429446,0.017254868823762284,0.019984863445573615,0.00007319823141745376
939,0.021315711901743924,0.017250268305313284,0.01996139311874635,0.0000731649726813707
940,0.02130641764753109,0.017245687520184134,0.019937994656521633,0.00007313119604262587
941,0.0212971568977807,0.01724112637132923,0.019914668111659158,0.00007309690411963936
942,0.02128792956444243,0.01723658475067875,0.019891413548905102,0.00007306210398265807
943,0.021278735555417694,0.017232062551916782,0.019868231005107553,0.00007302680247940237
944,0.021269574774634356,0.017227559672412806,0.019845120490602622,0.00007299100410102798
945,0.021260447121976344,0.017223075998257953,0.019822082043674354,0.00007295471498352057
946,0.0212513524934397,0.017218611417326772,0.019799115684696923,0.00007291793917354448
947,0.021242290781188465,0.01721416581819426,0.019776221412871223,0.00007288068041996185
948,0.02123326187350713,0.01720973908062055,0.019753399234108935,0.00007284294606479311
949,0.021224265654981214,0.017205331088371002,0.01973064912211262,0.00007280474218769053
950,0.02121530200649558,0.017200941723788617,0.01970797104314914,0.00007276607407713482
951,0.021206370805194507,0.01719657086125101,0.01968536498095395,0.00007272694775270744
952,0.021197471924678947,0.017192218378579927,0.019662830895983276,0.00007268736690236368
953,0.021188605234977984,0.01718788415055606,0.01964036874103333,0.00007264733621525691
954,0.021179770602564464,0.017183568047207873,0.01961797846443945,0.00007260686246870144
955,0.02117096789053986,0.017179269942814462,0.019595659983504016,0.00007256595102459178
956,0.021162196958555934,0.017174989707354805,0.01957341321782966,0.00007252460763519806
957,0.021153457662867782,0.017170727207198838,0.019551238089024026,0.00007248283786413727
958,0.021144749856500403,0.017166482311333574,0.019529134497709395,0.00007244064562494919
959,0.021136073389163658,0.017162254883680755,0.019507102345207236,0.00007239803644145366
960,0.021127428107363882,0.017158044786903484,0.019485141520436226,0.00007235501637315216
961,0.021118813854521596,0.01715385188556044,0.01946325189261015,0.00007231159043912631
962,0.021110230470867054,0.017149676039046515,0.019441433337711804,0.00007226776427817623
963,0.021101677793597916,0.01714551710672628,0.019419685721700736,0.0000722235425314886
964,0.02109315565694698,0.017141374948630234,0.019398008895198438,0.00007217892927705861
965,0.02108466389211963,0.017137249420741817,0.019376402706217166,0.0000721339301343814
966,0.02107620232747849,0.017133140380661643,0.019354866982022136,0.00007208855041242276
967,0.021067770788540035,0.01712904768554526,0.01933340153900964,0.00007204279519284725
968,0.02105936909794075,0.01712497118910707,0.01931200619514958,0.00007199666980376494
969,0.02105099707562588,0.017120910746710037,0.019290680753015245,0.00007195017831279271
970,0.021042654538815642,0.017116866212210105,0.019269425007648094,0.00007190332507591992
971,0.021034341302038104,0.01711283743759159,0.019248238745950733,0.00007185611525636553
972,0.0210260571773015,0.017108824276718105,0.019227121735262476,0.00007180855353090295
973,0.021017801974010535,0.017104826581233756,0.01920607373918838,0.0000717606449391044
974,0.021009575499051684,0.017100844201831125,0.019185094515053104,0.00007171239420993696
975,0.021001377556918045,0.01709687699043046,0.019164183806156487,0.00007166380525628888
976,0.02099320794963823,0.017092924796803428,0.019143341350950027,0.00007161488264479424
977,0.02098506647692021,0.017088987471239773,0.01912256687351098,0.00007156563097823812
978,0.020976952936214776,0.017085064864730343,0.019101860084017704,0.00007151605468089231
979,0.020968867122657085,0.01708115682628081,0.019081220689250604,0.00007146615852615239
980,0.020960808829233093,0.017077263205871395,0.019060648383692008,0.00007141594662329399
981,0.020952777846789405,0.017073383853407377,0.01904014285209923,0.0000713654229621829
982,0.020944773964038692,0.017069518617717865,0.01901970377157843,0.00007131459200514226
983,0.020936796967723353,0.01706566734910775,0.018999330803318504,0.00007126345795190305
984,0.020928846642575164,0.01706182989716922,0.018979023601007984,0.00007121202520434551
985,0.02092092277136823,0.01705800611095121,0.018958781811624942,0.00007116029809203173
986,0.020913025135050063,0.017054195840654894,0.0189386050701196,0.00007110828037124984
987,0.02090515351269373,0.01705039893568339,0.018918493004747242,0.0000710559760608912
988,0.020897307681618897,0.01704661524609383,0.018898445231535447,0.00007100338921797568
989,0.020889487417469824,0.017042844622987552,0.018878461353312125,0.0000709505238198467
990,0.02088169249417408,0.017039086916754074,0.01885854096650212,0.0000708973841195804
991,0.020873922684085607,0.017035341978745393,0.018838683656692643,0.00007084397400168416
992,0.02086617775800729,0.017031609660717765,0.018818889000431594,0.00007079029720320481
993,0.020858457485205227,0.01702788981426866,0.01879915656640769,0.00007073635765502975
994,0.020850761633556363,0.017024182292438107,0.01877948591004292,0.00007068215910967126
995,0.020843089969532234,0.017020486948385146,0.018759876578294882,0.00007062770548811184
996,0.02083544225825806,0.017016803635536218,0.018740328110059976,0.00007057300070984763
997,0.02082781826362842,0.017013132208454667,0.018720840033906224,0.0000705180483925077
998,0.02082021774827842,0.017009472521665316,0.018701411871593628,0.00007046285229437715
999,0.020812640473703507,0.017005824430703167,0.01868204313435368,0.0000704074161296059
1000,0.0208050862003206,0.017002187792184084,0.018662733322774846,0.00007035174358154764
1001,0.020797554687463454,0.016998562462887293,0.01864348193039831,0.00007029583849650059
1002,0.020790045693513216,0.01699494830078556,0.018624288441148957,0.00007023970449786551
1003,0.02078255897591074,0.01699134516446051,0.018605152331384225,0.00007018334517338804
1004,0.02077509429120996,0.016987752913059484,0.018586073069812924,0.00007012676418789097
1005,0.020767651395194573,0.01698417140718391,0.018567050114518986,0.00007006996510686625
1006,0.020760230042872554,0.016980600508002916,0.018548082916135182,0.0000700129516425987
1007,0.020752829988564273,0.016977040077626515,0.01852917091735392,0.00006995572746697204
1008,0.020745450985978575,0.01697348997929669,0.01851031355286239,0.00006989829610940493
1009,0.020738092788216665,0.016969950076751908,0.018491510251428173,0.00006984066117912406
1010,0.02073075514789422,0.01696642023505578,0.018472760433142794,0.00006978282620988228
1011,0.020723437817176105,0.01696290032034657,0.018454063510258842,0.00006972479477776432
1012,0.02071614054781754,0.016959390199603852,0.018435418888358382,0.00006966657054200736
1013,0.02070886309127273,0.0169558897412012,0.018416825965173557,0.00006960815703682144
1014,0.02070160519870278,0.016952398814317145,0.018398284132764276,0.00006954955783278349
1015,0.020694366621061926,0.01694891728924479,0.018379792776606077,0.00006949077649592005
1016,0.020687147109176504,0.016945445037660215,0.01836135127476745,0.00006943181656279922
1017,0.020679946413762064,0.01694198193214864,0.018342958999681115,0.00006937268167719969
1018,0.020672764285526675,0.016938527846667203,0.018324615317197555,0.00006931337541996042
1019,0.02066560047521384,0.01693508265630455,0.01830631958780383,0.00006925390134852634
1020,0.0206584547336451,0.016931646237147362,0.018288071167216903,0.00006919426305435268
1021,0.02065132681182689,0.016928218466747035,0.018269869404983277,0.0000691344640832008
1022,0.02064421646097065,0.016924799223755848,0.018251713645737695,0.0000690745080672647
1023,0.020637123432572433,0.016921388388132712,0.018233603228937523,0.00006901439865221309
1024,0.020630047478484643,0.016917985841225343,0.01821553748909894,0.00006895413943951003
1025,0.020622988350940726,0.01691459146543949,0.018197515757168412,0.00006889373406755417
1026,0.020615945802654852,0.01691120514462236,0.01817953735948755,0.00006883318613498217
1027,0.02060891958686538,0.01690782676391215,0.018161601618362288,0.00006877249928077036
1028,0.02060190945738988,0.01690445620971307,0.018143707852377094,0.00006871167720139252
1029,0.02059491516871239,0.016901093369935,0.01812585537606871,0.00006865072356365153
1030,0.020587936476008584,0.01689773813367732,0.018108043501317304,0.00006858964206780298
1031,0.02058097313522901,0.016894390391430092,0.018090271537008696,0.00006852843639718024
1032,0.02057402490315883,0.016891050035100538,0.01807253878909801,0.00006846711023869044
1033,0.020567091537458965,0.016887716957866398,0.01805484456124334,0.00006840566734389947
1034,0.0205601727967556,0.016884391054434712,0.01803718815432897,0.0000683441114550915
1035,0.02055326844067361,0.016881072220840912,0.01801956886746313,0.00006828244634007545
1036,0.0205463782299018,0.016877760354494276,0.018001985998176907,0.00006822067577213876
1037,0.02053950192626443,0.016874455354301238,0.017984438842254882,0.00006815880351221879
1038,0.020532639292756658,0.01687115712048896,0.017966926694449013,0.00006809683337789616
1039,0.020525790093626862,0.01686786555480058,0.017949448848142847,0.00006803476919771139
1040,0.020518954094419613,0.0168645805604042,0.017932004595970708,0.00006797261482127152
1041,0.02051213106202894,0.016861302041836734,0.01791459323037286,0.00006791037411763332
1042,0.020505320764769727,0.016858029905150472,0.017897214043409666,0.0000678480509373238
1043,0.020498522972415768,0.01685476405776294,0.0178798663274227,0.00006778564916828482
1044,0.020491737456268946,0.01685150440858086,0.017862549374850732,0.00006772317271793849
1045,0.020484963989214296,0.016848250867993398,0.017845262478539174,0.00006766062551306378
1046,0.020478202345760036,0.016845003347777335,0.017828004932358255,0.00006759801151104625
1047,0.020471452302109526,0.016841761761229344,0.01781077603111549,0.00006753533465708305
1048,0.020464713636199023,0.016838526023054596,0.01779357507112981,0.00006747259891846503
1049,0.02045798612775611,0.016835296049428895,0.01777640135023206,0.0000674098082807992
1050,0.020451269558358052,0.016832071758035548,0.017759254167895647,0.00006734696674337576
1051,0.020444563711468976,0.016828853067963966,0.01774213282583445,0.00006728407833812261
1052,0.020437868372503963,0.016825639899811746,0.017725036627993785,0.00006722114709346181
1053,0.020431183328868553,0.01682243217560865,0.01770796488103847,0.00006715817705220583
1054,0.02042450837000989,0.016819229818837073,0.01769091689449811,0.00006709517227319845
1055,0.02041784328747203,0.01681603275448613,0.017673891980809493,0.00006703213682400208
1056,0.02041118787493283,0.016812840908961523,0.017656889455850026,0.00006696907480130172
1057,0.020404541928257452,0.016809654210161118,0.0176399086389648,0.00006690599030337209
1058,0.020397905245541022,0.01680647258742188,0.01762294885340633,0.0000668428874378737
1059,0.020391277627150012,0.016803295971518653,0.017606009426534036,0.00006677977032455124
1060,0.020384658875777104,0.01680012429471876,0.017589089689855026,0.00006671664308733947
1061,0.02037804879647184,0.01679695749070765,0.017572188979452088,0.00006665350987377027
1062,0.020371447196691272,0.016793795494643125,0.017555306636063795,0.00006659037483538761
1063,0.020364853886337804,0.01679063824311355,0.017538442005470067,0.00006652724213023964
1064,0.020358268677796946,0.016787485674123404,0.017521594438749385,0.00006646411592366508
1065,0.020351691385983577,0.016784337727137957,0.01750476329233031,0.00006640100037955891
1066,0.02034512182837152,0.01678119434302446,0.017487947928351073,0.00006633789967684677
1067,0.0203385598250407,0.01677805546409399,0.017471147714752285,0.00006627481799625519
1068,0.020332005198706503,0.016774921034068472,0.017454362025580067,0.000066211759522017
1069,0.0203254577747551,0.01677179099806207,0.01743759024125792,0.00006614872844144543
1070,0.020318917381284083,0.016768665302613946,0.017420831748669107,0.00006608572893631483
1071,0.020312383849126946,0.016765543895639435,0.01740408594146055,0.00006602276519539984
1072,0.02030585701189458,0.016762426726463456,0.017387352220133254,0.0000659598414044704
1073,0.020299336705999697,0.01675931374578975,0.017370629992308834,0.00006589696174818132
1074,0.02029282277068875,0.01675620490568371,0.01735391867298257,0.0000658341304085298
1075,0.020286315048074422,0.016753100159591312,0.01733721768462752,0.00006577135155760466
1076,0.02027981338315603,0.01674999946229701,0.01732052645745996,0.00006570862936702557
1077,0.02027331762385566,0.01674690276995125,0.01730384442952174,0.00006564596800006154
1078,0.020266827621037698,0.01674381004004048,0.017287171046915677,0.0000655833716140856
1079,0.020260343228534036,0.016740721231374264,0.017270505764011106,0.00006552084435755123
1080,0.020253864303170808,0.016737636304091665,0.017253848043575548,0.00006545839036403307
1081,0.02024739070478549,0.016734555219625163,0.017237197357008207,0.00006539601375868432
1082,0.020240922296253412,0.016731477940721037,0.017220553184402656,0.0000653337186518439
1083,0.020234458943504133,0.016728404431409275,0.017203915014762095,0.00006527150914243994
1084,0.020228000515541553,0.016725334656995956,0.017187282346158142,0.00006520938931397038
1085,0.02022154688446195,0.01672226858405753,0.01717065468587122,0.00006514736323017633
1086,0.020215097925468186,0.016719206180409844,0.01715403155059958,0.00006508543493842411
1087,0.020208653516888185,0.016716147415120168,0.01713741246651887,0.00006502360846424014
1088,0.020202213540185015,0.016713092258475948,0.017120796969470345,0.00006496188781499626
1089,0.020195777879972843,0.0167100406819819,0.01710418460507838,0.0000649002769752662
1090,0.020189346424028174,0.016706992658344827,0.017087574928894463,0.00006483877990445343
1091,0.020182919063296296,0.016703948161448663,0.01707096750655009,0.0000647774005376164
1092,0.02017649569190517,0.01670090716635857,0.017054361913826723,0.00006471614278125487
1093,0.020170076207170207,0.01669786964928851,0.017037757736825213,0.00006465501051665434
1094,0.020163660509600893,0.016694835587601094,0.017021154572023876,0.00006459400759502235
1095,0.020157248502907805,0.016691804959783285,0.017004552026439124,0.00006453313783669436
1096,0.020150840094003305,0.01668877774542849,0.016987949717726346,0.00006447240502954453
1097,0.020144435193007085,0.016685753925228853,0.016971347274260206,0.0000644118129261929
1098,0.020138033713245174,0.016682733480946763,0.016954744335260334,0.00006435136524634467
1099,0.020131635571252256,0.016679716395411562,0.016938140550840575,0.00006429106567257827
1100,0.020125240686768117,0.016676702652490685,0.016921535582133523,0.00006423091785072644
1101,0.020118848982735592,0.01667369223707645,0.01690492910136304,0.00006417092538653554
1102,0.02011246038529776,0.01667068513506782,0.016888320791928736,0.00006411109184419315
1103,0.02010607482378991,0.016667681333346757,0.01687171034848139,0.00006405142074687442
1104,0.02009969223073743,0.016664680819768796,0.01685509747697454,0.00006399191557372796
1105,0.02009331254184234,0.01666168358313269,0.016838481894745128,0.00006393257976062518
1106,0.02008693569597826,0.016658689613168368,0.016821863330568426,0.00006387341669620825
1107,0.020080561635178507,0.016655698900510878,0.01680524152473021,0.00006381442972158668
1108,0.0200741903046217,0.01665271143668047,0.01678861622906141,0.00006375562212894988
1109,0.020067821652623483,0.01664972721406498,0.016771987206992054,0.00006369699716009314
1110,0.020061455630617078,0.01664674622589142,0.01675535423359632,0.00006363855800639473
1111,0.02005509219314048,0.01664376846621098,0.016738717095620238,0.00006358030780545143
1112,0.02004873129781626,0.01664079392986818,0.01672207559153461,0.00006352224964115685
1113,0.02004237290533594,0.01663782261248418,0.016705429531552813,0.00006346438654119628
1114,0.020036016979437476,0.01663485451042991,0.01668877873765311,0.0000634067214769438
1115,0.020029663486886493,0.016631889620802694,0.01667212304360763,0.00006334925736227084
1116,0.02002331239745045,0.016628927941403658,0.016655462294975956,0.00006329199705160048
1117,0.02001696368387658,0.016625969470707616,0.016638796349148045,0.00006323494333935396
1118,0.020010617321868127,0.016623014207843647,0.016622125075334906,0.00006317809895750065
1119,0.02000427329005374,0.01662006215256338,0.01660544835457255,0.0000631214665758487
1120,0.019997931569961852,0.01661711330522007,0.01658876607970823,0.0000630650488001365
1121,0.019991592145992713,0.016614167666738622,0.016572078155412895,0.00006300884817151074
1122,0.019985255005385526,0.016611225238588708,0.016555384498158986,0.000062952867165018
1123,0.019978920138186973,0.016608286022758496,0.016538685036201452,0.00006289710818818763
1124,0.019972587537219654,0.016605350021723853,0.01652197970957571,0.00006284157358065841
1125,0.01996625719804606,0.016602417238424268,0.01650526847004617,0.00006278626561255885
1126,0.01995992911893393,0.01659948767622976,0.01648855128109873,0.0000627311864844258
1127,0.01995360330081941,0.016596561338915218,0.016471828117894452,0.00006267633832530361
1128,0.01994727974726715,0.016593638230627532,0.0164550989672363,0.00006262172319235767
1129,0.01994095846443507,0.01659071835585761,0.01643836382753919,0.00006256734306961833
1130,0.019934639461028716,0.016587801719409843,0.016421622708757504,0.00006251319986737252
1131,0.019928322748263644,0.016584888326370378,0.01640487563235869,0.000062459295421527
1132,0.019922008339820805,0.016581978182078294,0.016388122631250755,0.00006240563149235829
1133,0.019915696251802936,0.01657907129209075,0.016371363749740082,0.00006235220976416656
1134,0.019909386502689787,0.01657616766215486,0.016354599043454817,0.00006229903184396169
1135,0.019903079113290808,0.016573267298172732,0.016337828579282995,0.00006224609926147462
1136,0.01989677410669941,0.016570370206171862,0.016321052435297488,0.00006219341346805028
1137,0.019890471508243305,0.016567476392270738,0.016304270700680818,0.0000621409758364031
1138,0.01988417134543669,0.016564585862647172,0.0162874834756492,0.00006208878765967436
1139,0.019877873647928007,0.01656169862350468,0.01627069087136179,0.00006203685015096745
1140,0.019871578447450067,0.01655881468103888,0.01625389300984109,0.00006198516444296949
1141,0.01986528577776685,0.01655593404140553,0.016237090023869746,0.00006193373158736952
1142,0.01985899567462121,0.01655305671068553,0.016220282056904765,0.00006188255255472724
1143,0.01985270817568033,0.016550182694852693,0.01620346926296991,0.00006183162823365886
1144,0.01984642332047976,0.01654731199973791,0.01618665180655498,0.00006178095943085493
1145,0.019840141150370073,0.016544444630997482,0.01616982986251082,0.00006173054687042654
1146,0.019833861708457468,0.016541580594077274,0.016153003615930608,0.0000616803911940725
1147,0.019827585039548175,0.016538719894180192,0.016136173262037132,0.00006163049296055782
1148,0.019821311190090198,0.01653586253623129,0.016119339006065853,0.00006158085264573734
1149,0.019815040208114025,0.01653300852484391,0.016102501063139568,0.00006153147064220306
1150,0.01980877214627771,0.016530157864285883,0.0160856596581387,0.00006148235036409173
1151,0.019802507085356434,0.01652731065877498,0.016068814856977243,0.0000614334551860065
1152,0.019796245006656287,0.01652446662876438,0.016051967806128303,0.00006138481666624927
1153,0.019789986055572646,0.01652162607991976,0.01603511797300205,0.00006133638105247489
1154,0.019783730196613232,0.016518788601469936,0.01601826670693631,0.0000612882537560322
1155,0.019777477611727143,0.016515954648038338,0.016001412936484587,0.00006124037639188702
1156,0.01977122824170316,0.016513123783962417,0.015984558094511027,0.00006119283883853763
1157,0.019764982263334875,0.016510296491495966,0.01596770121455858,0.00006114552892719165
1158,0.019758739599010193,0.016507472264109157,0.015950844117309848,0.00006109851143906675
1159,0.019752500426175542,0.016504651548653652,0.015933985953343437,0.00006105168685320332
1160,0.01974626468465397,0.016501833885026514,0.015917128220292658,0.00006100515556892174
1161,0.019740032565037546,0.016499019777016594,0.015900269671259373,0.00006095885376907655
1162,0.019733804020970313,0.016496208839491728,0.015883411516241966,0.00006091287823019166
1163,0.019727579232890632,0.01649340153577093,0.01586655275655178,0.00006086714580934552
1164,0.019721358146528766,0.016490597427705315,0.015849694968694268,0.00006082172508459869
1165,0.01971514093254371,0.016487796909588157,0.01583283748164945,0.00006077652662566476
1166,0.019708927537139362,0.016484999533186228,0.01581598189558807,0.00006073162483551638
1167,0.0197027181438146,0.016482205739168476,0.0157991273408953,0.00006068693646706419
1168,0.01969651269983862,0.016479415082861437,0.0157822753554866,0.000060642545879862105
1169,0.01969031140739991,0.016476628055810565,0.015765424929794266,0.000060598365630493924
1170,0.01968411419425246,0.016473844121791967,0.015748577876711137,0.00006055449711826787
1171,0.01967792128345522,0.016471063837642342,0.01573173304998302,0.00006051083581627313
1172,0.019671732562030624,0.01646828652812304,0.015714892697899732,0.00006046749432763449
1173,0.01966554829336573,0.016465512909867915,0.01569805529970188,0.00006042432355743926
1174,0.019659368309522474,0.016462742110561167,0.015681223657149693,0.000060381467531368346
1175,0.019653192952826627,0.016459975115240947,0.01566439546954781,0.00006033874367611687
1176,0.01964702197050412,0.016457210722530282,0.01564757435030255,0.00006029637791332769
1177,0.019640855823203643,0.016454450333441093,0.01563075683257633,0.00006025412324728445
1178,0.019634694103883157,0.016451692202166475,0.015613948055909894,0.000060212290534705044
1179,0.01962853745509528,0.016448938405953455,0.015597142805014546,0.000060170488138914545
1180,0.01962238522049037,0.016446186322084427,0.015580348639132534,0.000060129170579436806
1181,0.01961623835934042,0.016443439162835694,0.01556355721862094,0.00006008775278054087
1182,0.019610095811875915,0.016440692852623513,0.015546779955112028,0.00006004696822999884
1183,0.019603959074124922,0.01643795250937448,0.01553000329113491,0.000060005906523462876
1184,0.019597826386648476,0.016435211568938103,0.015513245398985553,0.000059965737913261615
1185,0.019591700160978623,0.01643247841535428,0.015496483931226013,0.00005992495937914113
1186,0.01958557741210512,0.01642974214729565,0.015479748849777384,0.00005988549485399433
1187,0.019579462174272574,0.016427016895017355,0.01546300226339973,0.000059844826575272
1188,0.019573349283813962,0.016424284049528618,0.015446294976579874,0.00005980623896936874
1189,0.019567245711780156,0.016421568094354324,0.015429561075843368,0.00005976540225715734
1190,0.019561142318753163,0.016418836425921932,0.01541288918774099,0.00005972805528303381
1191,0.019555051492441244,0.016416132570294218,0.015396161918423154,0.00005968653846239639
1192,0.01954895667302203,0.016413397906565763,0.015379538187427181,0.00005965112897083205
1193,0.019542880458069716,0.016410711699106434,0.015362804103592635,0.00005960793824475729
1194,0.019536792153707593,0.016407965934549372,0.015346251969533,0.00005957582525161975
1195,0.01953073402428394,0.01640530844260262,0.015329482887973218,0.000059529004086676004
1196,0.019524647897386244,0.01640253553586832,0.015313047278224143,0.00005950290587309397
1197,0.019518614710659157,0.016399929321992295,0.015296184196825468,0.00005944854930176834
1198,0.01951252176954918,0.016397096914616886,0.015279954208428306,0.00005943401324663243
1199,0.019506527624253665,0.016394588697459106,0.015262873870167386,0.0000593641527610816
1200,0.01950040930408541,0.01639163019288967,0.015247032318366584,0.0000593726475224231
1201,0.019494484379041964,0.016389318660130537,0.01522947527916227,0.00005927066307897313
1202,0.019488302812339417,0.016386095243449358,0.015214406247319899,0.000059326319426078254
1203,0.019482515077631393,0.016384194404271732,0.01519581859831211,0.00005915695369723987
1204,0.01947619619477354,0.016380415369124903,0.015182346587866363,0.00005931150807536231
1205,0.019470710383455093,0.016379405776198726,0.015161529740021152,0.000058998659252136375
1206,0.01946412851118487,0.016374470731262088,0.015151463949056289,0.000059364990111522686
1207,0.01945939108941186,0.01637549086590192,0.015125793179570947,0.000058741587595752436
1208,0.019452447335746692,0.0163682374052695,0.015123197861998346,0.00005957035807752306
1209,0.01944987060783757,0.016374228667537877,0.015086888679401975,0.00005826420441929691
1210,0.01944325708408167,0.016362903423642647,0.015101159364167673,0.00006012178760549179
1211,0.01944813657390751,0.016382523369180012,0.015041585183669439,0.00005729616799361132
1212,0.01944808767261442,0.016367559392583064,0.015095246084945063,0.00006147906304234234
1213,0.019482829332100157,0.016430297046613074,0.01498631786981402,0.00005526871152427728
1214,0.019524707284177517,0.016433063095876072,0.015134714025826446,0.00006470138313615532
1215,0.01967636702151605,0.01663884595832483,0.014931113126081908,0.000051298437974838914
1216,0.019870020490719596,0.0167412764071033,0.01528700382386671,0.00007134331884295627
1217,0.020218749497390127,0.01718843376322073,0.01492135071815733,0.00004604559053793315
1218,0.02028163760178484,0.0171159802447939,0.015445341137849873,0.00007658912942096516
1219,0.020022407822797586,0.017000857178675,0.014872230574339921,0.0000471045292546004
1220,0.019487405676535372,0.016410387949976468,0.015064905507566406,0.00006403662504562253
1221,0.019410410666213112,0.016351268791466523,0.014987650044971816,0.00006161186575222646
1222,0.019737885659406616,0.01672312305047418,0.014825389978579528,0.00004968461321653044
1223,0.01981907714105066,0.016713183855646307,0.015174812647892855,0.0000709307558257847
1224,0.019564628874142596,0.016552794847386757,0.014800614732643172,0.00005171108022720123
1225,0.01935613766940203,0.01632870481596622,0.014848020780127025,0.00005782869741040139
1226,0.019506016545780092,0.01644321214853052,0.014987081172951413,0.00006538816265928717
1227,0.019666369550799607,0.016665912916427137,0.014752081462192673,0.00005004034193393326
1228,0.01945286316602636,0.01640154123517702,0.014935270716926472,0.00006426778746404578
1229,0.0193330749371409,0.016313702624162645,0.014804151761677304,0.00005854196064279186
1230,0.01946225132279893,0.016466697597614623,0.014714338294354534,0.00005268606631339958
1231,0.019500692293127054,0.016449198698148974,0.014929073349144725,0.00006567892514913292
1232,0.019385347905688417,0.016392040398006902,0.01469566491521026,0.00005417452463946409
1233,0.019319604249257265,0.01632077677001496,0.01471055012245061,0.00005671745475218033
1234,0.019395861306923154,0.0163686722527968,0.014818824097971967,0.00006342423453196016
1235,0.019428004377269978,0.016448614388283805,0.014633229522376775,0.00005274408451081833
1236,0.019309658294474997,0.016305967386312507,0.014716927087112162,0.000060305490740056725
1237,0.019299966495943417,0.01630084797010405,0.014695756383632944,0.000059967249112775245
1238,0.01937420434352437,0.01640247177218013,0.014591503260919209,0.00005343191916040182
1239,0.019332221055897086,0.016327486005720735,0.014713841537863108,0.00006196674260372997
1240,0.01927690457516399,0.016299491257780293,0.014603549609920972,0.00005670339539950401
1241,0.019294057070336913,0.016325299547885783,0.014567828136405765,0.000055191895169974897
1242,0.019313180589676324,0.016318241771389415,0.014666339710056993,0.00006167087627551
1243,0.019289663021190746,0.01632832476632732,0.014532263676982243,0.00005488551946697601
1244,0.01924955197038587,0.016281388136311473,0.014553257347683531,0.00005751236453768979
1245,0.01926442871729622,0.016287221339538926,0.014585269005930613,0.00006015357657117032
1246,0.019284249653510555,0.016333507943627958,0.014481782400778282,0.00005438522972693824
1247,0.01924089909172864,0.016273887525311746,0.014539298276751175,0.000059151911066659394
1248,0.01922774597951656,0.016268483892613407,0.014506184364845381,0.00005802521393407429
1249,0.019249405020184542,0.016304988777447516,0.014447212140247636,0.000054973814687501316
1250,0.019235275788843244,0.016272785593844,0.014513284870427037,0.0000598332209138394
1251,0.019216140876467565,0.016272125806841467,0.01443828940420327,0.00005635718878544273
1252,0.019211175269528435,0.01627031894809892,0.01442292591932395,0.00005627113756472316
1253,0.019213593869221945,0.016261576202078368,0.014463080466470567,0.000059401573849464233
1254,0.01921108915980938,0.016279228529303264,0.014382315457313319,0.00005539753904345328
1255,0.01918870341598068,0.016250922972932912,0.014401099829997597,0.00005756047704824782
1256,0.019185921453353925,0.016247857394058846,0.014398994213558176,0.000058265216583443216
1257,0.019194446818685047,0.016271233999985257,0.014339237931417469,0.000055365232416296125
1258,0.01917661692025837,0.016243322878277698,0.014374304453472554,0.000058433151286159145
1259,0.0191672627115394,0.01624293769524703,0.014336625621870061,0.00005699989191836143
1260,0.019168520943831164,0.016251062566837428,0.014307548246722299,0.00005594872764927711
1261,0.019161715739183783,0.016235748386541224,0.014337448142193692,0.000058477724203819
1262,0.019156075388071438,0.016243537604175174,0.014282525980774386,0.0000560325877413884
1263,0.01914566766399402,0.016232696040738605,0.014280859803607842,0.000056799662533845355
1264,0.019141775397476874,0.01622671904478465,0.014285766539176228,0.000057903044856980134
1265,0.019142475377767382,0.016239625089912498,0.014235679860654717,0.00005571431572394279
1266,0.019129460933619214,0.01622178379642768,0.014250799758665382,0.00005751718545845919
1267,0.019123447682289192,0.016220603850398828,0.0142290323615991,0.00005703735957054313
1268,0.01912305963324218,0.016227481907804778,0.01419820013324982,0.00005593769878743569
1269,0.019114458193029003,0.016213820440915627,0.014214665527900527,0.00005770464653326994
1270,0.019109400941413984,0.016217819927653917,0.014176705472967989,0.000056239919166467584
1271,0.01910282816122234,0.01621300608974418,0.01416685425758275,0.0000564512199616118
1272,0.019097402153883954,0.016206123299533755,0.014169456239118678,0.000057387606526462116
1273,0.01909523471904693,0.016213238999212277,0.014130591918056754,0.000055877336223301046
1274,0.01908582193053532,0.01620190949609443,0.014134797773891017,0.00005695287966268461
1275,0.019080417904366587,0.01620001762039817,0.01411818484798254,0.00005676331437190666
1276,0.019078010778276727,0.016203892280576136,0.014090996930551762,0.000055919111590237584
1277,0.019070171705491218,0.016193580956238598,0.01409746802273499,0.00005709714470562154
1278,0.019065556765619905,0.016195721268845643,0.014068358261455333,0.00005616384448319488
1279,0.019059757079533255,0.016192169439342822,0.014056688923740368,0.00005624985544236018
1280,0.019053906892700753,0.0161861634287,0.01405438316562534,0.000056866830875685434
1281,0.01905068753667745,0.0161899787325427,0.01402435769391286,0.0000558372653521783
1282,0.019043051066711614,0.016181830186238717,0.014023407953350402,0.00005653928980281326
1283,0.019037808119355674,0.016179883809496552,0.014007763045776505,0.000056371700703820744
1284,0.019034076826166913,0.01618106180866032,0.013985892454942816,0.000055836526518031585
1285,0.019027200512573197,0.016173419663095327,0.013985899782028577,0.00005660089307215328
1286,0.019022748871857165,0.016174531867931052,0.013961447676262954,0.000055927468673521855
1287,0.01901694421382846,0.016170772555534674,0.013950623445875082,0.000056046969118769844
1288,0.019011219628572305,0.016166132960740067,0.013943569008884264,0.00005637286605538692
1289,0.019007408916533602,0.016167777351365646,0.013919665264727812,0.00005569851222239226
1290,0.019000651292645682,0.016161246501238468,0.013915964947096637,0.00005621180198788663
1291,0.018995603807614544,0.016159683085999816,0.013899682373171787,0.00005598424698037102
1292,0.018991021600186175,0.016158771964240096,0.013882674305557445,0.00005571477483458925
1293,0.01898482790354248,0.016153020839814576,0.013878136424275128,0.00005617977887288034
1294,0.018980426509542025,0.016153395154825962,0.01385681393546468,0.00005566856762312578
1295,0.018974538274804754,0.016149179911566103,0.013847510017738329,0.00005585635969098591
1296,0.01896909898849281,0.01614582320749181,0.013836649901518028,0.000055945800697395926
1297,0.018964776739388515,0.016145764473363043,0.013817366556140085,0.00005553895479745325
1298,0.018958565467357028,0.016140352619589012,0.013811493760345395,0.00005591409569893649
1299,0.018953731055047926,0.016139196554674717,0.01379448135197795,0.000055638229977615664
1300,0.018948574139379122,0.016136748822690193,0.013781239705090324,0.000055577375670863375
1301,0.018942870486427833,0.016132469207298286,0.013772994434197518,0.000055802392290042944
1302,0.018938378599196115,0.016132059581646978,0.01375445702796262,0.00005542761195661464
1303,0.01893252037685418,0.01612766817359119,0.013746058205014842,0.00005564056226002381
1304,0.018927383129090057,0.016125322605339214,0.013732525906731468,0.00005555534240454744
1305,0.0189225656447317,0.016123764059329512,0.013717183324733314,0.00005536492045552696
1306,0.018916788355703956,0.01611936587135994,0.013709129936148782,0.00005559649711426095
1307,0.018912066755610874,0.016118273266335043,0.01369235595843898,0.00005532229758803411
1308,0.01890659032618694,0.016114874453373857,0.01368161488539572,0.00005539289573393918
1309,0.018901266993162944,0.016111794474399876,0.013670253829819437,0.00005542175279918022
1310,0.01889652046020197,0.016110410875661896,0.013654568130527452,0.00005519595843458203
1311,0.018890835963887298,0.016106286495823297,0.013645887652925582,0.00005537193747888577
1312,0.018885922750021926,0.016104505791299177,0.013631105929676987,0.00005519577278735249
1313,0.01888071177456022,0.01610175829599952,0.013618920940419622,0.00005516929047677697
1314,0.018875301607089508,0.016098351809023304,0.013608522503291674,0.00005524529740786795
1315,0.018870511089210264,0.01609682810118758,0.013593224233986009,0.00005503814122548247
1316,0.01886497947250515,0.016093123254653206,0.013583529602919026,0.00005515029726813874
1317,0.018859934268317755,0.016090849901643937,0.013570178078894398,0.000055048750894939197
1318,0.01885486265612031,0.01608843353790103,0.013557292771965468,0.000054970563826189984
1319,0.018849442030357252,0.01608495205888026,0.013547199868207651,0.00005504999783546041
1320,0.018844581375023883,0.016083159137073293,0.013532729606278635,0.00005487631669486218
1321,0.018839191230756395,0.016079792966805256,0.013522324471792467,0.00005493336959264447
1322,0.018834070069746463,0.016077196239120108,0.013509983111882794,0.00005487720824979909
1323,0.01882905549468039,0.016074883518454704,0.013496960156833928,0.0000547799448589
1324,0.01882367088382953,0.01607146544999763,0.01348680311753603,0.0000548448103246949
1325,0.018818744168887718,0.016069423224439935,0.013473081711220476,0.0000547046022036874
1326,0.018813457327419753,0.01606630177563154,0.013462163535824393,0.00005472284462333263
1327,0.01880830031849872,0.01606353794998455,0.013450366515704566,0.00005468906537326052
1328,0.018803299292867563,0.01606121407002101,0.013437473391970474,0.000054590544452456905
1329,0.018797965999865957,0.016057899298575845,0.013427153120279265,0.0000546360772342602
1330,0.018792992410521583,0.01605565122605516,0.013414092676897988,0.00005452264908682547
1331,0.018787773381289435,0.01605266263478918,0.013402969479091517,0.000054516850681953344
1332,0.01878260908988647,0.01604981667830289,0.013391511617726073,0.000054490088038363236
1333,0.018777601726516668,0.016047422664995155,0.013378909392099667,0.00005439718310158031
1334,0.01877231882042117,0.01604421011318335,0.013368424823388026,0.00005442374256021509
1335,0.018767314790052912,0.016041819781774387,0.013355829231083187,0.000054329162061886705
1336,0.018762136262830225,0.016038901933196806,0.013344616618889684,0.000054311005855481155
1337,0.01875698109358033,0.016036037593352738,0.013333296296124017,0.00005428424100278945
1338,0.018751960936545246,0.01603355983348847,0.013321005448602674,0.00005420001333624333
1339,0.01874672139575362,0.016030427581599626,0.01331041810529799,0.00005421019309439259
1340,0.018741700025567444,0.01602793151015737,0.013298209115153026,0.00005412669237946863
1341,0.018736544728184455,0.016025029642699584,0.013287066534046089,0.000054101778675653067
1342,0.018731407103651856,0.01602216793987241,0.013275843071920418,0.00005407054939536301
1343,0.018726373244168693,0.01601960317411229,0.013263873218721746,0.00005399542631205412
1344,0.018721169952272448,0.01601653341513727,0.013253218138861766,0.00005399290936282552
1345,0.018716139302888152,0.016013965907952156,0.013241284421756547,0.00005391651058468752
1346,0.01871099670022417,0.016011059767520062,0.013230241370779614,0.00005388865854818724
1347,0.018705878903096686,0.016008215994260902,0.013219058631138394,0.00005385118260810712
1348,0.01870083164756068,0.016005569897165027,0.013207387017650092,0.000053784346865633694
1349,0.018695658508237074,0.016002545882441824,0.013196705908379045,0.000053771444119439654
1350,0.018690623423903287,0.015999920044031255,0.013185017809410853,0.00005369981798986002
1351,0.018685488888938513,0.015996993654053018,0.013174122081957534,0.000053670818493990344
1352,0.018680391104968913,0.015994166468021577,0.01316298965293588,0.000053626706360158324
1353,0.018675331200147884,0.015991442498538216,0.013151608211230929,0.00005356705936348317
1354,0.018670183996138255,0.015988455475061773,0.01314091813986743,0.000053544893102997496
1355,0.018665145296649893,0.015985780241290475,0.013129440344782833,0.000053476986402852087
1356,0.01866001701822719,0.015982834869785013,0.01311867407876217,0.00005344733268974553
1357,0.018654937279610755,0.015980023666235757,0.013107580967002555,0.000053397419974486005
1358,0.01864986587422841,0.01597722862621573,0.013096464910481598,0.000053344265916359485
1359,0.018644742219253146,0.01597427285532968,0.013085779683846398,0.00005331342715418543
1360,0.018639698872641514,0.015971545335865988,0.01307452340741817,0.00005324885529189206
1361,0.01863457766027727,0.015968582910726732,0.013063886706329395,0.000053217408284657224
1362,0.018629512563351654,0.015965777947150133,0.01305286019144436,0.000053162577912650295
1363,0.018624431334568398,0.01596291899044092,0.013041987603303811,0.00005311482346671388
1364,0.01861932948156322,0.015959993246656614,0.013031301485519944,0.000053075937802617554
1365,0.01861427920632598,0.015957212334530072,0.013020257275467491,0.000053015416702411996
1366,0.018609167302974947,0.015954244938380952,0.013009707152528966,0.000052980934088199785
1367,0.018604111811331946,0.015951436189081847,0.012998763649300577,0.00005292289238998676
1368,0.018599023418771597,0.015948524667363007,0.01298809922736411,0.00005287890593576514
1369,0.018593941059549545,0.015945624372200436,0.012977420560811876,0.000052832575186735153
1370,0.018588881890714812,0.01594278581934087,0.012966597361491689,0.00005277659907560317
1371,0.018583782416183133,0.015939823715259035,0.012956105655090228,0.000052737569906052655
1372,0.01857873069455174,0.015936995749702157,0.012945282033915265,0.000052678538066530045
1373,0.01857363945994966,0.015934046896066045,0.012934781958298504,0.00005263617222391488
1374,0.018568572656316555,0.015931164094014225,0.012924124330626865,0.00005258369617695992
1375,0.018563503892778537,0.015928270226986126,0.012913507585375102,0.00005253214871738919
1376,0.01855841894634601,0.01592532375999739,0.012903038786805853,0.00005248742898744809
1377,0.01855336496152786,0.015922462496740446,0.01289236360146278,0.00005242974449485646
1378,0.01854827646944425,0.015919495194135654,0.01288197392563705,0.0000523864901811849
1379,0.018543219420086368,0.01591661465311962,0.012871373445740542,0.000052330077818640924
1380,0.018538143231864444,0.015913673231575626,0.012860941583444392,0.00005228168359993759
1381,0.018533072659941276,0.01591074342037244,0.012850491392278762,0.00005223096111308453
1382,0.018528011989661326,0.01590783790856702,0.012839989858725778,0.000052176109349148676
1383,0.01852293158293464,0.015904870231013012,0.01282965927342754,0.000052129497236120884
1384,0.01851787706542245,0.0159019738082026,0.012819156176900078,0.00005207202183983486
1385,0.0185127984407951,0.015899002598257612,0.012808856452801907,0.00005202455197710543
1386,0.01850773858039691,0.0158960818885681,0.0127984375821994,0.000051969175388928346
1387,0.018502670323233234,0.015893132317600648,0.01278810375276423,0.00005191725507973975
1388,0.018497600843346205,0.01589017489434816,0.01277780070218477,0.00005186580856108902
1389,0.018492542446600473,0.015887245712170095,0.012767435272333707,0.00005180967996363763
1390,0.01848746768524747,0.015884264713975783,0.012757213374268927,0.00005176029641790193
1391,0.0184824119509516,0.015881335537209988,0.01274686781684012,0.00005170285037358875
1392,0.018477339664490857,0.015878354286546766,0.01273666590901447,0.00005165219614119679
1393,0.01847227951194214,0.0158754049038767,0.01272639116748168,0.00005159637456910573
1394,0.01846721454036662,0.015872437858383593,0.01271617104708301,0.000051542472566420486
1395,0.018462147858219015,0.01586946228572561,0.012705981953518557,0.00005148918178969111
1396,0.0184570893625394,0.015866507214888855,0.012695749029315388,0.00005143234178746759
1397,0.018452019159332533,0.015863514522301298,0.012685621993488671,0.00005138023833350351
1398,0.018446962492141523,0.015860558159888103,0.012675410042681325,0.000051322323717154625
1399,0.018441893681053066,0.015857563060675536,0.012665306474507114,0.00005126932547610648
1400,0.018436834293185534,0.015854592460263786,0.012655147958488528,0.00005121224122404208
1401,0.01843177008770974,0.015851604789643044,0.012645041415392166,0.00005115701498825972
1402,0.01842670627679659,0.015848615421233603,0.012634946967779863,0.000051101462007012695
1403,0.018421646578185284,0.01584563533781931,0.012624836125246907,0.00005104401531659244
1404,0.018416579745573848,0.015842631643337844,0.012614793690811796,0.00005098936407364498
1405,0.018411521983641217,0.015839651879325463,0.012604696884812151,0.000050930727353325534
1406,0.01840645503893201,0.015836642600100835,0.01259468352408809,0.00005087573401355788
1407,0.018401396238477558,0.015833654687765097,0.012584622051012991,0.000050817140509862824
1408,0.01839633158664418,0.01583064718844773,0.012574618003767985,0.00005076079744285129
1409,0.018391270031126967,0.01582764644052644,0.012564603176207475,0.000050702955359032454
1410,0.01838620836174812,0.0158246431229209,0.01255460146548217,0.00005064494573078541
1411,0.018381144114545406,0.015821630094120926,0.012544631136773631,0.0000505877930697542
1412,0.018376084482170554,0.015818628570182566,0.012534637150487925,0.00005052848189040265
1413,0.018371018892610766,0.01581560757099597,0.012524699403580442,0.00005047144089870701
1414,0.01836595959614019,0.015812603153351003,0.012514724536336955,0.00005041153552179645
1415,0.018360894288019552,0.01580957920262115,0.01250480583740404,0.00005035391791759673
1416,0.018355833814082095,0.015806567670576845,0.012494860551461835,0.000050294033212881924
1417,0.018350769846081832,0.015803544140227145,0.012484951695204714,0.00005023536681374671
1418,0.01834570746400432,0.015800523644494923,0.012475040183322723,0.00005017578284485161
1419,0.01834064502271413,0.015797501430996855,0.012465138111971077,0.00005011596932306052
1420,0.018335580859074795,0.015794472679298517,0.01245525776995202,0.000050056625785873705
1421,0.018330519408425,0.015791450535073106,0.012445364932303582,0.000049995886891176396
1422,0.018325454132512124,0.015788415799520308,0.012435509176356725,0.00004993649772046924
1423,0.01832039280393107,0.015785391462191198,0.012425630802404213,0.00004987518125903139
1424,0.018315327205691904,0.015782353347948214,0.012415792343384293,0.000049815389066832506
1425,0.018310265195898658,0.015779324706587473,0.012405933397937411,0.00004975380972370011
1426,0.018305199867235347,0.015776285207570014,0.012396106528900363,0.00004969335388526039
1427,0.018300136681693398,0.015773251053485298,0.01238626954155232,0.00004963171989763607
1428,0.018295071869960152,0.015770211185597818,0.01237645095222478,0.000049570493917378874
1429,0.018290007364461146,0.01576717139488859,0.012366635572180077,0.00004950885513654109
1430,0.018284942986306996,0.01576413122831274,0.012356824420998816,0.00004944687379449456
1431,0.018279877287215317,0.01576108646384563,0.01234702831297108,0.000049385160775472785
1432,0.018274813057907617,0.01575804542821957,0.012337225469760855,0.00004932253573587717
1433,0.018269746438482448,0.015754996745028293,0.012327445310103909,0.000049260631433372615
1434,0.01826468201021343,0.015751954055406216,0.012317652248185516,0.00004919750517011144
1435,0.018259614758165853,0.01574890254660639,0.012307884664837593,0.000049135278591943165
1436,0.0182545498142553,0.015745857508448133,0.012298102663228469,0.000049071773161475006
1437,0.018249482147813755,0.015742804068696915,0.012288344786059288,0.00004900912190498097
1438,0.01824441646079216,0.01573975626074342,0.01227857436339997,0.000048945327368746
1439,0.01823934850539478,0.015736701525273695,0.012268823931727346,0.0000488821937756186
1440,0.018234281951408672,0.015733650838031726,0.012259064765700534,0.00004881816023684103
1441,0.018229213745468507,0.015730595170578725,0.012249320247078487,0.00004875452547408714
1442,0.018224146281389658,0.015727541702580148,0.01223957155022505,0.000048690268764500194
1443,0.018219077797962575,0.015724485239505637,0.012229832098287517,0.000048626138799432456
1444,0.018214009432348893,0.015721429223426363,0.012220092797733818,0.00004856164937576658
1445,0.018208940613453496,0.015718372005352556,0.012210357818944273,0.000048497044312083984
1446,0.018203871382315977,0.015715313760573044,0.012200626571867261,0.00004843230736948024
1447,0.01819880216386911,0.015712255812000257,0.012190895472962994,0.000048367257276251464
1448,0.018193732104661704,0.01570919566081961,0.012181170923625178,0.00004830225911705618
1449,0.018188662429701095,0.015706137022908923,0.0121714430990721,0.000048236786977753164
1450,0.018183591568368258,0.01570307524644082,0.012161724036946191,0.000048171514538200726
1451,0.018178521401782815,0.015700016010385034,0.012151998780792976,0.00004810563523918449
1452,0.01817344974974111,0.015696952822464444,0.012142284198479151,0.0000480400875808369
1453,0.018168379084123974,0.015693893136161437,0.012132560691995005,0.00004797380956353681
1454,0.018163306631220042,0.015690828668678207,0.012122849832048763,0.00004790799613208366
1455,0.018158235487636256,0.015687768761461,0.012113127063724385,0.00004784131343037708
1456,0.018153162196975426,0.015684703068364832,0.012103419374634217,0.000047775253683752494
1457,0.018148090631569417,0.015681643274090058,0.012093696054470856,0.00004770814658518903
1458,0.018143016433987493,0.01567857630098739,0.012083991274473151,0.000047641878105470044
1459,0.01813794455009621,0.015675517079529255,0.012074265799595682,0.000047574310647816616
1460,0.018132869330412013,0.015672448614117845,0.012064564112901657,0.00004750789371383893
1461,0.018127797297765886,0.0156693906095412,0.01205483443634276,0.00004743980095613469
1462,0.018122720866789455,0.015666320195484744,0.01204513671955889,0.00004737332739293295
1463,0.018117648956686643,0.015663264341572548,0.012035400075615165,0.000047304599991062496
1464,0.018112571004362893,0.015660191136812416,0.012025708249135611,0.00004723821772335393
1465,0.018107499655376037,0.01565713886583586,0.012015960561989883,0.00004716867714220407
1466,0.01810241966719815,0.015654061395421835,0.01200627821871693,0.000047102628032927405
1467,0.018097349597876504,0.015651014983857632,0.011996513201957548,0.000047031973627360684
1468,0.018092266702773196,0.015647930664078994,0.01198684690516806,0.00004696665766059061
1469,0.018087199115427496,0.015644893842855518,0.011977054480562223,0.00004689437645953105
1470,0.018082111816472846,0.015641798143785406,0.011967415988450773,0.00004683047499728557
1471,0.0180770487717771,0.01563877724047316,0.011957579259530528,0.000046755679397836216
1472,0.018071954453136748,0.01563566216103871,0.01194798957206347,0.000046694377685342254
1473,0.018066899562004624,0.015632668205237128,0.011938079279983672,0.00004661550077076109
1474,0.018061793575911228,0.015629519422578515,0.01192857625108732,0.0000465589031152473
1475,0.018056753316164815,0.0156265721228729,0.011918540330050794,0.00004647312728175657
1476,0.01805162728484262,0.015623363618867016,0.011909193096222686,0.00004642504673106448
1477,0.018046613572221096,0.015620499023889123,0.01189893669395409,0.00004632720954115746
1478,0.01804145221587633,0.015617182799124005,0.011889873618600935,0.0000462946930321359
1479,0.018036487587604184,0.01561446837381795,0.011879220283321933,0.00004617515712184471
1480,0.018031262873998845,0.015610954608559362,0.011870683927142328,0.00004617148001101663
1481,0.018026391438770027,0.015608519748503656,0.011859298879765428,0.00004601191431328217
1482,0.018021052316276927,0.015604638536566713,0.01185175608557026,0.00004606256259615846
1483,0.018016364482849247,0.015602738533500842,0.011838992455347074,0.000045827458278988183
1484,0.018010821526386712,0.015598167371003328,0.011833359341498352,0.000045982287083714875
1485,0.01800651538979918,0.01559732446534577,0.011817946529442751,0.00004560161856485688
1486,0.01800063126310647,0.01559145952948991,0.011816058793242528,0.00004595997496805345
1487,0.017997184925269468,0.015592798298685493,0.011795466886776289,0.00004529324922871865
1488,0.017990846990958525,0.015584572094981923,0.011801090545173806,0.00004605678694184142
1489,0.017989572881249187,0.015590706780058373,0.011770242130186969,0.000044817675153421066
1490,0.017983246776964286,0.015578577702187226,0.011791328334060219,0.00004640340796501568
1491,0.01798830939415381,0.015596292011525334,0.011740084234323128,0.000044000535763850635
1492,0.017985966637874586,0.015579868572053814,0.011794061681672675,0.00004728572948623532
1493,0.01801227191464687,0.015629197170285915,0.011702889725281607,0.00004249679930463182
1494,0.01803470986303041,0.015619459389230305,0.011829577955886454,0.000049334882622817205
1495,0.018136839981522452,0.015764130767627876,0.01166494005200222,0.00003972120349413003
1496,0.018264722314002807,0.015820205088827328,0.011953698345480795,0.000053777556079318216
1497,0.018582411334842987,0.01621357382275509,0.011667667774658835,0.000035303957156130224
1498,0.018893478045034814,0.01638594347731684,0.01223253758706773,0.00006102705030443056
1499,0.019205027035468846,0.01683024370488283,0.011715266805582308,0.000031729969469555064
1500,0.018909071105327815,0.016398604540438757,0.0122477908861981,0.00006090838764943796
1501,0.01830805425118457,0.015951287335071566,0.011600167525411213,0.00003673341103076315
1502,0.017923441982886017,0.015543824833903371,0.011674398677400433,0.000044737413502557094
1503,0.01815609460346468,0.01573451490073151,0.011847918490730127,0.000051996004587146785
1504,0.018548183107149372,0.016192889785002447,0.01160182310286512,0.000034928701573900024
1505,0.018361154218482948,0.015923342168467705,0.011913698663767944,0.000055072317261655075
1506,0.018004618313048563,0.015651744455746807,0.011562958721834177,0.00004028211293492128
1507,0.01795684079647946,0.015602851040744773,0.011563775746437239,0.00004123460644724052
1508,0.018191380757803306,0.01577312948394828,0.011827891759146756,0.00005267292202567358
1509,0.01825290477703633,0.015910437740112568,0.011528609826123724,0.00003674507169902055
1510,0.017969308416064457,0.015584171587703229,0.011684161632239908,0.000048304501913247635
1511,0.017895922580320803,0.01552847624397512,0.01160893050084785,0.000045660236176114086
1512,0.018085841311106073,0.015747999056555995,0.011498119371830502,0.0000382183801839779
1513,0.01807795827313723,0.015682305962724467,0.011723948471923783,0.00005086261602800351
1514,0.017935048295462636,0.01559592700399231,0.011492624571518275,0.000040596377166669284
1515,0.01788088345186622,0.015538461040301309,0.011501316609507452,0.000042159089663421714
1516,0.017979366417573122,0.015602760714194338,0.01163868466899312,0.00004886876958016103
1517,0.018007858117201996,0.015678102400690237,0.011455747800293757,0.00003860615645300734
1518,0.017874208257663254,0.015516756483366817,0.01155884029385093,0.000045683715526251
1519,0.01785592764718556,0.015504018444965547,0.011535710032859893,0.00004476719564803453
1520,0.01794327629910895,0.015616765011141296,0.011437182311073402,0.0000390748257529735
1521,0.017915828215096574,0.015552678089381588,0.011579633076627594,0.0000472235103894673
1522,0.017846870712749038,0.015516168531667216,0.011446103703342002,0.00004148144041342191
1523,0.017845204673991512,0.015516984489005316,0.011434656076477286,0.00004128896969073813
1524,0.01788072644227595,0.015527992554857853,0.01153128810880138,0.000046476265657823044
1525,0.017877372502754573,0.015557414977220638,0.011401292388852456,0.000039699047763443835
1526,0.017815282620809635,0.015481263601076219,0.011452641302983917,0.00004349075913663336
1527,0.017819376774207186,0.015483008872485911,0.011460868911217668,0.00004419411947774044
1528,0.017855606182331164,0.015540599042512943,0.011376595725261786,0.00003968799476586354
1529,0.01782519009221635,0.01548806568807033,0.01146111473471982,0.00004490145720205312
1530,0.017796424897559237,0.015476421200910811,0.011390368094298154,0.00004193007778879529
1531,0.017805503857595276,0.015492042217576642,0.011363184188580457,0.0000408248023025415
1532,0.017811248958430732,0.015480889661887022,0.011428104560148113,0.000044738384514087594
1533,0.017802128275362,0.015493918987163562,0.011338774305420884,0.00004045442711426448
1534,0.017775477977654174,0.015461101766292722,0.011360031037671843,0.000042370003827085725
1535,0.017778459123429062,0.015460055686471255,0.011374487762514573,0.000043505884454888815
1536,0.017791441446895605,0.015489543101363894,0.011308887571986871,0.00004012083113433645
1537,0.0177695756924778,0.015454643368512992,0.01135793374012198,0.00004334557594041341
1538,0.017757207098810446,0.015451336295934877,0.011320276571895682,0.000041815488496435826
1539,0.017762348488339283,0.015463294608169,0.011292034661227445,0.000040646947924791975
1540,0.01775876387548586,0.015448656595099227,0.011333589285482807,0.00004338942329007398
1541,0.017751526772293785,0.015456224827546664,0.011273266572278947,0.000040648630291328876
1542,0.017738488165841733,0.015440763524763507,0.011280549429601848,0.000041614755157854914
1543,0.01773715481068829,0.01543651492286779,0.011290552573041998,0.00004252937321209787
1544,0.017741171303650338,0.01545246632302634,0.011242672079508628,0.00004017056472227142
1545,0.017726829965872784,0.01543027595259252,0.011271640109085159,0.000042225991463229865
1546,0.017719811742552043,0.015429129343119517,0.011246917524201113,0.00004129889459230005
1547,0.01772019243004647,0.01543492507569268,0.01122425777520798,0.00004041579931219459
1548,0.017714829485319505,0.015422782650514387,0.011249324951715036,0.000042181844462109365
1549,0.017710086491315977,0.015428258355659327,0.01120749515365275,0.00004032910492610012
1550,0.017701244608137906,0.015418173983631489,0.011210592661023682,0.00004095209230168042
1551,0.017697513522838007,0.015413430287395433,0.011213019566902308,0.00004147932206211373
1552,0.01769786282852982,0.01542230357024912,0.01117816500924066,0.00003992625643256435
1553,0.017688240367168515,0.015407934732405565,0.01119505270141723,0.00004129509447950367
1554,0.017682883068074154,0.015407475683787331,0.011174256341860152,0.000040556115914793303
1555,0.017680266770793995,0.015408453910025221,0.011158717492834544,0.000040069362201867456
1556,0.017674884089221635,0.015399451356583969,0.011171451738083047,0.00004114238502105872
1557,0.0176715014083896,0.015403625641174434,0.011140142108583849,0.0000398473454983952
1558,0.017664142139883793,0.015395354616038396,0.011141928710744198,0.00004040178169655868
1559,0.01765964780917872,0.015391722275933599,0.011136779188608345,0.00004056969552345362
1560,0.01765786631870033,0.015395821898017848,0.011112024565453885,0.00003963950759170639
1561,0.017650775766881854,0.015385973149717298,0.011121102731301116,0.00004058207090433148
1562,0.01764628379634029,0.01538618185460565,0.011101028414738574,0.000039896258786925814
1563,0.017641928685518497,0.015383905304374394,0.011091295304760917,0.00003976432019191857
1564,0.017636889255975983,0.015377694206789094,0.011094310701408436,0.00004033290890520323
1565,0.017633813329365547,0.01538028184998355,0.011070442220111278,0.00003944303535974379
1566,0.017627350760925545,0.01537297205778267,0.01107205432644108,0.00003996783785465971
1567,0.017622786046152854,0.015370655328308296,0.011061548923736553,0.00003982093309724789
1568,0.017619515817894917,0.015371168153621438,0.011045072410195648,0.000039333182234348676
1569,0.017613793463879392,0.0153642488941405,0.011048115891931363,0.000039921391352619324
1570,0.01760985115179063,0.015364720832318147,0.011029177946538847,0.00003929473016471457
1571,0.01760466653932999,0.015360485432113453,0.01102384233718184,0.000039412639780169145
1572,0.01759993198434867,0.015356472845495945,0.011019436365256478,0.00003957186580142797
1573,0.01759652560541003,0.015357159262459468,0.011001832643275615,0.000038999814295439024
1574,0.017590833102010397,0.015350968616449658,0.011002215467584153,0.000039421392043910045
1575,0.017586519136130387,0.015349712660625325,0.010988644867576976,0.00003907750198966605
1576,0.017582180652617196,0.015347532513679383,0.010978589374775437,0.00003893026398272906
1577,0.017577190920393528,0.015342800943231035,0.010975963035089312,0.00003919737014463271
1578,0.017573424340850106,0.015342842054256041,0.010959417517746551,0.00003869878304475557
1579,0.017568128207724888,0.015337979878696732,0.01095611228135859,0.00003892587275643848
1580,0.017563659065276013,0.015335570890230858,0.010946478288833291,0.00003879251727849642
1581,0.017559624051021454,0.015334208241695473,0.010934470420385006,0.00003852172524897971
1582,0.017554544104726056,0.0153293916527154,0.010931893158983326,0.00003877382021398943
1583,0.017550503893673818,0.015328563285872721,0.010917733543084287,0.00003839389918424008
1584,0.01754563645443285,0.015324843345982619,0.010911645088776048,0.00003846409069502043
1585,0.01754105734761865,0.015321792163922602,0.010904061886590051,0.000038452806378037305
1586,0.017537044747790487,0.015320611748165312,0.010891375527851202,0.000038157894054933434
1587,0.017532036886978575,0.015316178288375532,0.010887540938653253,0.000038350410872392645
1588,0.017527835227394914,0.015314671040029912,0.010875410734426449,0.00003808204047971022
1589,0.017523252595997248,0.015311684168605545,0.010867592072333876,0.00003805001292492602
1590,0.017518617782542892,0.015308314704982208,0.010861074807987035,0.00003808811596327507
1591,0.017514547024489065,0.015306949252019796,0.010848921687764504,0.00003781343491636637
1592,0.0175096867612105,0.01530294879074986,0.010843999721744466,0.00003793802611174752
1593,0.017505390587508676,0.015300951723160486,0.010833438705604551,0.00003775112322727794
1594,0.01750096326425224,0.015298363847001612,0.010824675663869642,0.00003766428447669878
1595,0.01749632712985588,0.015294956920031862,0.010818300613682972,0.00003771008708741964
1596,0.01749219355987288,0.01529336434062896,0.010806792858786059,0.00003747064748670727
1597,0.017487472888556597,0.015289757213218028,0.010800886372318158,0.00003753840087493797
1598,0.017483135270652587,0.015287458878912053,0.01079137284543769,0.00003740182265299627
1599,0.017478783199643192,0.015285014509887859,0.010782388970156983,0.000037290895723935105
1600,0.017474186409956603,0.01528166286257886,0.010776004892825236,0.00003732256881269277
1601,0.017470006872343184,0.015279829665615564,0.010765305557754241,0.00003711609517677115
1602,0.017465402208238823,0.015276507186789827,0.01075876761782467,0.00003714149788406048
1603,0.017461054154472473,0.015274061844992392,0.010749799737967226,0.00003703236188663312
1604,0.017456737053751805,0.01527166686353313,0.010740763146762148,0.000036917560866247454
1605,0.017452197255217582,0.015268449998616098,0.010734082488489805,0.00003693075890352299
1606,0.017447992793048553,0.015266440364919087,0.01072399655637696,0.000036753116854076205
1607,0.01744347535396095,0.015263305687772104,0.010717093433836393,0.000036750979421567095
1608,0.017439140587580438,0.015260787198049743,0.01070849564611886,0.00003665426030692245
1609,0.01743484296258509,0.015258360350079525,0.010699687268214764,0.00003654515886261295
1610,0.017430367509654612,0.015255272691855531,0.010692772067037209,0.00003654040439164071
1611,0.017426153605827145,0.015253132946776393,0.010683170490925775,0.000036386560865597354
1612,0.017421704121985133,0.015250131967603005,0.010676017254206572,0.00003636870354081414
1613,0.017417395976346874,0.015247612839033597,0.010667531721763398,0.00003627679296059739
1614,0.017413112489249205,0.015245146645919238,0.010658939385831977,0.000036177966163571764
1615,0.0174087000155412,0.015242186260199781,0.010651782771989488,0.000036157200943521445
1616,0.01740448992209877,0.01523994905205594,0.010642595211727454,0.000036021827697338104
1617,0.017400096602644927,0.015237027067827596,0.010635376219432495,0.00003599429093083272
1618,0.017395824068086048,0.015234520280245563,0.010627008403291182,0.00003590210718224918
1619,0.017391555257944866,0.015231998301494732,0.010618715510274827,0.00003581385439516942
1620,0.01738720420353437,0.015229151112645825,0.010611373638367378,0.00003577836321507087
1621,0.017383004888653547,0.015226845216482984,0.01060250951630059,0.000035657768910442886
1622,0.01737866175872936,0.015223990820982537,0.010595234261270863,0.000035624085492653826
1623,0.01737442839776869,0.015221515044327909,0.010586914230627057,0.00003553050731536982
1624,0.017370177186779443,0.015218943147803745,0.010578906746531945,0.0000354526896693092
1625,0.01736588541406769,0.015216193062186032,0.010571441871893341,0.000035403977502992286
1626,0.017361701824705186,0.01521382171466371,0.01056292129624869,0.00003529585079173739
1627,0.017357407708007637,0.015211019403972102,0.010555657527612821,0.000035256798512970606
1628,0.017353214324750947,0.015208569774289428,0.01054741150489362,0.00003516224948279247
1629,0.017348984957183428,0.015205960364829406,0.010539653144630184,0.00003509396342798293
1630,0.017344750480191448,0.015203305008736743,0.010532057577311767,0.000035033955992352346
1631,0.017340584915468964,0.015200882164577002,0.01052382542752271,0.000034937665387418125
1632,0.017336340570128925,0.015198139701430328,0.010516539958252195,0.00003489287704815905
1633,0.01733218563201991,0.015195707905349248,0.010508394147020535,0.000034798897266556554
1634,0.01732798362882356,0.01519307259935168,0.010500865535712486,0.00003473792232938124
1635,0.017323804481294138,0.01519049602592401,0.010493200983059846,0.0000346682587581599
1636,0.017319659130098176,0.015188021005425741,0.010485274675016323,0.00003458318966917092
1637,0.017315466835318694,0.015185343288373598,0.010477960179650346,0.000034531511015025676
1638,0.017311347039800355,0.01518291617228397,0.010469951523002737,0.000034440562915839934
1639,0.01730717858027097,0.015180278400003223,0.010462580190793611,0.000034384142109022996
1640,0.017303051343861724,0.015177769947537703,0.010454869151042939,0.00003430756611543187
1641,0.017298928983488743,0.01517525167117209,0.010447220920791736,0.000034233128158303464
1642,0.01729479046110952,0.015172643375132511,0.010439866202103852,0.000034173845556239467
1643,0.01729070237773762,0.015170201336580556,0.010432062060095207,0.000034088629138023304
1644,0.01728657438245727,0.015167579569575384,0.01042480812092381,0.00003403318869712472
1645,0.017282494435063304,0.01516511585266866,0.010417127456379073,0.000033953091118829636
1646,0.01727839966979565,0.015162567442062992,0.010409723980691865,0.00003388743159428436
1647,0.0172743149697636,0.015160029680796373,0.010402322087014916,0.000033820871564244995
1648,0.017270256015799682,0.015157563409068294,0.010394745097870708,0.00003374358715724686
1649,0.017266174611224178,0.015154981784672167,0.010387535537505193,0.000033685719050971475
1650,0.01726213614301591,0.015152538709855183,0.01037995627264054,0.0000336061786326163
1651,0.017258075569241315,0.015149980895534257,0.010372743674674374,0.00003354593877218275
1652,0.017254042267926855,0.015147500725560937,0.010365338108590263,0.000033473920647867264
1653,0.017250012765518418,0.015145006823886968,0.010358004768455392,0.0000334049879403731
1654,0.0172459820614909,0.015142479706060462,0.010350799945587377,0.000033342366312959655
1655,0.017241979547835653,0.015140035016942678,0.01034338609505828,0.00003326731188131774
1656,0.017237960506586443,0.015137496543841188,0.010336278174721868,0.00003320832780088015
1657,0.017233973329072068,0.015135054668597525,0.010328921602712138,0.000033134339932115596
1658,0.01722997698291961,0.015132546968859103,0.010321791463333861,0.0000330717213937354
1659,0.017225997215893872,0.015130075215719668,0.010314590077818757,0.00003300398461045347
1660,0.017222027655886298,0.015127614388042061,0.010307389945801857,0.000032935278683864196
1661,0.01721805604678561,0.015125115813848811,0.010300333272632255,0.000032873578410344986
1662,0.017214108735255598,0.015122684829256956,0.010293111056583364,0.000032801694681971926
1663,0.017210152027361883,0.015120186752708199,0.010286118337914835,0.000032741607070716305
1664,0.017206219429201915,0.01511775576368707,0.010278961232908007,0.00003267141893324485
1665,0.01720228429602764,0.015115284737156367,0.010271954347646764,0.00003260868934192487
1666,0.017198362088588014,0.015112835683042645,0.010264915440169062,0.000032543317511555876
1667,0.017194450412133005,0.015110399001818457,0.010257872677515009,0.000032476874811545014
1668,0.01719053952325082,0.015107935294306166,0.010250942164304765,0.00003241579608370065
1669,0.017186648200933914,0.01510552092780787,0.010243898658180517,0.000032347541489941563
1670,0.017182752946106515,0.015103060492684495,0.010237023261716941,0.000032287801078632646
1671,0.017178877315748405,0.01510064998259292,0.010230032369227256,0.0000322208593100366
1672,0.017175001879342094,0.015098210021320694,0.010223160387793523,0.0000321597804626961
1673,0.0171711390929171,0.015095791418041788,0.01021625750739799,0.00003209617339571155
1674,0.017167284880130432,0.015093377401038482,0.010209373690383468,0.00003203274101525709
1675,0.017163435139079797,0.015090950979826387,0.0102025594742132,0.00003197226441076965
1676,0.017159600623649768,0.015088556556004586,0.01019568309050731,0.00003190744954371922
1677,0.017155766332836067,0.015086132182064373,0.010188927927310906,0.00003184856530951168
1678,0.017151948739220046,0.015083746213913523,0.010182090874319741,0.000031784350442575904
1679,0.017148132568320328,0.015081335270272715,0.010175360111844207,0.00003172527567877009
1680,0.017144329730639295,0.015078948914832467,0.010168588425991717,0.00003166313060848243
1681,0.01714053305745608,0.015076557200685604,0.010161864966322863,0.00003160286350590439
1682,0.017136744443709703,0.01507416797290924,0.010155166438971637,0.000031543183006136015
1683,0.017132966986671116,0.015071794267997382,0.010148453907566584,0.000031481937160414415
1684,0.017129193544804903,0.015069406044823494,0.010141816927632207,0.00003142411445496887
1685,0.01712543391390189,0.015067044714085473,0.010135131833884247,0.00003136283303956875
1686,0.017121677166352923,0.015064664124202052,0.010128536421672048,0.00003130575781645977
1687,0.017117933821892896,0.015062308968785866,0.010121896923700397,0.0000312454683669478
1688,0.017114195006455318,0.015059941604317825,0.01011532575408451,0.00003118825132058972
1689,0.0171104670437859,0.015057589013758678,0.010108741994773771,0.00003112963107246718
1690,0.017106746626553506,0.01505523709859054,0.010102187868199006,0.000031071954323166486
1691,0.017103033960847447,0.015052886720839072,0.010095660871796138,0.000031015065649148044
1692,0.017099331602498706,0.01505054892638002,0.010089127798133741,0.000030957116491940425
1693,0.017095634761472762,0.015048203154409549,0.010082650333068315,0.00003090154044954846
1694,0.01709194967930993,0.015045876489352733,0.010076146811386076,0.00003084382767998167
1695,0.01708826941070712,0.015043538929830852,0.010069707274562188,0.0000307890259638309
1696,0.017084600820548093,0.015041220354885674,0.010063241558426566,0.00003073215397710786
1697,0.017080937734550862,0.015038893919769196,0.01005683054204631,0.00003067770637240611
1698,0.017077285098108564,0.015036581244833092,0.01005040907499351,0.00003062203827677062
1699,0.017073639451734585,0.015034267228993512,0.010044022760051799,0.00003056767073071267
1700,0.017070002580186355,0.015031959754241968,0.010037647660158133,0.0000305132939127586
1701,0.017066374300927657,0.015029658118695348,0.010031285643123347,0.000030459053607640758
1702,0.017062753307074404,0.015027356641041241,0.010024953724925796,0.0000304059210480014
1703,0.017059142089711453,0.015025066464918328,0.010018618073289678,0.00003035201013518865
1704,0.01705553721656137,0.015022772408064754,0.010012324724668176,0.0000302998635629793
1705,0.01705194266024219,0.015020492229587568,0.010006019729884094,0.000030246484677805453
1706,0.017048354168731256,0.015018206982949912,0.00999976051896421,0.00003019508198850313
1707,0.017044775929225552,0.01501593549310065,0.009993489773480654,0.00003014248142877091
1708,0.017041204011194352,0.01501366017450227,0.009987260938924972,0.000030091648907088938
1709,0.01703764183550582,0.015011396517387648,0.009981026820079748,0.00003003995410222197
1710,0.017034086549519042,0.015009131720866882,0.009974826329310679,0.000029989562790024012
1711,0.017030540285841094,0.015006875542422294,0.009968629565882436,0.00002993883024231256
1712,0.017027001589567155,0.015004621478168802,0.009962456201761154,0.0000298888710461218
1713,0.017023471185304544,0.015002372920346573,0.009956295736248053,0.000029839117708360518
1714,0.01701994896732113,0.015000129470715247,0.009950149293114193,0.000029789637983042987
1715,0.017016434413365436,0.014997888799833785,0.009944023951792553,0.000029740823173141677
1716,0.017012928514588795,0.014995655556275462,0.009937905389821778,0.000029691880348980747
1717,0.017009429815488756,0.01499342312770943,0.009931813724876403,0.000029643942804046195
1718,0.01700594007775682,0.01499119978927217,0.009925723377351214,0.000029595613014406747
1719,0.017002457237575534,0.01498897607451796,0.009919663254127374,0.000029548512232098747
1720,0.016998983512526968,0.01498676240989699,0.009913601224696617,0.000029500857690654012
1721,0.016995516504531353,0.014984547692440646,0.00990757136546346,0.000029454538998014044
1722,0.016992058659133287,0.01498234347407486,0.009901538022484987,0.000029407580561430396
1723,0.016988607436576326,0.01498013792633338,0.009895537500690256,0.000029362010104895864
1724,0.01698516536798999,0.014977943077404543,0.00988953259356142,0.000029315771873161344
1725,0.016981729862352066,0.01497574678563089,0.009883560660853167,0.000029270944550542554
1726,0.016978303479958223,0.014973561296139335,0.009877583789843618,0.00002922542585016558
1727,0.01697488359556188,0.014971374241030623,0.009871640084482491,0.000029181337634758836
1728,0.016971472823367424,0.014969198205038082,0.009865690480914898,0.000029136522146362768
1729,0.01696806845205,0.014967020325623902,0.009859774663792939,0.00002909319366750934
1730,0.01696467323120514,0.014964853901141589,0.009853851315314714,0.000029049067000609477
1731,0.016961284249121644,0.014962685013958275,0.009847963498803328,0.000029006535402702834
1732,0.016957904531317514,0.014960528379973964,0.009842065455711537,0.00002896306020124474
1733,0.016954530794819397,0.01495836820534258,0.009836206139584937,0.000028921361559827596
1734,0.01695116654971401,0.01495622166374695,0.009830332033301565,0.00002887847930674815
1735,0.016947807894378334,0.014954069850432598,0.009824501817425687,0.000028837680460598165
1736,0.016944459119479054,0.014951933863783459,0.009818649677226827,0.000028795320250230334
1737,0.01694111534510942,0.014949789874686602,0.009812849782718082,0.000028755513879202467
1738,0.01693778207772903,0.01494766509335443,0.009807017175178597,0.000028713549338878207
1739,0.01693445292831292,0.014945528085678715,0.009801249871007774,0.000028674868432647856
1740,0.016931135276986486,0.01494341551676191,0.009795433200253724,0.000028633120173829633
1741,0.01692782040916859,0.014941284203203899,0.009789702066604292,0.000028595792643833053
1742,0.016924518598026676,0.014939185468915463,0.009783895753883273,0.000028553978334559513
1743,0.016921217518163712,0.014937057798651864,0.009778206812124742,0.000028518357086899143
1744,0.016917931964960067,0.014934975525321028,0.009772402139447463,0.000028476011749546875
1745,0.016914643930637345,0.014932848132829073,0.009766765570546558,0.00002844268369896207
1746,0.016911375390938357,0.014930786669608382,0.009760948362959564,0.000028399048738062086
1747,0.016908099238821896,0.014928653932325878,0.009755381533131052,0.000028368999869806884
1748,0.016904849056544265,0.014926620627212018,0.00974952820995876,0.00002832278734049488
1749,0.016901582897563237,0.014924472970556168,0.009744061163013842,0.0000282976944043008
1750,0.01689835347134924,0.014922480501385558,0.009738131419522332,0.000028246686059217053
1751,0.01689509416939681,0.014920301378061853,0.009732816602156111,0.0000282294709037341
1752,0.016891889851526645,0.014918372088860257,0.009726739897302364,0.000028169783205915007
1753,0.016888632141966915,0.014916132420570698,0.009721670498216626,0.00002816562175289314
1754,0.016885461040390508,0.014914306454302492,0.009715321348941684,0.00002809031629968001
1755,0.016882196142373067,0.01491195441714435,0.009710665951327115,0.000028108534963294345
1756,0.016879074007683185,0.014910305650371627,0.009703816759304656,0.000028005005450626587
1757,0.016875787908094436,0.014907748150882527,0.009699885177184982,0.00002806272177491404
1758,0.016872747272755718,0.014906416449178696,0.00969211579848477,0.000027907663880066466
1759,0.016869420663357438,0.014903486253253523,0.009689488014538426,0.000028036807196229106
1760,0.016866534780791437,0.014902746181036836,0.009680010928519115,0.000027786414050777017
1761,0.016863154907150717,0.014899148704128607,0.009679793030605652,0.000028047596900979776
1762,0.01686060815302248,0.014899567558701582,0.00966711198507481,0.00002761819730593389
1763,0.016857237955708117,0.014894818026538234,0.009671456563443327,0.00002812861648121998
1764,0.016855556273565976,0.014897658399094694,0.00965270015585176,0.000027357843300931174
1765,0.01685265171979656,0.014891123600778313,0.009665900956221605,0.000028347927773923515
1766,0.016853524831296457,0.014899499466637304,0.009635543258345007,0.000026916712990150967
1767,0.01685329323671931,0.014891160467698223,0.00966642563604815,0.00002884764181145698
1768,0.01686267345930677,0.014913751255508664,0.009613988544303198,0.00002612449493746728
1769,0.016874660457379773,0.014908450522516683,0.009681391841654612,0.000029931566532169717
1770,0.016914415580081308,0.014972121147531168,0.00958807062079844,0.00002468030839045076
1771,0.016976229310018028,0.014997280503520786,0.009733506414761022,0.00003224752354503609
1772,0.01712011528292077,0.015183938664279448,0.00956985592821034,0.000022205432999251053
1773,0.01734114702279922,0.015328722138859906,0.009877465950550276,0.0000369316938292599
1774,0.017713655415121553,0.015774857727526792,0.009599343155732881,0.000018929056448182945
1775,0.018061713667091313,0.015993986604861614,0.010122354415729925,0.000043256179083716756
1776,0.018160946554933294,0.016219090049650213,0.00962268700193655,0.000017319104895769467
1777,0.017673256228991727,0.01563395784984638,0.00999616228073625,0.00004006592299809358
1778,0.01701022334512664,0.015080768566011272,0.009533483470417096,0.00002275808503194707
1779,0.016837073252033753,0.014900589339317169,0.009554016646933474,0.000025680583329887772
1780,0.017193014966532135,0.015202648507721041,0.00977401316006537,0.000035563826798017425
1781,0.017504023388864375,0.015573679927625914,0.009553846395217147,0.000019574182195031268
1782,0.017214669745769094,0.015223152409333873,0.009778894897829132,0.000035738356869394464
1783,0.016851275458485464,0.014919849575401583,0.009532467781806537,0.00002493232672257272
1784,0.016885959618163617,0.014957215540697224,0.009522244666828461,0.000024295144100701573
1785,0.01715058371933693,0.015162688179140947,0.009763229864779968,0.00003524956723998745
1786,0.017146010483164144,0.015223443961969707,0.009505335665721447,0.00002149938805014963
1787,0.016866434870939508,0.014911169159508084,0.00962266897647507,0.00003073191613640937
1788,0.01680346875603783,0.01485970918680475,0.009574291736930803,0.00002890122184691932
1789,0.016994966870401567,0.015073944480695172,0.009491520138349469,0.000022718362036504245
1790,0.01701134597189774,0.01504158098430968,0.009681263743781247,0.0000335122388318112
1791,0.016852003307466907,0.014928722143146089,0.009494607940060653,0.000024359576308686566
1792,0.016783461985776047,0.014853646242932894,0.009518064580899037,0.000026202826663345698
1793,0.01689141340113383,0.014933879785241291,0.009631301395515357,0.000031273336789466456
1794,0.016933430451058554,0.015015661748200357,0.009474498906941568,0.00002286892146988346
1795,0.016814800843434813,0.014870426945324816,0.009574164155822542,0.000029541066945489036
1796,0.016768377278655534,0.014836516593399626,0.009521701130256424,0.000027520459204620432
1797,0.01684449183462027,0.014927761430447557,0.009464265126664151,0.000023877378839883233
1798,0.01685865633160348,0.014911757316936964,0.009581042000603862,0.00003069061454574526
1799,0.016792061292548656,0.014874627238897108,0.009462894176283399,0.00002485521839486987
1800,0.016757978316872327,0.014836310866093412,0.009477359975408668,0.000026195455697179582
1801,0.016802497549987923,0.014865430500067212,0.00953802202017033,0.00002946264588664523
1802,0.016818681406762254,0.014907981296922616,0.009433306106667828,0.00002403888850607551
1803,0.01676497455792684,0.01483733253925562,0.009496139819532125,0.000028414054764793225
1804,0.016745391895054043,0.014824873242618188,0.00946619664708584,0.0000272793230186871
1805,0.01677980920272173,0.014870952796750445,0.009420686631564807,0.000024719079658325466
1806,0.01677989534154879,0.01485204939228818,0.009493234938440441,0.00002919896157252037
1807,0.016749410599607904,0.014839925572250294,0.00941978982638496,0.000025527062080617226
1808,0.016735257589687556,0.01482360335270735,0.009426754260719246,0.000026303384836354748
1809,0.01675305098472251,0.014831524436182155,0.009464915278304032,0.00002854349287954924
1810,0.01675856779049231,0.014854467260379832,0.009395963483419112,0.00002490783342865485
1811,0.01673226467315002,0.014817317890129961,0.009436002854742056,0.000027746212071646053
1812,0.016723297647543423,0.01481275872101353,0.009417174988138606,0.00002710392890217233
1813,0.016737080176700204,0.014834842406357436,0.0093842606005197,0.000025385650238826736
1814,0.01673482357502034,0.01482028663841401,0.009430891817162192,0.00002835857317389434
1815,0.01672087485901527,0.014818294758501743,0.009383325568683177,0.000025914986776889814
1816,0.0167128223786752,0.014808808419093777,0.009388024306341822,0.000026409098313062265
1817,0.016718395779867428,0.014808530305059978,0.009410260898836708,0.00002781329504010856
1818,0.01672064746471611,0.014822454959816338,0.009363800315218105,0.000025432441856149498
1819,0.016707356540263462,0.014801763553291127,0.009391116723383644,0.000027369642295605667
1820,0.016701454988366737,0.0147994861580241,0.009375895909752791,0.000026789648392079676
1821,0.016705987186023077,0.01480949394024961,0.009353948309947117,0.000025703583784043145
1822,0.01670366816863639,0.014799470855137333,0.009382983462963504,0.000027600620906357772
1823,0.016697296796930935,0.014801657863588016,0.009348575876330362,0.000025923758076845888
1824,0.016691050843819062,0.014794031179812523,0.009352845104225639,0.0000264506431614106
1825,0.016691401992820012,0.014791849743378188,0.009361825906508848,0.00002718706814005541
1826,0.016692280537673028,0.014800586028600243,0.009330217096653114,0.000025651089742164884
1827,0.016685161430770614,0.014788373534696584,0.009348766917516594,0.000027034512570708797
1828,0.01668055233298271,0.014787554326124538,0.00933273138124975,0.000026451730608220703
1829,0.016680392632216542,0.0147905114023879,0.009319524464350875,0.000025976336958468333
1830,0.0166786106079771,0.01478438771203935,0.0093353688701319,0.000027149121911365352
1831,0.016675358264581108,0.014787500404522631,0.009309606725464967,0.000025936514965484165
1832,0.016670240837453266,0.014780687362643064,0.009315162920314339,0.00002652089074733681
1833,0.016668323649734442,0.014778568681985842,0.009314955584627116,0.000026763850823178507
1834,0.016668015480547332,0.01478315672788074,0.009294859286105541,0.000025886895445485473
1835,0.01666394080732157,0.014775624080152362,0.009307157519340371,0.000026885223301135284
1836,0.016660343643866374,0.014775829340604351,0.009291291824594882,0.000026255938343048297
1837,0.016657980601937225,0.014774573708599255,0.009286052122275987,0.000026196468882771532
1838,0.016656024185065028,0.014770634161694152,0.009292918827776863,0.000026806257815503508
1839,0.016654117488217286,0.014773266118790531,0.009274410957974835,0.000025969177831788213
1840,0.016650060384381105,0.014767371591381646,0.009280646027629876,0.000026559587473481392
1841,0.016647362896134436,0.01476605956632693,0.009274355174294934,0.000026432294948521465
1842,0.016645827161049433,0.014767126445889319,0.009263350230942744,0.000026030668971566117
1843,0.016643049340528,0.014762306093676455,0.009270382542557784,0.000026666738339992686
1844,0.01664043155829884,0.014763185087693238,0.009255833516737842,0.000026079767258034042
1845,0.01663731889484634,0.014759959584316206,0.009255323223560936,0.00002629466581794915
1846,0.016634986162015464,0.01475763489360512,0.009254381407213581,0.000026474986967629112
1847,0.01663321930409381,0.014758856889614052,0.009241859595814061,0.0000259904953169475
1848,0.016630102669752816,0.014754321028735945,0.009246456488896564,0.000026490343237560934
1849,0.016627470909737048,0.014753977732407336,0.009236581218851441,0.000026176933559422355
1850,0.016625053668186698,0.014752627800431928,0.009231433091273663,0.00002613924950003791
1851,0.016622619087552973,0.014749746237625221,0.009232164289244818,0.0000264399920787912
1852,0.016620498649240218,0.014750463036403112,0.009220131069803725,0.0000260093988763633
1853,0.016617510381868587,0.014746912583701257,0.009221335066905131,0.000026330784786304136
1854,0.01661501854473082,0.014745763029451416,0.009215165005664333,0.000026222514146540644
1855,0.016612837235557336,0.014745181502166665,0.009207997998182138,0.000026056133754245414
1856,0.01661026753488177,0.014742102751973398,0.009209005032732,0.000026363776361969577
1857,0.01660794874722608,0.014742137421139534,0.009198853553162833,0.000026040615453981447
1858,0.01660523234531843,0.014739549091331444,0.009197352024130466,0.00002621284916089454
1859,0.01660280039328099,0.014737924140809789,0.009193235033268958,0.000026229245817408772
1860,0.01660063054549007,0.014737545520899452,0.009185315814190409,0.000026021861752539496
1861,0.01659801124677869,0.014734616910838452,0.009185564565862045,0.000026281422767830134
1862,0.016595649086407614,0.014734094748657903,0.009177468289327976,0.00002606067988411673
1863,0.016593126962406193,0.014732110134814526,0.00917444705922905,0.000026127415745858996
1864,0.016590707405200515,0.01473018894596499,0.009171590219764878,0.000026200415282546727
1865,0.0165884891172817,0.01472970892280267,0.009163908970155768,0.00002599840044787539
1866,0.01658590837052977,0.01472709359904857,0.009163100908753727,0.000026194589730455892
1867,0.016583545949966295,0.014726224110057105,0.009156351838411864,0.000026051472226815917
1868,0.016581134866527625,0.014724630342655833,0.009152240922758428,0.00002605633932010787
1869,0.016578714359759,0.01472262650286697,0.0091497046674314,0.000026146923405753324
1870,0.01657646362804407,0.014721970683619134,0.00914259605103187,0.00002597373421856236
1871,0.016573945836966142,0.01471964069503501,0.009140943450078315,0.000026116451915470566
1872,0.01657159480329043,0.01471853032881939,0.00913518497445494,0.000026027479580051954
1873,0.016569240582584317,0.01471712947814003,0.009130535755076491,0.000026003953428988898
1874,0.016566831211743842,0.014715172647897913,0.009127835048879481,0.00002609155407003193
1875,0.01656456359710775,0.014714371556088365,0.009121204255145688,0.00002595118999024665
1876,0.01656210571024696,0.014712289286463927,0.009118815933951887,0.00002605323699265126
1877,0.016559770388011145,0.014711037197631067,0.009113682351281446,0.0000259967201237883
1878,0.016557445997246817,0.014709689108048735,0.009108964738714592,0.000025963941455163877
1879,0.01655505876417205,0.01470779468778825,0.00910612562639931,0.00002603895110393784
1880,0.01655278621370588,0.014706848226122587,0.009100052202321015,0.000025927547119087714
1881,0.016550380067723625,0.014704941197553013,0.009097188841890948,0.00002600110179242308
1882,0.016548061038258757,0.014703627420832583,0.009092361144208878,0.00002596138858440023
1883,0.016545755107146575,0.014702290006451514,0.009087681141160337,0.00002592887246299074
1884,0.016543394356295267,0.014700481598765852,0.009084625692059842,0.000025987619117445628
1885,0.016541126731179093,0.014699417069985808,0.009079053590575863,0.000025898943078111374
1886,0.01653876123287874,0.014697612855922424,0.009075975410887978,0.000025953294778719646
1887,0.016536461075520117,0.014696263764298213,0.009071382297346591,0.000025920851752587107
1888,0.016534169520186763,0.014694902786097384,0.00906686544840215,0.000025893644408949512
1889,0.016531837635977917,0.014693187702490272,0.009063565960764838,0.00002593674133467428
1890,0.016529578939978203,0.014692049514876945,0.009058315988390218,0.000025866227423211627
1891,0.016527246484124427,0.014690329664607666,0.00905504218305914,0.000025908382904931212
1892,0.016524966883972717,0.014688979501412867,0.009050543840517646,0.000025878614456317518
1893,0.01652268917393607,0.014687583317795464,0.009046232854334185,0.0000258592852737686
1894,0.01652038587652881,0.014685945207997268,0.009042760603512556,0.00002588854782903144
1895,0.016518138534606718,0.014684743504629751,0.00903781274553522,0.000025832480869925384
1896,0.01651583519970379,0.01468308533530823,0.009034420550878103,0.000025865754219938474
1897,0.01651357653539666,0.014681751189165445,0.009029948314475764,0.000025835683336058124
1898,0.01651131288893405,0.014680327744178866,0.009025806479366598,0.000025823848881863626
1899,0.01650903696651332,0.014678763199540324,0.0090221676499283,0.00002584023698733495
1900,0.016506802485138857,0.014677507150760761,0.009017497171303469,0.000025795900117401584
1901,0.016504525737509733,0.014675891653775208,0.009014059994211466,0.00002582208489223223
1902,0.01650228804147764,0.01467456618567501,0.009009651411424515,0.00002579157351772788
1903,0.01650003939954645,0.01467311434981737,0.009005690666223821,0.000025786916484315214
1904,0.016497789808951828,0.014671616087234352,0.009001906997707608,0.000025792322175955283
1905,0.016495568458493762,0.01467031716177389,0.008997462846076608,0.00002575872750455134
1906,0.016493316922088067,0.014668746339864836,0.00899396028553722,0.00002577852511578746
1907,0.016491099502675955,0.014667427114695398,0.008989619472552666,0.000025748493470024603
1908,0.016488867112090005,0.014665951711166383,0.008985829063350069,0.00002574958825360853
1909,0.016486642688234007,0.014664505823221282,0.008981956159378567,0.0000257456331370105
1910,0.01648443471002794,0.014663163882165375,0.00897774453674589,0.000025721920513383315
1911,0.016482207890196846,0.014661638626811373,0.008974171935757613,0.000025734876233947763
1912,0.016480009374596344,0.014660321682597087,0.008969904733612548,0.00002570674527674787
1913,0.016477794642789978,0.014658839871014157,0.008966216728290372,0.000025711426117744986
1914,0.016475594018869114,0.014657441301458535,0.008962263101876538,0.000025700097035273796
1915,0.0164733998035949,0.014656062448162293,0.008958259696773229,0.000025685416077961357
1916,0.016471197284374135,0.014654583211087847,0.008954615095084183,0.000025691054269451497
1917,0.016469016169084263,0.014653256453194005,0.008950464717795549,0.00002566677233114719
1918,0.016466820699921156,0.014651780865943953,0.008946836969261993,0.000025672440124805613
1919,0.016464642242181433,0.014650418697393022,0.0089428370152087,0.00002565614174667379
1920,0.01646246256021107,0.014649013698791045,0.008939000154598278,0.000025648830500368687
1921,0.01646028370586703,0.014647583096598131,0.008935268562420362,0.00002564689678482804
1922,0.016458118591800474,0.014646238609704204,0.008931259785998274,0.00002562802489661475
1923,0.016455943745077563,0.014644781561213462,0.008927651813281073,0.000025631821207885133
1924,0.01645378555962532,0.014643437854454468,0.008923670882796234,0.000025613528611605687
1925,0.016451621849340497,0.014642016590170738,0.008919970170601721,0.00002561122504941388
1926,0.01644946569339837,0.014640629179161329,0.008916169375876503,0.000025602639061740775
1927,0.016447315721147042,0.014639263738294777,0.008912310088660547,0.00002558996512015372
1928,0.01644516236612857,0.014637837964169866,0.008908674338371322,0.000025589534284438505
1929,0.016443022369673013,0.0146364972743992,0.008904763387451909,0.000025572417783430726
1930,0.016440876399804072,0.014635074543692403,0.008901148975779725,0.000025572060955724912
1931,0.01643874143942652,0.014633717256559238,0.008897325557113709,0.00002555907144453916
1932,0.01643660678577545,0.014632332145675976,0.008893613004580532,0.00002555203918337131
1933,0.016434475084901874,0.014630942098959163,0.00888993298472819,0.000025546388997072332
1934,0.016432351499289313,0.014629592533678404,0.008886129523940854,0.000025533060822737642
1935,0.016430224895309178,0.014628186104034865,0.008882536467896877,0.00002553149769493627
1936,0.01642810911476972,0.014626844452947114,0.00887873671674221,0.000025517318474164896
1937,0.016425990927140782,0.01462545115202654,0.008875129959333023,0.00002551378324763752
1938,0.016423880106724735,0.01462409230789597,0.008871420463560783,0.000025503706116604427
1939,0.016421772144672078,0.014622728346429121,0.008867743627317176,0.000025495072779520836
1940,0.016419665847219038,0.014621348935523037,0.008864134702633718,0.000025489971169257883
1941,0.016417567212186204,0.014620007545092982,0.008860410133073104,0.0000254776404785996
1942,0.016415467087755566,0.014618622633666629,0.008856850466391729,0.000025474360810589648
1943,0.0164133754905225,0.014617283336821083,0.008853149626590711,0.000025462228383274204
1944,0.016411283632820003,0.014615911218553115,0.008849577088156618,0.000025456996635564575
1945,0.016409197437939737,0.014614559512469056,0.008845949444366594,0.0000254480365973621
1946,0.01640711472692693,0.01461320899033706,0.008842332500359939,0.000025439236517880827
1947,0.016405033856721582,0.014611844929555797,0.008838776954832444,0.000025433536199294867
1948,0.016402959518065235,0.014610509634078448,0.008835137450839858,0.00002542239381881587
1949,0.016400885096433733,0.014609143359870288,0.008831619719303633,0.000025417792702718856
1950,0.016398817656885292,0.014607810063904535,0.008828003566143904,0.000025406879751974107
1951,0.016396751002123927,0.014606453667972535,0.008824481979347586,0.00002540093828187554
1952,0.016394689411229887,0.014605113078518117,0.008820920945667853,0.000025392143578200304
1953,0.016392631055962475,0.014603771847004276,0.008817376998801165,0.000025383809197967274
1954,0.016390575199687372,0.014602423426040274,0.008813872533474027,0.000025377266952290546
1955,0.01638852470941426,0.014601094186075643,0.008810316554997004,0.00002536721233921811
1956,0.01638647524106604,0.014599744378203997,0.008806846105754997,0.00002536164171104453
1957,0.016384431700593977,0.014598418955048978,0.008803306342564357,0.00002535147703213043
1958,0.016382389435089777,0.014597075213406535,0.008799844549823894,0.000025345311718463445
1959,0.016380352088554484,0.014595746845336117,0.008796344421305871,0.00002533635895719116
1960,0.016378317462697106,0.014594413809382272,0.008792874852774626,0.000025328682759908383
1961,0.016376286081948552,0.014593081080215347,0.008789418509915421,0.00002532129975012095
1962,0.01637425896257272,0.01459175814778897,0.008785942629890216,0.00002531228880570597
1963,0.016372233807030477,0.014590423714990274,0.008782520844941973,0.00002530592305180839
1964,0.01637021368428881,0.014589106373855078,0.008779054506250128,0.000025296409183706056
1965,0.016368195228205294,0.014587774890179673,0.008775651378859512,0.00002529006225371722
1966,0.016366181563891854,0.014586458528972432,0.008772210242973252,0.00002528098632477055
1967,0.016364170170457694,0.014585133871025087,0.008768811904551666,0.000025273918522275272
1968,0.016362162646315407,0.014583815992935572,0.008765404257879856,0.000025265801803862996
1969,0.016360158388496814,0.014582499357623586,0.008762006414688875,0.00002525774793545374
1970,0.016358156987125786,0.01458118017288462,0.008758631450377924,0.00002525052416557942
1971,0.016356159670610965,0.014579870060278497,0.008755239165331611,0.000025241777266147168
1972,0.016354164582046752,0.014578551580382883,0.008751889860730264,0.000025235029517817567
1973,0.016352173878137543,0.014577245229182766,0.00874851261834312,0.000025226125286151112
1974,0.01635018533884799,0.014575930151258711,0.008745179484229393,0.00002521929074340002
1975,0.016348200946864313,0.014574625270383746,0.008741824868064492,0.000025210702867668992
1976,0.016346219109007524,0.014573315560247489,0.008738500685853088,0.00002520341158941591
1977,0.016344240855797932,0.014572010887218937,0.008735172788158163,0.000025195410947361523
1978,0.016342265728267358,0.014570706956621769,0.008731856075392582,0.000025187556567073917
1979,0.016340293582655187,0.01456940248050613,0.008728555005232643,0.000025180101102529197
1980,0.01633832504713563,0.014568103586606618,0.008725248269880852,0.00002517180655284153
1981,0.016336359073692304,0.01456680036945823,0.008721970060005507,0.00002516469223297388
1982,0.016334396946345163,0.01456550528140878,0.008718677161464908,0.00002515623264340297
1983,0.01633243723911013,0.014564204729341506,0.008715416657199488,0.0000251491783287261
1984,0.016330481338170815,0.014562912140501708,0.008712142004676246,0.000025140796733854276
1985,0.016328527965440934,0.014561615276209324,0.008708895582674016,0.000025133572696805206
1986,0.016326578156068642,0.014560324227809413,0.008705642349673885,0.0000251254583244505
1987,0.01632463113056171,0.014559031579713947,0.008702407965015512,0.000025117957844660572
1988,0.01632268733617575,0.014557741789792805,0.008699176917102,0.000025110162962546085
1989,0.01632074661117826,0.014556453413237157,0.008695954150159923,0.00002510236790911967
1990,0.016318808803978863,0.014555165082457019,0.00869274434275664,0.000025094852970518087
1991,0.016316874293197735,0.014553880587304793,0.008689534297077637,0.000025086846477414597
1992,0.016314942475664514,0.014552594142756338,0.008686344066418465,0.000025079519624481784
1993,0.016313014076338676,0.014551312930886079,0.008683148696466865,0.00002507140615922315
1994,0.016311088256793255,0.014550028859757891,0.008679976231196164,0.000025064150796129882
1995,0.01630916586680959,0.014548750378736026,0.0086767972547853,0.000025056037116502514
1996,0.01630724604385156,0.014547469152819322,0.008673640634861078,0.00002504876406002064
1997,0.01630532957562202,0.014546193040189465,0.008670479025285392,0.000025040730375474202
1998,0.0163034157317098,0.014544914951447288,0.008667337032674622,0.000025033373727584154
1999,0.016301505115008122,0.014543640923642584,0.008664193655490336,0.000025025460267470704
2000,0.016299597214992835,0.01454236602415932,0.008661065985683482,0.00002501799369681842
