epoca,loss_total,loss_dados,loss_fisica,loss_contorno
0,0.8077041745014262,0.24038665469689266,2.8362275325610486,0.00007201329232371939
1,0.5887001654664186,0.25288639137440244,1.678915597236592,0.00003065464469773716
2,0.29402165860382146,0.12509325894069467,0.8444646019341826,0.00003547927629019515
3,0.12324711276857067,0.06199822860739291,0.30420634605089186,0.00040761495099939153
4,0.061723174540836735,0.048694143287230714,0.05515133476181565,0.001998764301242895
5,0.07326242746266257,0.05212491730795908,0.08265028827448039,0.004607452499807409
6,0.13179899323073865,0.061062136656618415,0.31525872617812456,0.007685111338495336
7,0.19559192808112857,0.06517404802395305,0.5969501135363464,0.011027857349906243
8,0.2333466097835255,0.06428677318864424,0.7745587917806561,0.014148078238750018
9,0.238596882052466,0.06295304111980778,0.7974822436967441,0.016147392193309396
10,0.217054412929992,0.06122175077256349,0.6981555361543934,0.01620155492654978
11,0.178563684175111,0.05694991926166476,0.5377031302891586,0.014073138855614528
12,0.13652718311448897,0.052093891996752864,0.3685103965160215,0.010731211814531804
13,0.1036882510501258,0.05141904628309136,0.2239884777016898,0.007471509226696486
14,0.08570052667488516,0.05662850050816331,0.12044294462953835,0.004983437240814181
15,0.0801775616900054,0.06474325895335677,0.06048205868082061,0.003337891000484512
16,0.08100812835406186,0.07124005033250486,0.03720016072710699,0.0023280458761356145
17,0.08312619539079413,0.07361733282421105,0.03881049103078574,0.001746764360425939
18,0.08408360487927453,0.07208092526320574,0.052855138558760575,0.0014316519043166814
19,0.08346674787268481,0.06837398198423571,0.06906419006692184,0.0012799278750647248
20,0.08182418456329728,0.06447413369319509,0.08060596479185514,0.0012288579117311607
21,0.07985000792648106,0.061773189425843214,0.0841817861025649,0.001240461280124866
22,0.07803620233538767,0.06083506487686898,0.0795324756683233,0.0012946423248540251
23,0.07667494670019374,0.061551317715158094,0.0686881308092495,0.0013860028231857593
24,0.07588580106482999,0.06334013266976463,0.05512240567196749,0.0015211872606718604
25,0.07554047279953748,0.06524565587292241,0.04289145707705137,0.0017165255112047784
26,0.0752652841578001,0.06611412756742756,0.03577500536375051,0.001996155517622428
27,0.07472878426723333,0.06504962842383988,0.03646038811248071,0.002387078220897306
28,0.07406465459758281,0.06197619989950368,0.045909305318771056,0.0029065936343249123
29,0.07394193940224761,0.05777946589312361,0.06309318779657716,0.003543835949808563
30,0.07508244552322056,0.05379187383839855,0.08521038748395725,0.004248494188030569
31,0.07761421430771634,0.05102307425977246,0.10835180049112905,0.004920779949718072
32,0.08086956603218551,0.04975655547938474,0.1284168409602565,0.005429642360749475
33,0.0838318160421092,0.04976232272969807,0.14198969298509986,0.005671554715391138
34,0.08573650465461459,0.05071190046908479,0.14698466572673152,0.005627671040183494
35,0.08622638830528738,0.05226155639028295,0.1429983841322264,0.0053651550885591434
36,0.08514484159270792,0.05389332992989089,0.1313119401450796,0.004989123633801104
37,0.08247348947643414,0.054983568647494915,0.1145014271901928,0.004589635390900668
38,0.07852344686406652,0.055164984816111956,0.09571282855167705,0.004215896337619153
39,0.07401690690183595,0.05457005159537929,0.07783197424940384,0.003880460456575891
40,0.06986127662277153,0.05371290115293244,0.06286239021579415,0.003575897426680254
41,0.06680869258499339,0.053179114151929885,0.0516913042363443,0.0032913175857946474
42,0.06524071486440285,0.053371790217514425,0.04422640744603478,0.0030236431576814685
43,0.06512582841859826,0.054392515265707764,0.03976122328727979,0.002781068495434532
44,0.066069123879779,0.0560118838199884,0.03738818002665759,0.002579604054459069
45,0.0674171669844393,0.057717044682358526,0.03631738067518205,0.0024366461670443504
46,0.0684554867162019,0.05888156469515528,0.03604497237128259,0.002364927546790101
47,0.06868848354852822,0.05904199600288362,0.03638422950057367,0.0023696416455298505
48,0.06805904454570266,0.058131157420016136,0.037401747815245565,0.0024475375626374024
49,0.06694844031074684,0.05650145365176503,0.03930314380700665,0.0025863578975804853
50,0.06594865970006268,0.054723050273455955,0.042303264286964556,0.0027649565692138144
51,0.06556393473699364,0.05330683703962235,0.04650346341403622,0.0029564050145640453
52,0.06601512095956696,0.05252222723383309,0.05179074677492702,0.003134744370748474
53,0.06719964404888061,0.052361661004329436,0.057779296772738166,0.003282123690003537
54,0.06875814160596962,0.0526002802620098,0.063824589946684,0.0033929433546230235
55,0.07019901635724755,0.052900698625487144,0.06913307044534225,0.0034717036426919604
56,0.07107152372849974,0.05295494096001071,0.0729534333915961,0.0035258960901698114
57,0.07114388874182329,0.05262871835633475,0.07478374891406904,0.0035584206026747205
58,0.07048490172480724,0.05201989870122038,0.0745037771826271,0.003564247587061434
59,0.06939380504220703,0.05138570847954046,0.07237474605752947,0.0035331473511606825
60,0.06823977230188846,0.050999016144085356,0.06891926861426123,0.0034569024349508717
61,0.06731442293497249,0.05102772647795446,0.06474993302004917,0.0033367098530081843
62,0.0667465542315905,0.051475989964621244,0.06042354219159875,0.0031858558286494984
63,0.06647977659066891,0.05218125791653973,0.05636298110133613,0.003025922453861951
64,0.06631847598162262,0.05287088108133036,0.052842863397245365,0.0028790222208431907
65,0.06604341350354329,0.053279882478471596,0.050011841707129044,0.0027611626836458805
66,0.06554353097643666,0.05327887178210101,0.047927320341192875,0.0026791951260970778
67,0.06487870465755961,0.052929566667855844,0.0465892494309435,0.0026312881035150683
68,0.06423426819768593,0.05243077098580379,0.045968196394799654,0.0026098579329222166
69,0.06380977753654044,0.0519994304594962,0.046023850500907966,0.002605576976862649
70,0.06371722244174367,0.0517641947398975,0.046709424771287,0.002611142747588786
71,0.06393479630415157,0.05171922556873236,0.04796075909659493,0.0026234189161002197
72,0.06432293845915973,0.05174447584387484,0.049676911883672376,0.0026430802385504163
73,0.06469045834068332,0.05167706871758275,0.051706490335284835,0.002672091556043603
74,0.06488435070153432,0.05140330886826682,0.05385310594839781,0.0027104206435879415
75,0.06485773204616248,0.05092359417658171,0.05590210422752863,0.002753717024075038
76,0.06467477280765956,0.050350144738513986,0.05765683833701627,0.002793260401742317
77,0.06445413932709931,0.04984219811525519,0.05896751428525272,0.002818438354793577
78,0.06429371130383614,0.04952419982284523,0.05974346262231457,0.0028208189565280045
79,0.06422097610439208,0.049432865322349064,0.05995206963934861,0.0027976968541732878
80,0.06418571032742723,0.04950981127420496,0.059614486948978286,0.0027530016634266133
81,0.06409102702313833,0.049635154443301015,0.05880407158270829,0.0026950582632956615
82,0.06384950777783611,0.049688000231834124,0.05764395082589307,0.00263271738082338
83,0.06343780072288951,0.049606544646764165,0.05629554928996455,0.002572146218132436
84,0.062916209097603,0.0494135753931461,0.05493463716229346,0.0025157062719982064
85,0.062398929094030796,0.0491916890947957,0.05372121202924143,0.002462997593386808
86,0.0619950934960044,0.049027143590707346,0.05277461084008889,0.0024130277372792714
87,0.06175691121773779,0.04895830386998884,0.05216232862287899,0.002366141623173147
88,0.0616607316151947,0.04895547153490479,0.051903123601714854,0.00232463535994694
89,0.061626908721463966,0.04893932949682964,0.051978760800501345,0.0022918270645340584
90,0.061566860730367934,0.04882706191226982,0.05234772580540324,0.0022702536570174715
91,0.06143185169726971,0.04858046631146828,0.05295657854726468,0.002260069676348495
92,0.06123499047542673,0.04822714763019355,0.053746773409509944,0.0022584881633311883
93,0.06103401741607795,0.04784219429740057,0.05465632652649727,0.0022605578133779287
94,0.06088900328000747,0.047504568152798896,0.05561760575131878,0.0022609139769448235
95,0.060823372837579714,0.047256697895566815,0.0565550950580315,0.002255655930406596
96,0.06080993569454304,0.04708889987850395,0.057388305761354376,0.002243374663768216
97,0.060786557334327126,0.04695309812651212,0.05804306075596487,0.0022248470566220368
98,0.0606911877584123,0.046795694755414625,0.05846880791962669,0.0022017314190723313
99,0.06049633499051033,0.046590358811163454,0.058653942795356705,0.0021751876202755374
100,0.06022269570026341,0.04635138696599315,0.05863014980562844,0.0021452787731445775
101,0.05992439183617849,0.046120494237630434,0.058462396828073415,0.00211141823293337
102,0.05965681702324188,0.045937475475924215,0.058229535645963254,0.0020734344181250123
103,0.05944764417231219,0.04581415940741993,0.058005137855490656,0.0020324571937941254
104,0.059286974719949405,0.04572676297076285,0.05784615790809685,0.0019909801675671857
105,0.05913999627896414,0.04562972035817672,0.05779113328005713,0.0019520492647759839
106,0.058973184177514466,0.04548226477441381,0.05786425747431325,0.0019180679082380042
107,0.05877727681277578,0.04527135933994401,0.058079988168142895,0.0018899198392031934
108,0.0585722508360457,0.0450164884311181,0.05844452599928652,0.0018668572050702925
109,0.058392112117625565,0.0447542598153428,0.05895362045937515,0.001847128210407734
110,0.05826128861019117,0.044514583091351125,0.05958887997498585,0.0018289295238428714
111,0.05817860137312033,0.044304259640599856,0.06031606887690749,0.0018111279571389768
112,0.05811816288112995,0.0441071321482277,0.06108825381790874,0.001793379969320498
113,0.05804541646404879,0.04389885821268733,0.0618543586437287,0.001775686522615713
114,0.05793753552917594,0.04366565470423896,0.06257048499155556,0.0017577838266258727
115,0.057795061579288196,0.04341439051804165,0.06320913351230614,0.0017388443587853157
116,0.05763792477870236,0.04316776215560353,0.06376223405565692,0.0017177158119674445
117,0.05748993637813763,0.042948878569199905,0.06423759362555817,0.0016935390838260828
118,0.05736309201398656,0.042766329485499126,0.06465222418546603,0.0016663176913942303
119,0.05725176032367868,0.04260931988239387,0.06502699564134228,0.0016370413130163523
120,0.05713942755680773,0.0424552060967671,0.06538473021962093,0.0016072754161164477
121,0.05701248020887611,0.042283898298591735,0.0657504731575355,0.0015784872787772749
122,0.05687112714762325,0.04208940742655035,0.06615097477955947,0.0015515247651609943
123,0.05672985207980629,0.04188104516925145,0.0666114374189994,0.0015265194267549604
124,0.05660757561278384,0.041674361515088326,0.06715014189365326,0.0015031857189648596
125,0.05651506907297756,0.041479118044421476,0.06777352888525805,0.0014812452515044735
126,0.05644848330148161,0.04129294183702013,0.06847438244803117,0.001460664974855247
127,0.05639291688367715,0.04110450519442782,0.06923421117122808,0.0014415694550037079
128,0.056332884217847774,0.040903178562900946,0.07002883025358754,0.0014239396042293154
129,0.05626204489834764,0.04068776298323647,0.0708346000140245,0.001407361912306272
130,0.056185526035849274,0.040467954567461564,0.07163263587368841,0.001391044293650027
131,0.056113947003638226,0.04025786858416293,0.07240981911871157,0.0013741145957329806
132,0.056054337716756296,0.04006679344464596,0.07315766132372188,0.0013560120073659542
133,0.05600483659726102,0.03989386185862112,0.07387129988991674,0.001336714760656557
134,0.05595664300139791,0.03972994837071448,0.07455013904156511,0.0013166668223704055
135,0.055901225676658284,0.03956482723186227,0.07519959252461711,0.0012964799398725944
136,0.05583711586746445,0.039394117928154004,0.0758318363827647,0.0012766306627575042
137,0.05577119142959077,0.03922108452704509,0.07646381684830263,0.0012573435328851507
138,0.055713745137305475,0.03905251192650063,0.0771127136275673,0.0012386904852913867
139,0.055671358641128474,0.03889239113622724,0.07779096408171483,0.001220774688558257
140,0.05564294405497594,0.03873846304622423,0.07850329386638534,0.0012038222354746443
141,0.05562154741823638,0.03858407154492038,0.07924688194179119,0.001188099484957769
142,0.05560007283413028,0.03842356342064953,0.08001392406617606,0.0011737246002455337
143,0.055576316977663555,0.038256846843138084,0.0807947059484622,0.0011605289448330294
144,0.055553582913379654,0.03808959898230143,0.08157949285597638,0.0011480853598829525
145,0.05553685070216605,0.03792918356359982,0.08235885996637367,0.0011358951452914978
146,0.05552799077330829,0.037779691589779986,0.08312345817909855,0.001123607547708595
147,0.05552391428536234,0.03763986342988413,0.0838646069436695,0.001111129466744307
148,0.05551892220520049,0.03750511543370383,0.08457617397868883,0.001098571975758892
149,0.05550913167688411,0.03737167738379103,0.08525675716294542,0.001086102860503992
150,0.05549534606029223,0.03723941506416886,0.0859104965155814,0.0010738316930070857
151,0.05548217510191792,0.03711125181733614,0.08654558440701864,0.0010618064031780543
152,0.055474338538818946,0.036990017314239655,0.08717112655669733,0.0010500959132398273
153,0.055473257024855935,0.03687557654737771,0.08779409525968203,0.0010388614255418135
154,0.05547654689316806,0.03676463862568344,0.08841786408563869,0.0010283354503568876
155,0.05548050824425959,0.03665328335893015,0.08904256059807156,0.0010187127657151262
156,0.05548329717296435,0.036540003671407056,0.08966628797174656,0.0010100359072079841
157,0.05548611249411775,0.036426746456107086,0.09028600680075405,0.001002164677859851
158,0.05549159915356505,0.03631722741280711,0.09089759380296335,0.0009948529801652717
159,0.05550108066135217,0.03621408615938043,0.09149560041618557,0.0009878744187346248
160,0.05551309586281828,0.03611726095880834,0.09207363994896581,0.0009811069142167802
161,0.055524413198475224,0.03602472192704322,0.09262581121610734,0.0009745290282105303
162,0.05553254028098711,0.03593467417132476,0.09314855752775264,0.0009681546041118151
163,0.0555375305352552,0.03584719351767769,0.0936417964610478,0.0009619777253679496
164,0.05554162229644317,0.035763935203277274,0.09410854587363282,0.0009559779184393278
165,0.05554718058490786,0.035686344404845964,0.09455331922925551,0.0009501723342107877
166,0.05555480768767831,0.03561408033856798,0.0949803588523254,0.0009446555786452551
167,0.055563178674587016,0.03554506483927395,0.09539267477629244,0.000939578880054575
168,0.0555705445698604,0.03547705921975964,0.09579204787317042,0.0009350757754666763
169,0.055576411165611704,0.035409340583203185,0.09617940321688309,0.0009311899390318985
170,0.055581876142724106,0.03534304092557071,0.0965548786205341,0.0009278594930465756
171,0.05558842444090512,0.035279963693406406,0.09691747790526613,0.0009249651664454889
172,0.055596394459006424,0.03522103358371704,0.09726480996505793,0.0009223988822777948
173,0.05560454284047282,0.03516574466005778,0.09759349352779356,0.0009200994748563296
174,0.05561104912082772,0.03511295463392043,0.09790028085679535,0.0009180383155482153
175,0.055614986857369146,0.03506214232416946,0.09818330292829543,0.0009161839475405929
176,0.05561693150630419,0.035013908815309754,0.09844266685863963,0.0009144893192665071
177,0.05561824248290923,0.03496930361233202,0.09868010852908773,0.000912917164759661
178,0.05561978265111473,0.03492868647291875,0.0988980921241748,0.0009114777533610141
179,0.055621275745341425,0.03489122889396424,0.09909904134295165,0.0009102385827868572
180,0.05562180953184333,0.03485550363078679,0.09928507618415701,0.0009092906642251437
181,0.05562089084637107,0.034820579832411186,0.09945807581391365,0.0009086958511771497
182,0.05561899264069848,0.034786609848920215,0.09961963233509939,0.0009084563247583785
183,0.055617096632072725,0.03475442949456081,0.09977070338318118,0.000908526460875673
184,0.0556157321850745,0.03472463814693472,0.09991121960000136,0.0009088501181395013
185,0.05561446529209124,0.034697060317068255,0.1000400853507032,0.00090938790488235
186,0.055612304696568866,0.03467104208601882,0.10015574006990571,0.0009101145965689043
187,0.05560859214940631,0.03464619687531347,0.10025698154063364,0.0009109989659661148
188,0.05560351469673632,0.03462281348498219,0.1003435324199146,0.000911994727771212
189,0.055597799667174895,0.03460153083694534,0.10041605825780987,0.0009130571786675814
190,0.05559196589245812,0.034582636213311035,0.10047579170215502,0.0009141713387160808
191,0.05558589398033824,0.03456569824721294,0.10052416073124046,0.0009153635868772034
192,0.05557909736420376,0.03454988117405866,0.1005626635904023,0.0009166834720646406
193,0.05557135298334415,0.034534605232252075,0.10059288761657575,0.0009181702277769175
194,0.055563018714026524,0.034519906002314846,0.1006164050931445,0.0009198316930827793
195,0.05555472668987932,0.034506187178008324,0.10063444864977095,0.0009216497819168023
196,0.05554679249069299,0.03449367763256234,0.10064756824325888,0.0009236012094788647
197,0.05553894798534924,0.03448216285371557,0.10065557347288696,0.0009256704370562777
198,0.05553064539311257,0.03447122997348387,0.10065785702825053,0.000927844013978585
199,0.05552159577095492,0.034460722032532344,0.10065388272810345,0.000930097192801886
200,0.055511994580501024,0.03445089995490895,0.10064351218248721,0.0009323921890946231
201,0.05550224825106455,0.03444214929826576,0.10062702465571176,0.0009346940216564402
202,0.055492535189172854,0.034434553017797756,0.1006049605884331,0.0009369900536884779
203,0.05548266916743041,0.03442777156114754,0.1005780154688318,0.0009392945125165078
204,0.055472378770341134,0.03442133353784986,0.10054705803742756,0.0009416336250057564
205,0.05546167110790188,0.0344150169707859,0.1005131435550048,0.0009440254261150129
206,0.05545088120037376,0.03440893565422066,0.10047736913734524,0.0009464717186840515
207,0.055440365750616144,0.034403281512213536,0.10044059302675756,0.0009489656330510907
208,0.05543017883932471,0.034398033701383085,0.10040321318623711,0.000951502500694205
209,0.05542006623402572,0.034392949495672225,0.10036518010343173,0.0009540807176671409
210,0.0554097598639552,0.034387822348429575,0.10032622410072944,0.0009566926953797367
211,0.055399243272220365,0.03438270309490059,0.10028610969998075,0.0009593182373236245
212,0.05538871859858071,0.03437783808645277,0.10024475094777525,0.0009619303225728908
213,0.05537834620725641,0.034373398880883456,0.10020218912160175,0.0009645095020526029
214,0.05536806450445563,0.03436929925058141,0.10015855899454545,0.0009670534549651331
215,0.05535768293702947,0.03436528413070827,0.1001141283179515,0.0009695731427309044
216,0.05534712532274653,0.03436117334343338,0.1000693568113235,0.0009720806170484457
217,0.05533654170044654,0.03435698938891148,0.10002485706043532,0.0009745808994479952
218,0.055326168614108766,0.034352849251945275,0.09998122623997914,0.0009770741141676656
219,0.055316101791823724,0.034348768661052555,0.09993885505391799,0.0009795621199875692
220,0.05530623059328542,0.03434461006014022,0.0998978537247478,0.0009820497881956448
221,0.055296389649551095,0.03434022523952604,0.09985812869825537,0.0009845386703739814
222,0.05528654255219433,0.034335618836196194,0.09981951547084293,0.000987020621829553
223,0.05527679110405457,0.03433093946391133,0.09978185832205283,0.0009894799757326719
224,0.05526722528017198,0.03432631909007273,0.09974501694816212,0.0009919028004668267
225,0.055257801368645026,0.03432174258427079,0.09970887120954176,0.000994284542465888
226,0.055248389503485124,0.034317084983414084,0.09967337630760811,0.000996629258549417
227,0.05523892637847858,0.03431225720902441,0.09963863165636881,0.0009989428381804077
228,0.05522949099231539,0.034307286548792164,0.09960488077345162,0.0010012282888328943
229,0.055220219918071696,0.034302249576831936,0.09957241511484136,0.0010034873182714803
230,0.05521116658662628,0.03429715255326568,0.09954144845028873,0.0010057243433028548
231,0.05520226474434368,0.0342919075518868,0.09951205384354672,0.0010079464237475306
232,0.05519342489976675,0.03428642916022458,0.099484187951191,0.0010101581493039723
233,0.055184638970014535,0.03428073236514196,0.09945774740574388,0.0010123571237238016
234,0.05517597153534516,0.0342749169388356,0.099432595956043,0.0010145354053009564
235,0.05516746035577379,0.03426906216235348,0.09940856284436904,0.0010166856245465024
236,0.05515905461977683,0.03426315718644384,0.09938545954781942,0.0010188055237690989
237,0.05515066505443662,0.03425714060199873,0.09936313721446462,0.0010208970095449675
238,0.055142261219437445,0.03425098972575885,0.09934154622688583,0.0010229622483014305
239,0.055133898596997355,0.034244748332637645,0.09932074092624504,0.001025002079110703
240,0.055125648382856274,0.03423846593870564,0.09930082111881817,0.001027018220387003
241,0.05511751896712247,0.0342321312623571,0.09928186070693437,0.0010290155633784948
242,0.05510945989918643,0.03422568392978848,0.09926387622175395,0.001031000725047164
243,0.05510143307643929,0.03421908776581061,0.09924683732154191,0.001032977846320296
244,0.055093457347846604,0.03421237491277884,0.09923068119946601,0.0010349461951745607
245,0.05508557410113127,0.034205610558129436,0.09921530717358437,0.0010369021082849593
246,0.055077783223712776,0.034198826340450385,0.09920057009766156,0.0010388428637300808
247,0.05507003228907512,0.03419200331387226,0.09918630339870078,0.0010407682954627026
248,0.055062270789822884,0.034185117810691217,0.09917236886901737,0.0010426792053281869
249,0.055054500313125955,0.03417818583467759,0.09915869466669011,0.0010445755451103447
250,0.05504676103627357,0.03417124977653447,0.09914527079714906,0.0010464571003092893
251,0.05503907677966613,0.034164328477476136,0.09913211305429041,0.0010483256913319079
252,0.05503142890191539,0.034157396826755844,0.09911923190780336,0.0010501856935988723
253,0.0550237868528273,0.034150420054335905,0.09910662530653593,0.0010520417371842061
254,0.05501615010985937,0.03414339792657576,0.09909428099674165,0.0010538959839352798
255,0.05500854614366207,0.03413636474687598,0.09908216766060066,0.0010557478646659553
256,0.05500098971565329,0.03412934979499362,0.09907021892888644,0.0010575961348823775
257,0.05499345825015867,0.034122350994317825,0.09905833359637796,0.0010594405365652428
258,0.054985914312827754,0.034115352547617946,0.09904640205019839,0.0010612813551701353
259,0.054978344613611785,0.034108358509162495,0.0990343398569985,0.0010631181330495872
260,0.054970766437929,0.03410139633329904,0.09902210162851358,0.0010649497789272499
261,0.05496319738898556,0.03409448708379172,0.09900967053619679,0.0010667761979544755
262,0.054955630679842174,0.03408762287166368,0.09899704230926433,0.0010685993463256302
263,0.05494804666345884,0.03408078048722816,0.09898421968230622,0.001070422239769438
264,0.054940441391550465,0.03407395193346615,0.09897121231848338,0.0010722469943876384
265,0.0549328322941326,0.03406715256308819,0.09895802830316962,0.0010740740704104862
266,0.054925234213854576,0.034060399523454896,0.09894465734905945,0.0010759032205877894
267,0.05491763872914102,0.03405369179700961,0.09893106188457938,0.001077734555215538
268,0.05491002347732692,0.03404701768764115,0.09891718730897953,0.001079568327889861
269,0.054902377445877074,0.034040376857514834,0.09890298276052062,0.001081404036258113
270,0.054894708831466056,0.03403378556088291,0.09888841428634343,0.0010832404133144556
271,0.054887027819883846,0.03402725841181562,0.09887346403865352,0.0010850766003375199
272,0.05487933006118135,0.034020791930171754,0.09885812511132584,0.0010869131087444279
273,0.054871602976233814,0.03401437126509971,0.0988424015605758,0.0010887513990189474
274,0.054863844221736444,0.03400798954275883,0.09882631010274556,0.0010905926584284902
275,0.054856065838129575,0.034001653782201866,0.09880987403589354,0.0010924372487489996
276,0.05484827876020383,0.03399537161430841,0.09879310959046785,0.001094285227801844
277,0.05484047928966754,0.03398913912734998,0.0987760162606587,0.0010961369101858166
278,0.05483265508322936,0.03398294656913302,0.09875857971105757,0.0010979925718848289
279,0.054824800915573575,0.03397679263983275,0.09874078248620595,0.0010998517784996298
280,0.05481692251294,0.03397068680043743,0.0987226114449577,0.0011017134235110325
281,0.05480902503112311,0.033964636758711426,0.09870405841627017,0.0011035765891576398
282,0.054801103959001514,0.03395863873460654,0.09868512006396024,0.0011054412116029237
283,0.05479315118964233,0.0339526830890431,0.09866580145028955,0.0011073078105413197
284,0.05478516676279361,0.0339467661757274,0.09864611906088473,0.0011091767748892597
285,0.054777159380848574,0.03394089186691566,0.09862609680151249,0.0011110481536304078
286,0.05476913540552924,0.033935062089525056,0.09860575635541262,0.0011129220449216603
287,0.05476109190468327,0.033929271037005,0.09858511027338379,0.001114798813001516
288,0.054753022519134754,0.033923511272526456,0.09856416274090081,0.001116678698428141
289,0.05474492785515169,0.03391778399470415,0.09854291325656632,0.0011185612091342786
290,0.054736812118038373,0.03391209472944043,0.0985213595011301,0.0011204454883719315
291,0.05472867492625837,0.033906444273707065,0.09849949838010608,0.001122330976530082
292,0.05472051086819126,0.03390082745625167,0.09847732910948942,0.0011242175900417037
293,0.05471231679365824,0.03389523982724086,0.0984548578745901,0.0011261053914993586
294,0.054704096094472715,0.03388968195589042,0.09843209905800596,0.0011279943269811047
295,0.05469585410183802,0.03388415554604595,0.0984090708814646,0.0011298843794991461
296,0.05468759158565295,0.033878657912107674,0.09838578939450408,0.0011317757946444527
297,0.054679305328912034,0.03387318325010879,0.09836226578425293,0.001133668921952654
298,0.05467099392452865,0.033867728686144766,0.09833850713639035,0.0011355638111058151
299,0.054662659790629356,0.03386229625065864,0.09831451724035326,0.0011374600919000645
300,0.05465430482918525,0.033856888302551624,0.09829029620676363,0.0011393572852808982
301,0.054645926743089,0.033851503367011676,0.0982658412665005,0.0011412551227772203
302,0.05463752161159526,0.03384613804840829,0.09824115025896808,0.0011431535113933604
303,0.05462908879327142,0.03384079140298339,0.098216225318996,0.0011450523264888205
304,0.054620631069519476,0.03383546499616805,0.09819107327380724,0.0011469514185899724
305,0.05461215029171327,0.03383015889575751,0.09816570286267333,0.0011488508234210936
306,0.054603645150263065,0.03382486993443599,0.09814012201573594,0.0011507508126798926
307,0.054595113886724285,0.03381959482668682,0.09811433705950315,0.0011526516481368324
308,0.05458655724574089,0.0338143333985948,0.09808835253174529,0.0011545533407970243
309,0.05457797708533376,0.03380908735507636,0.09806217011887988,0.0011564557064814246
310,0.054569373004249105,0.033803856856302675,0.09803578779795649,0.0011583585883551358
311,0.05456074223267343,0.033798640085045954,0.09800920111311816,0.0011602619250038473
312,0.054552082855828896,0.03379343600478509,0.097982406094405,0.0011621656321627993
313,0.05454339551381154,0.03378824571113693,0.09795540122130726,0.001164069558413161
314,0.05453468136568475,0.03378307031373491,0.09792818710752649,0.0011659736304445363
315,0.054525939776804457,0.03377790875023822,0.09790076524185713,0.0011678779781948095
316,0.054517169179565575,0.03377275885823594,0.09787313740843763,0.0011697828396421063
317,0.0545083693885917,0.03376761993360097,0.0978453054574638,0.0011716883634979706
318,0.05449954156543219,0.033762492947173164,0.09781727028825118,0.0011735945606087855
319,0.05449068593686954,0.0337573784326564,0.09778903043408475,0.0011755014173961834
320,0.05448180084856295,0.03375227551421843,0.09776058186455983,0.0011774089614325564
321,0.054472884500189264,0.03374718342203115,0.09773191944293608,0.0011793171895708924
322,0.05446393659211409,0.033742102862856845,0.09770303858695634,0.0011812260118659796
323,0.05445495752749107,0.03373703502787553,0.09767393579850596,0.0011831353399143468
324,0.05444594674385536,0.03373197984716876,0.09764460842808394,0.0011850452110698094
325,0.054436902885260686,0.03372693617555094,0.09761505467497496,0.0011869557747147528
326,0.054427825374979956,0.033721903462274494,0.09758527371846562,0.0011888671690123325
327,0.05441871475403412,0.03371688226630388,0.0975552651266007,0.0011907794624100975
328,0.05440957125363701,0.033711873021775064,0.09752502761429332,0.001192692709003279
329,0.05440039386605886,0.033706875213524605,0.09749455831797994,0.001194606988938271
330,0.05439118125611629,0.03370188825480939,0.09746385323862626,0.001196522353581652
331,0.054381932936466884,0.03369691253583901,0.09743290814935521,0.00119843877075683
332,0.05437264891356252,0.03369194892754963,0.09740171905352119,0.0012003561753086555
333,0.05436332859289195,0.0336869975703718,0.09737028228612217,0.0012022745652957158
334,0.05435397081876324,0.03368205783758511,0.0973385948316897,0.0012041940148401938
335,0.05434457493422316,0.03367712938424278,0.0973066547252728,0.0012061146049258183
336,0.0543351410920434,0.033672212533046926,0.09727446086046379,0.0012080363869037044
337,0.054325669339163635,0.03366730748992983,0.0972420121573633,0.0012099594177611432
338,0.05431615895984038,0.033662413802679605,0.09720930687843479,0.0012118837814738127
339,0.05430660902795065,0.033657530960366173,0.09717634262867916,0.0012138095418486427
340,0.054297019140869825,0.033652659106747924,0.09714311669039115,0.00121573669604367
341,0.05428738915134057,0.03364779871102308,0.09710962617834532,0.0012176652046484312
342,0.05427771846072498,0.03364294977883729,0.09707586812556906,0.001219595056773876
343,0.054268006110577145,0.03363811185930183,0.0970418398491579,0.001221526281443738
344,0.05425825150976302,0.03363328471920155,0.09700753940927113,0.0012234589087072388
345,0.054248454596218666,0.03362846851343667,0.09697296562985591,0.0012253929568108092
346,0.054238615216042674,0.033623663227867195,0.09693811762931982,0.0012273284623115109
347,0.054228732759605255,0.03361886839504594,0.09690299437548831,0.001229265489461658
348,0.0542188065712359,0.03361408356345644,0.09686759458955241,0.0012312040898689778
349,0.05420883635035215,0.03360930872544271,0.09683191677950265,0.00123314426900891
350,0.05419882186780012,0.03360454402682586,0.09679595916826933,0.0012350860073203896
351,0.054188762530574766,0.033599789292152536,0.09675971969659299,0.001237029299103633
352,0.05417865755358475,0.03359504413605389,0.09672319631992016,0.0012389741535468303
353,0.05416850644202399,0.033590308392543795,0.09668638738598559,0.0012409205722830772
354,0.05415830899525362,0.03358558209989234,0.09664929170993629,0.0012428685533740222
355,0.054148064883216544,0.03358086509613833,0.09661190834700165,0.001244818117677884
356,0.054137773525570164,0.03357615693938762,0.0965742363839856,0.0012467693093854218
357,0.05412743441856193,0.03357145727974303,0.09653627487510048,0.0012487221637988018
358,0.05411704729128539,0.03356676605179756,0.09649802275388618,0.0012506766887106016
359,0.05410661181967567,0.033562083204848714,0.09645947866688984,0.001252632881448989
360,0.0540961274065565,0.033557408471371473,0.09642064093931808,0.0012545907473214028
361,0.05408559339960213,0.03355274155075855,0.09638150778618006,0.001256550291607565
362,0.05407500936489168,0.033548082344465414,0.09634207756061171,0.0012585115083039152
363,0.0540643749773309,0.03354343082215927,0.09630234880905143,0.001260474393361345
364,0.054053689766164544,0.03353878676410157,0.09626232019009232,0.0012624389640445116
365,0.05404295316268462,0.03353414982411546,0.09622199042975545,0.0012644052526180683
366,0.05403216473062418,0.0335295197871418,0.09618135829718531,0.0012663732840453152
367,0.05402132415086974,0.03352489658351925,0.09614042248297362,0.0012683430707557668
368,0.05401043098747843,0.033520280074811,0.09609918143617867,0.0012703146254317023
369,0.05399948464022756,0.033515670007646624,0.09605763334140631,0.0012722879642996705
370,0.053988484546752535,0.03351106619989549,0.09601577625495133,0.0012742630958667864
371,0.05397743027636963,0.03350646861080615,0.0959736082321145,0.0012762400191405764
372,0.053966321381825395,0.03350187717194304,0.0959311273541721,0.0012782187390479348
373,0.05395515730212315,0.03349729167909957,0.09588833173464549,0.0012801992760944853
374,0.0539439374876642,0.03349271191961247,0.09584521955642138,0.001282181656767454
375,0.05393266150931906,0.03348813779548359,0.09580178905739524,0.0012841659023564243
376,0.053921328953440296,0.03348356923788952,0.09575803841603132,0.0012861520323445093
377,0.05390993929010718,0.03347900609124594,0.09571396564107468,0.0012881400706463006
378,0.053898491934211125,0.03347444817984662,0.0956695685729899,0.0012901300397665221
379,0.05388698637075952,0.033469895427416484,0.09562484495388204,0.0012921219525666287
380,0.05387542212385539,0.03346534781257716,0.09557979246939384,0.0012941158173994658
381,0.053863798648229634,0.033460805244943104,0.09553440876853343,0.0012961116495798458
382,0.05385211535234038,0.03345626757708061,0.09548869151576711,0.001298109472106337
383,0.05384037170878023,0.033451734712369806,0.09544263844284098,0.0013001093078422216
384,0.05382856725154236,0.0334472066085494,0.09539624732406571,0.0013021111781798145
385,0.05381670147056374,0.033442683183629564,0.09534951589292709,0.0013041151083487636
386,0.05380477379051264,0.03343816430575154,0.09530244179159737,0.0013061211264416299
387,0.0537927836548627,0.03343364988343277,0.09525502257968294,0.0013081292554933443
388,0.053780730551453,0.03342913989004529,0.09520725574908916,0.0013101395115898784
389,0.0537686139402504,0.033424634284010886,0.0951591387264552,0.001312151910948469
390,0.05375643322674799,0.03342013297188289,0.09511066890320664,0.0013141664742237656
391,0.05374418783218938,0.03341563587016702,0.09506184369524784,0.0013161832229727842
392,0.05373187723268745,0.03341114294107986,0.09501266057142244,0.0013182021773231038
393,0.05371950090273443,0.033406654138354384,0.09496311702329464,0.0013202233597211217
394,0.053707058271460856,0.03340216937002505,0.09491321052331339,0.0013222467967731301
395,0.05369454876385672,0.03339768854739825,0.09486293851120176,0.0013242725142181308
396,0.053681971838628995,0.03339321162823028,0.09481229838865955,0.0013263005326667996
397,0.05366932695046196,0.03338873857942578,0.09476128750347267,0.0013283308703416453
398,0.053656613511484576,0.03338426933442236,0.09470990315038111,0.0013303635469859938
399,0.05364383092497562,0.03337980382074353,0.09465814260793247,0.0013323985826455941
400,0.053630978628371025,0.03337534199744796,0.09460600317676428,0.0013344359955702113
401,0.05361805607107512,0.03337088382995222,0.09455348218242364,0.0013364758046381744
402,0.053605062675992035,0.03336642925232926,0.09450057695718905,0.0013385180322249665
403,0.05359199785584089,0.03336197818785679,0.09444728483016358,0.0013405627019513755
404,0.05357886104595051,0.033357530587251556,0.09439360311945855,0.0013426098348072477
405,0.05356565168761759,0.0333530864158167,0.09433952911121284,0.0013446594495583242
406,0.053552369194087616,0.03334864562017585,0.09428506004317033,0.0013467115652776938
407,0.053539012962649256,0.03334420813845483,0.09423019311666343,0.0013487662008617356
408,0.05352558240787599,0.03333977393000161,0.09417492552321731,0.001350823373230925
409,0.053512076955739465,0.033335342965720674,0.09411925445649255,0.0013528830987202835
410,0.0534984960163154,0.03333091519853153,0.09406317710967431,0.0013549453958490104
411,0.05348483898947746,0.03332649056966107,0.09400669067520673,0.0013570102847750404
412,0.05347110528952589,0.0333220690362159,0.0939497923433607,0.00135907778463785
413,0.05345729433893301,0.033317650568348546,0.09389247928665537,0.0013611479132533924
414,0.0534434055429505,0.03331323512627524,0.09383474864033388,0.0013632206886084847
415,0.053429438292195444,0.03330882266370258,0.0937765975001001,0.0013652961284728465
416,0.053415391985111346,0.03330441314937022,0.09371802293466715,0.0013673742488076975
417,0.05340126602730679,0.033300006563961884,0.09365902199463738,0.0013694550644174255
418,0.053387059813306964,0.03329560287917619,0.09359959171507984,0.001371538591114799
419,0.05337277272888362,0.0332912020587717,0.09353972912119067,0.0013736248458737846
420,0.053358404168810186,0.0332868040769271,0.09347943123322365,0.001375713845238351
421,0.05334395353476977,0.03328240891786525,0.09341869505917351,0.001377805605069813
422,0.05332942021783704,0.033278016560293035,0.09335751758019405,0.0013799001415052024
423,0.053314803598421036,0.03327362697898322,0.09329589574443374,0.001381997470551065
424,0.053300103060764645,0.03326924015989691,0.09323382647080244,0.0013840976067072447
425,0.053285317992703085,0.033264856099016915,0.09317130665250042,0.0013862005631860841
426,0.05327044777335167,0.03326047478812633,0.09310833315916851,0.0013883063533916377
427,0.05325549177492415,0.03325609621499421,0.0930449028438536,0.0013904149911592213
428,0.05324044937532194,0.03325172037533291,0.09298101255077008,0.001392526489835017
429,0.05322531995708335,0.03324734727199142,0.09291665911412218,0.0013946408622674987
430,0.05321010289582269,0.03324297690428676,0.0928518393500897,0.001396758121517986
431,0.05319479756048622,0.03323860926959655,0.09278655005212853,0.0013988782804639733
432,0.053179403322682194,0.0332342443737507,0.09272078799119986,0.001401001350691526
433,0.05316391955542947,0.03322988222978523,0.09265454991551175,0.0014031273425418888
434,0.053148345624737914,0.03322552284854149,0.09258783255086013,0.001405256266024401
435,0.05313268089176512,0.033221166239613485,0.09252063260628388,0.0014073881308948627
436,0.0531169247214576,0.03321681241907515,0.09245294678140245,0.001409522946101959
437,0.053101076481223405,0.03321246140763781,0.0923847717680321,0.0014116607199791745
438,0.05308513553361274,0.033208113223414236,0.09231610424698725,0.0014138014608010563
439,0.053069101237688016,0.03320376788404867,0.0922469408861047,0.0014159451764184038
440,0.05305297295492908,0.03319942541355519,0.09217727833961417,0.0014180918734510522
441,0.05303675004697546,0.03319508584043048,0.09210711324609955,0.0014202415573250607
442,0.0530204318700424,0.03319074919177225,0.09203644222745698,0.0014223942327787563
443,0.053004017777478526,0.03318641549521609,0.09196526189255944,0.0014245499037505536
444,0.05298750712525363,0.033182084783716766,0.09189356884250573,0.0014267085730357116
445,0.05297089927004603,0.03317775709294418,0.09182135967259411,0.0014288702425830251
446,0.052954193564998066,0.03317343245675011,0.09174863097175057,0.0014310349138978349
447,0.052937389361962024,0.033169110909747265,0.09167537932251042,0.0014332025877126689
448,0.05292048601491371,0.0331647924913579,0.09160160130042157,0.0014353732634715015
449,0.05290348287717292,0.03316047724344037,0.09152729347157902,0.0014375469394167365
450,0.0528863792981224,0.03315616520708765,0.09145245239110776,0.0014397236128132
451,0.052869174625883496,0.0331518564251442,0.09137707460514718,0.0014419032797098597
452,0.05285186821024694,0.03314755094472901,0.09130115665386121,0.0014440859347456885
453,0.05283445940043731,0.03314324881442035,0.09122469507277157,0.0014462715714626394
454,0.052816947543162567,0.03313895008194919,0.09114768639337145,0.0014484601825390851
455,0.052799331985129434,0.033134654796811866,0.09107012714408078,0.001450651759501408
456,0.05278161207451951,0.0331303630120915,0.09099201384985177,0.0014528462924576575
457,0.05276378715828313,0.033126074782060394,0.09091334303003196,0.0014550437702163413
458,0.05274585658075799,0.03312179016101462,0.09083411119715724,0.001457244180311918
459,0.05272781968905247,0.033117509205717134,0.09075431485791044,0.0014594475117532463
460,0.05270967774907721,0.03311323454767795,0.0906739490330394,0.00146165339479139
461,0.0526914303460161,0.033108967652183026,0.09059300622265305,0.0014638614493024643
462,0.05267307143990368,0.03310470328470156,0.09051148027592512,0.0014660721000170874
463,0.052654600169565795,0.033100440454426616,0.09042937074683634,0.001468285565771905
464,0.05263602152344382,0.03309618362543691,0.09034668127132138,0.0014705016437426292
465,0.052617335572639076,0.03309193234528863,0.09026341321147299,0.0014727205850558489
466,0.052598537656687136,0.0330876820415834,0.09017956352606579,0.0014749429098905827
467,0.052579627509387966,0.03308343363886116,0.09009512722839227,0.0014771684248483508
468,0.05256060758918456,0.033079191513458235,0.09001009800292557,0.0014793964751412022
469,0.05254147538567843,0.03307495491052511,0.08992446782926541,0.0014816269093002377
470,0.0525222266841191,0.033070720766820313,0.08983823004743577,0.0014838599078116337
471,0.05250286253414385,0.033066490719825016,0.08975138245265676,0.001486095323787482
472,0.05248338539900623,0.033062267307146564,0.08966392533050026,0.001488333025759621
473,0.05246379330801142,0.03305804835775873,0.08957585785790659,0.0014905733786713636
474,0.05244408386387601,0.033053831631214815,0.08948717772288116,0.0014928166880849585
475,0.05242425838392586,0.03304961937146691,0.08939788162960761,0.0014950626865374193
476,0.05240431732553301,0.03304541345477271,0.08930796415368636,0.001497311040023029
477,0.05238425744382691,0.03304121206847959,0.08921741809012144,0.001499561757323036
478,0.05236407677916175,0.033037014492215876,0.08912623753514963,0.0015018147799159484
479,0.052343776706811604,0.033032822995009856,0.08903441940644696,0.0015040698305123596
480,0.05232335728602721,0.0330286380224916,0.08894196179877975,0.0015063269037796604
481,0.05230281625880909,0.033024457415032064,0.08884886271470942,0.0015085863008351425
482,0.052282153184746855,0.033020281061583424,0.08875512021538948,0.0015108480800855302
483,0.05226136920357311,0.03301611088348149,0.08866073154976674,0.0015131120101382668
484,0.0522404631253002,0.033011946754765806,0.08856569187886788,0.0015153779947608213
485,0.05221943242990347,0.03300778734356675,0.08846999530580485,0.0015176460251757464
486,0.052198276786383,0.03300363351386476,0.08837363698976429,0.0015199158745653838
487,0.05217699668867176,0.03299948669716835,0.08827661341396785,0.0015221873087098356
488,0.05215559076912379,0.03299534605022733,0.0881789216125386,0.0015244603963887402
489,0.052134057637113616,0.03299121052588683,0.08808055924299314,0.0015267352626281636
490,0.052112397757442946,0.032987081072922086,0.08798152439040997,0.0015290118064388626
491,0.05209061114756666,0.03298295840351135,0.08788181420583073,0.0015312899028891653
492,0.05206869602356558,0.03297884160688077,0.08778142434056616,0.0015335695485715738
493,0.052046652925107136,0.03297473293983508,0.08768034870508239,0.0015358502442555776
494,0.05202448152439999,0.032970634110993824,0.08757857977507875,0.0015381314583904177
495,0.05200217786101958,0.03296654238746454,0.08747611110398211,0.0015404132527586187
496,0.05197973946496409,0.03296245515794706,0.08737294167574546,0.0015426959718679459
497,0.05195716978494466,0.03295837516424031,0.08726907532922273,0.0015449795548598023
498,0.0519344703512298,0.03295430325065485,0.08716451484688993,0.0015472641311969598
499,0.05191163772299176,0.03295023598586925,0.08705925810751101,0.0015495501156203093
500,0.05188867047137017,0.03294617327177345,0.08695329945933129,0.0015518373077304574
501,0.051865569903262784,0.03294211868542471,0.08684663143432189,0.0015541249309736986
502,0.051842334005617746,0.032938072275460736,0.08673924562347068,0.00155641260546287
503,0.051818959190127044,0.03293403168535851,0.08663113564108806,0.0015587003765509156
504,0.05179544601893681,0.03292999797768362,0.08652229967190339,0.0015609881068725153
505,0.05177179633761405,0.03292597294402315,0.08641273841852234,0.0015632757098864405
506,0.05174800854441292,0.032921954756770726,0.08630245138738868,0.0015655635101644624
507,0.05172408079388362,0.032917941945601104,0.08619143590477422,0.0015678516673276659
508,0.051700014484305716,0.03291393751546875,0.08607968679173782,0.001570139610489397
509,0.051675810020774274,0.032909944543195714,0.08596719490337364,0.001572426496903832
510,0.05165146030400603,0.03290595746165298,0.0858539510940267,0.001574712623547715
511,0.051626964173874065,0.032901975816402605,0.0857399520330443,0.001576997950862592
512,0.05160232670777913,0.032898004817237717,0.08562519952999494,0.0015792819845424212
513,0.051577546793348514,0.032894042878909846,0.08550969419597158,0.0015815650752443442
514,0.05155261975382771,0.03289008520823175,0.08539343356252121,0.0015838478330917113
515,0.051527546928556905,0.03288613441221159,0.08527641367793724,0.0015861297807578682
516,0.051502329992222595,0.032882194270801066,0.08515862801919317,0.001588410117582891
517,0.05147696424443231,0.03287826194972322,0.08504006753381767,0.0015906887879455454
518,0.05145144824903731,0.03287433820576575,0.08492072383615287,0.0015929652760409852
519,0.0514257826280163,0.032870425164938065,0.08480059199240711,0.0015952390645968143
520,0.0513999648364368,0.03286652019320993,0.08467967063323945,0.0015975105165789833
521,0.05137399402670681,0.03286262178312473,0.08455796111018256,0.0015997800215455664
522,0.05134787235360383,0.03285873199132748,0.08443546448204983,0.0016020474658663836
523,0.05132159908260593,0.03285485088322493,0.08431217731161421,0.0016043127370581607
524,0.05129517054731838,0.032850976534295584,0.08418809150999601,0.00160657571102359
525,0.05126858541300776,0.03284711006300811,0.08406319790914075,0.0016088357681714935
526,0.05124184522615513,0.03284325591645463,0.08393748746952888,0.0016110918157947224
527,0.051214946227210977,0.03283941203591764,0.0838109522898612,0.0016133437333210935
528,0.05118788369907346,0.03283557368107998,0.08368358948565068,0.0016155921208633516
529,0.051160661062502256,0.032831743899729364,0.0835554016184068,0.0016178368390915312
530,0.05113328077515627,0.032827924959803315,0.0834263900828969,0.0016200777987735722
531,0.05110573802188489,0.03282411251285252,0.08329655015690422,0.001622315477651522
532,0.05107803009149458,0.03282030586509262,0.0831658732350991,0.0016245495793821441
533,0.051050158542315885,0.032816509687562175,0.08303434953360461,0.0016267789480327872
534,0.0510221206621508,0.03281272380429106,0.08290196879016153,0.0016290030998274269
535,0.05099391166478852,0.032808944809562486,0.08276872325771309,0.0016312222036834155
536,0.05096553237749715,0.03280517431468166,0.08263461011136776,0.0016334360405419362
537,0.05093698451555359,0.032801414445137865,0.0824996281501539,0.0016356444403849452
538,0.050908264864202,0.032797662371412094,0.08236377347008776,0.0016378477987723558
539,0.05087937079753927,0.03279391682511175,0.08222703935954058,0.0016400461005194134
540,0.050850302849788385,0.032790180858732365,0.0820894171778647,0.0016422385554830756
541,0.05082105880858928,0.03278645490101058,0.08195089637047637,0.0016444246334834237
542,0.050791634235026036,0.03278273663381251,0.0818114667481835,0.001646604251576826
543,0.05076202831404737,0.032779026958115326,0.08167112136461326,0.0016487770830093972
544,0.05073224154489613,0.03277532760513385,0.08152985546936764,0.0016509428458887558
545,0.050702271253029625,0.03277163674926043,0.08138766365670115,0.0016531017724289623
546,0.050672114886183256,0.03276795313490644,0.08124453912038539,0.001655253927199738
547,0.05064177215114743,0.03276427866817994,0.08110047347455578,0.0016573987880563294
548,0.050611240911675466,0.03276061378780545,0.08095545608961649,0.0016595359059467147
549,0.0505805180163518,0.03275695823348443,0.08080947472877828,0.0016616648371117152
550,0.050549601992891935,0.03275331373605346,0.08066251720945333,0.0016637848149478023
551,0.050518488239387094,0.03274967734553968,0.08051457424976557,0.0016658960438943082
552,0.050487175266509275,0.03274604851686976,0.08036564036147152,0.0016679986773452046
553,0.050455664126634006,0.032742429406578344,0.08021571087794512,0.00167009254446664
554,0.050423952036189955,0.03273881881399944,0.08006477734553902,0.0016721777530827138
555,0.0503920354972768,0.03273521629080432,0.0799128263248744,0.0016742539414975966
556,0.050359912997450094,0.032731624874923315,0.07975984101258594,0.0016763199200095866
557,0.05032757859673681,0.03272804206376487,0.0796058052931587,0.0016783754743402044
558,0.05029503114447016,0.03272447010003717,0.07945070592155681,0.0016804198601216315
559,0.0502622668745457,0.03272090656184922,0.07929453411808207,0.0016824534890800687
560,0.05022928341449299,0.03271734976663746,0.07913728361621508,0.0016844769246125108
561,0.050196080913800366,0.032713801512093105,0.07897894652697982,0.0016864900963113013
562,0.050162656285069926,0.03271026171014583,0.07881950888001416,0.0016884927989212603
563,0.050129003628627156,0.03270672874784884,0.07865895109820241,0.0016904846611378317
564,0.050095119321098204,0.032703204096325114,0.07849725241665345,0.0016924647414423963
565,0.050061000485182056,0.03269968942833894,0.07833439397655945,0.0016944322615312253
566,0.05002664244360878,0.03269618319951617,0.07817035984409453,0.0016963872752736977
567,0.0499920419129657,0.032692684517042894,0.07800513685407083,0.0016983300251086344
568,0.04995719745407379,0.03268919461003909,0.07783871189859089,0.0017002604643165178
569,0.04992210530346457,0.032685713117024166,0.07767106817411767,0.001702178551616861
570,0.049886759854598034,0.03268223889154654,0.07750218455323635,0.0017040840524042253
571,0.04985115685674546,0.03267877308499619,0.07733203784416455,0.0017059762029163564
572,0.04981529201844169,0.03267531674864018,0.07716060485824203,0.0017078542981531044
573,0.04977915974325683,0.03267186878991094,0.07698786385483224,0.0017097181823794384
574,0.049742756422027114,0.032668429875796594,0.07681379468967846,0.001711567608294825
575,0.04970607970633331,0.032665002542466265,0.07663837614806998,0.0017134019342530547
576,0.04966912050589586,0.032661581490022545,0.07646158585371719,0.001715221845129872
577,0.049631875247101755,0.032658168115713655,0.0762834010928841,0.0017170269128112719
578,0.049594342609175175,0.032654767339410744,0.07610379679635144,0.001718815910494146
579,0.04955651126953252,0.03265137272308971,0.07592274542828643,0.0017205894607855222
580,0.04951837458500263,0.03264798284220965,0.0757402209626121,0.001722347550270559
581,0.049479932610457425,0.03264460382133422,0.07555619868077705,0.0017240890529677914
582,0.04944117764839062,0.03264123345693378,0.07537065044768514,0.001725814101919809
583,0.049402099189350596,0.03263786699269325,0.07518354532352209,0.00172752313195293
584,0.04936269412427449,0.03263450861524448,0.07499485220778213,0.0017292150674735904
585,0.04932295719806505,0.032631160463095825,0.07480453809085234,0.0017308891167987575
586,0.04928287693237668,0.032627817721359524,0.07461256781370695,0.0017325456482757669
587,0.04924244656890206,0.03262448086555897,0.07441890711131449,0.0017341842810801886
588,0.04920166227018097,0.03262115376722304,0.07422352180997073,0.0017358041409637735
589,0.04916051407536715,0.032617833695956035,0.07402637491458817,0.001737405396493478
590,0.04911899186753877,0.032614518270532945,0.07382742755306645,0.0017389880863925332
591,0.04907709015364495,0.03261121092478055,0.07362664005879811,0.001740551217104773
592,0.049034801761415774,0.03260791420657113,0.07342396928615422,0.0017420936976137997
593,0.04899211285571884,0.03260462333196716,0.07321936952956508,0.001743615617838665
594,0.04894901289053339,0.032601336411042126,0.07301279766168099,0.0017451169471550674
595,0.048905498522375614,0.032598059698381636,0.07280421197610241,0.0017465964287734983
596,0.04886155900679348,0.03259479184762226,0.0725935664238156,0.0017480538744080924
597,0.048817177097086016,0.032591524326931215,0.07238081221968708,0.0017494903262173878
598,0.048772346769883144,0.03258826201843031,0.07216590116060964,0.0017509045193309014
599,0.048727060670632136,0.03258500905529127,0.07194878218339652,0.0017522951786615559
600,0.04868130121233527,0.03258175864935442,0.07172939913291826,0.0017536627363971937
601,0.04863505780082218,0.03257851334194941,0.07150769371158136,0.0017550057165564967
602,0.048588318554552305,0.03257527347901785,0.07128360857631412,0.0017563233602716272
603,0.04854107040506964,0.0325720378950531,0.07105708584241968,0.0017576153415326057
604,0.04849330011347264,0.03256880546745728,0.0708280664109355,0.0017588813638282556
605,0.048444993427540245,0.032565574078810625,0.07059648978265207,0.0017601213921992057
606,0.048396137467176505,0.03256234415536788,0.07036229261470597,0.0017613347888674306
607,0.048346717797600476,0.032559115696552815,0.07012540708004178,0.0017625206850392975
608,0.048296717437220305,0.0325558868979692,0.06988576124959917,0.0017636782893312743
609,0.04824612026776446,0.032552657478346854,0.06964328140405084,0.0017648065086074316
610,0.048194910701745364,0.03254942776987839,0.06939789325049282,0.0017659042817684105
611,0.04814307140755957,0.03254619601401472,0.06914952155219707,0.0017669710831054377
612,0.04809058493637917,0.03254296066936789,0.06889808943961005,0.0017680063790892619
613,0.04803743431594692,0.0325397216663782,0.06864351718518293,0.0017690092125321275
614,0.04798360058282248,0.03253647781122106,0.06838572103712708,0.0017699785641760088
615,0.04792906331574776,0.03253322723325485,0.06812461377751317,0.001770913326990271
616,0.04787380270792617,0.03252996936662215,0.06786010621921461,0.0017718120974610967
617,0.04781779838244391,0.0325267032103551,0.06759210779335711,0.0017726736134173885
618,0.04776102861327554,0.03252342640415187,0.0673205263860474,0.0017734969319141837
619,0.047703471818896594,0.03252013730807241,0.06704526785011912,0.0017742809408003604
620,0.047645105983814676,0.032516834724771536,0.06676623495706956,0.0017750242676292263
621,0.047585907179884014,0.03251351632951773,0.06648332673119686,0.0017757255041269057
622,0.04752585073159526,0.032510179887884114,0.06619643906150416,0.0017763830314103104
623,0.04746491200645978,0.032506823867585105,0.06590546561398467,0.0017769950160777448
624,0.04740306525967972,0.03250344584247176,0.06561029814721793,0.0017775597877643782
625,0.047340283856850254,0.032500042784324855,0.06531082649411427,0.0017780757737025422
626,0.04727654111358298,0.03249661230962926,0.06500693817364693,0.0017785411692243355
627,0.047211809286237326,0.03249315174141051,0.06469851767380291,0.0017789540100662342
628,0.047146059110906205,0.03248965762125804,0.06438544630464939,0.0017793122287182866
629,0.047079260891469354,0.03248612683614841,0.06406760284885409,0.0017796134855501257
630,0.04701138443237893,0.03248255628313013,0.06374486419707544,0.0017798553098337087
631,0.046942398387871426,0.032478941935432985,0.0634171056586434,0.0017800353207097592
632,0.046872270878865155,0.03247527961921576,0.06308420106863023,0.0017801510459233463
633,0.04680096963989449,0.03247156535951932,0.0627460225539607,0.0017801997695830296
634,0.04672846120404317,0.03246779450080587,0.062402440257159145,0.0017801786518054715
635,0.046654714120524264,0.03246396692957811,0.06205332045014773,0.0017800831009166017
636,0.04657968741859802,0.03246007052078995,0.061698529417625055,0.001779911014283059
637,0.04650334610134361,0.03245609926699346,0.06133793698877615,0.001779659436594926
638,0.04642566027949314,0.03245205319448496,0.06097141450773784,0.0017793241834606162
639,0.046346590622445345,0.03244792200864915,0.060598830254334914,0.0017789025629292095
640,0.04626609732879157,0.032443696612595004,0.06022004966325381,0.001778390783545803
641,0.046184147985258356,0.03243937898308105,0.05983493652822192,0.0017777816965329218
642,0.04610069942818748,0.032434957161267305,0.05944335670042026,0.0017770709268361189
643,0.04601570890916719,0.0324304169855658,0.059045183683960466,0.0017762551868092957
644,0.04592914424688649,0.032425754460123614,0.05864029993316547,0.001775329800129778
645,0.045840969898693705,0.03242096149779113,0.05822858977345728,0.0017742904462111166
646,0.045751142317685956,0.03241602231652235,0.057809935217481956,0.0017731329576672144
647,0.0456596230597061,0.032410929178344414,0.057384218930460175,0.0017718500952696458
648,0.045566377572677286,0.03240567971002725,0.05695132739659129,0.0017704323833317805
649,0.045471359636469075,0.03240025350251254,0.0565111580458487,0.0017688745247867888
650,0.045374531055928924,0.032394634360983963,0.056063625501839444,0.0017671715945770732
651,0.045275866253263596,0.03238881836947651,0.055608657933936524,0.0017653162969997723
652,0.045175328336976774,0.032382787639704924,0.055146188895375994,0.001763302918196645
653,0.04507287691855595,0.032376521061577554,0.054676157218635044,0.0017611244132513877
654,0.04496848342512201,0.03237001127160773,0.05419851350391752,0.0017587694527307722
655,0.04486211888264206,0.03236324685395686,0.053713224963679806,0.0017562270359492396
656,0.044753747351701303,0.0323562009236839,0.053220281942619574,0.0017534900394934878
657,0.04464334510389927,0.03234885354513343,0.052719702682758066,0.0017505510222142287
658,0.044530900887117954,0.032341195875322415,0.05221152737767203,0.0017473995362611283
659,0.044416391985225255,0.03233320347246154,0.0516958123126242,0.0017440260502388735
660,0.04429979264946436,0.03232484381792195,0.051172637080999034,0.0017404214153426084
661,0.044181100046730024,0.03231610627623959,0.05064211252793352,0.001736571264903731
662,0.04406031077834888,0.032306970406273665,0.050104384051075625,0.0017324635618600867
663,0.043937418031156784,0.03229740275164456,0.04955963232110973,0.0017280888152902726
664,0.04381243075914749,0.03228738147547908,0.04900807582307842,0.0017234341190527297
665,0.04368536325973752,0.03227688152614104,0.0484499740564996,0.0017184869222965575
666,0.04355623205728094,0.032265870718853056,0.04788562890003932,0.0017132355584200194
667,0.04342506816433707,0.03225432634774486,0.047315385769700596,0.0017076646626520936
668,0.043291905793233276,0.032242217960401005,0.046739639808861144,0.0017017598710600379
669,0.04315678551247859,0.03222950777729362,0.046158842711820414,0.0016955091928208812
670,0.04301976888554948,0.03221616964615174,0.04557350408996005,0.0016888984214057292
671,0.042880925157478766,0.032202173507734085,0.044984190178907965,0.0016819136139630897
672,0.042740326768942016,0.03218747997681663,0.04439152475188827,0.001674541841747731
673,0.042598068408368384,0.03217206582358482,0.0437961907974047,0.0016667644253026254
674,0.04245424941113374,0.032155895224023255,0.04319894008193548,0.001658566170723385
675,0.042308980776132994,0.032138924643446726,0.04260059902739572,0.001649936327207128
676,0.04216240594021396,0.03212113384448877,0.042002063326274514,0.00164085943047029
677,0.042014667681524946,0.032102484207035716,0.041404296670841015,0.0016313241403210267
678,0.0418659153202114,0.03208292673225728,0.04080833113680893,0.0016213223605923365
679,0.04171633570809257,0.03206244405477672,0.04021526325927155,0.0016108390014615448
680,0.04156612219736836,0.03204100941518647,0.039626254062964564,0.0015998619695889802
681,0.041415471206236586,0.0320185813817118,0.03904252863667382,0.0015883840971900266
682,0.041264610396710644,0.03199514079346598,0.03846537231490844,0.001576395140262975
683,0.04111378069899827,0.03197066510738069,0.037896128133503966,0.0015638899649167927
684,0.040963232505025225,0.03194512747286914,0.03733618750543939,0.001550867531068199
685,0.040813236134989675,0.03191851591427191,0.036786979081205116,0.0015373244044767438
686,0.040664068987203726,0.03189081493211396,0.03624996341942384,0.0015232613712050046
687,0.04051602193509553,0.03186201507505966,0.035726622787201484,0.0015086823025955733
688,0.04036940371171315,0.03183212302151714,0.03521844800203098,0.0014935910897898158
689,0.04022452107173265,0.03180113601969608,0.03472692914309243,0.0014779992234180803
690,0.04008168986441288,0.031769060148659226,0.034253538222176326,0.0014619220713183885
691,0.039941239714157604,0.03173592300836925,0.03379970990320894,0.0014453747251465694
692,0.039803492942087224,0.031701750014397775,0.03336682917610409,0.00142837709246863
693,0.03966876847506497,0.031666574886947435,0.032956216022813546,0.00141095038355482
694,0.03953738018540344,0.03163043459231078,0.03256910803030404,0.00139312398703185
695,0.03940964492886515,0.0315933878939245,0.032206636530733516,0.0013749297287939514
696,0.03928585878307855,0.03155548882291299,0.03186981122739148,0.001356407714687273
697,0.03916630428294009,0.03151680749899313,0.03155949996774989,0.0013375967903969759
698,0.039051244674320314,0.03147742552934113,0.03127641340127283,0.001318536464724612
699,0.03894091667997212,0.03143742569258632,0.03102108998483898,0.0012992729904180026
700,0.03883553630427477,0.03139690430904198,0.030793875049275655,0.0012798569853776603
701,0.03873529169371734,0.03135596808558461,0.0305949084731134,0.0012603419135100498
702,0.03864033274271161,0.03131472548079327,0.030424121059710457,0.001240783049976248
703,0.03855077443337488,0.031273295354458296,0.030281228008895204,0.0012212334771375456
704,0.03846669269196648,0.031231798250180184,0.03016572225857428,0.0012017499900714448
705,0.03838812729726739,0.03119036153910489,0.030076868765153454,0.0011823920051318064
706,0.038315078171586185,0.031149116699781036,0.030013710946907086,0.0011632192824237273
707,0.03824750192156436,0.03110819622158058,0.029975088030689483,0.0011442880938458803
708,0.03818531127526252,0.03106772908159582,0.02995964868010064,0.001125652457646572
709,0.03812838059220523,0.031027842389061453,0.02996585376126463,0.0011073674508908487
710,0.03807655161078981,0.030988667437332827,0.029991988943453236,0.001089486384766329
711,0.03802962701878022,0.030950326554398083,0.030036200434234182,0.0010720603775352957
712,0.03798737477462602,0.0309129347314196,0.03009652432919203,0.0010551351773680172
713,0.03794953738515045,0.030876606201678463,0.030170905079025354,0.0010387501676669183
714,0.03791583236738798,0.030841444611675563,0.03025722213145965,0.00102294332942048
715,0.03788595766077244,0.030807543095475693,0.030353317047865598,0.0010077511557236264
716,0.03785959958472142,0.03077499051958522,0.030457024957529735,0.0009932040736302557
717,0.03783643381094873,0.030743864533136864,0.030566220132879234,0.0009793252512360125
718,0.03781612837736905,0.030714224887783293,0.030678843998310223,0.0009661346899237144
719,0.037798357680191,0.030686128250565197,0.030792912394360807,0.0009536469507536359
720,0.0377828025463405,0.030659619596197226,0.030906548457625044,0.0009418732586182615
721,0.03776915076878849,0.030634725528990818,0.03101801898554652,0.0009308214426883675
722,0.03775710726274715,0.03061146664993816,0.031125745679646558,0.0009204914768796767
723,0.037746395047172525,0.03058985241989947,0.031228321003960523,0.0009108784264809502
724,0.037736755595183566,0.03056987574074561,0.031324518950046086,0.0009019760644287372
725,0.03772795611147533,0.03055152403941058,0.031413290853008445,0.0008937739014630645
726,0.037719788425875776,0.030534775578177645,0.03149377904664731,0.0008862570383686715
727,0.03771206660931119,0.03051959367806744,0.031565327270361154,0.0008794074771715194
728,0.03770463174982004,0.030505936481433363,0.03162746256542653,0.0008732027553013714
729,0.03769735076204413,0.03049375567090381,0.031679884199665345,0.0008676182512072484
730,0.03769011290013461,0.03048299194672266,0.03172246077772244,0.0008626287978674634
731,0.037682830878732726,0.030473581653883558,0.031755214185513254,0.0008582063877465145
732,0.03767543882396054,0.030465457283878047,0.03177830695475572,0.0008543201491313449
733,0.03766788820178247,0.030458543736615256,0.03179202940195478,0.0008509385847762609
734,0.037660148039888916,0.030452764253846333,0.0317967722377493,0.0008480293384927235
735,0.03765220276295001,0.030448041689225717,0.031793007727026715,0.0008455595283189525
736,0.03764404773383161,0.03044429492306296,0.03178128068108022,0.0008434966745526045
737,0.037635688621912945,0.03044144340449045,0.0317621890016656,0.0008418074170893742
738,0.037627139540303715,0.03043940835527187,0.0317363654869103,0.0008404580876497827
739,0.03761841963421153,0.030438110008110243,0.03170446477441058,0.000839416671219173
740,0.037609552837790765,0.030437471612676365,0.03166714681725342,0.0008386518616637182
741,0.03760056592798002,0.030437419257306576,0.03162506792808827,0.0008381330850557916
742,0.037591486094944775,0.030437880037288433,0.031578875311814435,0.000837830995293456
743,0.037582340966036965,0.030438784952176848,0.031529194738486525,0.0008377170661628128
744,0.037573157615898835,0.030440068947042213,0.03147662210019509,0.0008377642488176018
745,0.03756396106095303,0.030441669450889997,0.031421719919657254,0.0008379476261315794
746,0.037554774553414966,0.030443528562440245,0.03136501255906825,0.0008382434791610738
747,0.037545618909487176,0.03044559260468683,0.03130698527901595,0.0008386292489971596
748,0.03753651169570295,0.0304478108178419,0.03124808339576188,0.0008390841987086735
749,0.03752746810950683,0.030450137371916295,0.03118870788144152,0.0008395891613022331
750,0.03751850075946267,0.030452530781861057,0.031129216529262087,0.0008401266717491929
751,0.03750961911074483,0.030454952483232763,0.03106992802804728,0.0008406810219026104
752,0.03750083035988326,0.0304573683020633,0.031011122276214016,0.0008412376025771588
753,0.03749213946924212,0.030459747853462282,0.030953041927651935,0.0008417832302494521
754,0.03748354905993078,0.030462063565645556,0.030895894446736467,0.0008423066049379293
755,0.03747506032176788,0.030464291973645495,0.030839852981897658,0.0008427977517428578
756,0.03746667291148488,0.030466412879258085,0.030785060618235015,0.0008432479085797933
757,0.03745838485466823,0.030468408462044693,0.03073163388410208,0.0008436496158031166
758,0.03745019346054073,0.03047026446666274,0.03067966275279417,0.00084399644331915
759,0.03744209532173323,0.03047196944985962,0.0306292130822692,0.0008442832554197727
760,0.03743408625657396,0.03047351403003393,0.030580330143339156,0.0008445061978721995
761,0.03742616194584218,0.030474891685518393,0.03053304073053842,0.000844662114216102
762,0.03741831779031383,0.0304760978746392,0.03048735625712779,0.0008447486642490702
763,0.03741054896854645,0.03047712957923591,0.030443274430943024,0.000844764503121937
764,0.037402851027961745,0.030477986071024282,0.0304007797371179,0.0008447090095138784
765,0.03739521962242874,0.030478668017312686,0.030359846477264182,0.0008445823096632166
766,0.03738765046035446,0.030479177110277852,0.03032044113386401,0.0008443851233037977
767,0.03738013972974912,0.030479516690845445,0.03028252271279199,0.0008441184963452846
768,0.03737268387381095,0.03047969100966703,0.03024604399870381,0.0008437840644031551
769,0.03736527962246358,0.030479705103339482,0.030210952472918457,0.0008433840245404035
770,0.03735792424170678,0.030479565209780197,0.030177191193637726,0.0008429207931990359
771,0.03735061519748192,0.030479277969113545,0.03014470082120818,0.0008423970641267406
772,0.037343350223623444,0.030478850441316426,0.03011342001724337,0.000841815778858342
773,0.03733612755563224,0.030478290476647792,0.030083285166072872,0.0008411800457698714
774,0.03732894562871081,0.030477606029357004,0.030054231649533584,0.0008404932694470862
775,0.037321803114387826,0.030476805238122837,0.03002619461059543,0.0008397589541459024
776,0.03731469901396284,0.03047589662240675,0.02999910926065233,0.0008389805394256202
777,0.03730763241013161,0.03047488853614666,0.029972911432941743,0.0008381615873965984
778,0.03730060259832387,0.03047378942449034,0.029947537219081676,0.0008373057300171958
779,0.03729360911862204,0.030472607910999195,0.029922923226266877,0.00083641656236947
780,0.037286651493060256,0.03047135228056076,0.02989900769356593,0.0008354976737863115
781,0.03727972935153598,0.030470030743216726,0.02987573043809009,0.0008345525207012363
782,0.0372728424531479,0.030468651447637874,0.02985303273358574,0.0008335844587928741
783,0.03726599052311893,0.030467222117488472,0.029830857733062887,0.0008325968590178785
784,0.03725917337555102,0.030465750315289964,0.02980915056734027,0.0008315929467930068
785,0.03725239084743244,0.030464243314906162,0.029787858872538472,0.000830575758018584
786,0.03724564268575383,0.030462707854055065,0.029766933085911593,0.0008295482145164463
787,0.03723892870843348,0.030461150453003658,0.02974632592313299,0.0008285130708032293
788,0.037232248732977806,0.03045957726615371,0.029725992560193835,0.0008274729547853286
789,0.03722560249276506,0.03045799392487793,0.029705891063659954,0.00082643035515514
790,0.03721898982074819,0.030456405948675738,0.02968598273860952,0.0008253873243505471
791,0.037212410221264196,0.03045481776593171,0.02966623173819224,0.0008243461076940374
792,0.03720586354853823,0.03045323414967534,0.02964660365776847,0.0008233086673091963
793,0.03719934956207927,0.030451659346516623,0.02962706741988378,0.0008222767315858934
794,0.03719286769085482,0.030450096593267122,0.02960759596751402,0.0008212519040848939
795,0.03718641768503909,0.030448549443987186,0.029588163992261468,0.0008202354425996038
796,0.03717999919454071,0.030447020860071675,0.029568748351123473,0.0008192286642443405
797,0.03717361173371915,0.030445513179909806,0.0295493285571848,0.0008182328423723806
798,0.037167255043892476,0.030444028933484486,0.029529886513034995,0.0008172488078009895
799,0.037160928631542384,0.03044256985579594,0.029510407313754438,0.0008162773129955606
800,0.037154632012476284,0.030441137361086307,0.029490877989427608,0.00081531905350445
801,0.03714836494497574,0.030439733035349085,0.029471286841239307,0.0008143745413787991
802,0.03714212695673309,0.03043835767675909,0.029451625021998232,0.0008134442755743566
803,0.03713591761851528,0.030437011899945614,0.02943188611346217,0.0008125284958772272
804,0.037129736620848494,0.03043569628586509,0.02941206542591237,0.0008116272498009287
805,0.03712358349755716,0.03043441078962862,0.02939216006957963,0.0008107406940126116
806,0.03711745794173537,0.0304331554475516,0.029372168295319565,0.0008098688351198636
807,0.03711135965403725,0.030431930107325776,0.02935209014509657,0.0008090115176921605
808,0.03710528817603468,0.03043073409488111,0.029331927643016262,0.0008081685525503163
809,0.03709924323061052,0.03042956693386075,0.02931168342358559,0.0008073396120326502
810,0.03709322452362029,0.03042842793785808,0.029291360907644483,0.0008065244042333105
811,0.037087231690004635,0.03042731613380906,0.02927096464949538,0.0008057226262964979
812,0.03708126449056776,0.030426230710091342,0.029250500013421745,0.0008049337777920651
813,0.03707532259009115,0.03042517054784724,0.029229973321490816,0.0008041573779457436
814,0.03706940567728575,0.030424134477465437,0.029209391146512352,0.000803392970517843
815,0.037063513557471096,0.030423121500718405,0.029188760090377484,0.0008026400386771905
816,0.03705764591327177,0.030422130315897602,0.02916808753809391,0.000801898089755388
817,0.037051802468062375,0.030421159683051344,0.029147381185207624,0.0008011665479695076
818,0.03704598299773163,0.03042020845024712,0.029126648617393752,0.000800444824005756
819,0.03704018720237757,0.030419275288754117,0.029105897409863437,0.0007997324316507628
820,0.037034414864183324,0.03041835905159866,0.029085134931873768,0.00079902882620991
821,0.03702866573579139,0.030417458551494022,0.029064368718163165,0.00079833344066473
822,0.03702293951221081,0.03041657249987819,0.02904360632434934,0.000797645747462755
823,0.037017235985544766,0.03041569983403076,0.02902285471731368,0.0007969652080512738
824,0.03701155490218506,0.03041483942252302,0.029002120633011653,0.0007962913530597013
825,0.03700589599047901,0.03041399014019454,0.028981410688429996,0.0007956237125984669
826,0.03700025902684251,0.030413151015614273,0.02896073118498851,0.0007949617742305272
827,0.036994643726850476,0.0304123209966186,0.028940088112664932,0.0007943051076988872
828,0.03698904984717132,0.030411499171702053,0.028919486825224258,0.0007936533104244181
829,0.03698347716107819,0.030410684728643705,0.028898932237063978,0.0007930059850216957
830,0.03697792537628794,0.030409876784870265,0.028878429096539638,0.0007923627721097518
831,0.036972394249594955,0.030409074628187812,0.028857981596339944,0.0007917233021391538
832,0.03696688353003091,0.030408277589946714,0.028837593370418944,0.0007910872660004046
833,0.036961392944630425,0.030407485016202062,0.028817267605897555,0.0007904544072488458
834,0.03695592225976794,0.030406696402241667,0.028797007054759034,0.0007898244465744683
835,0.036950471198410044,0.030405911212632083,0.028776814201357564,0.0007891971455064439
836,0.03694503949616078,0.030405128994945733,0.028756691008555255,0.0007885722995039923
837,0.03693962692040617,0.03040434941901475,0.028736638875341003,0.0007879497263232227
838,0.036934233196296615,0.03040357212040825,0.028716658942439976,0.0007873292874003718
839,0.036928858071979,0.030402796838520124,0.028696752009355914,0.0007867108315876977
840,0.036923501295445214,0.030402023360210494,0.028676918508183682,0.0007860942335979851
841,0.03691816259874816,0.030401251479969898,0.028657158498231167,0.0007854794191320246
842,0.03691284174841684,0.030400481105817757,0.028637471657178337,0.0007848663111634072
843,0.03690753848475237,0.03039971212683004,0.028617857526629632,0.0007842548525963987
844,0.036902252548188255,0.030398944463958223,0.02859831543080154,0.0007836449980697216
845,0.03689698370565077,0.030398178120728824,0.028578844355314832,0.0007830367138589817
846,0.036891731702021605,0.03039741307684555,0.028559443101256847,0.0007824300049246885
847,0.03688649629884872,0.030396649370699295,0.028540110303977666,0.0007818248673538935
848,0.036881277256640026,0.03039588705861936,0.0285208444905563,0.0007812212999094072
849,0.03687607432418584,0.03039512618741585,0.02850164404445431,0.0007806193278791245
850,0.03687088727831729,0.030394366876651563,0.028482507120177625,0.0007800189776301978
851,0.03686571588173749,0.03039360922652114,0.02846343182641578,0.0007794202899331931
852,0.03686055989691267,0.03039285334500996,0.028444416247271113,0.0007788233024484883
853,0.03685541910218512,0.03039209937817694,0.028425458371435213,0.0007782280497211353
854,0.03685029326381052,0.030391347446482263,0.028406556132927734,0.0007776345907427096
855,0.03684518216453693,0.03039059770467216,0.02838770740724653,0.0007770429784154677
856,0.0368400855848647,0.030389850300183534,0.028368910114437165,0.0007764532617937389
857,0.03683500329797759,0.030389105359845653,0.02835016221461642,0.0007758654952086497
858,0.036829935097073274,0.030388363046327794,0.02833146161149019,0.0007752797284474444
859,0.03682488076731281,0.030387623496570176,0.028312806243349024,0.0007746960220728274
860,0.0368198400981985,0.030386886847571834,0.028294194114749944,0.0007741144276766778
861,0.036814812886413736,0.03038615324073154,0.028275623294737953,0.0007735349867346064
862,0.03680979892146341,0.03038542278878699,0.02825709191339345,0.0007729577499977293
863,0.03680479800833574,0.030384695623403984,0.02823859811770868,0.0007723827613900253
864,0.03679980994882614,0.030383971854472214,0.028220140160220075,0.0007718100623099122
865,0.03679483454298785,0.030383251572663684,0.028201716409950214,0.000771239688334122
866,0.03678987160293904,0.030382534878542054,0.0281833252887018,0.0007706716666566286
867,0.03678492093571684,0.030381821845476623,0.02816496529457547,0.0007701060313251276
868,0.03677998235672026,0.030381112549144718,0.028146635002417975,0.0007695428070919435
869,0.03677505568257187,0.030380407052444453,0.028128333097737646,0.0007689820105798823
870,0.036770140727071625,0.03037970539668998,0.028110058359979137,0.0007684236583858164
871,0.03676523731605322,0.030379007633736584,0.02809180960756454,0.0007678677608037269
872,0.03676034527175953,0.030378313792545464,0.02807358575019145,0.0007673143291757776
873,0.036755464419864235,0.030377623894703807,0.028055385794032522,0.0007667633663539213
874,0.036750594590978514,0.030376937957914768,0.02803720882158757,0.0007662148687462264
875,0.03674573561353532,0.03037625598103801,0.02801905398124038,0.0007656688362492359
876,0.036740887325054185,0.030375577969178637,0.028000920468640243,0.0007651252621474991
877,0.03673604956082504,0.03037490391001002,0.02798280756915454,0.0007645841369841126
878,0.036731222157832366,0.030374233782948786,0.027964714638543064,0.0007640454471749673
879,0.03672640495969397,0.030373567570528878,0.027946641066509674,0.0007635091758631501
880,0.03672159780781745,0.030372905239944212,0.0279285862946222,0.0007629753089487934
881,0.03671680054954004,0.03037224676128072,0.027910549814240748,0.0007624438254111728
882,0.03671201303184932,0.030371592094464658,0.027892531175732163,0.0007619147022382372
883,0.03670723510329227,0.03037094119400187,0.027874529961916764,0.0007613879169070491
884,0.03670246661853014,0.030370294019537745,0.027856545771988737,0.0007608634445946462
885,0.03669770742978177,0.030369650518010122,0.027838578251802,0.0007603412614112453
886,0.03669295739371172,0.03036901063932088,0.027820627077340794,0.0007598213389226839
887,0.036688216368285974,0.030368374330334628,0.027802691941862023,0.0007593036495789426
888,0.036683484212602833,0.03036774153528564,0.027784772547083027,0.0007587881679005824
889,0.03667876079025439,0.030367112203687357,0.02776686860478904,0.000758274865609218
890,0.03667404596287619,0.03036648627684989,0.02774897985234178,0.0007577637155579493
891,0.03666933959627724,0.0303658637017245,0.027731106024587587,0.0007572546896352262
892,0.03666464155793346,0.030365244425944724,0.027713246850477883,0.0007567477618931587
893,0.03665995171572937,0.03036462839541217,0.027695402063301743,0.0007562429076568526
894,0.036655269941028475,0.030364015561294998,0.027677571397729712,0.0007557401001875381
895,0.0366505961043515,0.03036340587106513,0.027659754587951845,0.000755239315696005
896,0.03664593008002714,0.03036279927903295,0.027641951349306405,0.0007547405311329026
897,0.036641271743358454,0.030362195740440405,0.02762416139025666,0.0007542437248667153
898,0.03663662096992176,0.030361595210127948,0.02760638441859711,0.0007537488760743942
899,0.03663197763850568,0.03036099764916713,0.027588620127411947,0.0007532559638561634
900,0.036627341627695494,0.03036040301763287,0.02757086819561752,0.0007527649709391202
901,0.03662271281904926,0.030359811281525664,0.027553128286627395,0.0007522758801981196
902,0.03661809109453128,0.030359222407133905,0.027535400059522794,0.0007517886754928092
903,0.03661347633704501,0.030358636362290817,0.027517683162696007,0.0007513033422149848
904,0.03660886843232368,0.03035805312059648,0.02749997722429255,0.000750819866868689
905,0.036604267265880855,0.03035747265476483,0.027482281863189583,0.0007503382384781102
906,0.03659967272562231,0.030356894942259464,0.027464596688779045,0.0007498584456070338
907,0.0365950846998484,0.030356319961009785,0.027446921301473002,0.0007493804785440182
908,0.03659050307837292,0.03035574769190616,0.027429255285865404,0.0007489043292936874
909,0.03658592775290689,0.030355178119533782,0.027411598214054166,0.0007484299905622738
910,0.03658135861500814,0.03035461122752864,0.02739394965532603,0.0007479574564142967
911,0.03657679555854313,0.03035404700388731,0.027376309168669302,0.0007474867209219564
912,0.036572238477791494,0.0303534854367935,0.02735867630356229,0.0007470177802855315
913,0.03656768726860814,0.03035292651699689,0.027341050601358736,0.0007465506313394976
914,0.036563141827899034,0.03035237023649649,0.027323431601173658,0.0007460852711678116
915,0.03655860205299016,0.03035181658711316,0.02730581883948339,0.0007456216979803313
916,0.0365540678433007,0.030351265564137926,0.027288211843958545,0.000745159910371062
917,0.03654953909840351,0.030350717161957926,0.027270610140926035,0.0007446999082603795
918,0.03654501571938895,0.030350171376852083,0.02725301325667616,0.0007442416912016376
919,0.03654049760800183,0.030349628205059993,0.02723542071787341,0.0007437852593671502
920,0.036535984666967385,0.030349087643435742,0.02721783204899425,0.0007433306137327929
921,0.036531476800416525,0.030348549690234018,0.0272002467745032,0.0007428777552818698
922,0.036526973912607806,0.030348014342162735,0.027182664424919803,0.000742426685461106
923,0.036522475909361245,0.030347481597505485,0.027165084532388414,0.0007419774053780763
924,0.03651798269692715,0.030346951453652765,0.02714750663134768,0.000741529917004854
925,0.0365134941827013,0.03034642390860379,0.027129930259459128,0.0007410842222056835
926,0.03650901027477637,0.030345898959905825,0.02711235496096278,0.000740640322677987
927,0.036504530881782786,0.030345376604350917,0.027094780285371208,0.000740198220357625
928,0.03650005591364845,0.03034485683967371,0.027077205784449745,0.0007397579170847941
929,0.036495585280520965,0.030344339662135032,0.02705963101657787,0.0007393194150703564
930,0.03649111889365972,0.030343825068437462,0.027042055546555782,0.0007388827159110954
931,0.03648665666467568,0.03034331305411518,0.02702447894551205,0.0007384478214580896
932,0.03648219850609455,0.030342803614836496,0.027006900788507614,0.0007380147335565305
933,0.0364777443310976,0.030342296745823647,0.02698932065677364,0.0007375834539192234
934,0.03647329405321266,0.030341792441196863,0.02697173813923237,0.0007371539841693223
935,0.03646884758690013,0.03034129069537402,0.026954152829414955,0.0007367263256431221
936,0.03646440484687161,0.030340791501656788,0.02693656432590204,0.0007363004800344205
937,0.03645996574871184,0.03034029485362157,0.02691897223237237,0.0007358764486157924
938,0.03645553020818321,0.030339800743627333,0.026901376159405525,0.000735454232674764
939,0.036451098141736055,0.030339309164051257,0.026883775721629515,0.0007350338333588926
940,0.03644666946628637,0.03033882010689374,0.026866170537469838,0.0007346152518986594
941,0.036442244099081526,0.030338333563501185,0.02684856023055714,0.0007341984894689125
942,0.036437821957927205,0.030337849525148963,0.026830944429049194,0.0007337835469684018
943,0.03643340296080108,0.03033736798232925,0.026813322764668808,0.0007333704255380652
944,0.03642898702634595,0.030336888925930904,0.026795694871224743,0.0007329591261700954
945,0.03642457407325758,0.030336412345942143,0.026778060386661365,0.0007325496499831666
946,0.03642016402073001,0.030335938232527487,0.026760418951584874,0.0007321419978855512
947,0.0364157567881373,0.03033546657545185,0.026742770208398547,0.0007317361710057315
948,0.036411352295202495,0.030334997364526207,0.02672511380081904,0.0007313321705124809
949,0.036406950461874636,0.030334530589385105,0.026707449374713414,0.0007309299975468471
950,0.036402551208228794,0.030334066239353558,0.0266897765775814,0.0007305296533589599
951,0.036398154454701716,0.030333604304087186,0.026672095056827265,0.0007301311392490743
952,0.03639376012174288,0.030333144772852927,0.026654404460612725,0.0007297344567674049
953,0.0363893681301094,0.030332687635243247,0.026636704437574026,0.0007293396073513477
954,0.036384978400503074,0.030332232880459442,0.026618994636749087,0.0007289465926938147
955,0.03638059085392369,0.0303317804981838,0.026601274705994587,0.0007285554145409738
956,0.03637620541132021,0.030331330477848004,0.02658354429302688,0.0007281660748668283
957,0.03637182199378079,0.030330882809090312,0.026565803045238954,0.0007277785756426926
958,0.036367440522386885,0.030330437481513883,0.0265480506091943,0.0007273929190341407
959,0.0363630609182811,0.030329994484887463,0.026530286630060494,0.0007270091073815435
960,0.036358683102622774,0.030329553809080957,0.026512510752102487,0.0007266271431213182
961,0.03635430699648504,0.0303291154438671,0.026494722618931564,0.0007262470288316281
962,0.036349932520998454,0.030328679379315927,0.02647692187247922,0.0007258687671866781
963,0.0363455595971487,0.030328245605385214,0.026459108153277792,0.000725492361107922
964,0.03634118814595356,0.030327814112324696,0.0264412811005486,0.0007251178135191382
965,0.036336818088203264,0.030327384890142337,0.026423440352571277,0.0007247451275466763
966,0.03633244934472089,0.03032695792922501,0.026405585545651013,0.0007243743063656782
967,0.036328081836078635,0.030326533219735323,0.026387716314811054,0.0007240053533811037
968,0.03632371548281431,0.03032611075209408,0.026369832293743088,0.0007236382719716134
969,0.03631935020518244,0.030325690516467982,0.02635193311504417,0.0007232730657056227
970,0.03631498592338181,0.030325272503307656,0.026334018409444708,0.0007229097381852058
971,0.03631062255730847,0.03032485670281677,0.026316087806567898,0.0007225482931781161
972,0.036306260026731776,0.03032444310534719,0.0262981409348149,0.0007221887344216055
973,0.03630189825110207,0.03032403170101576,0.026280177421424147,0.0007218310658014818
974,0.03629753714971697,0.03032362248009461,0.026262196892026444,0.0007214752912170709
975,0.03629317664152744,0.030323215432579907,0.026244198971384004,0.0007211214146707357
976,0.036288816645275855,0.0303228105485201,0.026226183283152998,0.0007207694401251538
977,0.036284457079339374,0.030322407817697343,0.02620814944992399,0.0007204193716572292
978,0.036280097861871224,0.030322007229955567,0.02619009709298734,0.0007200712133181928
979,0.03627573891060823,0.030321608774786013,0.026172025832969986,0.0007197249692282164
980,0.03627138014303679,0.030321212441711678,0.026153935289429445,0.0007193806434392243
981,0.03626702147619475,0.030320818219890033,0.02613582508098521,0.0007190382401076721
982,0.03626266282686318,0.030320426098546717,0.02611769482509106,0.0007186977632982524
983,0.03625830411130545,0.030320036066405327,0.026099544138709886,0.0007183592171581454
984,0.03625394524553897,0.030319648112328703,0.026081372637545588,0.0007180226057011476
985,0.03624958614499167,0.0303192622245816,0.026063179936609022,0.0007176879330882687
986,0.036245226724885705,0.030318878391688515,0.026044965649629416,0.0007173552032713081
987,0.036240866899726276,0.03031849660132953,0.02602672939003546,0.0007170244203896481
988,0.036236506583905786,0.030318116841711568,0.026008470769535313,0.0007166955882871615
989,0.03623214569093204,0.03031773909987516,0.025990189399620247,0.0007163687111328305
990,0.036227784134360966,0.030317363363795934,0.025971884889782255,0.0007160437926085835
991,0.03622342182657102,0.030316989619673277,0.02595355684986018,0.0007157208369257039
992,0.036219058680321756,0.030316617855449535,0.02593520488669226,0.0007153998475337692
993,0.036214694606704075,0.030316248056238837,0.025916828608308917,0.000715080828803459
994,0.03621032951778604,0.03031588021028245,0.02589842761856289,0.0007147637837910134
995,0.036205963323087335,0.030315514301070594,0.025880001524110085,0.0007144487171947246
996,0.036201595934261026,0.030315150317872755,0.02586154992478981,0.0007141356314303093
997,0.03619722725876927,0.030314788241574513,0.025843072426481494,0.0007138245318984603
998,0.03619285720841234,0.030314428063833353,0.025824568623756417,0.0007135154198277015
999,0.03618848568767454,0.030314069760958993,0.02580603812329283,0.0007132083020569869
1000,0.03618411260971325,0.030313713329831796,0.025787480511447955,0.0007129031775918557
1001,0.036179737874198516,0.030313358738153946,0.025768895399170568,0.0007126000562104564
1002,0.03617536139817,0.030313005993800615,0.02575028235934503,0.0007122989325003777
1003,0.03617098307271905,0.030312655047481336,0.025731641014467715,0.0007119998223441685
1004,0.036166602824159906,0.030312305930317612,0.02571297091262394,0.0007117027113175091
1005,0.03616222052700192,0.030311958558066707,0.025694271703989493,0.0007114076281373173
1006,0.03615783612851316,0.030311613011517163,0.02567554288791889,0.0007111145394122118
1007,0.03615344946923225,0.03031126913232825,0.02565678417727526,0.0007108235014489427
1008,0.0361490605431851,0.030310927109289332,0.025637994969950062,0.000710534439905757
1009,0.03614466911821001,0.030310586622556104,0.025619175120300097,0.000710247471593883
1010,0.036140275293287956,0.030310248100492605,0.0256003238059388,0.0007099624316075906
1011,0.03613587867541662,0.030309910862576384,0.025581441202186066,0.0007096795724030272
1012,0.03613147960251375,0.03030957587981648,0.02556252599298183,0.0007093985241009049
1013,0.03612707731579746,0.030309241647348766,0.025543579092972394,0.0007091198498542125
1014,0.036122672707000696,0.030308910391720578,0.02552459804885575,0.0007088427055089617
1015,0.03611826416508644,0.030308578681933696,0.025505585509293688,0.0007085683812940111
1016,0.03611385389082601,0.030308251711502726,0.02548653633822397,0.0007082949116784975
1017,0.036109438242384995,0.030307921451336428,0.025467457332143065,0.0007080253246199571
1018,0.03610502257773343,0.030307600254265824,0.025448336883408054,0.0007077549467859961
1019,0.0361005983114708,0.030307268882472847,0.02542919191308325,0.0007074910463813016
1020,0.03609617857188635,0.030306957323262957,0.025409994867408865,0.0007072222751416217
1021,0.03609174248824049,0.030306618450011695,0.025390787885932613,0.0007069664610422747
1022,0.036087322700427,0.030306326574087487,0.02537150330553657,0.0007066954652321985
1023,0.036082867185755256,0.03030596376953259,0.025352247354274934,0.0007064539453676808
1024,0.036078458558931145,0.030305717993772907,0.025332849431889275,0.0007061706787803852
1025,0.03607396423148266,0.030305288007115874,0.025313581893775337,0.000705959845611721
1026,0.03606959734182401,0.030305158909239942,0.02529400469830221,0.0007056374929236303
1027,0.0360650128723341,0.030304545538496392,0.025274829312476044,0.0007055014713425052
1028,0.03606077149281428,0.030304725017731408,0.025254896623922142,0.0007050671502984468
1029,0.03605595736947486,0.030303610170875527,0.025236101283826917,0.0007051269418339514
1030,0.03605207434898197,0.030304629738019118,0.02521532825549949,0.0007043789598629553
1031,0.036046644322348005,0.03030212759629054,0.02519772120529164,0.0007049724849991346
1032,0.036043780515954846,0.0303054889763619,0.025174744298565872,0.0007033426798797758
1033,0.03603665414630081,0.030299097031096334,0.0251606312809833,0.000705430859007816
1034,0.03603674451795594,0.030309144732600903,0.02513154462137827,0.0007012908610793833
1035,0.036024925552935495,0.030291743952828864,0.025127625651513996,0.0007076564698038296
1036,0.03603396735053865,0.0303214895355049,0.0250810879733765,0.000696260220358447
1037,0.036009714510989416,0.030273144572117546,0.02510723442244806,0.0007151230543822579
1038,0.03604861121521458,0.030364136364587176,0.025010028844817355,0.0006824690816639296
1039,0.035998277158882985,0.030234343696847424,0.025126757799910943,0.0007385819020533711
1040,0.03615701029462097,0.030536502571635937,0.024885270387834606,0.0006434536454181124
1041,0.03611951254597145,0.030252448501504915,0.025275822967607234,0.0008118994509450842
1042,0.036839203123038636,0.03135673723101621,0.02469324215559863,0.0005438174609027006
1043,0.03719265738420502,0.031036462672879496,0.025740037227824294,0.0010081872657606609
1044,0.038846380430814766,0.03344415944510395,0.024970182625540426,0.0004081844606027329
1045,0.037590964095224166,0.031384224662462726,0.025666741738361663,0.0010733910850891123
1046,0.036449313041455905,0.030892985199620457,0.02495577972910474,0.000565171896014504
1047,0.03638475215018833,0.030862542719162694,0.024692240836794062,0.000583761263666827
1048,0.037225488919190766,0.031095258572369538,0.025508333022555233,0.0010285637423101783
1049,0.03724238152952807,0.031679172493616334,0.025383066347521577,0.00048659576640741977
1050,0.0359573812846131,0.030191146242901368,0.025205912704833373,0.0007250525007450619
1051,0.03643709223229104,0.03050520337024426,0.0251472868157253,0.0009024314989017117
1052,0.0370744357656059,0.031591527408253516,0.02487484291723029,0.0005079397739063269
1053,0.03602337070317094,0.0302181285046509,0.025071557677465207,0.0007909306630269949
1054,0.03600765450542744,0.03024960709693014,0.024839471954528475,0.0007901530175916089
1055,0.036788088504478955,0.031377039484191356,0.02436336739530511,0.000538375541226579
1056,0.03610313260825029,0.030325941430645473,0.02472994112262092,0.0008312029530806361
1057,0.035918663125860395,0.03021885180719876,0.024826265302736822,0.0007345582581142686
1058,0.03653545581524403,0.03103995234867739,0.024680962459719593,0.0005593109746227211
1059,0.036149734474769595,0.030362627761780277,0.02469688531661171,0.0008477296496669686
1060,0.03592238514710599,0.030251348852965685,0.02473098118467841,0.0007248400572046181
1061,0.03636129271357779,0.030804249174684918,0.02490711573962321,0.000575620390968232
1062,0.03606843777684056,0.030305980981533608,0.024692943834166464,0.00082386802847366
1063,0.03591841182134055,0.030313796932559013,0.024436647272473213,0.0007172854342868982
1064,0.03622303538833708,0.030715741296695742,0.02455445681148393,0.0005964027293445547
1065,0.035978223576025085,0.030250905430879813,0.024673082895581254,0.0007927015660290248
1066,0.035905977193756156,0.030317083955314662,0.024441620192975577,0.0007005691998463777
1067,0.036110255096197655,0.03060991855661459,0.02440300972079674,0.0006197345954237122
1068,0.03595705755769392,0.030236255469136265,0.024689930607317848,0.0007828159670940837
1069,0.03589664512439534,0.030276792011122933,0.02466331986715919,0.000687189139840565
1070,0.03603900548667223,0.030507975024769964,0.02449950287892264,0.0006311298861177337
1071,0.03594255018807071,0.03024776294536917,0.024581198065801526,0.0007785476295412364
1072,0.03588638675729727,0.030286176930422345,0.02458851963096012,0.0006825059006829049
1073,0.03599740095921105,0.03046429123800536,0.024504692648422387,0.000632171191521209
1074,0.03590527041965318,0.030250865089756444,0.02444388258516202,0.0007656288128643383
1075,0.035876159438088466,0.030314231485510847,0.024380858684724466,0.000685756215632721
1076,0.035955294863114176,0.03042374907840454,0.02445827542842644,0.0006398906990243523
1077,0.03587218643876243,0.03022900551590999,0.02445845738301904,0.0007514894462486314
1078,0.03586581250783429,0.030311073263874316,0.02432846428197703,0.0006890463875645711
1079,0.03591448576353845,0.030386426057015182,0.02436623857915035,0.0006548119906932016
1080,0.03584898752583991,0.03021848736375647,0.02444293656262341,0.0007419128495587568
1081,0.035852713699732364,0.030307934854403897,0.02430019216620995,0.0006847404120864761
1082,0.03588426420694886,0.030378265253854602,0.024204811923321568,0.0006650365684299454
1083,0.03582988455264206,0.030236242813603563,0.024282345876777578,0.0007371725636829813
1084,0.035839637889884306,0.030312478998519,0.024238564706460287,0.0006794459500732486
1085,0.03585870179318545,0.030359983411890556,0.024147383586575772,0.0006692416639797333
1086,0.03581770824557607,0.030247493462670205,0.024174965039101923,0.0007352217750854808
1087,0.03582746420425475,0.03030914178811287,0.024189304360269163,0.0006804615440880463
1088,0.03583516285557872,0.030327254385007912,0.024177377722636055,0.0006724329260435961
1089,0.03580265757978536,0.030244424289065038,0.024140603720641342,0.0007301125465920518
1090,0.035815035928424485,0.03031423349900698,0.02408942154453142,0.000682918120511217
1091,0.03581345691317031,0.030315281496879294,0.02410763662320543,0.0006766480916499326
1092,0.035782757135840275,0.030244422575348734,0.02408419565903714,0.0007214954286841105
1093,0.03580172470602669,0.03032273395088276,0.023983766140000015,0.0006822375271439275
1094,0.03579354942598715,0.03031275996984605,0.02399025339688361,0.000682738776764376
1095,0.035767213757823414,0.030245678132492394,0.024028838114289817,0.0007157680024730579
1096,0.035787780182172116,0.03031579587139171,0.023957884283688054,0.000680407454042794
1097,0.03577562297516995,0.03030139265184507,0.023928278826975936,0.0006885745579296959
1098,0.03575545476453074,0.030249526264398023,0.023961428866479156,0.0007136427268368911
1099,0.03577354508568199,0.030309416910885876,0.023925259428368435,0.0006790762891224288
1100,0.03575782897437027,0.03029221492681474,0.023873470101518964,0.0006909200272517394
1101,0.03574236519602556,0.030260101056794265,0.023856357564511908,0.0007109926263289116
1102,0.035758706823171026,0.030312839014268636,0.023833751618764536,0.000679117485149485
1103,0.03574018541873816,0.030285152410303363,0.0238170247184378,0.0006916280647472441
1104,0.0357286976926944,0.030264938578722745,0.023783860534054273,0.0007069870071607961
1105,0.035743608531874235,0.03031157285091468,0.023755810472149634,0.0006808735865296288
1106,0.03572407565291897,0.0302756419066296,0.02377427009154415,0.0006935797279805359
1107,0.03571526883958713,0.03026293089295773,0.023749494430093596,0.0007024390606106793
1108,0.035728016457811144,0.03030665154041991,0.023695925277635373,0.0006821798618641624
1109,0.035708648954555576,0.030272144592975777,0.023703298146684693,0.0006958447322428605
1110,0.035701584745478084,0.030265747530841984,0.02368932322225924,0.0006979725701842548
1111,0.035711634438260254,0.030303232754028492,0.023631440668168243,0.0006821135505981125
1112,0.035693286547334606,0.030272142828761707,0.02361924291792155,0.0006972951349885932
1113,0.03568852234065327,0.030270829158170864,0.023613416944736416,0.0006950097935351245
1114,0.035694945363712996,0.03029622617324525,0.023580998210089573,0.0006825195484498342
1115,0.035678241354823156,0.03026804224276111,0.023561302349943688,0.0006979386420733166
1116,0.03567585749123441,0.03027408932252426,0.023541877361682183,0.0006933926963737151
1117,0.035678197830936065,0.030289508670963795,0.02352313919007131,0.0006840613219580115
1118,0.03566293826199825,0.03026494400555133,0.023502465151864275,0.0006975012260740672
1119,0.035662421857044546,0.030278733834841216,0.023460436133229196,0.0006916007955574899
1120,0.035661292864009174,0.030287329081476314,0.023439256006918482,0.0006861125811491642
1121,0.03564760655202117,0.03026511681264747,0.023429322382394938,0.0006966252628947123
1122,0.035648383803570376,0.03028154738316161,0.023385755341381643,0.0006896853521324333
1123,0.03564454176768947,0.0302838788235852,0.023361413320768614,0.000688380279950544
1124,0.035632958292706664,0.03026507833048178,0.023358685284090765,0.0006961429054067277
1125,0.035634014139564706,0.03028085864414742,0.023324349092163014,0.0006882856769846808
1126,0.03562788074260893,0.030278732445276117,0.023294918529946522,0.0006901645913435063
1127,0.03561844800468718,0.03026655869262984,0.023281941071598047,0.0006955010977377282
1128,0.03561904845037725,0.030281076083813724,0.023252858174502213,0.0006874007316630844
1129,0.03561109692646203,0.03027492982924346,0.023225493014063427,0.000691068494405879
1130,0.03560374848231233,0.03026916894977854,0.02320150930387893,0.000694277671758007
1131,0.03560359283744767,0.030281055719294424,0.023176471520057567,0.0006872428141417275
1132,0.03559457874034213,0.03027079403205404,0.023160495319403788,0.0006916856444073294
1133,0.035589065184387765,0.030269739736086085,0.023132721139036336,0.0006927812204944089
1134,0.035587761172800124,0.03027888470345547,0.023105775977847562,0.0006877212737751435
1135,0.03557841449249476,0.030267280516335912,0.02309461314411277,0.0006922113473362978
1136,0.03557416977938976,0.03027007286430272,0.02306478730988316,0.000691139453110407
1137,0.03557140699786906,0.030276660752579915,0.02303245343126846,0.0006882555590354469
1138,0.03556237487664785,0.030266243848307638,0.023018598266159714,0.0006924113751082771
1139,0.035558985002216784,0.030271090403343113,0.022991055354978196,0.000689683527878032
1140,0.035554706357160945,0.030273784094089727,0.02296072154665003,0.000688777953741212
1141,0.03554654923104042,0.030265576401211993,0.022943219336534253,0.0006923289625215766
1142,0.03554360406724584,0.030271075507380372,0.022918462317982287,0.0006888360962690093
1143,0.03553791682559288,0.030269831100584354,0.022893518831855645,0.0006893819586374018
1144,0.035530815114911546,0.030264922640006728,0.02287010741571579,0.0006918709917616542
1145,0.0355278218152687,0.03027081090321035,0.022842739399200878,0.0006884630322181752
1146,0.03552106208708704,0.030266878412177865,0.022821429864438667,0.0006898977020214379
1147,0.03551497715847887,0.030265149534624596,0.02279410723679798,0.0006910061764946791
1148,0.03551156381611508,0.030270287951058298,0.0227644276449497,0.0006883903360668423
1149,0.035504291202264456,0.030264694250898668,0.02274637497253285,0.0006903219568592167
1150,0.03549910025729663,0.03026507023610793,0.02271972212048117,0.0006900855970924642
1151,0.03549495675270327,0.03026831533712439,0.022690231290553146,0.0006885951574682494
1152,0.03548769034115542,0.03026274282754399,0.022671723635835087,0.0006906027864444056
1153,0.03548308860082871,0.030264752568754116,0.022645078253760473,0.0006893203813224999
1154,0.03547803308731988,0.030265897353814217,0.022616225573209962,0.0006888906188636674
1155,0.03547113550604158,0.030261813422352256,0.022593876397933983,0.0006905468041025288
1156,0.03546678898216578,0.030264688191343675,0.022566620110838907,0.0006887767686543258
1157,0.03546091443807808,0.030263568002640497,0.022540782534714997,0.0006891899284945787
1158,0.035454618657690486,0.03026124540042536,0.022515836612220275,0.000690205934821075
1159,0.03545020589054898,0.030263899071608372,0.022488716934761975,0.000688563431988211
1160,0.03544378610257861,0.030261053253652775,0.02246622049303252,0.0006894887503193274
1161,0.03543809889797796,0.030260537846767393,0.02243925788787961,0.0006897094736346394
1162,0.035433307654363005,0.030262448453888167,0.022411311314221416,0.0006885969376305539
1163,0.03542667657711385,0.030259140803342934,0.02238945594216303,0.0006896445853383087
1164,0.03542143922759453,0.030260079380010164,0.0223610756581318,0.0006891447159580103
1165,0.03541611176998619,0.030260746729367422,0.022333149690015007,0.000688735102615768
1166,0.03540961206908413,0.030257852592000232,0.02231079089182017,0.0006896012987198589
1167,0.03540459811620279,0.030259319926985405,0.022282911543442967,0.0006886958805287888
1168,0.03539875529087684,0.030258521708073586,0.022256548974027818,0.0006889237879976892
1169,0.03539260303546204,0.030256704336982326,0.022232506776713717,0.0006893973431369646
1170,0.03538753045326209,0.03025804634906824,0.022205122314304906,0.0006884596413328661
1171,0.03538131981533693,0.030256310857561634,0.02217978477287953,0.0006890520031993949
1172,0.03537555063428113,0.030255890910908488,0.022153020290153123,0.0006890556653420214
1173,0.035370199462682224,0.0302566023683822,0.02212595439424948,0.0006884062154501264
1174,0.03536386687834565,0.030254543065670096,0.02210136614562151,0.0006890505835512547
1175,0.03535838941170619,0.03025508547174103,0.02207305011627542,0.0006886939167100723
1176,0.03535267726213981,0.030254801109287657,0.022046867701715447,0.0006885026125090638
1177,0.035346455512774703,0.030253027891970437,0.022022426709662882,0.0006889422788716865
1178,0.03534107085701768,0.030253920371078605,0.02199358728418249,0.0006884330291025768
1179,0.03533503943165921,0.030252858965308955,0.021967688451433393,0.0006886427760635689
1180,0.03532904773231537,0.030251908434278697,0.021942003930231047,0.0006887385119904654
1181,0.035323543905768064,0.03025256985525846,0.021913370384523147,0.0006882999736049691
1182,0.035317346983766804,0.03025115836655418,0.021887400487184,0.0006887085197758219
1183,0.0353115873622661,0.03025100445610738,0.021860415503870287,0.0006884998053846581
1184,0.035305842536802065,0.03025093206594845,0.021833071786745904,0.0006882961135044311
1185,0.03529966726487047,0.03024960648573306,0.02180697433096336,0.0006886659129447388
1186,0.035294028021112804,0.03024989771777507,0.021779095259831814,0.0006883112513713722
1187,0.0352880326649094,0.030249097055108216,0.0217528748025427,0.000688360649292645
1188,0.03528199834983398,0.03024828662139684,0.021725995808947365,0.0006885125666476716
1189,0.035276317704949794,0.030248592588605922,0.02169763121571848,0.000688198873200182
1190,0.03527017273601131,0.030247407291403326,0.021671850902614438,0.0006883952640850985
1191,0.0352643021365693,0.030247151959692634,0.021644248941602544,0.0006883003885561551
1192,0.03525846852161483,0.03024703065808564,0.021616356630420743,0.0006881665374450449
1193,0.03525232436697127,0.03024586884878452,0.021590490939350518,0.0006883573303166457
1194,0.035246543515024154,0.03024590339902676,0.02156260461652905,0.0006881191926915832
1195,0.03524053627571539,0.030245269957333808,0.02153543421004639,0.0006881794763723059
1196,0.03523449695945479,0.03024452087749503,0.02150867261825108,0.0006882415583095433
1197,0.03522868485768899,0.030244520558565694,0.021480764061160937,0.0006880114868911112
1198,0.03522257611688188,0.030243613150434487,0.021453965741076407,0.0006881698182321088
1199,0.03521666050032399,0.030243334190947734,0.02142620799954953,0.0006880847094663488
1200,0.035210736509802346,0.030242995107948045,0.021398807520506966,0.0006879798977529074
1201,0.035204641083562686,0.030242121291159243,0.02137205939985412,0.0006881079124326156
1202,0.035198787292804956,0.030242064654077857,0.021343839725741838,0.000687954693578736
1203,0.03519275000277912,0.03024136697321065,0.021316972892642956,0.0006879884510398806
1204,0.03518674251436297,0.03024079510211742,0.02128974259711924,0.0006879988928216995
1205,0.035180856816068085,0.030240667016690537,0.021261539665028473,0.0006878818663718507
1206,0.03517477543842542,0.030239852917730084,0.021234735802754215,0.0006879753601444906
1207,0.03516885632815514,0.030239585363261764,0.021206973856342914,0.000687876193624794
1208,0.03516288906083296,0.030239169290223338,0.021179311315442692,0.0006878575075210829
1209,0.03515685243603385,0.030238489983078223,0.02115223616177047,0.0006879152206015371
1210,0.03515096392255709,0.03023829592141317,0.021124394747706464,0.0006877890516026232
1211,0.03514493681711743,0.030237632873018224,0.02109728303226475,0.0006878473376462541
1212,0.03513898568373225,0.03023722906106457,0.021069671990246112,0.0006878222246184531
1213,0.03513306350630462,0.030236897103313374,0.02104207997624711,0.0006877504077418287
1214,0.0351270444838238,0.030236223366238945,0.02101506042868165,0.0006878090318485219
1215,0.035121155496820655,0.030236002393706385,0.020987109726210155,0.0006877311578722416
1216,0.03511518751992513,0.03023545579579871,0.020959968524202288,0.0006877380192859629
1217,0.035109236822232756,0.030234947409788854,0.02093275727471002,0.0006877379575019005
1218,0.03510335698447409,0.030234680231421406,0.02090500263065401,0.0006876762269218815
1219,0.035097386930721175,0.030234045064903445,0.0208781140182193,0.0006877190621738663
1220,0.03509151096455253,0.03023372099027728,0.020850646287995458,0.0006876607166761543
1221,0.03508560919792699,0.030233286359990074,0.02082334336223413,0.0006876541654900895
1222,0.03507969396413518,0.03023276241776094,0.02079630008181925,0.0006876715300103862
1223,0.03507385605936476,0.030232476374777183,0.020768868929701086,0.0006876058986473599
1224,0.03506795423227832,0.030231919161328304,0.020741989268364965,0.0006876372172770196
1225,0.035062118178085466,0.030231561108634272,0.02071473804479004,0.0006876094604931873
1226,0.035056285936552405,0.030231156396408682,0.020687725645190967,0.000687584411105527
1227,0.03505043380066975,0.030230633099994613,0.02066097837732265,0.0006876050252106141
1228,0.03504465588396072,0.03023034517159927,0.020633744042605665,0.0006875619038403125
1229,0.03503883607859801,0.030229831548639365,0.0206071403931574,0.0006875764513271631
1230,0.03503306379478124,0.03022944512279937,0.020580298489531326,0.0006875589740756049
1231,0.035027313796664364,0.030229087366870504,0.02055342598853206,0.0006875412320874464
1232,0.03502154657697562,0.030228585723116385,0.0205270118119981,0.000687558491459617
1233,0.03501584581153509,0.03022827102450676,0.02050026249827822,0.0006875222873726877
1234,0.03501012447184333,0.030227806710787498,0.02047390211595772,0.0006875373378642884
1235,0.035004441418434666,0.03022741196862901,0.02044749972950168,0.0006875295039053203
1236,0.034998787608461146,0.030227050055686235,0.02042113776083251,0.000687510000608404
1237,0.034993126451014725,0.030226581462796366,0.020395081161246817,0.000687528755968994
1238,0.03498752481005778,0.030226262857770837,0.020368783302341997,0.0006875052918185391
1239,0.03498191606211219,0.03022581701963247,0.020342932227174614,0.0006875125970447973
1240,0.034976344502856534,0.030225430387473003,0.020317018546586442,0.0006875104060662485
1241,0.034970805570744695,0.030225075877314614,0.02029114718803187,0.0006875002558237057
1242,0.03496526886022769,0.03022462032002517,0.020265677390797102,0.0006875130620430968
1243,0.034959787446537084,0.030224290384704127,0.020239999388242825,0.0006874971841843927
1244,0.03495430977168026,0.030223866362630847,0.020214673503437308,0.0006875087083619502
1245,0.03494887030956659,0.030223483571357658,0.02018940272449835,0.0006875061933092642
1246,0.034943464188451595,0.030223123967129707,0.020164199622206665,0.0006875002968805529
1247,0.03493807109701931,0.030222697918075407,0.020139290305319232,0.0006875151178800565
1248,0.03493272977830803,0.030222361194646392,0.02011432168191613,0.0006875042472784098
1249,0.03492740024524832,0.030221942710012672,0.0200897117857512,0.0006875151780854037
1250,0.03492211309135874,0.030221575147382836,0.020065102388130706,0.00068751746634976
1251,0.03491685870603657,0.030221208215666297,0.020040664657772257,0.0006875175588158255
1252,0.03491162686249344,0.03022079655097844,0.02001650525536409,0.0006875292604421823
1253,0.03490644483235114,0.030220460944136784,0.01999228811732639,0.0006875262647490775
1254,0.034901281253845076,0.03022005337479589,0.019968441452510453,0.000687539588547093
1255,0.03489616362955364,0.03021969413991404,0.019944642007854403,0.0006875410880687201
1256,0.03489107880287265,0.03021932463371041,0.01992102985321806,0.0006875481985186249
1257,0.03488602558999647,0.030218932993734765,0.019897661419365782,0.0006875603123885501
1258,0.03488101971923778,0.030218588167953198,0.01987435421462863,0.000687560708358856
1259,0.034876039170528714,0.03021819033954324,0.0198513627020172,0.0006875762905820339
1260,0.03487110747642017,0.030217843021942945,0.0198284187178132,0.0006875807109145828
1261,0.03486620844760552,0.030217466643171535,0.0198057551356287,0.0006875907773082431
1262,0.03486134916269359,0.030217094778395195,0.019783260548178846,0.0006876022746626188
1263,0.03485653486173918,0.030216747620623582,0.019760891863077407,0.0006876088685001156
1264,0.03485175259830642,0.030216359455916292,0.019738847431533455,0.0006876236560834347
1265,0.034847020535297826,0.030216017985061277,0.019716862291638736,0.0006876300919088014
1266,0.03484232254016465,0.030215642669408113,0.01969517481198366,0.0006876449083598042
1267,0.034837670367786615,0.030215286513538935,0.019673644534403647,0.0006876549473669489
1268,0.034833060772510346,0.03021493398142279,0.01965230538598023,0.0006876657138915093
1269,0.03482849025879153,0.03021456526316222,0.019631218949140987,0.0006876812058011091
1270,0.03482396903434253,0.03021422670012997,0.019610262882180422,0.0006876897577764772
1271,0.034819484793220654,0.030213856999918014,0.019589608914363576,0.0006877060104299212
1272,0.03481505022316192,0.03021351823238761,0.01956907385678832,0.0006877172194166423
1273,0.034810656577581596,0.030213162988872895,0.019548810908686928,0.0006877314069713131
1274,0.0348063081688924,0.030212813350415403,0.019528746340177955,0.0006877455504414048
1275,0.03480200680045579,0.03021247758046275,0.01950885478970902,0.0006877582620512359
1276,0.03479774666075291,0.0302121225656455,0.019489247023765144,0.0006877746903543798
1277,0.03479353680523173,0.030211795054180552,0.019469776037419298,0.0006877865435673196
1278,0.03478936820724411,0.03021144683281422,0.019450589749322494,0.0006878034245653909
1279,0.034785248750287746,0.030211117656539062,0.019431570872362323,0.0006878169192762194
1280,0.03478117389707899,0.0302107833054108,0.019412792115752205,0.0006878321685177554
1281,0.03477714490604122,0.03021045003600939,0.019394233405165148,0.000687848188998799
1282,0.03477316425925089,0.030210129694205917,0.019375863815582026,0.0006878618019285641
1283,0.03476922700209804,0.03020979606454872,0.019357759843994595,0.0006878789687503946
1284,0.03476533976023497,0.030209484698298112,0.019339810626817364,0.0006878929365733807
1285,0.03476149594155822,0.030209158185780714,0.019322139568958917,0.0006879098419857188
1286,0.03475770108624361,0.030208847941140964,0.01930464205186713,0.0006879247347292246
1287,0.034753951716270826,0.030208534786137616,0.019287379068439213,0.0006879411164453616
1288,0.03475024886483809,0.030208223988823026,0.01927033755171808,0.0006879573656714493
1289,0.03474659374970261,0.030207923627057248,0.019253487236684037,0.0006879726753085576
1290,0.03474298318988348,0.030207616150421616,0.019236883916702363,0.0006879902561213961
1291,0.03473942135670958,0.030207325224900564,0.019220454240453422,0.0006880052837183345
1292,0.034735903508426126,0.03020702475393145,0.019204279565974924,0.000688022841299696
1293,0.03473243377046952,0.030206739607013672,0.019188277249781654,0.0006880387134995199
1294,0.03472900868972788,0.030206449955247676,0.019172515064939555,0.0006880557214922861
1295,0.034725630004891074,0.030206167759138095,0.019156949774412978,0.0006880722908703799
1296,0.0347222970882182,0.030205890763907634,0.019141587227696256,0.0006880888787713182
1297,0.03471900873021744,0.030205612572295346,0.019126450370585787,0.0006881060838049364
1298,0.0347157667752797,0.030205346234540725,0.019111492206983677,0.0006881220993422377
1299,0.03471256816106125,0.030205074887954347,0.019096767401420103,0.0006881397928228826
1300,0.0347094156802194,0.030204816856497216,0.019082215296234953,0.0006881557644751935
1301,0.03470630606427449,0.03020455435786769,0.019067892522623718,0.0006881732018820509
1302,0.034703241501041905,0.03020430316142916,0.019053743296424265,0.0006881896803278907
1303,0.03470021982100044,0.03020405154993151,0.019039807855068015,0.0006882067000553256
1304,0.03469724166145143,0.030203806176568197,0.019026059915093367,0.0006882235018645562
1305,0.03469430650051395,0.030203566225407083,0.01901250003141541,0.0006882402688237793
1306,0.034691413319570395,0.030203327307424102,0.01899914315407253,0.0006882573813317889
1307,0.034688562963121325,0.03020309775430018,0.018985957096364425,0.000688273789548265
1308,0.03468575332695827,0.03020286676103307,0.018972976910777768,0.0006882911837696459
1309,0.0346829858888992,0.0302026465456873,0.018960159393017022,0.0006883074646084904
1310,0.03468025823947197,0.030202424558520187,0.01894754483124044,0.0006883247147036937
1311,0.03467757175761958,0.03020221304050576,0.01893508781350409,0.0006883411544130041
1312,0.03467492438708388,0.03020200119043191,0.018922825228722347,0.0006883581509074996
1313,0.034672316879771896,0.03020179750684635,0.018910723556870037,0.0006883746615515443
1314,0.03466974792033947,0.03020159645110055,0.01889879986239412,0.0006883914967601042
1315,0.034667217412371866,0.030201400577949778,0.018887043544116574,0.0006884081255987792
1316,0.03466472484124889,0.03020121012037919,0.01887545016369834,0.000688424688130029
1317,0.03466226934243297,0.03020102272612353,0.018864025457026645,0.0006884415249041102
1318,0.03465985103602077,0.030200842732598085,0.018852752051236123,0.0006884578931754579
1319,0.034657468520106025,0.030200664229657583,0.01884164759501394,0.0006884747714456488
1320,0.03465512230218261,0.030200494537056477,0.018830683111409653,0.0006884911428442025
1321,0.03465281070633398,0.030200325427432943,0.018819886302524028,0.0006885080183962291
1322,0.034650534369902244,0.030200165518175285,0.018809222369536867,0.0006885243778195827
1323,0.034648291585118715,0.0302000064211122,0.018798719229155193,0.0006885413181754803
1324,0.03464608291581182,0.03019985610898452,0.018788345520086312,0.0006885577028100287
1325,0.03464390678794371,0.030199707258474123,0.018778124544684832,0.0006885746205326252
1326,0.03464176358151297,0.030199566645515066,0.01876802889984275,0.0006885911560293517
1327,0.034639651935761476,0.030199428160104434,0.018758078666272947,0.0006886080424024518
1328,0.03463757200192505,0.030199297137185215,0.01874825077180736,0.0006886247103783658
1329,0.034635522658040714,0.030199169193957272,0.018738558928144033,0.0006886416784546338
1330,0.0346335038241943,0.030199047797764254,0.01872898773710152,0.0006886584790097448
1331,0.034631514604416797,0.030198930379193467,0.0187195434620301,0.0006886755328173111
1332,0.03462955472156974,0.030198818873696534,0.018710216443601005,0.0006886925591530078
1333,0.034627623470169115,0.030198711917953088,0.018701009205605846,0.0006887097110948608
1334,0.034625720418161005,0.030198610346163807,0.01869191550539651,0.0006887269709178938
1335,0.03462384501606083,0.03019851387636199,0.01868293406472292,0.0006887443267542566
1336,0.034621996709359774,0.03019842220830266,0.018674063425997763,0.0006887618158575641
1337,0.0346201750777004,0.030198336155052304,0.01866529757231258,0.0006887794081855758
1338,0.03461837947120632,0.03019825450093022,0.018656638837621548,0.0006887972027517906
1339,0.03461660958031387,0.030198178777447376,0.018648078851219187,0.0006888150326226541
1340,0.034614864675709976,0.030198107109994245,0.018639621986233337,0.0006888331684690658
1341,0.034613144555844265,0.030198041726400813,0.01863125759455226,0.0006888513105330008
1342,0.034611448407978404,0.030197979876611634,0.018622993670174372,0.0006888697973318997
1343,0.034609776152421376,0.030197924812726998,0.018614815209830795,0.0006888882977282218
1344,0.03460812687266821,0.030197872681674322,0.018606734906557773,0.0006889072096823385
1345,0.03460650064181514,0.030197827911798338,0.018598733311097588,0.0006889260677972857
1346,0.034604896399843356,0.030197785321531372,0.018590828028512894,0.0006889454726094036
1347,0.034603314429888385,0.030197750937664837,0.018582993817015125,0.0006889647288205222
1348,0.034601753454970005,0.030197717505898437,0.018575256434495115,0.0006889846621725446
1349,0.034600214064440686,0.030197693668348746,0.01856758024374674,0.0006890043473425923
1350,0.03459869464227816,0.030197668914077637,0.018560004186210767,0.0006890248909583707
1351,0.034597196239395715,0.03019765589270284,0.018552476861316846,0.0006890449744295072
1352,0.034595716703067214,0.030197639128474337,0.018545056673531575,0.0006890662398865675
1353,0.03459425780118622,0.03019763752178147,0.018537667987224133,0.0006890866819599191
1354,0.034592816515706004,0.030197627580824112,0.018530400758259388,0.0006891087832300192
1355,0.034591395757659196,0.030197638504439656,0.01852313870022781,0.0006891295131739794
1356,0.03458999109029485,0.030197633527273653,0.018516024605986964,0.0006891526418238018
1357,0.03458860728788395,0.030197658957113648,0.018508874296243667,0.0006891734715215741
1358,0.03458723755193693,0.030197655901743625,0.018501918480987305,0.0006891979539958416
1359,0.03458588975946083,0.030197699462996788,0.018494858781835304,0.0006892185400969762
1360,0.0345845531128831,0.030197693028740535,0.018488075992638315,0.0006892448856149042
1361,0.03458324076365456,0.030197761355120537,0.018481073905281288,0.0006892646274777582
1362,0.034581935021890386,0.030197742140210336,0.018474495844247155,0.0006892937128306241
1363,0.0345806581815733,0.030197847366553527,0.018467496649257932,0.0006893114851681809
1364,0.034579380464551744,0.030197798411042746,0.018461185796661495,0.0006893448941766992
1365,0.034578140313183243,0.030197963076481774,0.018454093116586166,0.0006893586133842309
1366,0.03457688637363925,0.03019785303650868,0.018448170627485157,0.0006893992116335358
1367,0.03457568613692465,0.030198119592535325,0.01844080757358076,0.0006894050296731693
1368,0.034574449063932616,0.030197889444572922,0.01843550748754957,0.000689458121849779
1369,0.03457329583426768,0.030198338885207496,0.018427540810696977,0.0006894487869207875
1370,0.03457206351355748,0.030197875660035508,0.018423317178675843,0.0006895244177868007
1371,0.03457097186720508,0.030198664807675985,0.018414105016803642,0.0006894860561683668
1372,0.034569721948105966,0.03019774867243948,0.018411848751314307,0.0006896035254036298
1373,0.03456872125577188,0.030199185782202972,0.018400131105469918,0.000689509252474922
1374,0.03456741108560774,0.030197382143783508,0.018401613663516857,0.0006897062091208628
1375,0.03456656058451707,0.030200082233749922,0.01838487608372009,0.0006895031340231265
1376,0.03456510699822281,0.030196519038871876,0.01839366884151469,0.0006898541910479916
1377,0.03456452769546909,0.030201727823243055,0.01836681595867676,0.0006894366804906804
1378,0.034562766751956644,0.030194630047239823,0.018390223949580287,0.0006900919148007636
1379,0.03456271161461173,0.030204909887707763,0.01834277898660227,0.0006892459295835095
1380,0.03456032119410561,0.03019061611826081,0.018395967435484984,0.0006905115887478071
1381,0.034561339221377226,0.030211323131629823,0.0183060946458155,0.0006887971605843014
1382,0.03455770643537139,0.03018219337158462,0.01842102969636022,0.0006913071245147244
1383,0.03456106430823867,0.030224723322336628,0.01824267010641046,0.0006878069646199549
1384,0.03455514638575276,0.03016469081654183,0.018487820733446257,0.0006928914225216709
1385,0.034564066900743665,0.030253802785091103,0.01812298702363892,0.0006856667109247776
1386,0.034554764299989535,0.030129109276369182,0.01864751096569261,0.0006961528304818285
1387,0.034578657603134326,0.030320021958983367,0.01788790510325003,0.0006810546235009549
1388,0.034568669627757974,0.030061390180438463,0.019021350011513147,0.0007030094450168848
1389,0.03463919804538623,0.030480666604294784,0.01743722235452398,0.0006710869701866572
1390,0.034654323266057746,0.029957840116387403,0.019894925354484966,0.0007174980787733521
1391,0.03487905788240177,0.030888306684772205,0.016704766795498344,0.0006497978385298924
1392,0.03499618690291384,0.02990844405198636,0.021706051897282336,0.0007465324714710096
1393,0.03554421389187325,0.03173052928940967,0.016019290541694944,0.0006098264941245878
1394,0.03544523557971155,0.030054033314119967,0.023033833652525874,0.000784435535086403
1395,0.035611535736049645,0.03182028488413718,0.016055783252824245,0.0005800942013476145
1396,0.034699606552692074,0.030026976465618836,0.01961037979297785,0.0007505541284776633
1397,0.034550047357774394,0.03011561561837626,0.018850596996142086,0.0006643123401697164
1398,0.034867063594176725,0.03084013546527484,0.01696748688112162,0.0006334307526775659
1399,0.03513792700186553,0.030072956324488396,0.021355024424396445,0.0007939657924978454
1400,0.034997148224953846,0.03104534926937106,0.016747540271582397,0.000602290901266311
1401,0.034553858802757256,0.030158842613731633,0.018352056295092397,0.000724604930007143
1402,0.03457468154096001,0.03010314657277679,0.01872137235483012,0.0007272604972171998
1403,0.03495353560102071,0.03102528656206516,0.01656691151998219,0.0006148667349591135
1404,0.03480645557643921,0.03008564522328562,0.019702602617986793,0.0007802898295562321
1405,0.034585048804823354,0.030384973922322426,0.017631040384958906,0.0006738668055091506
1406,0.03459330301833999,0.03038981306021733,0.01769730442442393,0.0006640290732378698
1407,0.034730893121800464,0.030058865146461018,0.019541579176298764,0.0007637121400796882
1408,0.034764675495644506,0.030734194415095673,0.01697772404151716,0.0006349362722454
1409,0.03453450877946776,0.030138953546961066,0.018501261618406782,0.0006953029088253372
1410,0.03455449033592334,0.030112319979338876,0.01861788130269551,0.0007185940960453629
1411,0.03471667915336834,0.03063362586967774,0.017231950278617788,0.0006366632279670441
1412,0.03461828247342128,0.03000679362856233,0.019438286924884442,0.0007238314598820665
1413,0.03454246134156304,0.03024336927473173,0.018044084756994788,0.0006902751154323516
1414,0.03459453866117942,0.03040421328677631,0.017650852714377788,0.0006601548315275525
1415,0.03460204240299986,0.03003583258813582,0.019193865380797256,0.0007274367387045885
1416,0.03460328244736825,0.030462522499871428,0.017353008337736568,0.0006701582799495093
1417,0.0345341987111981,0.030238534868058223,0.01804314863848241,0.0006870341154433921
1418,0.03456210867690496,0.030080577096980313,0.018809218398967736,0.0007196879001310981
1419,0.03460338611484987,0.030455803095728026,0.017386532579200933,0.0006702765032816537
1420,0.03454507370131665,0.030098050907818464,0.01868971565029048,0.0007090796634400971
1421,0.03453006593609333,0.030163167444497513,0.018330494542073035,0.0007007995831812133
1422,0.03458230020359099,0.030409723773888286,0.01750323723300839,0.0006719289831010176
1423,0.03454595807542826,0.03007980849625997,0.018779393899150728,0.0007102707993381445
1424,0.03454047962168439,0.030281840329592465,0.01788892900772431,0.0006808534905470605
1425,0.034541079810186254,0.030282357503041455,0.01788194432479234,0.0006823334421863325
1426,0.034546815077998415,0.030069945395232014,0.018842230973294335,0.0007084234881075336
1427,0.03455401051973954,0.030321342329225853,0.017787673428789234,0.0006751335047558414
1428,0.03452511064617194,0.0301807285338034,0.018242525344399536,0.0006958770434886358
1429,0.03452643447840084,0.030133354664305476,0.018466318435382944,0.0006998161270187793
1430,0.034557460855876625,0.03035392546179385,0.017642344706515142,0.0006750664527797493
1431,0.034525653084978646,0.030145363846378507,0.018379176827949345,0.0007044538730102674
1432,0.034523253849757705,0.03020277072549485,0.018143824670675157,0.0006917181901278267
1433,0.03453675396523363,0.030287537911462003,0.01782850560287143,0.000683514933197339
1434,0.03453098428991483,0.03011955919761508,0.01851655643815939,0.0007081138046678724
1435,0.03452963998403298,0.030258033083930613,0.017935418202957038,0.0006845232595109636
1436,0.03452342514122036,0.030232168780626404,0.018007381454158422,0.0006897800697622639
1437,0.03452113228219704,0.030149957601212248,0.01834692364608941,0.0007017899517669105
1438,0.03453561437025893,0.03029520724519811,0.017803541646849712,0.0006796987956908771
1439,0.03451837544874021,0.03017999619934195,0.018212282392209688,0.0006959227709563212
1440,0.03451839780595919,0.030179872694257988,0.01821128759443353,0.0006962675928144908
1441,0.034529070088962284,0.030269742779644008,0.017882846619231303,0.000682757985472015
1442,0.03451877222483478,0.030154958453266448,0.018316657887895514,0.0007004821939892273
1443,0.03451945738853654,0.030232221724749105,0.017981687597240073,0.0006908981443394143
1444,0.034521114422225295,0.03024707601786978,0.017933134420633143,0.0006874115202288884
1445,0.03451615710717845,0.030168110326992997,0.018236849212508326,0.0007006769376837865
1446,0.03452220183344579,0.03026120271995341,0.01786253753947474,0.0006884916055974287
1447,0.03451544823278995,0.030202010646919963,0.01809896631547005,0.0006936443227759784
1448,0.03451478565421015,0.03018397061528512,0.01816057162185561,0.0006987007145539111
1449,0.034520853919022244,0.030258838513797025,0.01786946538852399,0.0006881223275204186
1450,0.034513248778377255,0.030180786060690364,0.01818242233580722,0.0006959782505254457
1451,0.03451402232418575,0.030220079719274144,0.018002195240840665,0.0006935035567434763
1452,0.03451661351473784,0.030242227318118344,0.01792825542917293,0.0006887351107849044
1453,0.03451196940337862,0.03017493153851115,0.018204321835275372,0.0006961734978123919
1454,0.03451518883300849,0.03023645483410086,0.017939394060060742,0.00069085518689548
1455,0.03451226183159824,0.03020814994498103,0.018061167429526567,0.0006918784007118939
1456,0.03451079033230657,0.030186422044703495,0.01814568601775785,0.0006952310840515029
1457,0.034514763396379294,0.03024519036953101,0.017897364867503342,0.0006901000533476145
1458,0.034509788235709694,0.030193836124293844,0.018109708037885343,0.0006940105038387776
1459,0.034510223297474,0.030212188731507973,0.0180234977932843,0.0006933350073091681
1460,0.03451197371868278,0.03023379252021624,0.017933325563695143,0.0006915160857275104
1461,0.034508799451098644,0.030185153323346366,0.018141266817016544,0.0006953927643489705
1462,0.0345105343833532,0.030226155211530336,0.017960639894686735,0.0006922511928855172
1463,0.034508966820726426,0.030213637576063525,0.018010192042627826,0.0006932908361373401
1464,0.034507537842033524,0.03019518454494009,0.01809020529987297,0.0006943122371188376
1465,0.03450999275502152,0.03023492371086349,0.017919141249995517,0.0006912407941589266
1466,0.03450684530474073,0.03020065570008326,0.01806022191962103,0.0006941452207332631
1467,0.034507077626986106,0.030209481343036255,0.018023909593847722,0.0006928143651803103
1468,0.03450797710180187,0.030224831947862706,0.017955139621484217,0.0006921172296423216
1469,0.034505708902742384,0.030193831746496442,0.018085674239885226,0.0006947423082688915
1470,0.034506917486263784,0.030221800364379974,0.017965663836809958,0.0006919843545218237
1471,0.03450572162803594,0.030214162715968624,0.017990754722108957,0.0006934079676455224
1472,0.03450467661241499,0.030203011164216503,0.01803759415994369,0.0006941466162097476
1473,0.034506110871234785,0.030227465689288732,0.017933414963631017,0.0006919621892198495
1474,0.034504070584326474,0.030204299696031365,0.01802575431021446,0.0006946200262522131
1475,0.03450424114063822,0.03021229007784548,0.017992349024008633,0.0006934812579910131
1476,0.03450447161169733,0.030220349045737973,0.017956400540406727,0.0006928424578780028
1477,0.03450292185365677,0.030202175448434457,0.018029771627604742,0.0006947920797013641
1478,0.03450375487079571,0.0302217040698832,0.017947433948913412,0.0006925640111298322
1479,0.03450268646258926,0.03021300027285904,0.017981015679778202,0.0006934830537745847
1480,0.03450206414349792,0.030208328427536735,0.017998289589153473,0.0006940777981304918
1481,0.03450278021740443,0.030222130638314554,0.01794085201815581,0.0006924791754587138
1482,0.03450134405983233,0.0302057230662571,0.018007001285744388,0.0006942207364263526
1483,0.03450153475818994,0.030215130730308907,0.017964438948008078,0.00069351623827942
1484,0.034501328736673324,0.03021725125211323,0.01795498201836255,0.000693081080887586
1485,0.03450030212788305,0.03020740110179532,0.017992792040290626,0.000694342618029602
1486,0.034500849074511494,0.030221293893144863,0.017931969086854137,0.0006931613639958041
1487,0.034499886098896336,0.030211788787679533,0.01797134496413657,0.0006938283183894904
1488,0.03449958974409028,0.030212280553126934,0.01796563873930794,0.0006941814431017581
1489,0.03449978191790824,0.03021945450609258,0.017934506527397552,0.0006934261063361526
1490,0.03449876065847746,0.03020836239828757,0.017980513040934443,0.0006942956520030015
1491,0.03449894470514055,0.030217767816838964,0.017936972824671105,0.0006937823233673654
1492,0.03449846512850509,0.030215549696289243,0.017946081327552824,0.0006936991667052797
1493,0.03449785543972303,0.03021099566950404,0.017963660278852916,0.0006941277144484029
1494,0.034498102872050615,0.03021968692521747,0.017924179251650834,0.0006935800965029758
1495,0.03449727246078903,0.030211019940406942,0.017961016301822837,0.0006940492600175133
1496,0.034497168240875654,0.03021460355402139,0.017943143014227482,0.0006939360840087612
1497,0.034496999134414646,0.030217032170601735,0.01793078956448232,0.0006938090509164508
1498,0.034496297533342754,0.030210774986136224,0.01795677307442458,0.000694167932321609
1499,0.0344964170916502,0.030218352197985947,0.017921385084751117,0.0006937878767140291
1500,0.03449582850383328,0.03021405187611904,0.01793832219609378,0.0006941121884954811
1501,0.03449551579922751,0.030213630167167074,0.017938932401605722,0.0006940991517392881
1502,0.034495477493372124,0.030217839163266428,0.017918404514744128,0.0006939574271568667
1503,0.034494823035595555,0.030211873865176056,0.017943029461078383,0.0006943432782038189
1504,0.0344947890795219,0.030216559661841252,0.017921224543525804,0.0006939845089754884
1505,0.03449439713894417,0.0302155711309959,0.01792328761386621,0.0006941684851750259
1506,0.03449396551937347,0.03021343012971341,0.017931491650018293,0.0006942370596564006
1507,0.03449393684200213,0.0302178488901648,0.017910694726296795,0.0006939490065779689
1508,0.03449337356799494,0.030213483730739277,0.01792770173079243,0.0006943494910971753
1509,0.034493220699791625,0.030215645011011892,0.017917239357470117,0.0006941278172857055
1510,0.03449295588741472,0.03021624038738463,0.017912739135938806,0.0006941676728423276
1511,0.03449249272030588,0.03021360755835028,0.01792236205051504,0.0006944127518525943
1512,0.03449242059836889,0.030217429644363587,0.017904447301383533,0.000694101493728594
1513,0.03449195379995595,0.030214834809380937,0.017913643225778243,0.0006943903454193598
1514,0.03449171251007534,0.030215668840253673,0.01790844210902716,0.0006943552480162358
1515,0.03449150928214826,0.030216940825100493,0.017901572180703457,0.0006942540209070739
1516,0.03449106062835238,0.03021426836230202,0.017911268492235295,0.0006945385676033006
1517,0.034490937780235216,0.03021706664780652,0.017897733655313275,0.0006943244013660421
1518,0.034490551054233855,0.03021553603123152,0.0179029091011462,0.000694433202773097
1519,0.03449025682156748,0.030215635844974678,0.017900640422758518,0.0006944928920410952
1520,0.03449006998689008,0.030217269940048475,0.017892299301990298,0.000694340186443553
1521,0.03448964948525671,0.03021495815853456,0.01790079652887155,0.0006945320209478416
1522,0.03448948292257832,0.030216927379431654,0.017890556427457,0.0006944442576552676
1523,0.03448915316437556,0.03021603507868422,0.017893210846374012,0.0006944759164165366
1524,0.034488839114207734,0.030215597527604453,0.017893387664864365,0.0006945640536304047
1525,0.034488649802410606,0.030217283370063422,0.017884466381208598,0.0006944731561054641
1526,0.03448826152261126,0.030215505454081994,0.017890861411514702,0.0006945837862263231
1527,0.034488059138302864,0.030216943705521696,0.017882814359322877,0.0006945525609165901
1528,0.03448776242348401,0.03021658853637821,0.017882968075075376,0.0006945802720907243
1529,0.0344874452138423,0.03021585493555483,0.017884747368614375,0.000694640804564589
1530,0.03448724695657808,0.030217273453525144,0.01787687963899573,0.0006945975752537884
1531,0.034486888764656984,0.030215892693754753,0.017881601484231666,0.0006946757740558975
1532,0.034486662310593656,0.03021686706586662,0.017875810522070452,0.000694633140312952
1533,0.03448638185629311,0.030216878091038832,0.01787420756017181,0.0006946622532199142
1534,0.034486067582208374,0.030216169617189464,0.017876007963415395,0.0006946963723358326
1535,0.03448585760166248,0.03021729549618691,0.017869524622307283,0.0006946571810141156
1536,0.03448552344842556,0.030216238642059527,0.017872703064332855,0.0006947441934994533
1537,0.03448528453925817,0.030216846321462744,0.017868670386217544,0.000694704140551918
1538,0.03448501285954493,0.030216969917682447,0.017866542115677432,0.0006947345187269946
1539,0.034484705800253,0.030216427028814108,0.01786750545258433,0.0006947776809220302
1540,0.03448448371324079,0.030217342019899996,0.01786205836964465,0.0006947300194118624
1541,0.0344841661627235,0.030216578566408844,0.017863866985965652,0.0006948141991215295
1542,0.03448392028742855,0.03021699767130915,0.017860666042017196,0.0006947894077159614
1543,0.034483652515344625,0.030217064459783685,0.017858920339181208,0.0006948039877246956
1544,0.034483354670699726,0.030216632975642758,0.017859335021208463,0.0006948546908152766
1545,0.034483122649740836,0.030217342712682792,0.017854866346679658,0.000694806667722111
1546,0.03448281649127684,0.03021677342991328,0.017855892528414876,0.0006948645556805796
1547,0.03448256613217375,0.030217145638494685,0.017852834396972998,0.0006948536142844635
1548,0.034482298386053656,0.030217163948258487,0.017851398932134818,0.0006948546513682013
1549,0.034482009335585664,0.03021682877378783,0.01785139678640269,0.0006949012045172977
1550,0.03448177006976002,0.030217362284230637,0.017847665899158885,0.0006948746056976066
1551,0.03448147302296176,0.030216893408728164,0.017848326408360246,0.0006949143325615493
1552,0.03448122068847693,0.0302172456277538,0.017845297867443786,0.0006949154872343672
1553,0.03448095118374109,0.030217249148073444,0.017843913800922876,0.000694919275483068
1554,0.03448066929233773,0.03021702763904528,0.01784345703045441,0.0006949502472015649
1555,0.03448042357880028,0.03021743608015478,0.017840226368804342,0.0006949422248846366
1556,0.03448013350097648,0.030217031871416077,0.017840651828906626,0.0006949712637790772
1557,0.03447988054610153,0.030217326904579518,0.01783791167365036,0.0006949713067919442
1558,0.0344796091200356,0.030217288014105354,0.01783669307796088,0.0006949824903380721
1559,0.034479333157119124,0.030217161167554657,0.017835882617037044,0.0006949954661570632
1560,0.03447908130465724,0.03021747118667617,0.0178330866909201,0.0006949927797970538
1561,0.03447879628245859,0.03021715187396556,0.01783313698679465,0.0006950170111341004
1562,0.034478542647714584,0.03021739764058137,0.01783066739401349,0.0006950115283305157
1563,0.034478269727855906,0.03021730739442203,0.01782965665750452,0.0006950310019329766
1564,0.03447799907951512,0.03021725256961688,0.017828542120196703,0.0006950380858588963
1565,0.034477741993527676,0.03021746183711157,0.017826211604051314,0.0006950378356058464
1566,0.03447746121667911,0.030217235619224847,0.017825819732819582,0.0006950616508903553
1567,0.03447720608620495,0.030217455139880115,0.017823488735614828,0.0006950531992018718
1568,0.03447693183617338,0.030217333036431614,0.017822624231015615,0.0006950739535386478
1569,0.034476665273600354,0.030217338633474682,0.01782123469785679,0.000695079700554308
1570,0.034476403623651765,0.030217440901063625,0.01781941428388321,0.0006950798658114996
1571,0.03447612685474242,0.030217283324828002,0.017818717155106953,0.000695100098893026
1572,0.03447586947375421,0.030217469057904504,0.017816542894604784,0.0006950918369287502
1573,0.034475594351459124,0.030217335644210194,0.017815754480836003,0.0006951078110817319
1574,0.03447533028506872,0.030217396533706337,0.017814109256815182,0.0006951118999993412
1575,0.0344750644818077,0.03021741623384578,0.017812670917601053,0.0006951140644417077
1576,0.034474791464818355,0.03021731658209633,0.017811728094912646,0.0006951292637394922
1577,0.034474531336154184,0.030217453251144392,0.017809758759517215,0.0006951263331063442
1578,0.034474256364624103,0.0302173238053777,0.0178089679496713,0.0006951389693121417
1579,0.03447399337245199,0.030217419414862657,0.01780716117710561,0.0006951417221682111
1580,0.034473723997592576,0.030217388088281807,0.017805942705336815,0.0006951473682434095
1581,0.034473454020186596,0.030217346693994115,0.017804756292810427,0.0006951560676303961
1582,0.03447319053760609,0.030217426049727582,0.017803033203554423,0.0006951578471676194
1583,0.03447291659684407,0.030217313648214044,0.017802177265246997,0.0006951674955806287
1584,0.03447265329751424,0.030217407605911278,0.01780038865049625,0.0006951679615037123
1585,0.03447238136280103,0.03021734371653698,0.017799309523869145,0.0006951757414902244
1586,0.03447211342369842,0.03021735177325075,0.017797917680733404,0.0006951781143009882
1587,0.034471846263438494,0.03021737707789391,0.01779643511722577,0.0006951821620994255
1588,0.034471573814879114,0.030217301029988784,0.017795417776861853,0.000695189229517956
1589,0.03447130888502883,0.030217368856360137,0.017793755688698832,0.0006951888909289195
1590,0.034471035699646,0.03021729174330141,0.017792729781671287,0.0006951980000103321
1591,0.034470768649098156,0.030217328855117583,0.01779121076664484,0.000695197640651604
1592,0.03447049817778548,0.03021730938332754,0.017789928838156787,0.0006952030268265874
1593,0.03447022719564552,0.030217279424609854,0.017788699989399536,0.000695207773155758
1594,0.03446995955169008,0.030217310626802094,0.017787205009492005,0.000695207922989581
1595,0.034469686205695425,0.030217242353483456,0.01778614009512151,0.0006952158331876663
1596,0.03446941862412305,0.030217282121758574,0.01778460797046906,0.0006952149082706597
1597,0.03446914576620498,0.030217231293915597,0.017783471774791546,0.0006952201173310751
1598,0.034468875671754565,0.0302172365329299,0.01778208444158739,0.0006952222505071861
1599,0.03446860489783092,0.03021722935009938,0.017780760855311717,0.0006952233766691991
1600,0.03446833201248543,0.030217187413757614,0.017779582522551515,0.0006952280942175055
1601,0.03446806253380086,0.030217210019944204,0.017778122500625302,0.0006952280137315884
1602,0.03446778844880027,0.030217151160110766,0.017777024884512674,0.0006952323117869665
1603,0.03446751817544366,0.030217170194902086,0.017775574939184757,0.0006952329927046254
1604,0.03446724471196288,0.030217133412208094,0.017774378449094824,0.0006952356099358188
1605,0.03446697227215289,0.030217120528242044,0.017773072445087225,0.0006952372548934008
1606,0.03446670008415893,0.03021711584219138,0.017771728276601187,0.0006952385866473124
1607,0.03446642567599879,0.030217071576591734,0.01777056478130322,0.0006952411431464126
1608,0.03446615391429947,0.030217082148033023,0.017769152599627424,0.000695241246340959
1609,0.03446587871725844,0.030217033430658766,0.017768005413363427,0.0006952442039269874
1610,0.034465605976367206,0.03021703547456084,0.017766634396264563,0.0006952436225534528
1611,0.034465331129216896,0.03021700463404182,0.017765404079323015,0.0006952456793104762
1612,0.0344650566502899,0.03021698337375386,0.017764135941712347,0.0006952460881935657
1613,0.03446478245660927,0.03021697201112389,0.017762820889112116,0.0006952462676629546
1614,0.03446450645984418,0.030216931697050503,0.01776163271603993,0.0006952482195856937
1615,0.03446423228193519,0.030216929470236336,0.01776027862891457,0.0006952470859159355
1616,0.03446395555407786,0.030216886777776505,0.01775909861193673,0.0006952490539140063
1617,0.03446368047965596,0.030216879741796376,0.01775776249656849,0.0006952482385458822
1618,0.03446340376761398,0.030216847229286907,0.017756538548958752,0.000695248828535323
1619,0.03446312730728246,0.030216824656749137,0.01775526755022825,0.000695249140487675
1620,0.034462850814677565,0.030216805250081944,0.017753985258994878,0.0006952485127966462
1621,0.034462573062265946,0.030216768286696644,0.017752777721259928,0.0006952492313173112
1622,0.03446229639710089,0.030216757334266847,0.017751454529421375,0.0006952481569497676
1623,0.034462017829451776,0.030216716404219492,0.017750264928716803,0.0006952484394889196
1624,0.03446174041766079,0.030216703350797684,0.017748948618652508,0.0006952473431326094
1625,0.03446146154774732,0.03021666779592104,0.01774773309233978,0.0006952471333583213
1626,0.034461183019749785,0.03021664385199027,0.01774646503859441,0.0006952461600406271
1627,0.0344609040500245,0.03021661748898436,0.017745205542228686,0.0006952454525944069
1628,0.03446062436305257,0.030216583098606854,0.01774398266270748,0.0006952447319042223
1629,0.0344603451225474,0.030216563724201624,0.017742690505391824,0.0006952432972674082
1630,0.034460064521449715,0.030216524886716344,0.0177414839871603,0.0006952428373013088
1631,0.034459784675626305,0.030216505681722378,0.01774019049319002,0.0006952408952659242
1632,0.03445950350323608,0.030216467786018414,0.017738977079826673,0.0006952403012523309
1633,0.034459222755642005,0.03021644307602441,0.01773770607568604,0.0006952384644803882
1634,0.03445894121407613,0.030216409818949356,0.017736471109093058,0.0006952371733081641
1635,0.0344586594278236,0.030216378430347555,0.0177352264742365,0.0006952357026287437
1636,0.03445837750832698,0.030216350589032503,0.01773396629900965,0.0006952336594925496
1637,0.034458094755196386,0.03021631376307345,0.017732743416352753,0.0006952323088523855
1638,0.034457812309178104,0.030216288461717856,0.017731469370698548,0.0006952299733205394
1639,0.034457528778993156,0.030216248941378483,0.017730257143114114,0.000695228408991852
1640,0.034457245601406165,0.030216222490084196,0.017728985176713674,0.0006952260759792353
1641,0.03445696146018539,0.030216184247292346,0.017727765194935324,0.0006952241739059784
1642,0.03445667738958475,0.03021615416788278,0.017726507078735902,0.0006952218059547918
1643,0.034456392720296,0.03021611941392502,0.01772526851524067,0.0006952196033228436
1644,0.03445610771241687,0.030216084588266273,0.017724029600842305,0.0006952172039821351
1645,0.03445582250344987,0.030216052607186513,0.017722776050072737,0.0006952146862488041
1646,0.034455536607507775,0.030216014045588734,0.01772155113574574,0.000695212334769892
1647,0.034455250762683125,0.03021598318617503,0.017720290655069693,0.0006952094454941575
1648,0.034454964066472436,0.030215943297577635,0.017719068494007055,0.0006952070700933893
1649,0.034454677467236176,0.030215911839070138,0.017717808467451062,0.0006952039346758271
1650,0.034454390063581856,0.030215872257422012,0.01771658232085529,0.0006952013419887847
1651,0.034454102625835245,0.03021583858287867,0.01771532919082415,0.0006951982047917495
1652,0.03445381457123785,0.030215800074137152,0.017714096132810605,0.0006951952705385716
1653,0.034453526253124034,0.03021576361236296,0.01771285222759157,0.000695192195242764
1654,0.034453237545641786,0.030215726699067975,0.01771160947629275,0.0006951889513152628
1655,0.03445294834832103,0.0302156877764962,0.017710373743849452,0.0006951858230549378
1656,0.03445265895041795,0.030215652064077073,0.017709122514825204,0.0006951823833758302
1657,0.034452368911957854,0.030215611238722455,0.017707892700017085,0.0006951791332319829
1658,0.034452078771557426,0.03021557557332965,0.017706638263223603,0.0006951755455830589
1659,0.034451787936093325,0.030215533837563004,0.017705409594757405,0.0006951721795788355
1660,0.03445149699629602,0.030215497352205793,0.017704156113725788,0.0006951684213450707
1661,0.03445120539518031,0.03021545574778248,0.01770292363789332,0.0006951649198191642
1662,0.03445091361449762,0.030215417907789588,0.01770167338041024,0.0006951610306259791
1663,0.03445062126685373,0.030215376745290692,0.01770043592246329,0.0006951573370703765
1664,0.03445032862713436,0.030215337227499712,0.017699189951190294,0.0006951534093965886
1665,0.03445003553365836,0.030215296467077386,0.0176979479078111,0.0006951494850187559
1666,0.034449742029802374,0.03021525541022467,0.017696705432584833,0.0006951455330607327
1667,0.03444944817297688,0.030215215070355676,0.01769545850391031,0.0006951414018391491
1668,0.03444915381031143,0.03021517275740315,0.017694218438059968,0.0006951373652962919
1669,0.03444885916790055,0.030215132580606843,0.017692967476044305,0.000695133092084847
1670,0.03444856395981978,0.03021508919873741,0.017691729134301854,0.0006951289342220038
1671,0.034448268509174276,0.030215048761523346,0.017690476017832562,0.0006951245440844226
1672,0.03444797246617478,0.030215004683571446,0.017689237565711755,0.0006951202694609833
1673,0.03444767618415616,0.030214963739154412,0.017687983520410223,0.0006951157409197029
1674,0.03444737931167898,0.030214919349066588,0.017686743029068825,0.0006951113567986322
1675,0.03444708218131401,0.030214877699929116,0.017685488921247924,0.0006951066971353063
1676,0.03444678448287917,0.030214833076388208,0.0176842460782462,0.0006951021908417213
1677,0.034446486493609936,0.03021479058741672,0.017682992318475872,0.0006950974424980352
1678,0.03444618796738424,0.03021474575402759,0.017681747120304722,0.0006950927892957021
1679,0.03444588911037685,0.030214702477849728,0.017680493311487043,0.0006950879702297107
1680,0.03444558974955249,0.03021465752249255,0.01767924529345714,0.0006950831683685027
1681,0.034445290019228345,0.03021461348291629,0.017677991364377678,0.000695078263436517
1682,0.03444498981682982,0.030214568378043854,0.017676740493951463,0.0006950733399956753
1683,0.03444468921058481,0.030214523533940715,0.01767548671144434,0.0006950683343552228
1684,0.03444438815863431,0.030214478220738566,0.017674233178344927,0.0006950633022267587
1685,0.03444408667274637,0.03021443266242506,0.01767297906387582,0.0006950581975461547
1686,0.034443784761903073,0.0302143871284485,0.017671722949783617,0.0006950530434978519
1687,0.0344434823923422,0.03021434096394438,0.017670467876009652,0.0006950478531958894
1688,0.034443179615086576,0.03021429514583406,0.017669209482866387,0.0006950425726792393
1689,0.034442876358509504,0.030214248373867315,0.01766795341019898,0.0006950373026023992
1690,0.03444257270843517,0.03021420224006435,0.017666692794023213,0.0006950319095661775
1691,0.03444226855966199,0.03021415487068043,0.017665435700610896,0.0006950265488593793
1692,0.03444196403020248,0.030214108480381967,0.017664172473804286,0.0006950210550596543
1693,0.03444165898258941,0.030214060531838827,0.017662914263891615,0.0006950155979722587
1694,0.03444135356903812,0.03021401390440796,0.01766164830984142,0.0006950100026618828
1695,0.03444104761570165,0.030213965334187482,0.017660389098442735,0.0006950044618256277
1696,0.03444074131517522,0.03021391847564087,0.017659120422204553,0.000694998755093439
1697,0.03444043444719581,0.030213869240985937,0.017657860312391267,0.0006949931437316125
1698,0.03444012725771256,0.030213822251903263,0.01765658844437921,0.0006949873169334513
1699,0.03443981946365816,0.0302137722805772,0.017655327719827616,0.0006949816391154307
1700,0.034439511386101566,0.0302137253060692,0.017654051939660933,0.0006949756921001743
1701,0.03443920265228178,0.030213674419054745,0.01765279139525314,0.0006949699541764077
1702,0.03443889369177813,0.030213627646442434,0.01765151081170467,0.0006949638829947709
1703,0.03443858399961256,0.03021357559944706,0.017650251487647366,0.0006949581026360239
1704,0.034438274166537566,0.030213529347222177,0.01764896467173184,0.0006949518849690227
1705,0.034437963489534255,0.03021347579321635,0.01764770801256277,0.0006949460938053544
1706,0.03443765280382429,0.03021343054421456,0.01764641283541126,0.0006949396925274805
1707,0.0344373411038998,0.03021337487738271,0.017645161447167167,0.0006949339370836588
1708,0.034437029601452854,0.030213331387549645,0.017643854559530665,0.0006949273019970798
1709,0.03443671682042933,0.030213272620457903,0.01764261276194323,0.0006949216475827826
1710,0.03443640456268629,0.030213232160559274,0.017641288517225365,0.0006949146986819422
1711,0.034436090608228186,0.03021316869779345,0.017640063298783135,0.0006949092506781079
1712,0.03443577770069851,0.030213133356274995,0.01763871247063791,0.0006949018502959276
1713,0.034435462423090805,0.030213062516815582,0.017637515565316467,0.0006948967932119296
1714,0.03443514904757235,0.030213035765982037,0.01763612288707774,0.0006948887041747619
1715,0.03443483219700831,0.030212953008501964,0.017634974176528616,0.0006948843532006194
1716,0.03443451866773776,0.030212940801130166,0.01763351349348132,0.0006948751679113288
1717,0.034434199817808715,0.030212838320480433,0.01763244719056052,0.0006948720592161796
1718,0.03443388668437346,0.03021285099216609,0.017630873093398607,0.0006948610735276441
1719,0.03443356509411386,0.030212715110291506,0.01762994921238303,0.0006948601413457447
1720,0.03443325333019828,0.030212770850889005,0.01762818182186858,0.0006948461149355588
1721,0.03443292768871922,0.030212577276819932,0.01762750695418813,0.000694849021061665
1722,0.03443261904207495,0.030212708637808873,0.017625403391216068,0.0006948297260228699
1723,0.0344322869916934,0.03021241360765953,0.01762516955396003,0.0006948394732418639
1724,0.034431984645509964,0.030212679711303644,0.017622470409199863,0.0006948108523663454
1725,0.03443164188171966,0.030212203132395723,0.017623029019745565,0.0006948329453748251
1726,0.03443135172220626,0.03021271296218184,0.01761925625485337,0.0006947875090537453
1727,0.03443099027419518,0.030211906088519286,0.017621260012857676,0.0006948321831043663
1728,0.03443072335999606,0.03021286357394127,0.017615519430713714,0.0006947558999120437
1729,0.03443032828004645,0.030211446151343874,0.017620198305343494,0.0006948424676338767
1730,0.03443010575184415,0.030213238488825938,0.017610793003395447,0.0006947086623391237
1731,0.034429648723365736,0.030210674882594584,0.017620498691317096,0.0006948741025077287
1732,0.03442951181663061,0.030214047980143852,0.01760416253306653,0.0006946313298734558
1733,0.03442893890452277,0.030209300134788515,0.017623456534763104,0.0006949474627816331
1734,0.034428970118209716,0.030215712085594138,0.01759381468568991,0.0006944950954775916
1735,0.03442817902726415,0.030206741133630397,0.017631672590998897,0.0006951033754339763
1736,0.034428549369341546,0.030219084823605715,0.01757611360565386,0.0006942418246050568
1737,0.034427351098550926,0.030201835576444628,0.01765045395597394,0.0006954247309115135
1738,0.034428434468212435,0.03022594038823867,0.017543707236057506,0.0006937526327622681
1739,0.03442650790259854,0.030192258645044018,0.017690836339778256,0.0006960819895988682
1740,0.03442919128948234,0.03024007360287718,0.01748168250619621,0.0006927811853659148
1741,0.034426132162752185,0.030173438340059304,0.01777631907791093,0.0006974300071106932
1742,0.034432779514685465,0.030269954315122874,0.01736007689890117,0.0006908098197823528
1743,0.03442882160382564,0.030136897496165622,0.01795853689944614,0.0007002167277707913
1744,0.034446686868717394,0.030335714357544254,0.0171211859364716,0.0006867353238788177
1745,0.03444682836816947,0.030069727098163846,0.01835534140894651,0.0007060329882163269
1746,0.03450115999694421,0.030489176864536907,0.01666887106640562,0.0006782089191261761
1747,0.034533072382706295,0.029966941332261327,0.01923959016118892,0.0007182130182071825
1748,0.03471357062308856,0.030868427924035435,0.01592413534761435,0.0006603156295302582
1749,0.03486647383677409,0.029901211732784674,0.021110535014288393,0.0007431551011317405
1750,0.03537918374498584,0.03172788011320399,0.015131606979358135,0.0006249822359102242
1751,0.03553465948579992,0.030075336601665774,0.023371720937835162,0.0007849786965671068
1752,0.0359874958693878,0.03243844935094729,0.01484831880551833,0.0005793827573368454
1753,0.0350466631888778,0.03010222150737089,0.02073859668151445,0.0007967223452040186
1754,0.03466502370446876,0.0306855154835237,0.016879624075355107,0.0006035834058740303
1755,0.034547555648061695,0.030532618550153726,0.01654915348110714,0.0007051064016865395
1756,0.03495196561175326,0.029875608891928532,0.021666492196645393,0.0007430582804956553
1757,0.03513484439858546,0.03144493065367513,0.015450415045499233,0.0005998307358104867
1758,0.03474717401638562,0.030219538413898062,0.01855407595434776,0.0008168204116180082
1759,0.03451784922532989,0.03032676612054222,0.017818186985614305,0.0006274457076648043
1760,0.034666945253477896,0.03083332644063419,0.015668842126108896,0.000699850387621928
1761,0.03483692427406161,0.030065053387742475,0.019934535595473084,0.0007849637672245162
1762,0.03472910296783379,0.030792561575046434,0.01666854886510357,0.0006028316197666445
1763,0.03453189880235214,0.030319749817965674,0.01709991640932652,0.0007921657025211666
1764,0.034514284884630764,0.02992932616946273,0.01952717771634382,0.0006795231718992686
1765,0.03473088056599238,0.030902733533765693,0.0159615177863866,0.0006358434749493629
1766,0.034587845378080725,0.030212876671717955,0.017908851446146058,0.00079319841713356
1767,0.03453095086137849,0.030220977947198024,0.01850218160710016,0.0006095365927604327
1768,0.03452538766211932,0.03052542878623224,0.016436552467366167,0.0007126483824138436
1769,0.034581969493647155,0.030015768752733443,0.019092112034270352,0.0007477783340596408
1770,0.0345805078012806,0.03045852158836408,0.01756430741874784,0.0006091247291669537
1771,0.03450436803953421,0.030380322942012875,0.016757671065656662,0.0007725108843900038
1772,0.0344668047188198,0.03000079553936147,0.01891568417290434,0.0006828723448774641
1773,0.034548478746330456,0.03057345713527254,0.0166334755286242,0.0006483265053330711
1774,0.034520606057706175,0.0302742506986771,0.01729463757281783,0.0007874278444655052
1775,0.034488665218160915,0.030064795249730172,0.018923206172118755,0.0006392287340069929
1776,0.03446687098121081,0.030426253808699396,0.016682089598556292,0.0007041992528001558
1777,0.03448511730650569,0.030136722901122223,0.017976748805084247,0.0007530446443666138
1778,0.034510893147532716,0.03026452292488713,0.018127021488253268,0.000620965924994926
1779,0.034473609021997975,0.03038490745617299,0.01673244715759128,0.0007422121343067259
1780,0.03443371226016946,0.030064788441187335,0.01834946504442333,0.0006990308100974605
1781,0.034482799417124975,0.03032645403416935,0.01758774957191483,0.0006387954685726548
1782,0.03447983252164742,0.03028221890237129,0.017176578015339155,0.0007622980162082997
1783,0.03444537626358235,0.03005835213653705,0.018632052142949884,0.0006606136984553247
1784,0.03444349401208895,0.030339863596416633,0.01712950911544905,0.0006777285925825072
1785,0.03445597552805186,0.03023468685797225,0.01734517968959888,0.0007522527321598378
1786,0.03446389713159174,0.030172238574347678,0.01825206593402173,0.000641245370439715
1787,0.03443502434481473,0.030329657020465087,0.016938534498451785,0.0007176604246592808
1788,0.03442870979530814,0.03015413880237426,0.017759306017132357,0.000722709789507404
1789,0.03445672888030865,0.030211063679417973,0.017999486557480893,0.0006457678893945001
1790,0.034444679364308374,0.030288282397449805,0.017077422613272823,0.0007409124442040028
1791,0.03441715421128928,0.03013377131634174,0.017987870825487917,0.0006858087298499637
1792,0.034435105949512344,0.030269545184033606,0.01750783676636114,0.0006639934122065167
1793,0.03444122916033263,0.030263158508075295,0.01718615313362865,0.0007408400255316049
1794,0.034430036088207605,0.030152868017993162,0.018080622576432975,0.0006610435549278435
1795,0.03441797613495193,0.030258021416019028,0.017332134946551992,0.0006935277296225038
1796,0.03442547849727517,0.030207490216656103,0.017455886802386154,0.0007268109201418297
1797,0.03443671542179211,0.03018682233013639,0.01796981204463847,0.0006559306827280274
1798,0.03442087628336485,0.030269105435884368,0.01716724637138208,0.0007183215732040611
1799,0.034410995279545546,0.030195430444426023,0.01756144926852138,0.0007032749814152541
1800,0.03442720752240598,0.030222639589785355,0.01769375581749502,0.0006658167691216235
1801,0.03442535977877405,0.03025416318341387,0.017208588636986395,0.0007294788679628947
1802,0.03441381889731839,0.03017654654183135,0.01777557269326968,0.0006821578168331028
1803,0.034413847601640464,0.030221712877136004,0.017539877327498576,0.0006841592590047425
1804,0.03441954027643389,0.030233123575585462,0.017315167579915268,0.0007233831848653774
1805,0.03441992528660292,0.030194817221023823,0.017780383067294847,0.0006690314521201263
1806,0.034410523132964575,0.030235036195088397,0.017370213121032367,0.0007014443136697032
1807,0.03441036932154885,0.03021441188699434,0.01744169449524637,0.0007076185355052344
1808,0.03441833632837845,0.030196237256243368,0.0177603836438493,0.0006700223433652239
1809,0.03441308351906352,0.030226697928407285,0.017363049516714052,0.0007137756873134227
1810,0.0344080129072301,0.03020005895956499,0.017580433471633065,0.0006918672533384956
1811,0.03441119681131358,0.03020545753986085,0.017625145951344245,0.0006807100811838817
1812,0.03441221331074194,0.030231380435410612,0.017327958061855914,0.0007152412629601452
1813,0.03441037852487214,0.03020384791877865,0.01762812183522788,0.0006809062390479095
1814,0.034406687792051784,0.030208839335232135,0.017517625446929322,0.0006943233674337809
1815,0.03440839574976121,0.03021868191095266,0.017408676597426044,0.0007079785193233402
1816,0.03441067051343981,0.03019581419363875,0.017683351614514207,0.0006781859968982206
1817,0.034406487137741235,0.030212076491947498,0.017452400763599663,0.0007039304930738002
1818,0.034405568513743226,0.030215749771193748,0.01746780253127852,0.0006962582362937762
1819,0.034407371092092416,0.030199548527687175,0.01762818692346496,0.0006821851797122482
1820,0.03440639618810821,0.0302183072086366,0.01740655669125161,0.0007067776412212815
1821,0.03440559027716263,0.030208055755979367,0.01755016878528308,0.0006875007641266516
1822,0.034404134337236256,0.03019586663182714,0.01758678597646979,0.0006909105101151514
1823,0.034404945573544635,0.03021787952890131,0.017414958828337573,0.0007040742789758058
1824,0.03440537576145574,0.030203750321216676,0.017585894456323293,0.0006844465489744064
1825,0.03440281671747919,0.0302055110118409,0.017494288119759355,0.0006984480816864197
1826,0.03440326454417247,0.03022092287396117,0.017422932178177176,0.0006977552345758567
1827,0.034403543700312275,0.03019893524971024,0.017590544925143323,0.0006864994655733722
1828,0.03440248922286053,0.030210116402993484,0.017452784579413343,0.0007018159039843742
1829,0.03440247217929384,0.030213142592214193,0.017487354486740138,0.0006918586897316248
1830,0.03440143039419414,0.030195806485697932,0.017572751564303206,0.0006910735956355697
1831,0.03440162006020424,0.030217261074732712,0.017420336840157556,0.0007002916174400141
1832,0.0344016130109739,0.03020853463631919,0.017522172183249675,0.0006886439380047753
1833,0.034400068582768895,0.03020093696672695,0.017518772281347322,0.0006953771597724762
1834,0.03440064906372452,0.03021832758514381,0.01742808131867802,0.0006967052148451005
1835,0.034400197877408986,0.030199198963686235,0.01755800728423411,0.0006893974568759257
1836,0.03439941397285048,0.030206509763108094,0.017475078584619004,0.0006978884928185882
1837,0.034399673803890626,0.03021552891641712,0.017453480731395753,0.0006934487411943517
1838,0.03439865641571833,0.0301983966763756,0.017541191484033113,0.0006920214425361074
1839,0.03439871308471619,0.030215240970743403,0.017429045397355594,0.0006976630345016633
1840,0.03439851380235276,0.030209128827747986,0.01748811406119383,0.0006917621623660111
1841,0.03439754476595503,0.030199841223029662,0.017515711465944987,0.0006945612497363771
1842,0.034397922080366905,0.030215970011257184,0.017430132194249076,0.0006959256302599068
1843,0.03439720388111597,0.030201352962580447,0.017520442253620344,0.0006917624678114514
1844,0.03439669721359154,0.030206470933147656,0.017472973363373303,0.0006956316077692184
1845,0.03439686118750459,0.030214448926272636,0.017442095566406718,0.0006939931479506087
1846,0.034395941974212516,0.030199360761806994,0.017519383425825603,0.0006927045272403982
1847,0.03439599242186245,0.030211839403025298,0.01744281175762585,0.0006955906673119782
1848,0.03439562659162562,0.03020720668776139,0.017476238396840992,0.0006931722244960313
1849,0.03439495267389982,0.030200664877443422,0.01750202447419329,0.0006938829016177364
1850,0.03439513756452677,0.030213761381502682,0.017431641595443678,0.0006950478639353542
1851,0.03439437873010748,0.03020271153459841,0.017492759110261893,0.0006931153734566924
1852,0.034394095988341734,0.030206744981748485,0.017464431756602873,0.0006944646552726718
1853,0.03439402149684534,0.030211421891609577,0.01744081311659185,0.000694436981917391
1854,0.034393293312027194,0.030200370290712278,0.01749787698762629,0.0006933476237896586
1855,0.03439329634187466,0.0302099163344035,0.01744389988372772,0.0006946000307256159
1856,0.0343927967900295,0.030206023398458504,0.017463971566233534,0.0006939790783242864
1857,0.03439233070486847,0.030202758915122623,0.01748043787573365,0.0006934842145991148
1858,0.034392310889617195,0.030211265123215973,0.017432678378556894,0.0006945100906898382
1859,0.034391629896826995,0.030202865267781362,0.017475673689852485,0.0006936298910751405
1860,0.03439146070174494,0.030206417039509558,0.017456617104226572,0.0006937202413900709
1861,0.034391167706538314,0.030208245472516795,0.017442055897372275,0.000694511054547063
1862,0.0343906220345391,0.030201948005183298,0.017476123709114236,0.0006934492875329576
1863,0.03439053149892076,0.03020885716150435,0.017437769653962015,0.0006941204066240067
1864,0.034389989182249225,0.030205423118771006,0.01745122754715223,0.0006943205540477738
1865,0.03438968022620603,0.030204556338049707,0.0174587829137321,0.0006933673054099088
1866,0.03438945883278055,0.030208770158370115,0.01743101062113381,0.0006944865501836678
1867,0.03438891397125799,0.030203325821905325,0.0174585240958091,0.0006938833301908466
1868,0.03438874193565901,0.03020641111245187,0.01744376741233568,0.0006935773407400073
1869,0.034388316773803246,0.030206464169611827,0.017436411215125354,0.0006945703611663482
1870,0.034387923712746904,0.030203772352876534,0.0174537711372624,0.0006933971324178882
1871,0.034387698189687364,0.0302075690481248,0.01743063086305676,0.0006940029689512099
1872,0.03438720222316114,0.03020482416455389,0.017440649797732258,0.000694248099060806
1873,0.03438695684451761,0.030205102519426093,0.017442849621265803,0.0006932844008383555
1874,0.03438659207186992,0.03020650728302706,0.017428266867748624,0.0006944314152931333
1875,0.03438617738391328,0.030204012855488023,0.017442077230647314,0.0006937490822957936
1876,0.034385926716391645,0.03020602991607974,0.017431359111863602,0.000693624977939182
1877,0.034385480364591575,0.030205483838611238,0.017427729911645665,0.000694450543651204
1878,0.034385177421539785,0.030204720200362207,0.017435437500897294,0.0006933697209981197
1879,0.03438483009951015,0.030205980506920645,0.017423733063428173,0.0006941029799038714
1880,0.03438442365117545,0.03020458778255171,0.017428935843581555,0.0006940486999074358
1881,0.034384144814730164,0.030204942422249158,0.01742900637198663,0.0006934011180836802
1882,0.03438372803623812,0.03020520025815459,0.017420998680360646,0.0006943280420114054
1883,0.034383396939986974,0.030204551729900896,0.01742645082744407,0.0006935550445972629
1884,0.03438304919861368,0.030205092310826697,0.017421063756145234,0.0006937441365579374
1885,0.03438265420232539,0.030204843434895674,0.017418322561431374,0.0006941462551434415
1886,0.03438235137200365,0.03020452904726719,0.01742220722115237,0.0006933808805059803
1887,0.034381949256548965,0.030204670967866026,0.017415932439190287,0.0006940918008448785
1888,0.034381611341148796,0.03020454334505361,0.01741647347428602,0.0006937733012379776
1889,0.034381258516936096,0.030204349669221534,0.01741667918045644,0.0006935730116232741
1890,0.03438086924233689,0.030204650559800456,0.017410489938530217,0.0006941206948303869
1891,0.03438054923355171,0.03020443494888564,0.017413061639073153,0.0006935019568514379
1892,0.034380151210160075,0.030204158019136836,0.017410676787576594,0.0006938578335079217
1893,0.034379810655475476,0.030204497607198528,0.01740720557209221,0.0006938719338585042
1894,0.03437945247606181,0.030203883555818503,0.017410306293355705,0.0006935076615721649
1895,0.0343790652186659,0.030204119912540843,0.017404907814052892,0.000693963743314478
1896,0.03437873590716774,0.030204258696212894,0.01740437316966314,0.0006936025770222141
1897,0.034378338329677405,0.030203654219018446,0.017405056253491886,0.0006936728599605787
1898,0.03437799320675511,0.03020427802046566,0.017399325896454477,0.000693850006998547
1899,0.03437763098989532,0.03020368596413341,0.017402100131418106,0.000693524999478288
1900,0.03437724450168433,0.030203623947192584,0.017399091341125217,0.0006938022862667001
1901,0.03437690960009474,0.03020403685489462,0.01739597298124128,0.0006936781489518662
1902,0.034376512845767246,0.03020326285993943,0.017398264474560613,0.0006935970909156923
1903,0.03437616132141452,0.03020389367926887,0.017392436355400998,0.0006937803710654538
1904,0.03437579519006596,0.03020354664703085,0.01739336681016724,0.0006935751810016594
1905,0.03437540789492929,0.03020323020420814,0.017392547012504117,0.0006936682882203248
1906,0.03437506635570823,0.03020374987010913,0.017388181672598625,0.0006936801510793703
1907,0.03437467125578671,0.030202965116856717,0.01739072680861982,0.0006935607772060231
1908,0.034374313796591976,0.030203400476990987,0.01738622094170463,0.0006936691312600682
1909,0.03437394415303578,0.030203293651207004,0.017385278089201938,0.000693594883988387
1910,0.03437355642326063,0.030202876341178086,0.01738555755784205,0.0006935685705141311
1911,0.03437320664253075,0.030203392078526223,0.017380906844240655,0.000693633195156388
1912,0.03437281346824333,0.030202752263216195,0.017382551491735444,0.0006935509066800462
1913,0.034372450984790706,0.03020295812747212,0.017379599198945127,0.00069357301752956
1914,0.03437207769722237,0.03020297502448662,0.017377533278061314,0.0006935960171234902
1915,0.0343716906881449,0.030202558080330986,0.017378086047257928,0.0006935153983623286
1916,0.03437133177003914,0.0302029664877463,0.017373971726239383,0.0006935709370449657
1917,0.03437093970144,0.03020252834909962,0.017374354330775225,0.0006935404861853327
1918,0.03437057215236223,0.030202570427011074,0.01737255615194771,0.0006934904949616135
1919,0.03437019424712939,0.030202608871692117,0.017370130753048503,0.0006935592248275757
1920,0.034369808656623174,0.03020225253505642,0.01737043033469481,0.0006934700546277897
1921,0.03436944109665462,0.030202492954358645,0.017367268220574116,0.0006934944981811487
1922,0.03436904980511091,0.030202232995904195,0.017366535469336718,0.0006935097153393637
1923,0.03436867744799755,0.03020220192732771,0.017365258377890453,0.0006934238450917499
1924,0.03436829439173097,0.030202223154123745,0.01736283553088085,0.0006935041314310483
1925,0.03436791001881313,0.03020197554856353,0.017362505074635607,0.0006934334553224809
1926,0.03436753458899041,0.030202050025666997,0.01736027453287482,0.0006934296567484525
1927,0.03436714385587199,0.030201904291006658,0.01735884427084027,0.0006934707106972722
1928,0.034366766874914474,0.030201841668237257,0.017357740618084882,0.0006933770830602408
1929,0.03436637874433134,0.030201820765734556,0.017355570878671907,0.0006934438028624045
1930,0.034365994437745295,0.03020168930734938,0.017354554778658996,0.0006933941746641147
1931,0.03436561160468263,0.030201639136461327,0.017353012276871586,0.0006933700128469826
1932,0.03436522094160973,0.03020155779057279,0.01735124060448315,0.0006934150301403083
1933,0.034364839329813324,0.03020147728801918,0.017350146654982714,0.0006933327107975996
1934,0.03436444709023279,0.03020140628003779,0.017348315365511995,0.0006933777370926051
1935,0.03436406174279358,0.0302013662298342,0.01734673929312044,0.000693347654335292
1936,0.03436367232184845,0.03020124561061256,0.01734554937082418,0.0006933168370710523
1937,0.03436328116595847,0.030201209198810034,0.017343591649368325,0.0006933536372747756
1938,0.03436289459532642,0.03020112099641207,0.017342403677424973,0.0006932928634293561
1939,0.034362499357239014,0.03020101110067356,0.017340861749968853,0.0006933159065716884
1940,0.03436211176647981,0.030201015610956082,0.017338983558672912,0.0006932994437891477
1941,0.034361716826379694,0.030200857897967923,0.017337949408619855,0.0006932690466878042
1942,0.03436132442611154,0.030200848323461697,0.017335931769268877,0.0006932897487960659
1943,0.034360932443557216,0.030200755977780304,0.017334632073210173,0.0006932500511348747
1944,0.03436053496405175,0.030200632427974536,0.0173332478549744,0.0006932529650823392
1945,0.03436014386887122,0.030200641884542072,0.017331285108179054,0.0006932449626933365
1946,0.034359744709554524,0.030200471281545734,0.017330273281853475,0.000693218771638094
1947,0.03435935032795382,0.030200469853286276,0.017328280012243447,0.0006932244722188553
1948,0.03435895301675112,0.030200374590363743,0.017326874957664978,0.0006932034348543798
1949,0.03435855371564026,0.030200263692321233,0.017325490849417438,0.0006931918534355386
1950,0.03435815804078181,0.030200257112254072,0.01732355468621274,0.0006931899912851882
1951,0.034357755816842826,0.03020009635377238,0.017322456871259603,0.0006931680888185306
1952,0.03435735849446307,0.030200083995633807,0.017320557905652307,0.0006931629176988051
1953,0.03435695643018155,0.030199983528016502,0.01731909360605773,0.0006931541809535068
1954,0.03435655518466947,0.030199892570904295,0.017317650423978436,0.0006931325289694833
1955,0.03435615430555905,0.030199859187463967,0.01731580691705036,0.0006931337346850098
1956,0.03435574973601108,0.030199725323642818,0.01731455545719796,0.0006931133209286759
1957,0.03435534841092582,0.030199689770640272,0.017312781940997217,0.000693102252086112
1958,0.034354942503947904,0.03019958909083269,0.017311270568556487,0.0006930992994039106
1959,0.03435453872731422,0.030199511467377562,0.017309769585650666,0.000693073342806521
1960,0.03435413280733243,0.03019945159723559,0.017308026026421196,0.0006930760048126002
1961,0.03435372611108984,0.030199351063294303,0.017306594773314556,0.0006930560931326208
1962,0.034353320036995295,0.03019928946287148,0.017304932948899305,0.0006930439843439506
1963,0.03435291113393058,0.03019919954057382,0.017303350363426097,0.0006930415206715411
1964,0.03435250388161351,0.030199122400205905,0.01730182666512907,0.0006930161483817878
1965,0.03435209364949037,0.030199044363955176,0.017300159071310835,0.0006930174712730286
1966,0.03435168439269836,0.030198967474894086,0.017298595560281297,0.0006929978057480196
1967,0.03435127343989796,0.030198882850648104,0.017297021772311797,0.0006929862347874927
1968,0.03435086190977227,0.030198809844982015,0.017295357007118727,0.000692980663366507
1969,0.0343504503233165,0.030198723210522953,0.017293841410373118,0.0006929588307189266
1970,0.0343500366546064,0.030198641246224928,0.017292195446032995,0.0006929563191748665
1971,0.03434962398258048,0.030198571262926913,0.017290570806375614,0.0006929385583784441
1972,0.03434920872148396,0.030198474264658246,0.01728903545228905,0.000692927366367906
1973,0.034348794308902225,0.03019841413877388,0.017287306897680314,0.0006929187905922769
1974,0.03434837813191126,0.030198316993973042,0.01728579850893073,0.000692901436152068
1975,0.034347961509520464,0.030198242124367756,0.017284125890750603,0.0006928942070025903
1976,0.034347544608502305,0.030198165223917075,0.017282498153601607,0.0006928797538649104
1977,0.03434712583221786,0.030198068910603153,0.01728094864179229,0.0006928671932562503
1978,0.034346707781921455,0.030198008342556926,0.017279210813090556,0.0006928572767464175
1979,0.0343462874327709,0.030197907297693265,0.017277688464160616,0.0006928424422455101
1980,0.03434586762693812,0.03019783872347974,0.017275987494815525,0.0006928314044952779
1981,0.03434544625217277,0.030197751649097722,0.01727437389000607,0.0006928198250738347
1982,0.03434502435899698,0.030197664085776375,0.017272776427808178,0.0006928049876589649
1983,0.03434460199850289,0.030197592254501453,0.017271070451868393,0.0006927956536277488
1984,0.034344178148115356,0.030197497044769706,0.01726950038099369,0.0006927810271469135
1985,0.03434375447747589,0.03019742553214051,0.0172678003226142,0.0006927688808125355
1986,0.03434332905657714,0.030197335686359097,0.017266175240301683,0.0006927583221577032
1987,0.03434290373939495,0.03019725434265489,0.017264535276668554,0.0006927423414063529
1988,0.03434247700050092,0.030197171469451226,0.017262859199696647,0.0006927336911103664
1989,0.0343420498640308,0.030197085262496693,0.017261232251628466,0.0006927181512084079
1990,0.03434162182732033,0.030197003483592656,0.017259558735192124,0.000692706596689256
1991,0.03434119288509051,0.030196918889339654,0.017257895515945986,0.0006926948925616576
1992,0.034340763484358314,0.03019683459940911,0.017256246583972554,0.0006926795681546898
1993,0.03434033283642044,0.03019674972865765,0.01725456547123404,0.0006926700135159791
1994,0.03433990196625784,0.03019666627000803,0.017252906229038485,0.0006926544504421056
1995,0.03433946971101877,0.0301965776529343,0.017251244278433792,0.0006926432023977068
1996,0.03433903722478881,0.03019649796574602,0.017249545180730484,0.0006926302228966906
1997,0.034338603478323126,0.030196407094163043,0.017247900341182884,0.0006926163159235022
1998,0.03433816925103432,0.030196326656081973,0.01724618821404562,0.0006926049521432283
1999,0.03433773411136996,0.030196238495514904,0.017244524895788038,0.0006925906366974439
2000,0.03433729809147009,0.0301961517357667,0.01724283991823443,0.0006925783720565062
