epoca,loss_total,loss_dados,loss_fisica,loss_contorno
0,0.15968406150524844,0.15968406150524844,0,0
1,0.061518206095060445,0.061518206095060445,0,0
2,0.03087949969677196,0.03087949969677196,0,0
3,0.02117393054820089,0.02117393054820089,0,0
4,0.01849176413831978,0.01849176413831978,0,0
5,0.02234610881111636,0.02234610881111636,0,0
6,0.030058383541330374,0.030058383541330374,0,0
7,0.034868717064204996,0.034868717064204996,0,0
8,0.032708622695117186,0.032708622695117186,0,0
9,0.02557622726660018,0.02557622726660018,0,0
10,0.01765369864717993,0.01765369864717993,0,0
11,0.011856799653577476,0.011856799653577476,0,0
12,0.008876309055927744,0.008876309055927744,0,0
13,0.007962134803452627,0.007962134803452627,0,0
14,0.008130482996683395,0.008130482996683395,0,0
15,0.008776745043959,0.008776745043959,0,0
16,0.009664975353751045,0.009664975353751045,0,0
17,0.01066676925456127,0.01066676925456127,0,0
18,0.011544251204104626,0.011544251204104626,0,0
19,0.011954403535015876,0.011954403535015876,0,0
20,0.011651152624406106,0.011651152624406106,0,0
21,0.01066309926397875,0.01066309926397875,0,0
22,0.009281552686695881,0.009281552686695881,0,0
23,0.007899225854452496,0.007899225854452496,0,0
24,0.006828157415845292,0.006828157415845292,0,0
25,0.006195083277699158,0.006195083277699158,0,0
26,0.005950145888398088,0.005950145888398088,0,0
27,0.0059562656643597205,0.0059562656643597205,0,0
28,0.006084678770898895,0.006084678770898895,0,0
29,0.006260358950447886,0.006260358950447886,0,0
30,0.006452182797916997,0.006452182797916997,0,0
31,0.006637361583040579,0.006637361583040579,0,0
32,0.006775274024628753,0.006775274024628753,0,0
33,0.0068114610465610185,0.0068114610465610185,0,0
34,0.006707149756950805,0.006707149756950805,0,0
35,0.006469093411016471,0.006469093411016471,0,0
36,0.006154866315009073,0.006154866315009073,0,0
37,0.005847957018500111,0.005847957018500111,0,0
38,0.005618580634972341,0.005618580634972341,0,0
39,0.005495312445776131,0.005495312445776131,0,0
40,0.005463648411395156,0.005463648411395156,0,0
41,0.0054873315568789195,0.0054873315568789195,0,0
42,0.00553354734263893,0.00553354734263893,0,0
43,0.005584994316508684,0.005584994316508684,0,0
44,0.005635541563230317,0.005635541563230317,0,0
45,0.005678864320605782,0.005678864320605782,0,0
46,0.00570237638518499,0.00570237638518499,0,0
47,0.005691801829225799,0.005691801829225799,0,0
48,0.005641694029869905,0.005641694029869905,0,0
49,0.005562252426237264,0.005562252426237264,0,0
50,0.0054760549979375826,0.0054760549979375826,0,0
51,0.005406510966093127,0.005406510966093127,0,0
52,0.005366322284892855,0.005366322284892855,0,0
53,0.00535384778691961,0.00535384778691961,0,0
54,0.005358568810070757,0.005358568810070757,0,0
55,0.00536996436031561,0.00536996436031561,0,0
56,0.005382731210141075,0.005382731210141075,0,0
57,0.005395661083233917,0.005395661083233917,0,0
58,0.005407186555006723,0.005407186555006723,0,0
59,0.005412870738198924,0.005412870738198924,0,0
60,0.005407496652196472,0.005407496652196472,0,0
61,0.005389625305043333,0.005389625305043333,0,0
62,0.005363989868041782,0.005363989868041782,0,0
63,0.005339114003095151,0.005339114003095151,0,0
64,0.005322029146804249,0.005322029146804249,0,0
65,0.005314535417703684,0.005314535417703684,0,0
66,0.005313758422499494,0.005313758422499494,0,0
67,0.005315740178011008,0.005315740178011008,0,0
68,0.005318442379389976,0.005318442379389976,0,0
69,0.005321792766285626,0.005321792766285626,0,0
70,0.005325616130214325,0.005325616130214325,0,0
71,0.005328189697746305,0.005328189697746305,0,0
72,0.005327103225699539,0.005327103225699539,0,0
73,0.0053214571413983825,0.0053214571413983825,0,0
74,0.005313000100665756,0.005313000100665756,0,0
75,0.005304959434374675,0.005304959434374675,0,0
76,0.005299695516420552,0.005299695516420552,0,0
77,0.005297385098611697,0.005297385098611697,0,0
78,0.0052967193128233975,0.0052967193128233975,0,0
79,0.005296553030688735,0.005296553030688735,0,0
80,0.005296731163253247,0.005296731163253247,0,0
81,0.005297495958823366,0.005297495958823366,0,0
82,0.005298485675138282,0.005298485675138282,0,0
83,0.00529863038624065,0.00529863038624065,0,0
84,0.005297074626142734,0.005297074626142734,0,0
85,0.005294047614938648,0.005294047614938648,0,0
86,0.005290700079667916,0.005290700079667916,0,0
87,0.005288110107266132,0.005288110107266132,0,0
88,0.005286521733254611,0.005286521733254611,0,0
89,0.0052855041326224225,0.0052855041326224225,0,0
90,0.005284659303578168,0.005284659303578168,0,0
91,0.00528400744007553,0.00528400744007553,0,0
92,0.005283709862931594,0.005283709862931594,0,0
93,0.005283611276055097,0.005283611276055097,0,0
94,0.005283227477680478,0.005283227477680478,0,0
95,0.005282194583458673,0.005282194583458673,0,0
96,0.005280630511782714,0.005280630511782714,0,0
97,0.005278996189490507,0.005278996189490507,0,0
98,0.005277649004572859,0.005277649004572859,0,0
99,0.005276598433026342,0.005276598433026342,0,0
100,0.005275670518190072,0.005275670518190072,0,0
101,0.005274797206927399,0.005274797206927399,0,0
102,0.0052740645447767786,0.0052740645447767786,0,0
103,0.005273514767823937,0.005273514767823937,0,0
104,0.0052730057592997,0.0052730057592997,0,0
105,0.0052723218450007135,0.0052723218450007135,0,0
106,0.005271390929018943,0.005271390929018943,0,0
107,0.005270339927865958,0.005270339927865958,0,0
108,0.005269340073830063,0.005269340073830063,0,0
109,0.005268445879765723,0.005268445879765723,0,0
110,0.0052676047283202855,0.0052676047283202855,0,0
111,0.005266780282417975,0.005266780282417975,0,0
112,0.005266008886325992,0.005266008886325992,0,0
113,0.005265329133606753,0.005265329133606753,0,0
114,0.005264701178177802,0.005264701178177802,0,0
115,0.005264032278896953,0.005264032278896953,0,0
116,0.005263272877171338,0.005263272877171338,0,0
117,0.005262458729868888,0.005262458729868888,0,0
118,0.005261655492763617,0.005261655492763617,0,0
119,0.005260887403938041,0.005260887403938041,0,0
120,0.005260135944457448,0.005260135944457448,0,0
121,0.0052593905078709485,0.0052593905078709485,0,0
122,0.005258671097896985,0.005258671097896985,0,0
123,0.00525799606932226,0.00525799606932226,0,0
124,0.0052573481132708435,0.0052573481132708435,0,0
125,0.005256688475673126,0.005256688475673126,0,0
126,0.005255998617461495,0.005255998617461495,0,0
127,0.005255293973538927,0.005255293973538927,0,0
128,0.005254597533467549,0.005254597533467549,0,0
129,0.005253913743919978,0.005253913743919978,0,0
130,0.005253234523024447,0.005253234523024447,0,0
131,0.00525256045755951,0.00525256045755951,0,0
132,0.005251903295392037,0.005251903295392037,0,0
133,0.005251268295073322,0.005251268295073322,0,0
134,0.00525064445936505,0.00525064445936505,0,0
135,0.005250016705278175,0.005250016705278175,0,0
136,0.00524938203136365,0.00524938203136365,0,0
137,0.0052487485590342695,0.0052487485590342695,0,0
138,0.0052481222848111,0.0052481222848111,0,0
139,0.005247501474998194,0.005247501474998194,0,0
140,0.0052468839528984216,0.0052468839528984216,0,0
141,0.005246273440447504,0.005246273440447504,0,0
142,0.005245675068015427,0.005245675068015427,0,0
143,0.005245087775013581,0.005245087775013581,0,0
144,0.005244505236768894,0.005244505236768894,0,0
145,0.0052439234601913505,0.0052439234601913505,0,0
146,0.005243344083854715,0.005243344083854715,0,0
147,0.005242770066110625,0.005242770066110625,0,0
148,0.00524220141622175,0.00524220141622175,0,0
149,0.005241636816764123,0.005241636816764123,0,0
150,0.005241077210271179,0.005241077210271179,0,0
151,0.0052405251980610105,0.0052405251980610105,0,0
152,0.0052399814298914865,0.0052399814298914865,0,0
153,0.005239443702707628,0.005239443702707628,0,0
154,0.005238909875311567,0.005238909875311567,0,0
155,0.005238380069050832,0.005238380069050832,0,0
156,0.005237855407542258,0.005237855407542258,0,0
157,0.005237335964370922,0.005237335964370922,0,0
158,0.005236821095612586,0.005236821095612586,0,0
159,0.005236311062026327,0.005236311062026327,0,0
160,0.005235807020936533,0.005235807020936533,0,0
161,0.005235309448843248,0.005235309448843248,0,0
162,0.0052348175394182905,0.0052348175394182905,0,0
163,0.00523433036830831,0.00523433036830831,0,0
164,0.0052338479068633975,0.0052338479068633975,0,0
165,0.005233370544110663,0.005233370544110663,0,0
166,0.005232898229185878,0.005232898229185878,0,0
167,0.005232430647042534,0.005232430647042534,0,0
168,0.005231967922158353,0.005231967922158353,0,0
169,0.005231510563359033,0.005231510563359033,0,0
170,0.00523105875602316,0.00523105875602316,0,0
171,0.005230612149602109,0.005230612149602109,0,0
172,0.005230170388097891,0.005230170388097891,0,0
173,0.00522973348209584,0.00522973348209584,0,0
174,0.005229301543085489,0.005229301543085489,0,0
175,0.005228874469683587,0.005228874469683587,0,0
176,0.005228452112611537,0.005228452112611537,0,0
177,0.005228034556603847,0.005228034556603847,0,0
178,0.0052276220063679265,0.0052276220063679265,0,0
179,0.005227214477912046,0.005227214477912046,0,0
180,0.005226811791166312,0.005226811791166312,0,0
181,0.005226413821298996,0.005226413821298996,0,0
182,0.005226020582573699,0.005226020582573699,0,0
183,0.005225632071781489,0.005225632071781489,0,0
184,0.005225248193627131,0.005225248193627131,0,0
185,0.005224868885968121,0.005224868885968121,0,0
186,0.005224494199326781,0.005224494199326781,0,0
187,0.005224124189505793,0.005224124189505793,0,0
188,0.0052237588102406396,0.0052237588102406396,0,0
189,0.005223397968720214,0.005223397968720214,0,0
190,0.005223041623630997,0.005223041623630997,0,0
191,0.005222689766609318,0.005222689766609318,0,0
192,0.005222342352416548,0.005222342352416548,0,0
193,0.0052219993140546865,0.0052219993140546865,0,0
194,0.0052216606268456756,0.0052216606268456756,0,0
195,0.005221326302071928,0.005221326302071928,0,0
196,0.005220996324334263,0.005220996324334263,0,0
197,0.005220670638736893,0.005220670638736893,0,0
198,0.005220349195985217,0.005220349195985217,0,0
199,0.005220031970013687,0.005220031970013687,0,0
200,0.005219718928186208,0.005219718928186208,0,0
201,0.005219410019136481,0.005219410019136481,0,0
202,0.005219105200204105,0.005219105200204105,0,0
203,0.005218804451614143,0.005218804451614143,0,0
204,0.005218507753061694,0.005218507753061694,0,0
205,0.005218215065399442,0.005218215065399442,0,0
206,0.005217926344519002,0.005217926344519002,0,0
207,0.005217641556469892,0.005217641556469892,0,0
208,0.005217360668478896,0.005217360668478896,0,0
209,0.005217083638137622,0.005217083638137622,0,0
210,0.005216810422377315,0.005216810422377315,0,0
211,0.005216540988507561,0.005216540988507561,0,0
212,0.005216275307497171,0.005216275307497171,0,0
213,0.005216013342986387,0.005216013342986387,0,0
214,0.005215755054344104,0.005215755054344104,0,0
215,0.005215500404780685,0.005215500404780685,0,0
216,0.00521524935922534,0.00521524935922534,0,0
217,0.005215001878340628,0.005215001878340628,0,0
218,0.005214757921141557,0.005214757921141557,0,0
219,0.005214517450980167,0.005214517450980167,0,0
220,0.005214280433943457,0.005214280433943457,0,0
221,0.005214046833506623,0.005214046833506623,0,0
222,0.005213816610947461,0.005213816610947461,0,0
223,0.005213589729098252,0.005213589729098252,0,0
224,0.005213366151819083,0.005213366151819083,0,0
225,0.005213145841071319,0.005213145841071319,0,0
226,0.005212928757760988,0.005212928757760988,0,0
227,0.0052127148646331145,0.0052127148646331145,0,0
228,0.005212504125869081,0.005212504125869081,0,0
229,0.005212296504678436,0.005212296504678436,0,0
230,0.005212091963384528,0.005212091963384528,0,0
231,0.0052118904651089395,0.0052118904651089395,0,0
232,0.005211691973509679,0.005211691973509679,0,0
233,0.005211496451419749,0.005211496451419749,0,0
234,0.005211303861266136,0.005211303861266136,0,0
235,0.005211114166413146,0.005211114166413146,0,0
236,0.0052109273309564955,0.0052109273309564955,0,0
237,0.005210743318672256,0.005210743318672256,0,0
238,0.005210562093148226,0.005210562093148226,0,0
239,0.005210383618512773,0.005210383618512773,0,0
240,0.005210207859192228,0.005210207859192228,0,0
241,0.005210034779298762,0.005210034779298762,0,0
242,0.005209864342917858,0.005209864342917858,0,0
243,0.005209696514697068,0.005209696514697068,0,0
244,0.00520953125966913,0.00520953125966913,0,0
245,0.005209368542826761,0.005209368542826761,0,0
246,0.005209208329286235,0.005209208329286235,0,0
247,0.00520905058458003,0.00520905058458003,0,0
248,0.005208895274457021,0.005208895274457021,0,0
249,0.005208742364645476,0.005208742364645476,0,0
250,0.0052085918210632,0.0052085918210632,0,0
251,0.005208443610046566,0.005208443610046566,0,0
252,0.00520829769821222,0.00520829769821222,0,0
253,0.005208154052316492,0.005208154052316492,0,0
254,0.005208012639387475,0.005208012639387475,0,0
255,0.0052078734268085555,0.0052078734268085555,0,0
256,0.005207736382178131,0.005207736382178131,0,0
257,0.00520760147324577,0.00520760147324577,0,0
258,0.005207468668043369,0.005207468668043369,0,0
259,0.005207337934946957,0.005207337934946957,0,0
260,0.005207209242591116,0.005207209242591116,0,0
261,0.005207082559850618,0.005207082559850618,0,0
262,0.005206957855919995,0.005206957855919995,0,0
263,0.005206835100312972,0.005206835100312972,0,0
264,0.005206714262788641,0.005206714262788641,0,0
265,0.005206595313359675,0.005206595313359675,0,0
266,0.005206478222358972,0.005206478222358972,0,0
267,0.005206362960438858,0.005206362960438858,0,0
268,0.005206249498534303,0.005206249498534303,0,0
269,0.005206137807881831,0.005206137807881831,0,0
270,0.0052060278600500835,0.0052060278600500835,0,0
271,0.005205919626915308,0.005205919626915308,0,0
272,0.005205813080634396,0.005205813080634396,0,0
273,0.005205708193666692,0.005205708193666692,0,0
274,0.005205604938795309,0.005205604938795309,0,0
275,0.00520550328911331,0.00520550328911331,0,0
276,0.005205403218017381,0.005205403218017381,0,0
277,0.005205304699226068,0.005205304699226068,0,0
278,0.005205207706782195,0.005205207706782195,0,0
279,0.005205112215034614,0.005205112215034614,0,0
280,0.005205018198636538,0.005205018198636538,0,0
281,0.005204925632559832,0.005204925632559832,0,0
282,0.005204834492095457,0.005204834492095457,0,0
283,0.005204744752845756,0.005204744752845756,0,0
284,0.005204656390729178,0.005204656390729178,0,0
285,0.005204569381986254,0.005204569381986254,0,0
286,0.005204483703172098,0.005204483703172098,0,0
287,0.0052043993311490224,0.0052043993311490224,0,0
288,0.005204316243090348,0.005204316243090348,0,0
289,0.00520423441648315,0.00520423441648315,0,0
290,0.005204153829123874,0.005204153829123874,0,0
291,0.005204074459116981,0.005204074459116981,0,0
292,0.005203996284878236,0.005203996284878236,0,0
293,0.005203919285132501,0.005203919285132501,0,0
294,0.005203843438907729,0.005203843438907729,0,0
295,0.005203768725534021,0.005203768725534021,0,0
296,0.005203695124644719,0.005203695124644719,0,0
297,0.0052036226161740985,0.0052036226161740985,0,0
298,0.005203551180354591,0.005203551180354591,0,0
299,0.005203480797716888,0.005203480797716888,0,0
300,0.005203411449088643,0.005203411449088643,0,0
301,0.005203343115590182,0.005203343115590182,0,0
302,0.00520327577863136,0.00520327577863136,0,0
303,0.005203209419910691,0.005203209419910691,0,0
304,0.0052031440214131116,0.0052031440214131116,0,0
305,0.005203079565407059,0.005203079565407059,0,0
306,0.005203016034442589,0.005203016034442589,0,0
307,0.00520295341134989,0.00520295341134989,0,0
308,0.005202891679235828,0.005202891679235828,0,0
309,0.005202830821480639,0.005202830821480639,0,0
310,0.005202770821735837,0.005202770821735837,0,0
311,0.005202711663921887,0.005202711663921887,0,0
312,0.005202653332225064,0.005202653332225064,0,0
313,0.005202595811095219,0.005202595811095219,0,0
314,0.005202539085243189,0.005202539085243189,0,0
315,0.005202483139637917,0.005202483139637917,0,0
316,0.005202427959502937,0.005202427959502937,0,0
317,0.005202373530313628,0.005202373530313628,0,0
318,0.005202319837794507,0.005202319837794507,0,0
319,0.005202266867916104,0.005202266867916104,0,0
320,0.005202214606892064,0.005202214606892064,0,0
321,0.005202163041176443,0.005202163041176443,0,0
322,0.0052021121574606696,0.0052021121574606696,0,0
323,0.0052020619426703316,0.0052020619426703316,0,0
324,0.005202012383962086,0.005202012383962086,0,0
325,0.005201963468720836,0.005201963468720836,0,0
326,0.00520191518455658,0.00520191518455658,0,0
327,0.005201867519301546,0.005201867519301546,0,0
328,0.0052018204610071095,0.0052018204610071095,0,0
329,0.005201773997940981,0.005201773997940981,0,0
330,0.005201728118583805,0.005201728118583805,0,0
331,0.005201682811626263,0.005201682811626263,0,0
332,0.005201638065965956,0.005201638065965956,0,0
333,0.0052015938707044174,0.0052015938707044174,0,0
334,0.005201550215144129,0.005201550215144129,0,0
335,0.005201507088785518,0.005201507088785518,0,0
336,0.005201464481323989,0.005201464481323989,0,0
337,0.005201422382646921,0.005201422382646921,0,0
338,0.005201380782830639,0.005201380782830639,0,0
339,0.005201339672137495,0.005201339672137495,0,0
340,0.005201299041012941,0.005201299041012941,0,0
341,0.005201258880082615,0.005201258880082615,0,0
342,0.0052012191801494795,0.0052012191801494795,0,0
343,0.005201179932190981,0.005201179932190981,0,0
344,0.0052011411273561615,0.0052011411273561615,0,0
345,0.005201102756962658,0.005201102756962658,0,0
346,0.0052010648124941605,0.0052010648124941605,0,0
347,0.005201027285597396,0.005201027285597396,0,0
348,0.005200990168079423,0.005200990168079423,0,0
349,0.005200953451904942,0.005200953451904942,0,0
350,0.005200917129193603,0.005200917129193603,0,0
351,0.005200881192217276,0.005200881192217276,0,0
352,0.005200845633397332,0.005200845633397332,0,0
353,0.005200810445302132,0.005200810445302132,0,0
354,0.005200775620644305,0.005200775620644305,0,0
355,0.005200741152278288,0.005200741152278288,0,0
356,0.005200707033197754,0.005200707033197754,0,0
357,0.005200673256533087,0.005200673256533087,0,0
358,0.005200639815548901,0.005200639815548901,0,0
359,0.00520060670364165,0.00520060670364165,0,0
360,0.005200573914337048,0.005200573914337048,0,0
361,0.00520054144128787,0.00520054144128787,0,0
362,0.005200509278271478,0.005200509278271478,0,0
363,0.005200477419187503,0.005200477419187503,0,0
364,0.005200445858055629,0.005200445858055629,0,0
365,0.00520041458901325,0.00520041458901325,0,0
366,0.005200383606313339,0.005200383606313339,0,0
367,0.005200352904322079,0.005200352904322079,0,0
368,0.005200322477516903,0.005200322477516903,0,0
369,0.00520029232048422,0.00520029232048422,0,0
370,0.0052002624279174296,0.0052002624279174296,0,0
371,0.005200232794614696,0.005200232794614696,0,0
372,0.005200203415477179,0.005200203415477179,0,0
373,0.005200174285506744,0.005200174285506744,0,0
374,0.005200145399804188,0.005200145399804188,0,0
375,0.0052001167535671656,0.0052001167535671656,0,0
376,0.005200088342088424,0.005200088342088424,0,0
377,0.005200060160753809,0.005200060160753809,0,0
378,0.005200032205040494,0.005200032205040494,0,0
379,0.005200004470515179,0.005200004470515179,0,0
380,0.005199976952832263,0.005199976952832263,0,0
381,0.005199949647732055,0.005199949647732055,0,0
382,0.005199922551039169,0.005199922551039169,0,0
383,0.005199895658660798,0.005199895658660798,0,0
384,0.005199868966585002,0.005199868966585002,0,0
385,0.005199842470879182,0.005199842470879182,0,0
386,0.005199816167688345,0.005199816167688345,0,0
387,0.005199790053233695,0.005199790053233695,0,0
388,0.005199764123810897,0.005199764123810897,0,0
389,0.0051997383757888226,0.0051997383757888226,0,0
390,0.005199712805607797,0.005199712805607797,0,0
391,0.005199687409778357,0.005199687409778357,0,0
392,0.0051996621848797,0.0051996621848797,0,0
393,0.005199637127558325,0.005199637127558325,0,0
394,0.0051996122345266856,0.0051996122345266856,0,0
395,0.0051995875025617885,0.0051995875025617885,0,0
396,0.005199562928503895,0.005199562928503895,0,0
397,0.005199538509255276,0.005199538509255276,0,0
398,0.005199514241778849,0.005199514241778849,0,0
399,0.005199490123097049,0.005199490123097049,0,0
400,0.005199466150290507,0.005199466150290507,0,0
401,0.005199442320496891,0.005199442320496891,0,0
402,0.0051994186309097775,0.0051994186309097775,0,0
403,0.005199395078777435,0.005199395078777435,0,0
404,0.005199371661401777,0.005199371661401777,0,0
405,0.005199348376137186,0.005199348376137186,0,0
406,0.005199325220389494,0.005199325220389494,0,0
407,0.005199302191614873,0.005199302191614873,0,0
408,0.005199279287318873,0.005199279287318873,0,0
409,0.005199256505055315,0.005199256505055315,0,0
410,0.005199233842425416,0.005199233842425416,0,0
411,0.005199211297076712,0.005199211297076712,0,0
412,0.005199188866702133,0.005199188866702133,0,0
413,0.005199166549039161,0.005199166549039161,0,0
414,0.00519914434186879,0.00519914434186879,0,0
415,0.005199122243014687,0.005199122243014687,0,0
416,0.005199100250342384,0.005199100250342384,0,0
417,0.0051990783617582486,0.0051990783617582486,0,0
418,0.005199056575208869,0.005199056575208869,0,0
419,0.0051990348886801286,0.0051990348886801286,0,0
420,0.0051990133001963,0.0051990133001963,0,0
421,0.005198991807819452,0.005198991807819452,0,0
422,0.005198970409648559,0.005198970409648559,0,0
423,0.005198949103818833,0.005198949103818833,0,0
424,0.005198927888500851,0.005198927888500851,0,0
425,0.005198906761899977,0.005198906761899977,0,0
426,0.005198885722255611,0.005198885722255611,0,0
427,0.005198864767840513,0.005198864767840513,0,0
428,0.005198843896960032,0.005198843896960032,0,0
429,0.005198823107951584,0.005198823107951584,0,0
430,0.005198802399183921,0.005198802399183921,0,0
431,0.0051987817690565775,0.0051987817690565775,0,0
432,0.005198761215999124,0.005198761215999124,0,0
433,0.0051987407384706565,0.0051987407384706565,0,0
434,0.005198720334959215,0.005198720334959215,0,0
435,0.005198700003981162,0.005198700003981162,0,0
436,0.005198679744080625,0.005198679744080625,0,0
437,0.0051986595538289215,0.0051986595538289215,0,0
438,0.005198639431824066,0.005198639431824066,0,0
439,0.0051986193766902075,0.0051986193766902075,0,0
440,0.005198599387077135,0.005198599387077135,0,0
441,0.005198579461659704,0.005198579461659704,0,0
442,0.005198559599137399,0.005198559599137399,0,0
443,0.005198539798233862,0.005198539798233862,0,0
444,0.005198520057696352,0.005198520057696352,0,0
445,0.005198500376295297,0.005198500376295297,0,0
446,0.005198480752823917,0.005198480752823917,0,0
447,0.005198461186097628,0.005198461186097628,0,0
448,0.005198441674953729,0.005198441674953729,0,0
449,0.005198422218250975,0.005198422218250975,0,0
450,0.005198402814869028,0.005198402814869028,0,0
451,0.0051983834637081856,0.0051983834637081856,0,0
452,0.005198364163688952,0.005198364163688952,0,0
453,0.005198344913751556,0.005198344913751556,0,0
454,0.005198325712855718,0.005198325712855718,0,0
455,0.005198306559980074,0.005198306559980074,0,0
456,0.005198287454121981,0.005198287454121981,0,0
457,0.0051982683942971486,0.0051982683942971486,0,0
458,0.005198249379539149,0.005198249379539149,0,0
459,0.005198230408899169,0.005198230408899169,0,0
460,0.005198211481445682,0.005198211481445682,0,0
461,0.005198192596264058,0.005198192596264058,0,0
462,0.005198173752456301,0.005198173752456301,0,0
463,0.005198154949140658,0.005198154949140658,0,0
464,0.0051981361854513755,0.0051981361854513755,0,0
465,0.005198117460538359,0.005198117460538359,0,0
466,0.0051980987735668945,0.0051980987735668945,0,0
467,0.005198080123717341,0.005198080123717341,0,0
468,0.005198061510184762,0.005198061510184762,0,0
469,0.005198042932178856,0.005198042932178856,0,0
470,0.005198024388923443,0.005198024388923443,0,0
471,0.0051980058796563845,0.0051980058796563845,0,0
472,0.00519798740362919,0.00519798740362919,0,0
473,0.00519796896010678,0.00519796896010678,0,0
474,0.005197950548367297,0.005197950548367297,0,0
475,0.005197932167701799,0.005197932167701799,0,0
476,0.00519791381741405,0.00519791381741405,0,0
477,0.005197895496820222,0.005197895496820222,0,0
478,0.005197877205248731,0.005197877205248731,0,0
479,0.005197858942039926,0.005197858942039926,0,0
480,0.005197840706545999,0.005197840706545999,0,0
481,0.00519782249813063,0.00519782249813063,0,0
482,0.005197804316168796,0.005197804316168796,0,0
483,0.0051977861600465995,0.0051977861600465995,0,0
484,0.005197768029161062,0.005197768029161062,0,0
485,0.0051977499229198774,0.0051977499229198774,0,0
486,0.005197731840741206,0.005197731840741206,0,0
487,0.005197713782053575,0.005197713782053575,0,0
488,0.00519769574629555,0.00519769574629555,0,0
489,0.005197677732915643,0.005197677732915643,0,0
490,0.0051976597413720795,0.0051976597413720795,0,0
491,0.005197641771132663,0.005197641771132663,0,0
492,0.005197623821674529,0.005197623821674529,0,0
493,0.005197605892484045,0.005197605892484045,0,0
494,0.0051975879830565485,0.0051975879830565485,0,0
495,0.005197570092896278,0.005197570092896278,0,0
496,0.00519755222151614,0.00519755222151614,0,0
497,0.005197534368437562,0.005197534368437562,0,0
498,0.00519751653319037,0.00519751653319037,0,0
499,0.005197498715312561,0.005197498715312561,0,0
500,0.005197480914350209,0.005197480914350209,0,0
501,0.005197463129857285,0.005197463129857285,0,0
502,0.0051974453613955465,0.0051974453613955465,0,0
503,0.0051974276085343255,0.0051974276085343255,0,0
504,0.005197409870850475,0.005197409870850475,0,0
505,0.005197392147928118,0.005197392147928118,0,0
506,0.005197374439358583,0.005197374439358583,0,0
507,0.005197356744740352,0.005197356744740352,0,0
508,0.0051973390636787025,0.0051973390636787025,0,0
509,0.0051973213957858515,0.0051973213957858515,0,0
510,0.0051973037406805095,0.0051973037406805095,0,0
511,0.00519728609798809,0.00519728609798809,0,0
512,0.005197268467340384,0.005197268467340384,0,0
513,0.0051972508483754615,0.0051972508483754615,0,0
514,0.005197233240737565,0.005197233240737565,0,0
515,0.005197215644077086,0.005197215644077086,0,0
516,0.005197198058050289,0.005197198058050289,0,0
517,0.005197180482319286,0.005197180482319286,0,0
518,0.0051971629165519844,0.0051971629165519844,0,0
519,0.00519714536042184,0.00519714536042184,0,0
520,0.005197127813607911,0.005197127813607911,0,0
521,0.005197110275794581,0.005197110275794581,0,0
522,0.005197092746671604,0.005197092746671604,0,0
523,0.005197075225933912,0.005197075225933912,0,0
524,0.005197057713281586,0.005197057713281586,0,0
525,0.005197040208419691,0.005197040208419691,0,0
526,0.005197022711058207,0.005197022711058207,0,0
527,0.0051970052209120016,0.0051970052209120016,0,0
528,0.005196987737700567,0.005196987737700567,0,0
529,0.005196970261148161,0.005196970261148161,0,0
530,0.005196952790983512,0.005196952790983512,0,0
531,0.005196935326939842,0.005196935326939842,0,0
532,0.005196917868754778,0.005196917868754778,0,0
533,0.00519690041617022,0.00519690041617022,0,0
534,0.005196882968932272,0.005196882968932272,0,0
535,0.005196865526791255,0.005196865526791255,0,0
536,0.005196848089501426,0.005196848089501426,0,0
537,0.005196830656821079,0.005196830656821079,0,0
538,0.005196813228512414,0.005196813228512414,0,0
539,0.005196795804341463,0.005196795804341463,0,0
540,0.005196778384078016,0.005196778384078016,0,0
541,0.005196760967495462,0.005196760967495462,0,0
542,0.005196743554370904,0.005196743554370904,0,0
543,0.0051967261444849115,0.0051967261444849115,0,0
544,0.005196708737621532,0.005196708737621532,0,0
545,0.005196691333568244,0.005196691333568244,0,0
546,0.005196673932115824,0.005196673932115824,0,0
547,0.005196656533058337,0.005196656533058337,0,0
548,0.005196639136193031,0.005196639136193031,0,0
549,0.00519662174132029,0.00519662174132029,0,0
550,0.00519660434824361,0.00519660434824361,0,0
551,0.005196586956769472,0.005196586956769472,0,0
552,0.005196569566707338,0.005196569566707338,0,0
553,0.005196552177869516,0.005196552177869516,0,0
554,0.005196534790071226,0.005196534790071226,0,0
555,0.005196517403130402,0.005196517403130402,0,0
556,0.005196500016867793,0.005196500016867793,0,0
557,0.005196482631106694,0.005196482631106694,0,0
558,0.005196465245673143,0.005196465245673143,0,0
559,0.00519644786039568,0.00519644786039568,0,0
560,0.005196430475105322,0.005196430475105322,0,0
561,0.005196413089635666,0.005196413089635666,0,0
562,0.005196395703822595,0.005196395703822595,0,0
563,0.005196378317504431,0.005196378317504431,0,0
564,0.005196360930521802,0.005196360930521802,0,0
565,0.005196343542717556,0.005196343542717556,0,0
566,0.005196326153936813,0.005196326153936813,0,0
567,0.0051963087640268715,0.0051963087640268715,0,0
568,0.0051962913728371045,0.0051962913728371045,0,0
569,0.005196273980219032,0.005196273980219032,0,0
570,0.005196256586026171,0.005196256586026171,0,0
571,0.0051962391901140435,0.0051962391901140435,0,0
572,0.005196221792340176,0.005196221792340176,0,0
573,0.005196204392563943,0.005196204392563943,0,0
574,0.005196186990646632,0.005196186990646632,0,0
575,0.0051961695864513905,0.0051961695864513905,0,0
576,0.005196152179843093,0.005196152179843093,0,0
577,0.0051961347706884296,0.0051961347706884296,0,0
578,0.005196117358855815,0.005196117358855815,0,0
579,0.005196099944215307,0.005196099944215307,0,0
580,0.005196082526638626,0.005196082526638626,0,0
581,0.005196065105999157,0.005196065105999157,0,0
582,0.005196047682171776,0.005196047682171776,0,0
583,0.005196030255032938,0.005196030255032938,0,0
584,0.005196012824460636,0.005196012824460636,0,0
585,0.005195995390334301,0.005195995390334301,0,0
586,0.005195977952534841,0.005195977952534841,0,0
587,0.005195960510944559,0.005195960510944559,0,0
588,0.005195943065447098,0.005195943065447098,0,0
589,0.00519592561592754,0.00519592561592754,0,0
590,0.005195908162272196,0.005195908162272196,0,0
591,0.00519589070436873,0.00519589070436873,0,0
592,0.0051958732421060584,0.0051958732421060584,0,0
593,0.005195855775374265,0.005195855775374265,0,0
594,0.005195838304064718,0.005195838304064718,0,0
595,0.005195820828069919,0.005195820828069919,0,0
596,0.00519580334728356,0.00519580334728356,0,0
597,0.005195785861600388,0.005195785861600388,0,0
598,0.005195768370916303,0.005195768370916303,0,0
599,0.005195750875128276,0.005195750875128276,0,0
600,0.0051957333741342576,0.0051957333741342576,0,0
601,0.005195715867833291,0.005195715867833291,0,0
602,0.00519569835612542,0.00519569835612542,0,0
603,0.005195680838911591,0.005195680838911591,0,0
604,0.005195663316093772,0.005195663316093772,0,0
605,0.005195645787574806,0.005195645787574806,0,0
606,0.005195628253258494,0.005195628253258494,0,0
607,0.005195610713049451,0.005195610713049451,0,0
608,0.005195593166853229,0.005195593166853229,0,0
609,0.005195575614576138,0.005195575614576138,0,0
610,0.005195558056125365,0.005195558056125365,0,0
611,0.005195540491408882,0.005195540491408882,0,0
612,0.005195522920335446,0.005195522920335446,0,0
613,0.005195505342814515,0.005195505342814515,0,0
614,0.005195487758756376,0.005195487758756376,0,0
615,0.005195470168071985,0.005195470168071985,0,0
616,0.005195452570672979,0.005195452570672979,0,0
617,0.005195434966471705,0.005195434966471705,0,0
618,0.005195417355381172,0.005195417355381172,0,0
619,0.005195399737315039,0.005195399737315039,0,0
620,0.005195382112187596,0.005195382112187596,0,0
621,0.005195364479913748,0.005195364479913748,0,0
622,0.005195346840408966,0.005195346840408966,0,0
623,0.005195329193589309,0.005195329193589309,0,0
624,0.005195311539371413,0.005195311539371413,0,0
625,0.005195293877672508,0.005195293877672508,0,0
626,0.00519527620841024,0.00519527620841024,0,0
627,0.0051952585315028655,0.0051952585315028655,0,0
628,0.005195240846869121,0.005195240846869121,0,0
629,0.0051952231544282355,0.0051952231544282355,0,0
630,0.00519520545409984,0.00519520545409984,0,0
631,0.005195187745804141,0.005195187745804141,0,0
632,0.005195170029461706,0.005195170029461706,0,0
633,0.005195152304993562,0.005195152304993562,0,0
634,0.005195134572321129,0.005195134572321129,0,0
635,0.005195116831366296,0.005195116831366296,0,0
636,0.005195099082051271,0.005195099082051271,0,0
637,0.005195081324298641,0.005195081324298641,0,0
638,0.005195063558031443,0.005195063558031443,0,0
639,0.005195045783172979,0.005195045783172979,0,0
640,0.005195027999646928,0.005195027999646928,0,0
641,0.0051950102073772915,0.0051950102073772915,0,0
642,0.005194992406288441,0.005194992406288441,0,0
643,0.005194974596304953,0.005194974596304953,0,0
644,0.005194956777351763,0.005194956777351763,0,0
645,0.005194938949354147,0.005194938949354147,0,0
646,0.005194921112237545,0.005194921112237545,0,0
647,0.005194903265927746,0.005194903265927746,0,0
648,0.0051948854103507245,0.0051948854103507245,0,0
649,0.005194867545432757,0.005194867545432757,0,0
650,0.005194849671100336,0.005194849671100336,0,0
651,0.005194831787280174,0.005194831787280174,0,0
652,0.0051948138938991955,0.0051948138938991955,0,0
653,0.005194795990884542,0.005194795990884542,0,0
654,0.005194778078163525,0.005194778078163525,0,0
655,0.005194760155663696,0.005194760155663696,0,0
656,0.005194742223312722,0.005194742223312722,0,0
657,0.005194724281038488,0.005194724281038488,0,0
658,0.00519470632876902,0.00519470632876902,0,0
659,0.0051946883664324974,0.0051946883664324974,0,0
660,0.005194670393957221,0.005194670393957221,0,0
661,0.005194652411271682,0.005194652411271682,0,0
662,0.005194634418304476,0.005194634418304476,0,0
663,0.005194616414984276,0.005194616414984276,0,0
664,0.00519459840123992,0.00519459840123992,0,0
665,0.00519458037700034,0.00519458037700034,0,0
666,0.005194562342194573,0.005194562342194573,0,0
667,0.0051945442967517,0.0051945442967517,0,0
668,0.005194526240600961,0.005194526240600961,0,0
669,0.005194508173671597,0.005194508173671597,0,0
670,0.00519449009589299,0.00519449009589299,0,0
671,0.005194472007194514,0.005194472007194514,0,0
672,0.005194453907505642,0.005194453907505642,0,0
673,0.005194435796755877,0.005194435796755877,0,0
674,0.00519441767487478,0.00519441767487478,0,0
675,0.005194399541791973,0.005194399541791973,0,0
676,0.005194381397437029,0.005194381397437029,0,0
677,0.0051943632417396236,0.0051943632417396236,0,0
678,0.0051943450746294315,0.0051943450746294315,0,0
679,0.0051943268960361,0.0051943268960361,0,0
680,0.005194308705889318,0.005194308705889318,0,0
681,0.005194290504118788,0.005194290504118788,0,0
682,0.005194272290654168,0.005194272290654168,0,0
683,0.005194254065425152,0.005194254065425152,0,0
684,0.005194235828361365,0.005194235828361365,0,0
685,0.005194217579392459,0.005194217579392459,0,0
686,0.0051941993184480015,0.0051941993184480015,0,0
687,0.005194181045457626,0.005194181045457626,0,0
688,0.005194162760350828,0.005194162760350828,0,0
689,0.005194144463057116,0.005194144463057116,0,0
690,0.005194126153505936,0.005194126153505936,0,0
691,0.0051941078316266745,0.0051941078316266745,0,0
692,0.005194089497348691,0.005194089497348691,0,0
693,0.005194071150601262,0.005194071150601262,0,0
694,0.005194052791313569,0.005194052791313569,0,0
695,0.005194034419414804,0.005194034419414804,0,0
696,0.005194016034834017,0.005194016034834017,0,0
697,0.005193997637500187,0.005193997637500187,0,0
698,0.00519397922734222,0.00519397922734222,0,0
699,0.005193960804288954,0.005193960804288954,0,0
700,0.0051939423682691105,0.0051939423682691105,0,0
701,0.005193923919211325,0.005193923919211325,0,0
702,0.0051939054570440905,0.0051939054570440905,0,0
703,0.005193886981695868,0.005193886981695868,0,0
704,0.005193868493094979,0.005193868493094979,0,0
705,0.00519384999116963,0.00519384999116963,0,0
706,0.005193831475847905,0.005193831475847905,0,0
707,0.005193812947057782,0.005193812947057782,0,0
708,0.005193794404727087,0.005193794404727087,0,0
709,0.005193775848783558,0.005193775848783558,0,0
710,0.00519375727915478,0.00519375727915478,0,0
711,0.005193738695768225,0.005193738695768225,0,0
712,0.005193720098551187,0.005193720098551187,0,0
713,0.005193701487430854,0.005193701487430854,0,0
714,0.005193682862334264,0.005193682862334264,0,0
715,0.0051936642231882975,0.0051936642231882975,0,0
716,0.0051936455699196585,0.0051936455699196585,0,0
717,0.005193626902454954,0.005193626902454954,0,0
718,0.005193608220720613,0.005193608220720613,0,0
719,0.00519358952464285,0.00519358952464285,0,0
720,0.00519357081414779,0.00519357081414779,0,0
721,0.005193552089161351,0.005193552089161351,0,0
722,0.0051935333496092775,0.0051935333496092775,0,0
723,0.005193514595417148,0.005193514595417148,0,0
724,0.0051934958265104185,0.0051934958265104185,0,0
725,0.005193477042814235,0.005193477042814235,0,0
726,0.005193458244253662,0.005193458244253662,0,0
727,0.0051934394307535485,0.0051934394307535485,0,0
728,0.0051934206022385965,0.0051934206022385965,0,0
729,0.0051934017586332355,0.0051934017586332355,0,0
730,0.005193382899861772,0.005193382899861772,0,0
731,0.005193364025848255,0.005193364025848255,0,0
732,0.005193345136516613,0.005193345136516613,0,0
733,0.00519332623179046,0.00519332623179046,0,0
734,0.0051933073115933365,0.0051933073115933365,0,0
735,0.005193288375848451,0.005193288375848451,0,0
736,0.005193269424478884,0.005193269424478884,0,0
737,0.005193250457407462,0.005193250457407462,0,0
738,0.00519323147455682,0.00519323147455682,0,0
739,0.005193212475849369,0.005193212475849369,0,0
740,0.005193193461207262,0.005193193461207262,0,0
741,0.005193174430552475,0.005193174430552475,0,0
742,0.005193155383806742,0.005193155383806742,0,0
743,0.005193136320891558,0.005193136320891558,0,0
744,0.005193117241728196,0.005193117241728196,0,0
745,0.005193098146237683,0.005193098146237683,0,0
746,0.005193079034340862,0.005193079034340862,0,0
747,0.005193059905958243,0.005193059905958243,0,0
748,0.005193040761010165,0.005193040761010165,0,0
749,0.005193021599416724,0.005193021599416724,0,0
750,0.005193002421097717,0.005193002421097717,0,0
751,0.00519298322597275,0.00519298322597275,0,0
752,0.00519296401396116,0.00519296401396116,0,0
753,0.0051929447849820036,0.0051929447849820036,0,0
754,0.005192925538954117,0.005192925538954117,0,0
755,0.0051929062757960455,0.0051929062757960455,0,0
756,0.005192886995426144,0.005192886995426144,0,0
757,0.005192867697762423,0.005192867697762423,0,0
758,0.005192848382722656,0.005192848382722656,0,0
759,0.005192829050224369,0.005192829050224369,0,0
760,0.005192809700184815,0.005192809700184815,0,0
761,0.0051927903325209275,0.0051927903325209275,0,0
762,0.005192770947149463,0.005192770947149463,0,0
763,0.005192751543986811,0.005192751543986811,0,0
764,0.005192732122949129,0.005192732122949129,0,0
765,0.005192712683952308,0.005192712683952308,0,0
766,0.005192693226911864,0.005192693226911864,0,0
767,0.005192673751743185,0.005192673751743185,0,0
768,0.0051926542583612305,0.0051926542583612305,0,0
769,0.005192634746680774,0.005192634746680774,0,0
770,0.005192615216616196,0.005192615216616196,0,0
771,0.005192595668081688,0.005192595668081688,0,0
772,0.0051925761009910774,0.0051925761009910774,0,0
773,0.005192556515257945,0.005192556515257945,0,0
774,0.005192536910795532,0.005192536910795532,0,0
775,0.005192517287516784,0.005192517287516784,0,0
776,0.005192497645334368,0.005192497645334368,0,0
777,0.005192477984160638,0.005192477984160638,0,0
778,0.005192458303907622,0.005192458303907622,0,0
779,0.005192438604487044,0.005192438604487044,0,0
780,0.005192418885810365,0.005192418885810365,0,0
781,0.0051923991477886835,0.0051923991477886835,0,0
782,0.005192379390332781,0.005192379390332781,0,0
783,0.005192359613353117,0.005192359613353117,0,0
784,0.005192339816759902,0.005192339816759902,0,0
785,0.005192320000462924,0.005192320000462924,0,0
786,0.005192300164371762,0.005192300164371762,0,0
787,0.005192280308395542,0.005192280308395542,0,0
788,0.00519226043244316,0.00519226043244316,0,0
789,0.005192240536423149,0.005192240536423149,0,0
790,0.005192220620243719,0.005192220620243719,0,0
791,0.005192200683812742,0.005192200683812742,0,0
792,0.005192180727037768,0.005192180727037768,0,0
793,0.0051921607498259656,0.0051921607498259656,0,0
794,0.005192140752084246,0.005192140752084246,0,0
795,0.0051921207337191026,0.0051921207337191026,0,0
796,0.0051921006946366935,0.0051921006946366935,0,0
797,0.005192080634742899,0.005192080634742899,0,0
798,0.005192060553943222,0.005192060553943222,0,0
799,0.005192040452142775,0.005192040452142775,0,0
800,0.0051920203292463146,0.0051920203292463146,0,0
801,0.005192000185158355,0.005192000185158355,0,0
802,0.005191980019782928,0.005191980019782928,0,0
803,0.0051919598330238004,0.0051919598330238004,0,0
804,0.005191939624784331,0.005191939624784331,0,0
805,0.005191919394967542,0.005191919394967542,0,0
806,0.005191899143476061,0.005191899143476061,0,0
807,0.00519187887021218,0.00519187887021218,0,0
808,0.005191858575077853,0.005191858575077853,0,0
809,0.005191838257974606,0.005191838257974606,0,0
810,0.005191817918803606,0.005191817918803606,0,0
811,0.0051917975574657296,0.0051917975574657296,0,0
812,0.005191777173861346,0.005191777173861346,0,0
813,0.005191756767890572,0.005191756767890572,0,0
814,0.005191736339453065,0.005191736339453065,0,0
815,0.005191715888448178,0.005191715888448178,0,0
816,0.005191695414774774,0.005191695414774774,0,0
817,0.005191674918331433,0.005191674918331433,0,0
818,0.005191654399016325,0.005191654399016325,0,0
819,0.005191633856727207,0.005191633856727207,0,0
820,0.005191613291361459,0.005191613291361459,0,0
821,0.005191592702816092,0.005191592702816092,0,0
822,0.0051915720909877046,0.0051915720909877046,0,0
823,0.005191551455772494,0.005191551455772494,0,0
824,0.005191530797066285,0.005191530797066285,0,0
825,0.005191510114764468,0.005191510114764468,0,0
826,0.005191489408762081,0.005191489408762081,0,0
827,0.005191468678953689,0.005191468678953689,0,0
828,0.005191447925233576,0.005191447925233576,0,0
829,0.005191427147495461,0.005191427147495461,0,0
830,0.005191406345632754,0.005191406345632754,0,0
831,0.005191385519538476,0.005191385519538476,0,0
832,0.005191364669105136,0.005191364669105136,0,0
833,0.005191343794224959,0.005191343794224959,0,0
834,0.005191322894789626,0.005191322894789626,0,0
835,0.005191301970690475,0.005191301970690475,0,0
836,0.005191281021818416,0.005191281021818416,0,0
837,0.005191260048063923,0.005191260048063923,0,0
838,0.005191239049317036,0.005191239049317036,0,0
839,0.0051912180254674424,0.0051912180254674424,0,0
840,0.005191196976404277,0.005191196976404277,0,0
841,0.005191175902016315,0.005191175902016315,0,0
842,0.005191154802191953,0.005191154802191953,0,0
843,0.005191133676819067,0.005191133676819067,0,0
844,0.0051911125257851146,0.0051911125257851146,0,0
845,0.005191091348977162,0.005191091348977162,0,0
846,0.005191070146281787,0.005191070146281787,0,0
847,0.005191048917585123,0.005191048917585123,0,0
848,0.005191027662772908,0.005191027662772908,0,0
849,0.005191006381730416,0.005191006381730416,0,0
850,0.0051909850743424475,0.0051909850743424475,0,0
851,0.005190963740493342,0.005190963740493342,0,0
852,0.005190942380067068,0.005190942380067068,0,0
853,0.005190920992947086,0.005190920992947086,0,0
854,0.005190899579016363,0.005190899579016363,0,0
855,0.0051908781381574875,0.0051908781381574875,0,0
856,0.005190856670252507,0.005190856670252507,0,0
857,0.005190835175183093,0.005190835175183093,0,0
858,0.005190813652830403,0.005190813652830403,0,0
859,0.005190792103075147,0.005190792103075147,0,0
860,0.005190770525797529,0.005190770525797529,0,0
861,0.005190748920877323,0.005190748920877323,0,0
862,0.005190727288193826,0.005190727288193826,0,0
863,0.005190705627625862,0.005190705627625862,0,0
864,0.005190683939051762,0.005190683939051762,0,0
865,0.0051906622223494075,0.0051906622223494075,0,0
866,0.005190640477396176,0.005190640477396176,0,0
867,0.005190618704068983,0.005190618704068983,0,0
868,0.005190596902244229,0.005190596902244229,0,0
869,0.00519057507179787,0.00519057507179787,0,0
870,0.005190553212605338,0.005190553212605338,0,0
871,0.00519053132454161,0.00519053132454161,0,0
872,0.0051905094074811324,0.0051905094074811324,0,0
873,0.005190487461297863,0.005190487461297863,0,0
874,0.005190465485865336,0.005190465485865336,0,0
875,0.005190443481056475,0.005190443481056475,0,0
876,0.005190421446743783,0.005190421446743783,0,0
877,0.005190399382799211,0.005190399382799211,0,0
878,0.0051903772890942645,0.0051903772890942645,0,0
879,0.005190355165499884,0.005190355165499884,0,0
880,0.005190333011886547,0.005190333011886547,0,0
881,0.00519031082812418,0.00519031082812418,0,0
882,0.005190288614082226,0.005190288614082226,0,0
883,0.00519026636962965,0.00519026636962965,0,0
884,0.00519024409463478,0.00519024409463478,0,0
885,0.005190221788965535,0.005190221788965535,0,0
886,0.005190199452489249,0.005190199452489249,0,0
887,0.00519017708507283,0.00519017708507283,0,0
888,0.005190154686582563,0.005190154686582563,0,0
889,0.0051901322568842,0.0051901322568842,0,0
890,0.005190109795843055,0.005190109795843055,0,0
891,0.005190087303323818,0.005190087303323818,0,0
892,0.00519006477919071,0.00519006477919071,0,0
893,0.005190042223307362,0.005190042223307362,0,0
894,0.005190019635536939,0.005190019635536939,0,0
895,0.005189997015742008,0.005189997015742008,0,0
896,0.005189974363784579,0.005189974363784579,0,0
897,0.005189951679526187,0.005189951679526187,0,0
898,0.00518992896282778,0.00518992896282778,0,0
899,0.005189906213549762,0.005189906213549762,0,0
900,0.005189883431551943,0.005189883431551943,0,0
901,0.005189860616693682,0.005189860616693682,0,0
902,0.005189837768833714,0.005189837768833714,0,0
903,0.005189814887830214,0.005189814887830214,0,0
904,0.005189791973540824,0.005189791973540824,0,0
905,0.005189769025822605,0.005189769025822605,0,0
906,0.0051897460445320875,0.0051897460445320875,0,0
907,0.0051897230295251855,0.0051897230295251855,0,0
908,0.0051896999806573035,0.0051896999806573035,0,0
909,0.005189676897783232,0.005189676897783232,0,0
910,0.0051896537807572226,0.0051896537807572226,0,0
911,0.005189630629432931,0.005189630629432931,0,0
912,0.005189607443663421,0.005189607443663421,0,0
913,0.005189584223301247,0.005189584223301247,0,0
914,0.005189560968198329,0.005189560968198329,0,0
915,0.005189537678206001,0.005189537678206001,0,0
916,0.00518951435317503,0.00518951435317503,0,0
917,0.00518949099295559,0.00518949099295559,0,0
918,0.0051894675973972945,0.0051894675973972945,0,0
919,0.0051894441663491095,0.0051894441663491095,0,0
920,0.005189420699659483,0.005189420699659483,0,0
921,0.0051893971971761835,0.0051893971971761835,0,0
922,0.005189373658746488,0.005189373658746488,0,0
923,0.005189350084216944,0.005189350084216944,0,0
924,0.005189326473433628,0.005189326473433628,0,0
925,0.005189302826241939,0.005189302826241939,0,0
926,0.005189279142486668,0.005189279142486668,0,0
927,0.00518925542201205,0.00518925542201205,0,0
928,0.005189231664661622,0.005189231664661622,0,0
929,0.005189207870278406,0.005189207870278406,0,0
930,0.0051891840387047776,0.0051891840387047776,0,0
931,0.005189160169782487,0.005189160169782487,0,0
932,0.005189136263352632,0.005189136263352632,0,0
933,0.005189112319255762,0.005189112319255762,0,0
934,0.005189088337331776,0.005189088337331776,0,0
935,0.005189064317419943,0.005189064317419943,0,0
936,0.005189040259358852,0.005189040259358852,0,0
937,0.005189016162986581,0.005189016162986581,0,0
938,0.0051889920281404925,0.0051889920281404925,0,0
939,0.005188967854657342,0.005188967854657342,0,0
940,0.005188943642373233,0.005188943642373233,0,0
941,0.005188919391123667,0.005188919391123667,0,0
942,0.005188895100743486,0.005188895100743486,0,0
943,0.005188870771066874,0.005188870771066874,0,0
944,0.005188846401927407,0.005188846401927407,0,0
945,0.005188821993158009,0.005188821993158009,0,0
946,0.0051887975445909056,0.0051887975445909056,0,0
947,0.005188773056057784,0.005188773056057784,0,0
948,0.005188748527389564,0.005188748527389564,0,0
949,0.005188723958416575,0.005188723958416575,0,0
950,0.005188699348968469,0.005188699348968469,0,0
951,0.005188674698874256,0.005188674698874256,0,0
952,0.005188650007962297,0.005188650007962297,0,0
953,0.005188625276060243,0.005188625276060243,0,0
954,0.005188600502995153,0.005188600502995153,0,0
955,0.005188575688593334,0.005188575688593334,0,0
956,0.005188550832680523,0.005188550832680523,0,0
957,0.0051885259350817154,0.0051885259350817154,0,0
958,0.005188500995621277,0.005188500995621277,0,0
959,0.005188476014122871,0.005188476014122871,0,0
960,0.005188450990409514,0.005188450990409514,0,0
961,0.005188425924303481,0.005188425924303481,0,0
962,0.005188400815626469,0.005188400815626469,0,0
963,0.005188375664199429,0.005188375664199429,0,0
964,0.005188350469842646,0.005188350469842646,0,0
965,0.005188325232375687,0.005188325232375687,0,0
966,0.005188299951617497,0.005188299951617497,0,0
967,0.00518827462738629,0.00518827462738629,0,0
968,0.005188249259499603,0.005188249259499603,0,0
969,0.005188223847774247,0.005188223847774247,0,0
970,0.005188198392026401,0.005188198392026401,0,0
971,0.005188172892071477,0.005188172892071477,0,0
972,0.005188147347724266,0.005188147347724266,0,0
973,0.005188121758798787,0.005188121758798787,0,0
974,0.005188096125108387,0.005188096125108387,0,0
975,0.005188070446465742,0.005188070446465742,0,0
976,0.005188044722682776,0.005188044722682776,0,0
977,0.005188018953570706,0.005188018953570706,0,0
978,0.005187993138940064,0.005187993138940064,0,0
979,0.00518796727860069,0.00518796727860069,0,0
980,0.005187941372361638,0.005187941372361638,0,0
981,0.005187915420031331,0.005187915420031331,0,0
982,0.00518788942141743,0.00518788942141743,0,0
983,0.00518786337632689,0.00518786337632689,0,0
984,0.00518783728456591,0.00518783728456591,0,0
985,0.005187811145940058,0.005187811145940058,0,0
986,0.005187784960254063,0.005187784960254063,0,0
987,0.005187758727312041,0.005187758727312041,0,0
988,0.005187732446917278,0.005187732446917278,0,0
989,0.005187706118872422,0.005187706118872422,0,0
990,0.005187679742979342,0.005187679742979342,0,0
991,0.005187653319039159,0.005187653319039159,0,0
992,0.005187626846852342,0.005187626846852342,0,0
993,0.0051876003262185215,0.0051876003262185215,0,0
994,0.005187573756936669,0.005187573756936669,0,0
995,0.005187547138804969,0.005187547138804969,0,0
996,0.005187520471620933,0.005187520471620933,0,0
997,0.005187493755181221,0.005187493755181221,0,0
998,0.0051874669892818725,0.0051874669892818725,0,0
999,0.005187440173718096,0.005187440173718096,0,0
1000,0.005187413308284413,0.005187413308284413,0,0
1001,0.005187386392774536,0.005187386392774536,0,0
1002,0.005187359426981494,0.005187359426981494,0,0
1003,0.005187332410697527,0.005187332410697527,0,0
1004,0.005187305343714129,0.005187305343714129,0,0
1005,0.0051872782258220685,0.0051872782258220685,0,0
1006,0.005187251056811294,0.005187251056811294,0,0
1007,0.005187223836471094,0.005187223836471094,0,0
1008,0.00518719656458992,0.00518719656458992,0,0
1009,0.005187169240955489,0.005187169240955489,0,0
1010,0.005187141865354783,0.005187141865354783,0,0
1011,0.005187114437573999,0.005187114437573999,0,0
1012,0.005187086957398586,0.005187086957398586,0,0
1013,0.0051870594246132195,0.0051870594246132195,0,0
1014,0.005187031839001819,0.005187031839001819,0,0
1015,0.005187004200347509,0.005187004200347509,0,0
1016,0.005186976508432689,0.005186976508432689,0,0
1017,0.005186948763038977,0.005186948763038977,0,0
1018,0.00518692096394724,0.00518692096394724,0,0
1019,0.005186893110937523,0.005186893110937523,0,0
1020,0.005186865203789161,0.005186865203789161,0,0
1021,0.005186837242280655,0.005186837242280655,0,0
1022,0.005186809226189791,0.005186809226189791,0,0
1023,0.005186781155293562,0.005186781155293562,0,0
1024,0.0051867530293681725,0.0051867530293681725,0,0
1025,0.005186724848189052,0.005186724848189052,0,0
1026,0.00518669661153089,0.00518669661153089,0,0
1027,0.005186668319167532,0.005186668319167532,0,0
1028,0.005186639970872126,0.005186639970872126,0,0
1029,0.005186611566416982,0.005186611566416982,0,0
1030,0.0051865831055736365,0.0051865831055736365,0,0
1031,0.005186554588112871,0.005186554588112871,0,0
1032,0.00518652601380465,0.00518652601380465,0,0
1033,0.005186497382418195,0.005186497382418195,0,0
1034,0.005186468693721924,0.005186468693721924,0,0
1035,0.005186439947483475,0.005186439947483475,0,0
1036,0.005186411143469719,0.005186411143469719,0,0
1037,0.005186382281446676,0.005186382281446676,0,0
1038,0.005186353361179687,0.005186353361179687,0,0
1039,0.005186324382433186,0.005186324382433186,0,0
1040,0.005186295344970955,0.005186295344970955,0,0
1041,0.005186266248555895,0.005186266248555895,0,0
1042,0.005186237092950143,0.005186237092950143,0,0
1043,0.005186207877915015,0.005186207877915015,0,0
1044,0.005186178603211142,0.005186178603211142,0,0
1045,0.0051861492685982636,0.0051861492685982636,0,0
1046,0.0051861198738353455,0.0051861198738353455,0,0
1047,0.005186090418680645,0.005186090418680645,0,0
1048,0.005186060902891541,0.005186060902891541,0,0
1049,0.005186031326224659,0.005186031326224659,0,0
1050,0.005186001688435834,0.005186001688435834,0,0
1051,0.005185971989280115,0.005185971989280115,0,0
1052,0.005185942228511767,0.005185942228511767,0,0
1053,0.00518591240588425,0.00518591240588425,0,0
1054,0.005185882521150238,0.005185882521150238,0,0
1055,0.0051858525740616085,0.0051858525740616085,0,0
1056,0.0051858225643695135,0.0051858225643695135,0,0
1057,0.005185792491824225,0.005185792491824225,0,0
1058,0.005185762356175254,0.005185762356175254,0,0
1059,0.00518573215717139,0.00518573215717139,0,0
1060,0.005185701894560548,0.005185701894560548,0,0
1061,0.005185671568089882,0.005185671568089882,0,0
1062,0.00518564117750579,0.00518564117750579,0,0
1063,0.005185610722553853,0.005185610722553853,0,0
1064,0.005185580202978864,0.005185580202978864,0,0
1065,0.00518554961852487,0.00518554961852487,0,0
1066,0.005185518968935079,0.005185518968935079,0,0
1067,0.005185488253951925,0.005185488253951925,0,0
1068,0.005185457473317098,0.005185457473317098,0,0
1069,0.005185426626771453,0.005185426626771453,0,0
1070,0.0051853957140551125,0.0051853957140551125,0,0
1071,0.005185364734907378,0.005185364734907378,0,0
1072,0.005185333689066774,0.005185333689066774,0,0
1073,0.005185302576271107,0.005185302576271107,0,0
1074,0.0051852713962572865,0.0051852713962572865,0,0
1075,0.005185240148761541,0.005185240148761541,0,0
1076,0.00518520883351931,0.00518520883351931,0,0
1077,0.005185177450265208,0.005185177450265208,0,0
1078,0.0051851459987331035,0.0051851459987331035,0,0
1079,0.00518511447865613,0.00518511447865613,0,0
1080,0.005185082889766598,0.005185082889766598,0,0
1081,0.0051850512317960385,0.0051850512317960385,0,0
1082,0.005185019504475259,0.005185019504475259,0,0
1083,0.005184987707534261,0.005184987707534261,0,0
1084,0.00518495584070228,0.00518495584070228,0,0
1085,0.005184923903707848,0.005184923903707848,0,0
1086,0.005184891896278652,0.005184891896278652,0,0
1087,0.00518485981814163,0.00518485981814163,0,0
1088,0.005184827669023017,0.005184827669023017,0,0
1089,0.0051847954486482295,0.0051847954486482295,0,0
1090,0.005184763156741947,0.005184763156741947,0,0
1091,0.005184730793028128,0.005184730793028128,0,0
1092,0.005184698357229872,0.005184698357229872,0,0
1093,0.005184665849069685,0.005184665849069685,0,0
1094,0.005184633268269175,0.005184633268269175,0,0
1095,0.005184600614549287,0.005184600614549287,0,0
1096,0.005184567887630214,0.005184567887630214,0,0
1097,0.005184535087231396,0.005184535087231396,0,0
1098,0.005184502213071469,0.005184502213071469,0,0
1099,0.005184469264868462,0.005184469264868462,0,0
1100,0.005184436242339535,0.005184436242339535,0,0
1101,0.0051844031452012345,0.0051844031452012345,0,0
1102,0.005184369973169268,0.005184369973169268,0,0
1103,0.005184336725958679,0.005184336725958679,0,0
1104,0.005184303403283773,0.005184303403283773,0,0
1105,0.005184270004858133,0.005184270004858133,0,0
1106,0.0051842365303945885,0.0051842365303945885,0,0
1107,0.00518420297960532,0.00518420297960532,0,0
1108,0.005184169352201714,0.005184169352201714,0,0
1109,0.005184135647894485,0.005184135647894485,0,0
1110,0.005184101866393667,0.005184101866393667,0,0
1111,0.0051840680074085425,0.0051840680074085425,0,0
1112,0.005184034070647685,0.005184034070647685,0,0
1113,0.005184000055819033,0.005184000055819033,0,0
1114,0.005183965962629746,0.005183965962629746,0,0
1115,0.005183931790786346,0.005183931790786346,0,0
1116,0.005183897539994659,0.005183897539994659,0,0
1117,0.005183863209959805,0.005183863209959805,0,0
1118,0.005183828800386234,0.005183828800386234,0,0
1119,0.005183794310977696,0.005183794310977696,0,0
1120,0.005183759741437313,0.005183759741437313,0,0
1121,0.0051837250914675,0.0051837250914675,0,0
1122,0.005183690360770019,0.005183690360770019,0,0
1123,0.005183655549045947,0.005183655549045947,0,0
1124,0.005183620655995729,0.005183620655995729,0,0
1125,0.0051835856813191245,0.0051835856813191245,0,0
1126,0.0051835506247152555,0.0051835506247152555,0,0
1127,0.005183515485882644,0.005183515485882644,0,0
1128,0.005183480264519056,0.005183480264519056,0,0
1129,0.005183444960321737,0.005183444960321737,0,0
1130,0.005183409572987233,0.005183409572987233,0,0
1131,0.00518337410221148,0.00518337410221148,0,0
1132,0.005183338547689772,0.005183338547689772,0,0
1133,0.0051833029091168025,0.0051833029091168025,0,0
1134,0.00518326718618664,0.00518326718618664,0,0
1135,0.005183231378592707,0.005183231378592707,0,0
1136,0.005183195486027925,0.005183195486027925,0,0
1137,0.005183159508184489,0.005183159508184489,0,0
1138,0.00518312344475407,0.00518312344475407,0,0
1139,0.005183087295427713,0.005183087295427713,0,0
1140,0.005183051059895902,0.005183051059895902,0,0
1141,0.005183014737848559,0.005183014737848559,0,0
1142,0.005182978328974967,0.005182978328974967,0,0
1143,0.005182941832963873,0.005182941832963873,0,0
1144,0.005182905249503462,0.005182905249503462,0,0
1145,0.005182868578281386,0.005182868578281386,0,0
1146,0.005182831818984687,0.005182831818984687,0,0
1147,0.005182794971299915,0.005182794971299915,0,0
1148,0.005182758034912985,0.005182758034912985,0,0
1149,0.005182721009509408,0.005182721009509408,0,0
1150,0.005182683894774057,0.005182683894774057,0,0
1151,0.0051826466903913335,0.0051826466903913335,0,0
1152,0.005182609396045107,0.005182609396045107,0,0
1153,0.005182572011418754,0.005182572011418754,0,0
1154,0.005182534536195066,0.005182534536195066,0,0
1155,0.005182496970056448,0.005182496970056448,0,0
1156,0.0051824593126847205,0.0051824593126847205,0,0
1157,0.005182421563761296,0.005182421563761296,0,0
1158,0.005182383722967022,0.005182383722967022,0,0
1159,0.005182345789982317,0.005182345789982317,0,0
1160,0.005182307764487151,0.005182307764487151,0,0
1161,0.005182269646161021,0.005182269646161021,0,0
1162,0.005182231434682919,0.005182231434682919,0,0
1163,0.005182193129731477,0.005182193129731477,0,0
1164,0.005182154730984824,0.005182154730984824,0,0
1165,0.005182116238120668,0.005182116238120668,0,0
1166,0.0051820776508163125,0.0051820776508163125,0,0
1167,0.005182038968748638,0.005182038968748638,0,0
1168,0.005182000191594089,0.005182000191594089,0,0
1169,0.005181961319028715,0.005181961319028715,0,0
1170,0.0051819223507282245,0.0051819223507282245,0,0
1171,0.005181883286367845,0.005181883286367845,0,0
1172,0.005181844125622519,0.005181844125622519,0,0
1173,0.005181804868166701,0.005181804868166701,0,0
1174,0.005181765513674609,0.005181765513674609,0,0
1175,0.005181726061820015,0.005181726061820015,0,0
1176,0.005181686512276401,0.005181686512276401,0,0
1177,0.005181646864716836,0.005181646864716836,0,0
1178,0.005181607118814088,0.005181607118814088,0,0
1179,0.00518156727424066,0.00518156727424066,0,0
1180,0.005181527330668666,0.005181527330668666,0,0
1181,0.005181487287769914,0.005181487287769914,0,0
1182,0.005181447145215953,0.005181447145215953,0,0
1183,0.005181406902678026,0.005181406902678026,0,0
1184,0.0051813665598270595,0.0051813665598270595,0,0
1185,0.005181326116333754,0.005181326116333754,0,0
1186,0.005181285571868523,0.005181285571868523,0,0
1187,0.005181244926101489,0.005181244926101489,0,0
1188,0.005181204178702624,0.005181204178702624,0,0
1189,0.005181163329341562,0.005181163329341562,0,0
1190,0.005181122377687743,0.005181122377687743,0,0
1191,0.005181081323410401,0.005181081323410401,0,0
1192,0.005181040166178519,0.005181040166178519,0,0
1193,0.005180998905660951,0.005180998905660951,0,0
1194,0.005180957541526258,0.005180957541526258,0,0
1195,0.005180916073442933,0.005180916073442933,0,0
1196,0.005180874501079186,0.005180874501079186,0,0
1197,0.00518083282410313,0.00518083282410313,0,0
1198,0.0051807910421826755,0.0051807910421826755,0,0
1199,0.005180749154985675,0.005180749154985675,0,0
1200,0.005180707162179715,0.005180707162179715,0,0
1201,0.005180665063432378,0.005180665063432378,0,0
1202,0.005180622858411041,0.005180622858411041,0,0
1203,0.005180580546783053,0.005180580546783053,0,0
1204,0.0051805381282155885,0.0051805381282155885,0,0
1205,0.005180495602375809,0.005180495602375809,0,0
1206,0.005180452968930757,0.005180452968930757,0,0
1207,0.005180410227547415,0.005180410227547415,0,0
1208,0.005180367377892711,0.005180367377892711,0,0
1209,0.005180324419633547,0.005180324419633547,0,0
1210,0.005180281352436754,0.005180281352436754,0,0
1211,0.005180238175969155,0.005180238175969155,0,0
1212,0.005180194889897626,0.005180194889897626,0,0
1213,0.005180151493888898,0.005180151493888898,0,0
1214,0.00518010798760984,0.00518010798760984,0,0
1215,0.005180064370727244,0.005180064370727244,0,0
1216,0.005180020642908037,0.005180020642908037,0,0
1217,0.005179976803819088,0.005179976803819088,0,0
1218,0.0051799328531273465,0.0051799328531273465,0,0
1219,0.005179888790499862,0.005179888790499862,0,0
1220,0.005179844615603704,0.005179844615603704,0,0
1221,0.00517980032810606,0.00517980032810606,0,0
1222,0.0051797559276741895,0.0051797559276741895,0,0
1223,0.005179711413975458,0.005179711413975458,0,0
1224,0.005179666786677366,0.005179666786677366,0,0
1225,0.005179622045447549,0.005179622045447549,0,0
1226,0.0051795771899537345,0.0051795771899537345,0,0
1227,0.005179532219863848,0.005179532219863848,0,0
1228,0.0051794871348459955,0.0051794871348459955,0,0
1229,0.005179441934568365,0.005179441934568365,0,0
1230,0.00517939661869943,0.00517939661869943,0,0
1231,0.005179351186907802,0.005179351186907802,0,0
1232,0.00517930563886229,0.00517930563886229,0,0
1233,0.0051792599742320035,0.0051792599742320035,0,0
1234,0.005179214192686175,0.005179214192686175,0,0
1235,0.005179168293894358,0.005179168293894358,0,0
1236,0.005179122277526345,0.005179122277526345,0,0
1237,0.005179076143252165,0.005179076143252165,0,0
1238,0.00517902989074215,0.00517902989074215,0,0
1239,0.005178983519666895,0.005178983519666895,0,0
1240,0.005178937029697351,0.005178937029697351,0,0
1241,0.005178890420504746,0.005178890420504746,0,0
1242,0.005178843691760627,0.005178843691760627,0,0
1243,0.005178796843136894,0.005178796843136894,0,0
1244,0.005178749874305759,0.005178749874305759,0,0
1245,0.005178702784939839,0.005178702784939839,0,0
1246,0.005178655574712143,0.005178655574712143,0,0
1247,0.005178608243295996,0.005178608243295996,0,0
1248,0.005178560790365161,0.005178560790365161,0,0
1249,0.005178513215593782,0.005178513215593782,0,0
1250,0.005178465518656507,0.005178465518656507,0,0
1251,0.005178417699228294,0.005178417699228294,0,0
1252,0.005178369756984663,0.005178369756984663,0,0
1253,0.005178321691601499,0.005178321691601499,0,0
1254,0.005178273502755194,0.005178273502755194,0,0
1255,0.005178225190122633,0.005178225190122633,0,0
1256,0.005178176753381194,0.005178176753381194,0,0
1257,0.005178128192208732,0.005178128192208732,0,0
1258,0.005178079506283643,0.005178079506283643,0,0
1259,0.005178030695284835,0.005178030695284835,0,0
1260,0.005177981758891782,0.005177981758891782,0,0
1261,0.005177932696784521,0.005177932696784521,0,0
1262,0.005177883508643607,0.005177883508643607,0,0
1263,0.005177834194150198,0.005177834194150198,0,0
1264,0.005177784752986054,0.005177784752986054,0,0
1265,0.00517773518483356,0.00517773518483356,0,0
1266,0.00517768548937564,0.00517768548937564,0,0
1267,0.005177635666295894,0.005177635666295894,0,0
1268,0.005177585715278599,0.005177585715278599,0,0
1269,0.0051775356360086325,0.0051775356360086325,0,0
1270,0.005177485428171501,0.005177485428171501,0,0
1271,0.0051774350914534665,0.0051774350914534665,0,0
1272,0.005177384625541475,0.005177384625541475,0,0
1273,0.005177334030123069,0.005177334030123069,0,0
1274,0.005177283304886607,0.005177283304886607,0,0
1275,0.005177232449521149,0.005177232449521149,0,0
1276,0.005177181463716465,0.005177181463716465,0,0
1277,0.0051771303471630815,0.0051771303471630815,0,0
1278,0.005177079099552295,0.005177079099552295,0,0
1279,0.005177027720576154,0.005177027720576154,0,0
1280,0.005176976209927548,0.005176976209927548,0,0
1281,0.005176924567300065,0.005176924567300065,0,0
1282,0.005176872792388181,0.005176872792388181,0,0
1283,0.005176820884887136,0.005176820884887136,0,0
1284,0.0051767688444930345,0.0051767688444930345,0,0
1285,0.005176716670902808,0.005176716670902808,0,0
1286,0.005176664363814282,0.005176664363814282,0,0
1287,0.005176611922926067,0.005176611922926067,0,0
1288,0.005176559347937701,0.005176559347937701,0,0
1289,0.005176506638549617,0.005176506638549617,0,0
1290,0.005176453794463121,0.005176453794463121,0,0
1291,0.005176400815380447,0.005176400815380447,0,0
1292,0.0051763477010047555,0.0051763477010047555,0,0
1293,0.0051762944510401225,0.0051762944510401225,0,0
1294,0.005176241065191567,0.005176241065191567,0,0
1295,0.005176187543165086,0.005176187543165086,0,0
1296,0.0051761338846676355,0.0051761338846676355,0,0
1297,0.005176080089407125,0.005176080089407125,0,0
1298,0.005176026157092502,0.005176026157092502,0,0
1299,0.005175972087433653,0.005175972087433653,0,0
1300,0.005175917880141548,0.005175917880141548,0,0
1301,0.005175863534928073,0.005175863534928073,0,0
1302,0.0051758090515063035,0.0051758090515063035,0,0
1303,0.005175754429590191,0.005175754429590191,0,0
1304,0.00517569966889487,0.00517569966889487,0,0
1305,0.00517564476913643,0.00517564476913643,0,0
1306,0.0051755897300321315,0.0051755897300321315,0,0
1307,0.005175534551300256,0.005175534551300256,0,0
1308,0.005175479232660198,0.005175479232660198,0,0
1309,0.0051754237738324705,0.0051754237738324705,0,0
1310,0.005175368174538725,0.005175368174538725,0,0
1311,0.005175312434501685,0.005175312434501685,0,0
1312,0.005175256553445204,0.005175256553445204,0,0
1313,0.00517520053109435,0.00517520053109435,0,0
1314,0.005175144367175278,0.005175144367175278,0,0
1315,0.005175088061415353,0.005175088061415353,0,0
1316,0.005175031613543054,0.005175031613543054,0,0
1317,0.005174975023288128,0.005174975023288128,0,0
1318,0.005174918290381485,0.005174918290381485,0,0
1319,0.005174861414555171,0.005174861414555171,0,0
1320,0.005174804395542564,0.005174804395542564,0,0
1321,0.005174747233078137,0.005174747233078137,0,0
1322,0.005174689926897691,0.005174689926897691,0,0
1323,0.005174632476738211,0.005174632476738211,0,0
1324,0.005174574882337965,0.005174574882337965,0,0
1325,0.0051745171434364225,0.0051745171434364225,0,0
1326,0.005174459259774406,0.005174459259774406,0,0
1327,0.005174401231093925,0.005174401231093925,0,0
1328,0.0051743430571383215,0.0051743430571383215,0,0
1329,0.0051742847376521845,0.0051742847376521845,0,0
1330,0.005174226272381453,0.005174226272381453,0,0
1331,0.005174167661073359,0.005174167661073359,0,0
1332,0.0051741089034764275,0.0051741089034764275,0,0
1333,0.005174049999340503,0.005174049999340503,0,0
1334,0.0051739909484168,0.0051739909484168,0,0
1335,0.005173931750457817,0.005173931750457817,0,0
1336,0.005173872405217415,0.005173872405217415,0,0
1337,0.005173812912450848,0.005173812912450848,0,0
1338,0.005173753271914688,0.005173753271914688,0,0
1339,0.005173693483366869,0.005173693483366869,0,0
1340,0.005173633546566724,0.005173633546566724,0,0
1341,0.005173573461274946,0.005173573461274946,0,0
1342,0.005173513227253624,0.005173513227253624,0,0
1343,0.005173452844266248,0.005173452844266248,0,0
1344,0.00517339231207771,0.00517339231207771,0,0
1345,0.0051733316304542355,0.0051733316304542355,0,0
1346,0.005173270799163641,0.005173270799163641,0,0
1347,0.0051732098179749445,0.0051732098179749445,0,0
1348,0.005173148686658731,0.005173148686658731,0,0
1349,0.005173087404986963,0.005173087404986963,0,0
1350,0.005173025972733073,0.005173025972733073,0,0
1351,0.0051729643896719,0.0051729643896719,0,0
1352,0.0051729026555797485,0.0051729026555797485,0,0
1353,0.0051728407702343795,0.0051728407702343795,0,0
1354,0.005172778733415006,0.005172778733415006,0,0
1355,0.005172716544902267,0.005172716544902267,0,0
1356,0.00517265420447834,0.00517265420447834,0,0
1357,0.005172591711926859,0.005172591711926859,0,0
1358,0.0051725290670328605,0.0051725290670328605,0,0
1359,0.005172466269582952,0.005172466269582952,0,0
1360,0.005172403319365179,0.005172403319365179,0,0
1361,0.005172340216169126,0.005172340216169126,0,0
1362,0.00517227695978579,0.00517227695978579,0,0
1363,0.005172213550007741,0.005172213550007741,0,0
1364,0.005172149986629022,0.005172149986629022,0,0
1365,0.0051720862694451825,0.0051720862694451825,0,0
1366,0.005172022398253273,0.005172022398253273,0,0
1367,0.005171958372851893,0.005171958372851893,0,0
1368,0.005171894193041088,0.005171894193041088,0,0
1369,0.005171829858622483,0.005171829858622483,0,0
1370,0.005171765369399244,0.005171765369399244,0,0
1371,0.005171700725175952,0.005171700725175952,0,0
1372,0.005171635925758868,0.005171635925758868,0,0
1373,0.005171570970955668,0.005171570970955668,0,0
1374,0.005171505860575595,0.005171505860575595,0,0
1375,0.0051714405944294235,0.0051714405944294235,0,0
1376,0.00517137517232949,0.00517137517232949,0,0
1377,0.005171309594089623,0.005171309594089623,0,0
1378,0.005171243859525261,0.005171243859525261,0,0
1379,0.005171177968453311,0.005171177968453311,0,0
1380,0.005171111920692251,0.005171111920692251,0,0
1381,0.005171045716062149,0.005171045716062149,0,0
1382,0.005170979354384547,0.005170979354384547,0,0
1383,0.005170912835482584,0.005170912835482584,0,0
1384,0.0051708461591809095,0.0051708461591809095,0,0
1385,0.005170779325305798,0.005170779325305798,0,0
1386,0.005170712333684983,0.005170712333684983,0,0
1387,0.005170645184147811,0.005170645184147811,0,0
1388,0.00517057787652517,0.00517057787652517,0,0
1389,0.005170510410649483,0.005170510410649483,0,0
1390,0.005170442786354706,0.005170442786354706,0,0
1391,0.005170375003476427,0.005170375003476427,0,0
1392,0.005170307061851725,0.005170307061851725,0,0
1393,0.005170238961319218,0.005170238961319218,0,0
1394,0.005170170701719114,0.005170170701719114,0,0
1395,0.005170102282893187,0.005170102282893187,0,0
1396,0.005170033704684713,0.005170033704684713,0,0
1397,0.005169964966938566,0.005169964966938566,0,0
1398,0.005169896069501124,0.005169896069501124,0,0
1399,0.005169827012220319,0.005169827012220319,0,0
1400,0.005169757794945698,0.005169757794945698,0,0
1401,0.005169688417528291,0.005169688417528291,0,0
1402,0.005169618879820692,0.005169618879820692,0,0
1403,0.00516954918167703,0.00516954918167703,0,0
1404,0.0051694793229530005,0.0051694793229530005,0,0
1405,0.005169409303505837,0.005169409303505837,0,0
1406,0.005169339123194265,0.005169339123194265,0,0
1407,0.005169268781878609,0.005169268781878609,0,0
1408,0.0051691982794207164,0.0051691982794207164,0,0
1409,0.005169127615683935,0.005169127615683935,0,0
1410,0.005169056790533204,0.005169056790533204,0,0
1411,0.005168985803834905,0.005168985803834905,0,0
1412,0.005168914655457023,0.005168914655457023,0,0
1413,0.005168843345269065,0.005168843345269065,0,0
1414,0.005168771873142005,0.005168771873142005,0,0
1415,0.005168700238948386,0.005168700238948386,0,0
1416,0.005168628442562242,0.005168628442562242,0,0
1417,0.005168556483859137,0.005168556483859137,0,0
1418,0.005168484362716123,0.005168484362716123,0,0
1419,0.0051684120790118,0.0051684120790118,0,0
1420,0.005168339632626228,0.005168339632626228,0,0
1421,0.00516826702344097,0.00516826702344097,0,0
1422,0.0051681942513391674,0.0051681942513391674,0,0
1423,0.005168121316205327,0.005168121316205327,0,0
1424,0.005168048217925551,0.005168048217925551,0,0
1425,0.005167974956387348,0.005167974956387348,0,0
1426,0.005167901531479808,0.005167901531479808,0,0
1427,0.005167827943093399,0.005167827943093399,0,0
1428,0.0051677541911201285,0.0051677541911201285,0,0
1429,0.0051676802754534665,0.0051676802754534665,0,0
1430,0.00516760619598832,0.00516760619598832,0,0
1431,0.00516753195262107,0.00516753195262107,0,0
1432,0.005167457545249612,0.005167457545249612,0,0
1433,0.005167382973773204,0.005167382973773204,0,0
1434,0.0051673082380926565,0.0051673082380926565,0,0
1435,0.00516723333811009,0.00516723333811009,0,0
1436,0.00516715827372924,0.00516715827372924,0,0
1437,0.0051670830448551355,0.0051670830448551355,0,0
1438,0.005167007651394307,0.005167007651394307,0,0
1439,0.005166932093254665,0.005166932093254665,0,0
1440,0.005166856370345651,0.005166856370345651,0,0
1441,0.005166780482577989,0.005166780482577989,0,0
1442,0.005166704429863867,0.005166704429863867,0,0
1443,0.005166628212116915,0.005166628212116915,0,0
1444,0.00516655182925215,0.00516655182925215,0,0
1445,0.0051664752811859905,0.0051664752811859905,0,0
1446,0.005166398567836204,0.005166398567836204,0,0
1447,0.005166321689122008,0.005166321689122008,0,0
1448,0.005166244644963977,0.005166244644963977,0,0
1449,0.005166167435284059,0.005166167435284059,0,0
1450,0.005166090060005581,0.005166090060005581,0,0
1451,0.00516601251905324,0.00516601251905324,0,0
1452,0.005165934812353109,0.005165934812353109,0,0
1453,0.005165856939832563,0.005165856939832563,0,0
1454,0.005165778901420415,0.005165778901420415,0,0
1455,0.005165700697046764,0.005165700697046764,0,0
1456,0.0051656223266430676,0.0051656223266430676,0,0
1457,0.005165543790142101,0.005165543790142101,0,0
1458,0.00516546508747801,0.00516546508747801,0,0
1459,0.005165386218586248,0.005165386218586248,0,0
1460,0.0051653071834035745,0.0051653071834035745,0,0
1461,0.0051652279818680666,0.0051652279818680666,0,0
1462,0.0051651486139191235,0.0051651486139191235,0,0
1463,0.005165069079497421,0.005165069079497421,0,0
1464,0.005164989378544993,0.005164989378544993,0,0
1465,0.005164909511005101,0.005164909511005101,0,0
1466,0.005164829476822303,0.005164829476822303,0,0
1467,0.005164749275942475,0.005164749275942475,0,0
1468,0.005164668908312755,0.005164668908312755,0,0
1469,0.00516458837388153,0.00516458837388153,0,0
1470,0.005164507672598448,0.005164507672598448,0,0
1471,0.00516442680441447,0.00516442680441447,0,0
1472,0.005164345769281753,0.005164345769281753,0,0
1473,0.0051642645671537285,0.0051642645671537285,0,0
1474,0.00516418319798506,0.00516418319798506,0,0
1475,0.005164101661731679,0.005164101661731679,0,0
1476,0.005164019958350697,0.005164019958350697,0,0
1477,0.005163938087800525,0.005163938087800525,0,0
1478,0.005163856050040692,0.005163856050040692,0,0
1479,0.005163773845032049,0.005163773845032049,0,0
1480,0.005163691472736582,0.005163691472736582,0,0
1481,0.005163608933117558,0.005163608933117558,0,0
1482,0.005163526226139329,0.005163526226139329,0,0
1483,0.005163443351767567,0.005163443351767567,0,0
1484,0.005163360309969051,0.005163360309969051,0,0
1485,0.005163277100711804,0.005163277100711804,0,0
1486,0.005163193723964952,0.005163193723964952,0,0
1487,0.005163110179698846,0.005163110179698846,0,0
1488,0.00516302646788505,0.00516302646788505,0,0
1489,0.005162942588496181,0.005162942588496181,0,0
1490,0.0051628585415060945,0.0051628585415060945,0,0
1491,0.00516277432688979,0.00516277432688979,0,0
1492,0.005162689944623396,0.005162689944623396,0,0
1493,0.005162605394684214,0.005162605394684214,0,0
1494,0.005162520677050664,0.005162520677050664,0,0
1495,0.005162435791702311,0.005162435791702311,0,0
1496,0.005162350738619797,0.005162350738619797,0,0
1497,0.005162265517784983,0.005162265517784983,0,0
1498,0.005162180129180813,0.005162180129180813,0,0
1499,0.005162094572791301,0.005162094572791301,0,0
1500,0.005162008848601621,0.005162008848601621,0,0
1501,0.005161922956598075,0.005161922956598075,0,0
1502,0.005161836896768032,0.005161836896768032,0,0
1503,0.005161750669099935,0.005161750669099935,0,0
1504,0.0051616642735833815,0.0051616642735833815,0,0
1505,0.0051615777102090275,0.0051615777102090275,0,0
1506,0.00516149097896861,0.00516149097896861,0,0
1507,0.005161404079854966,0.005161404079854966,0,0
1508,0.005161317012862005,0.005161317012862005,0,0
1509,0.005161229777984691,0.005161229777984691,0,0
1510,0.005161142375219109,0.005161142375219109,0,0
1511,0.005161054804562354,0.005161054804562354,0,0
1512,0.005160967066012634,0.005160967066012634,0,0
1513,0.0051608791595691905,0.0051608791595691905,0,0
1514,0.005160791085232279,0.005160791085232279,0,0
1515,0.005160702843003324,0.005160702843003324,0,0
1516,0.005160614432884676,0.005160614432884676,0,0
1517,0.0051605258548798215,0.0051605258548798215,0,0
1518,0.005160437108993207,0.005160437108993207,0,0
1519,0.005160348195230425,0.005160348195230425,0,0
1520,0.00516025911359802,0.00516025911359802,0,0
1521,0.00516016986410359,0.00516016986410359,0,0
1522,0.005160080446755784,0.005160080446755784,0,0
1523,0.005159990861564225,0.005159990861564225,0,0
1524,0.005159901108539688,0.005159901108539688,0,0
1525,0.005159811187693818,0.005159811187693818,0,0
1526,0.0051597210990393634,0.0051597210990393634,0,0
1527,0.005159630842590119,0.005159630842590119,0,0
1528,0.005159540418360803,0.005159540418360803,0,0
1529,0.00515944982636721,0.00515944982636721,0,0
1530,0.005159359066626163,0.005159359066626163,0,0
1531,0.005159268139155447,0.005159268139155447,0,0
1532,0.005159177043973848,0.005159177043973848,0,0
1533,0.005159085781101219,0.005159085781101219,0,0
1534,0.005158994350558398,0.005158994350558398,0,0
1535,0.00515890275236716,0.00515890275236716,0,0
1536,0.005158810986550354,0.005158810986550354,0,0
1537,0.005158719053131792,0.005158719053131792,0,0
1538,0.005158626952136332,0.005158626952136332,0,0
1539,0.005158534683589726,0.005158534683589726,0,0
1540,0.0051584422475188345,0.0051584422475188345,0,0
1541,0.005158349643951445,0.005158349643951445,0,0
1542,0.005158256872916353,0.005158256872916353,0,0
1543,0.0051581639344433425,0.0051581639344433425,0,0
1544,0.005158070828563196,0.005158070828563196,0,0
1545,0.00515797755530769,0.00515797755530769,0,0
1546,0.0051578841147095775,0.0051578841147095775,0,0
1547,0.005157790506802591,0.005157790506802591,0,0
1548,0.005157696731621474,0.005157696731621474,0,0
1549,0.005157602789201947,0.005157602789201947,0,0
1550,0.0051575086795807,0.0051575086795807,0,0
1551,0.005157414402795443,0.005157414402795443,0,0
1552,0.005157319958884841,0.005157319958884841,0,0
1553,0.0051572253478885865,0.0051572253478885865,0,0
1554,0.005157130569847281,0.005157130569847281,0,0
1555,0.005157035624802623,0.005157035624802623,0,0
1556,0.005156940512797152,0.005156940512797152,0,0
1557,0.005156845233874561,0.005156845233874561,0,0
1558,0.005156749788079388,0.005156749788079388,0,0
1559,0.005156654175457237,0.005156654175457237,0,0
1560,0.005156558396054651,0.005156558396054651,0,0
1561,0.005156462449919205,0.005156462449919205,0,0
1562,0.0051563663370994455,0.0051563663370994455,0,0
1563,0.005156270057644909,0.005156270057644909,0,0
1564,0.005156173611606064,0.005156173611606064,0,0
1565,0.005156076999034508,0.005156076999034508,0,0
1566,0.005155980219982684,0.005155980219982684,0,0
1567,0.005155883274504096,0.005155883274504096,0,0
1568,0.0051557861626532345,0.0051557861626532345,0,0
1569,0.005155688884485579,0.005155688884485579,0,0
1570,0.00515559144005761,0.00515559144005761,0,0
1571,0.005155493829426796,0.005155493829426796,0,0
1572,0.005155396052651616,0.005155396052651616,0,0
1573,0.005155298109791502,0.005155298109791502,0,0
1574,0.005155200000906978,0.005155200000906978,0,0
1575,0.0051551017260594734,0.0051551017260594734,0,0
1576,0.005155003285311478,0.005155003285311478,0,0
1577,0.00515490467872647,0.00515490467872647,0,0
1578,0.0051548059063689245,0.0051548059063689245,0,0
1579,0.00515470696830434,0.00515470696830434,0,0
1580,0.005154607864599211,0.005154607864599211,0,0
1581,0.005154508595321074,0.005154508595321074,0,0
1582,0.005154409160538419,0.005154409160538419,0,0
1583,0.005154309560320836,0.005154309560320836,0,0
1584,0.005154209794738816,0.005154209794738816,0,0
1585,0.005154109863863987,0.005154109863863987,0,0
1586,0.005154009767768955,0.005154009767768955,0,0
1587,0.00515390950652729,0.00515390950652729,0,0
1588,0.005153809080213681,0.005153809080213681,0,0
1589,0.0051537084889037785,0.0051537084889037785,0,0
1590,0.00515360773267432,0.00515360773267432,0,0
1591,0.005153506811602981,0.005153506811602981,0,0
1592,0.005153405725768576,0.005153405725768576,0,0
1593,0.005153304475250881,0.005153304475250881,0,0
1594,0.005153203060130743,0.005153203060130743,0,0
1595,0.005153101480490066,0.005153101480490066,0,0
1596,0.005152999736411708,0.005152999736411708,0,0
1597,0.005152897827979697,0.005152897827979697,0,0
1598,0.005152795755279032,0.005152795755279032,0,0
1599,0.005152693518395757,0.005152693518395757,0,0
1600,0.0051525911174170064,0.0051525911174170064,0,0
1601,0.005152488552430958,0.005152488552430958,0,0
1602,0.005152385823526817,0.005152385823526817,0,0
1603,0.005152282930794867,0.005152282930794867,0,0
1604,0.005152179874326445,0.005152179874326445,0,0
1605,0.00515207665421398,0.00515207665421398,0,0
1606,0.00515197327055093,0.00515197327055093,0,0
1607,0.005151869723431862,0.005151869723431862,0,0
1608,0.005151766012952356,0.005151766012952356,0,0
1609,0.005151662139209106,0.005151662139209106,0,0
1610,0.005151558102299873,0.005151558102299873,0,0
1611,0.005151453902323509,0.005151453902323509,0,0
1612,0.005151349539379923,0.005151349539379923,0,0
1613,0.005151245013570088,0.005151245013570088,0,0
1614,0.005151140324996119,0.005151140324996119,0,0
1615,0.005151035473761181,0.005151035473761181,0,0
1616,0.005150930459969532,0.005150930459969532,0,0
1617,0.005150825283726498,0.005150825283726498,0,0
1618,0.00515071994513855,0.00515071994513855,0,0
1619,0.005150614444313205,0.005150614444313205,0,0
1620,0.005150508781359125,0.005150508781359125,0,0
1621,0.005150402956386012,0.005150402956386012,0,0
1622,0.005150296969504735,0.005150296969504735,0,0
1623,0.0051501908208272116,0.0051501908208272116,0,0
1624,0.005150084510466469,0.005150084510466469,0,0
1625,0.005149978038536691,0.005149978038536691,0,0
1626,0.005149871405153123,0.005149871405153123,0,0
1627,0.005149764610432164,0.005149764610432164,0,0
1628,0.005149657654491238,0.005149657654491238,0,0
1629,0.00514955053744901,0.00514955053744901,0,0
1630,0.005149443259425151,0.005149443259425151,0,0
1631,0.005149335820540521,0.005149335820540521,0,0
1632,0.005149228220917061,0.005149228220917061,0,0
1633,0.005149120460677849,0.005149120460677849,0,0
1634,0.005149012539947061,0.005149012539947061,0,0
1635,0.005148904458850057,0.005148904458850057,0,0
1636,0.005148796217513229,0.005148796217513229,0,0
1637,0.0051486878160642196,0.0051486878160642196,0,0
1638,0.005148579254631657,0.005148579254631657,0,0
1639,0.005148470533345397,0.005148470533345397,0,0
1640,0.005148361652336427,0.005148361652336427,0,0
1641,0.005148252611736792,0.005148252611736792,0,0
1642,0.005148143411679723,0.005148143411679723,0,0
1643,0.005148034052299577,0.005148034052299577,0,0
1644,0.005147924533731834,0.005147924533731834,0,0
1645,0.00514781485611313,0.00514781485611313,0,0
1646,0.005147705019581204,0.005147705019581204,0,0
1647,0.005147595024274959,0.005147595024274959,0,0
1648,0.005147484870334397,0.005147484870334397,0,0
1649,0.0051473745579007,0.0051473745579007,0,0
1650,0.005147264087116158,0.005147264087116158,0,0
1651,0.005147153458124208,0.005147153458124208,0,0
1652,0.005147042671069428,0.005147042671069428,0,0
1653,0.005146931726097509,0.005146931726097509,0,0
1654,0.0051468206233553195,0.0051468206233553195,0,0
1655,0.005146709362990843,0.005146709362990843,0,0
1656,0.005146597945153186,0.005146597945153186,0,0
1657,0.005146486369992558,0.005146486369992558,0,0
1658,0.005146374637660439,0.005146374637660439,0,0
1659,0.005146262748309321,0.005146262748309321,0,0
1660,0.005146150702092825,0.005146150702092825,0,0
1661,0.005146038499165818,0.005146038499165818,0,0
1662,0.005145926139684183,0.005145926139684183,0,0
1663,0.005145813623805025,0.005145813623805025,0,0
1664,0.005145700951686478,0.005145700951686478,0,0
1665,0.005145588123487922,0.005145588123487922,0,0
1666,0.0051454751393697935,0.0051454751393697935,0,0
1667,0.0051453619994937016,0.0051453619994937016,0,0
1668,0.005145248704022355,0.005145248704022355,0,0
1669,0.005145135253119586,0.005145135253119586,0,0
1670,0.005145021646950364,0.005145021646950364,0,0
1671,0.005144907885680809,0.005144907885680809,0,0
1672,0.0051447939694781245,0.0051447939694781245,0,0
1673,0.005144679898510611,0.005144679898510611,0,0
1674,0.005144565672947782,0.005144565672947782,0,0
1675,0.00514445129296019,0.00514445129296019,0,0
1676,0.005144336758719499,0.005144336758719499,0,0
1677,0.005144222070398576,0.005144222070398576,0,0
1678,0.0051441072281713145,0.0051441072281713145,0,0
1679,0.005143992232212728,0.005143992232212728,0,0
1680,0.005143877082698958,0.005143877082698958,0,0
1681,0.005143761779807276,0.005143761779807276,0,0
1682,0.005143646323716006,0.005143646323716006,0,0
1683,0.00514353071460462,0.00514353071460462,0,0
1684,0.005143414952653655,0.005143414952653655,0,0
1685,0.005143299038044766,0.005143299038044766,0,0
1686,0.005143182970960701,0.005143182970960701,0,0
1687,0.005143066751585324,0.005143066751585324,0,0
1688,0.005142950380103506,0.005142950380103506,0,0
1689,0.005142833856701309,0.005142833856701309,0,0
1690,0.0051427171815658125,0.0051427171815658125,0,0
1691,0.005142600354885238,0.005142600354885238,0,0
1692,0.005142483376848835,0.005142483376848835,0,0
1693,0.0051423662476469375,0.0051423662476469375,0,0
1694,0.005142248967470968,0.005142248967470968,0,0
1695,0.005142131536513431,0.005142131536513431,0,0
1696,0.005142013954967885,0.005142013954967885,0,0
1697,0.0051418962230289625,0.0051418962230289625,0,0
1698,0.005141778340892384,0.005141778340892384,0,0
1699,0.00514166030875485,0.00514166030875485,0,0
1700,0.005141542126814255,0.005141542126814255,0,0
1701,0.005141423795269434,0.005141423795269434,0,0
1702,0.005141305314320298,0.005141305314320298,0,0
1703,0.005141186684167866,0.005141186684167866,0,0
1704,0.005141067905014147,0.005141067905014147,0,0
1705,0.0051409489770622265,0.0051409489770622265,0,0
1706,0.005140829900516254,0.005140829900516254,0,0
1707,0.005140710675581343,0.005140710675581343,0,0
1708,0.0051405913024637475,0.0051405913024637475,0,0
1709,0.005140471781370697,0.005140471781370697,0,0
1710,0.0051403521125104315,0.0051403521125104315,0,0
1711,0.005140232296092319,0.005140232296092319,0,0
1712,0.005140112332326659,0.005140112332326659,0,0
1713,0.005139992221424836,0.005139992221424836,0,0
1714,0.005139871963599248,0.005139871963599248,0,0
1715,0.005139751559063309,0.005139751559063309,0,0
1716,0.005139631008031466,0.005139631008031466,0,0
1717,0.005139510310719167,0.005139510310719167,0,0
1718,0.005139389467342956,0.005139389467342956,0,0
1719,0.0051392684781202515,0.0051392684781202515,0,0
1720,0.005139147343269635,0.005139147343269635,0,0
1721,0.005139026063010614,0.005139026063010614,0,0
1722,0.005138904637563733,0.005138904637563733,0,0
1723,0.005138783067150592,0.005138783067150592,0,0
1724,0.005138661351993728,0.005138661351993728,0,0
1725,0.005138539492316747,0.005138539492316747,0,0
1726,0.005138417488344254,0.005138417488344254,0,0
1727,0.005138295340301857,0.005138295340301857,0,0
1728,0.005138173048416195,0.005138173048416195,0,0
1729,0.005138050612914882,0.005138050612914882,0,0
1730,0.005137928034026599,0.005137928034026599,0,0
1731,0.005137805311980978,0.005137805311980978,0,0
1732,0.0051376824470087176,0.0051376824470087176,0,0
1733,0.0051375594393415,0.0051375594393415,0,0
1734,0.005137436289212029,0.005137436289212029,0,0
1735,0.005137312996854049,0.005137312996854049,0,0
1736,0.005137189562502282,0.005137189562502282,0,0
1737,0.005137065986392507,0.005137065986392507,0,0
1738,0.0051369422687615315,0.0051369422687615315,0,0
1739,0.005136818409847161,0.005136818409847161,0,0
1740,0.00513669440988823,0.00513669440988823,0,0
1741,0.005136570269124616,0.005136570269124616,0,0
1742,0.00513644598779728,0.00513644598779728,0,0
1743,0.005136321566148156,0.005136321566148156,0,0
1744,0.005136197004420231,0.005136197004420231,0,0
1745,0.005136072302857574,0.005136072302857574,0,0
1746,0.005135947461705288,0.005135947461705288,0,0
1747,0.005135822481209562,0.005135822481209562,0,0
1748,0.005135697361617581,0.005135697361617581,0,0
1749,0.0051355721031776675,0.0051355721031776675,0,0
1750,0.0051354467061392,0.0051354467061392,0,0
1751,0.005135321170752665,0.005135321170752665,0,0
1752,0.005135195497269602,0.005135195497269602,0,0
1753,0.0051350696859426585,0.0051350696859426585,0,0
1754,0.005134943737025621,0.005134943737025621,0,0
1755,0.0051348176507733274,0.0051348176507733274,0,0
1756,0.005134691427441825,0.005134691427441825,0,0
1757,0.005134565067288266,0.005134565067288266,0,0
1758,0.005134438570570892,0.005134438570570892,0,0
1759,0.005134311937549157,0.005134311937549157,0,0
1760,0.005134185168483667,0.005134185168483667,0,0
1761,0.005134058263636234,0.005134058263636234,0,0
1762,0.005133931223269796,0.005133931223269796,0,0
1763,0.005133804047648541,0.005133804047648541,0,0
1764,0.005133676737037875,0.005133676737037875,0,0
1765,0.005133549291704389,0.005133549291704389,0,0
1766,0.005133421711915981,0.005133421711915981,0,0
1767,0.005133293997941751,0.005133293997941751,0,0
1768,0.005133166150052114,0.005133166150052114,0,0
1769,0.005133038168518717,0.005133038168518717,0,0
1770,0.0051329100536145955,0.0051329100536145955,0,0
1771,0.0051327818056140255,0.0051327818056140255,0,0
1772,0.00513265342479268,0.00513265342479268,0,0
1773,0.0051325249114275665,0.0051325249114275665,0,0
1774,0.005132396265797057,0.005132396265797057,0,0
1775,0.005132267488180954,0.005132267488180954,0,0
1776,0.005132138578860477,0.005132138578860477,0,0
1777,0.005132009538118252,0.005132009538118252,0,0
1778,0.005131880366238362,0.005131880366238362,0,0
1779,0.005131751063506413,0.005131751063506413,0,0
1780,0.005131621630209504,0.005131621630209504,0,0
1781,0.005131492066636262,0.005131492066636262,0,0
1782,0.005131362373076815,0.005131362373076815,0,0
1783,0.00513123254982293,0.00513123254982293,0,0
1784,0.005131102597168014,0.005131102597168014,0,0
1785,0.005130972515407004,0.005130972515407004,0,0
1786,0.005130842304836558,0.005130842304836558,0,0
1787,0.005130711965754999,0.005130711965754999,0,0
1788,0.005130581498462397,0.005130581498462397,0,0
1789,0.00513045090326051,0.00513045090326051,0,0
1790,0.005130320180452929,0.005130320180452929,0,0
1791,0.0051301893303450355,0.0051301893303450355,0,0
1792,0.00513005835324402,0.00513005835324402,0,0
1793,0.005129927249458971,0.005129927249458971,0,0
1794,0.005129796019300869,0.005129796019300869,0,0
1795,0.005129664663082647,0.005129664663082647,0,0
1796,0.005129533181119166,0.005129533181119166,0,0
1797,0.005129401573727381,0.005129401573727381,0,0
1798,0.005129269841226216,0.005129269841226216,0,0
1799,0.005129137983936719,0.005129137983936719,0,0
1800,0.005129006002182035,0.005129006002182035,0,0
1801,0.005128873896287484,0.005128873896287484,0,0
1802,0.005128741666580589,0.005128741666580589,0,0
1803,0.0051286093133910944,0.0051286093133910944,0,0
1804,0.0051284768370510655,0.0051284768370510655,0,0
1805,0.005128344237894838,0.005128344237894838,0,0
1806,0.0051282115162591575,0.0051282115162591575,0,0
1807,0.005128078672483211,0.005128078672483211,0,0
1808,0.0051279457069085595,0.0051279457069085595,0,0
1809,0.005127812619879301,0.005127812619879301,0,0
1810,0.005127679411742161,0.005127679411742161,0,0
1811,0.0051275460828463446,0.0051275460828463446,0,0
1812,0.00512741263354375,0.00512741263354375,0,0
1813,0.005127279064189015,0.005127279064189015,0,0
1814,0.005127145375139475,0.005127145375139475,0,0
1815,0.005127011566755231,0.005127011566755231,0,0
1816,0.005126877639399318,0.005126877639399318,0,0
1817,0.005126743593437616,0.005126743593437616,0,0
1818,0.005126609429238934,0.005126609429238934,0,0
1819,0.005126475147175189,0.005126475147175189,0,0
1820,0.005126340747621232,0.005126340747621232,0,0
1821,0.005126206230955111,0.005126206230955111,0,0
1822,0.00512607159755806,0.00512607159755806,0,0
1823,0.0051259368478144855,0.0051259368478144855,0,0
1824,0.0051258019821121365,0.0051258019821121365,0,0
1825,0.005125667000842101,0.005125667000842101,0,0
1826,0.005125531904398856,0.005125531904398856,0,0
1827,0.005125396693180374,0.005125396693180374,0,0
1828,0.005125261367588146,0.005125261367588146,0,0
1829,0.005125125928027268,0.005125125928027268,0,0
1830,0.005124990374906482,0.005124990374906482,0,0
1831,0.005124854708638263,0.005124854708638263,0,0
1832,0.005124718929638859,0.005124718929638859,0,0
1833,0.005124583038328379,0.005124583038328379,0,0
1834,0.005124447035130872,0.005124447035130872,0,0
1835,0.005124310920474313,0.005124310920474313,0,0
1836,0.005124174694790766,0.005124174694790766,0,0
1837,0.005124038358516415,0.005124038358516415,0,0
1838,0.005123901912091611,0.005123901912091611,0,0
1839,0.0051237653559610095,0.0051237653559610095,0,0
1840,0.0051236286905735305,0.0051236286905735305,0,0
1841,0.005123491916382557,0.005123491916382557,0,0
1842,0.005123355033845874,0.005123355033845874,0,0
1843,0.005123218043425861,0.005123218043425861,0,0
1844,0.005123080945589486,0.005123080945589486,0,0
1845,0.005122943740808418,0.005122943740808418,0,0
1846,0.005122806429559095,0.005122806429559095,0,0
1847,0.0051226690123227624,0.0051226690123227624,0,0
1848,0.005122531489585597,0.005122531489585597,0,0
1849,0.005122393861838759,0.005122393861838759,0,0
1850,0.005122256129578467,0.005122256129578467,0,0
1851,0.005122118293306103,0.005122118293306103,0,0
1852,0.005121980353528223,0.005121980353528223,0,0
1853,0.005121842310756678,0.005121842310756678,0,0
1854,0.005121704165508748,0.005121704165508748,0,0
1855,0.005121565918307098,0.005121565918307098,0,0
1856,0.005121427569679938,0.005121427569679938,0,0
1857,0.005121289120161117,0.005121289120161117,0,0
1858,0.0051211505702901386,0.0051211505702901386,0,0
1859,0.00512101192061224,0.00512101192061224,0,0
1860,0.005120873171678607,0.005120873171678607,0,0
1861,0.005120734324046228,0.005120734324046228,0,0
1862,0.005120595378278176,0.005120595378278176,0,0
1863,0.0051204563349436134,0.0051204563349436134,0,0
1864,0.005120317194617823,0.005120317194617823,0,0
1865,0.005120177957882383,0.005120177957882383,0,0
1866,0.005120038625325181,0.005120038625325181,0,0
1867,0.005119899197540521,0.005119899197540521,0,0
1868,0.005119759675129204,0.005119759675129204,0,0
1869,0.0051196200586986285,0.0051196200586986285,0,0
1870,0.005119480348862783,0.005119480348862783,0,0
1871,0.005119340546242499,0.005119340546242499,0,0
1872,0.00511920065146537,0.00511920065146537,0,0
1873,0.005119060665165881,0.005119060665165881,0,0
1874,0.005118920587985542,0.005118920587985542,0,0
1875,0.005118780420572929,0.005118780420572929,0,0
1876,0.005118640163583774,0.005118640163583774,0,0
1877,0.005118499817680995,0.005118499817680995,0,0
1878,0.005118359383534939,0.005118359383534939,0,0
1879,0.005118218861823227,0.005118218861823227,0,0
1880,0.005118078253231025,0.005118078253231025,0,0
1881,0.005117937558451072,0.005117937558451072,0,0
1882,0.005117796778183722,0.005117796778183722,0,0
1883,0.005117655913137074,0.005117655913137074,0,0
1884,0.00511751496402705,0.00511751496402705,0,0
1885,0.005117373931577421,0.005117373931577421,0,0
1886,0.005117232816519991,0.005117232816519991,0,0
1887,0.0051170916195945396,0.0051170916195945396,0,0
1888,0.0051169503415490316,0.0051169503415490316,0,0
1889,0.005116808983139658,0.005116808983139658,0,0
1890,0.005116667545130818,0.005116667545130818,0,0
1891,0.005116526028295419,0.005116526028295419,0,0
1892,0.005116384433414687,0.005116384433414687,0,0
1893,0.005116242761278462,0.005116242761278462,0,0
1894,0.005116101012685138,0.005116101012685138,0,0
1895,0.005115959188441915,0.005115959188441915,0,0
1896,0.0051158172893645375,0.0051158172893645375,0,0
1897,0.005115675316277876,0.005115675316277876,0,0
1898,0.005115533270015362,0.005115533270015362,0,0
1899,0.005115391151419972,0.005115391151419972,0,0
1900,0.005115248961342908,0.005115248961342908,0,0
1901,0.005115106700645861,0.005115106700645861,0,0
1902,0.005114964370197581,0.005114964370197581,0,0
1903,0.005114821970879703,0.005114821970879703,0,0
1904,0.005114679503577516,0.005114679503577516,0,0
1905,0.005114536969195435,0.005114536969195435,0,0
1906,0.00511439436863243,0.00511439436863243,0,0
1907,0.005114251702824418,0.005114251702824418,0,0
1908,0.005114108972678967,0.005114108972678967,0,0
1909,0.005113966179197946,0.005113966179197946,0,0
1910,0.005113823323312264,0.005113823323312264,0,0
1911,0.005113680406275635,0.005113680406275635,0,0
1912,0.00511353742934096,0.00511353742934096,0,0
1913,0.005113394395322447,0.005113394395322447,0,0
1914,0.00511325130896666,0.00511325130896666,0,0
1915,0.0051131081854788795,0.0051131081854788795,0,0
1916,0.005112965063763155,0.005112965063763155,0,0
1917,0.005112822069262397,0.005112822069262397,0,0
1918,0.005112679570370871,0.005112679570370871,0,0
1919,0.005112538735004332,0.005112538735004332,0,0
1920,0.0051124031667258265,0.0051124031667258265,0,0
1921,0.005112284320001438,0.005112284320001438,0,0
1922,0.005112218459212971,0.005112218459212971,0,0
1923,0.0051123222766665324,0.0051123222766665324,0,0
1924,0.005112971868413767,0.005112971868413767,0,0
1925,0.005115396894411603,0.005115396894411603,0,0
1926,0.0051236015376897445,0.0051236015376897445,0,0
1927,0.005150839346078068,0.005150839346078068,0,0
1928,0.005239052492818546,0.005239052492818546,0,0
1929,0.0055177608881996805,0.0055177608881996805,0,0
1930,0.006257665258331496,0.006257665258331496,0,0
1931,0.007599551424391315,0.007599551424391315,0,0
1932,0.007733641078215585,0.007733641078215585,0,0
1933,0.00573152544052456,0.00573152544052456,0,0
1934,0.005436433412987213,0.005436433412987213,0,0
1935,0.006603308064455175,0.006603308064455175,0,0
1936,0.005446512732625431,0.005446512732625431,0,0
1937,0.005568941500807141,0.005568941500807141,0,0
1938,0.0059383121634693226,0.0059383121634693226,0,0
1939,0.005162909007292918,0.005162909007292918,0,0
1940,0.005785872409258803,0.005785872409258803,0,0
1941,0.005241923447296653,0.005241923447296653,0,0
1942,0.00550466444463381,0.00550466444463381,0,0
1943,0.005340049864572013,0.005340049864572013,0,0
1944,0.0053218844883686865,0.0053218844883686865,0,0
1945,0.005363887606202078,0.005363887606202078,0,0
1946,0.00522256809822107,0.00522256809822107,0,0
1947,0.00535541514827137,0.00535541514827137,0,0
1948,0.005165341212733628,0.005165341212733628,0,0
1949,0.005337915337343837,0.005337915337343837,0,0
1950,0.005132211675404415,0.005132211675404415,0,0
1951,0.005309433329957248,0.005309433329957248,0,0
1952,0.005122150665428628,0.005122150665428628,0,0
1953,0.005273853346557503,0.005273853346557503,0,0
1954,0.005125370634220833,0.005125370634220833,0,0
1955,0.005237613958657496,0.005237613958657496,0,0
1956,0.0051298110875786255,0.0051298110875786255,0,0
1957,0.005210344577841753,0.005210344577841753,0,0
1958,0.005128684407087971,0.005128684407087971,0,0
1959,0.005192760632864405,0.005192760632864405,0,0
1960,0.005123349359296556,0.005123349359296556,0,0
1961,0.005181120824611492,0.005181120824611492,0,0
1962,0.005118881779989866,0.005118881779989866,0,0
1963,0.005170469384389331,0.005170469384389331,0,0
1964,0.005117899219644605,0.005117899219644605,0,0
1965,0.005159451596104571,0.005159451596104571,0,0
1966,0.005119284486829594,0.005119284486829594,0,0
1967,0.005149367634518583,0.005149367634518583,0,0
1968,0.005120351172770027,0.005120351172770027,0,0
1969,0.005142059382246335,0.005142059382246335,0,0
1970,0.005119645307027291,0.005119645307027291,0,0
1971,0.0051374570354862014,0.0051374570354862014,0,0
1972,0.00511791240560209,0.00511791240560209,0,0
1973,0.005134221586028334,0.005134221586028334,0,0
1974,0.005116577063475522,0.005116577063475522,0,0
1975,0.0051309344575019705,0.0051309344575019705,0,0
1976,0.0051163069193370945,0.0051163069193370945,0,0
1977,0.005127472059678109,0.005127472059678109,0,0
1978,0.005116572435751991,0.005116572435751991,0,0
1979,0.005124463220878002,0.005124463220878002,0,0
1980,0.005116559038255856,0.005116559038255856,0,0
1981,0.005122441096073906,0.005122441096073906,0,0
1982,0.0051160081993913,0.0051160081993913,0,0
1983,0.005121173368668863,0.005121173368668863,0,0
1984,0.005115296616387107,0.005115296616387107,0,0
1985,0.005120084764845437,0.005120084764845437,0,0
1986,0.005114845331553565,0.005114845331553565,0,0
1987,0.005118842145890346,0.005118842145890346,0,0
1988,0.0051146820894376575,0.0051146820894376575,0,0
1989,0.005117588978910314,0.005117588978910314,0,0
1990,0.005114535515861071,0.005114535515861071,0,0
1991,0.00511659395548147,0.00511659395548147,0,0
1992,0.005114218604897437,0.005114218604897437,0,0
1993,0.005115914826119065,0.005115914826119065,0,0
1994,0.0051137936862334045,0.0051137936862334045,0,0
1995,0.005115371709056024,0.005115371709056024,0,0
1996,0.005113430220301234,0.005113430220301234,0,0
1997,0.0051147987967852995,0.0051147987967852995,0,0
1998,0.005113187279151929,0.005113187279151929,0,0
1999,0.005114191426756358,0.005114191426756358,0,0
2000,0.005112984663033028,0.005112984663033028,0,0
