epoca,loss_total,loss_dados,loss_fisica,loss_contorno
0,2.4520590984059787,1.3820223422719202,5.349672393308932,0.00010227747227170239
1,1.8537945111531073,0.9355138815873962,4.590756524461066,0.00012932467349746914
2,1.4258463106530428,0.6491181880352886,3.8829690149806853,0.0001343196216171232
3,1.1155725687671625,0.46922763840904463,3.2311218938381994,0.00012055159047793729
4,0.8796995061617627,0.3516960723010451,2.639526633399028,0.00009810718091203862
5,0.6946795970707441,0.27351316692555844,2.105465712948097,0.0000732875555662841
6,0.5474042020620444,0.2220523006608277,1.6265114133354577,0.000049618734125249826
7,0.429760382720519,0.18904950102017046,1.2031515678423754,0.00008056813187341595
8,0.3359742569188027,0.1675769350282342,0.8386657481689045,0.0006641722567875865
9,0.2605712023680828,0.15054356436802369,0.5387458533414977,0.002278467331759573
10,0.1999547139184857,0.13271152590868399,0.3096828416496177,0.00530661967987819
11,0.1558947976944675,0.11482907365686149,0.15450694838331588,0.01016433436094286
12,0.13240113514605759,0.10186525619230823,0.0695698882602071,0.016621901301707938
13,0.1289434520014648,0.09715450822352213,0.043010144065893645,0.02318691496476392
14,0.13741331517672875,0.09850899963505427,0.05630040649857544,0.02764423424195938
15,0.1467495932839745,0.1005090721800966,0.08919857710040377,0.02840080568379714
16,0.1515527092169149,0.10096241485331689,0.12405133391230037,0.025780027581137965
17,0.15274422247293745,0.10173738419475509,0.1476900064854067,0.021468836981101032
18,0.1520203502553644,0.1043607809743177,0.152768030709996,0.017105963139047487
19,0.14874298310073794,0.10733900271650575,0.13931817113890194,0.013540346156451805
20,0.1415392288878161,0.10795450191569182,0.11379653722563407,0.010825419526997452
21,0.13026960580175442,0.10458077266824968,0.08502453057301912,0.008683927018900929
22,0.11603458452097992,0.097079454759972,0.060428531360039325,0.006869423489000066
23,0.10065016618565333,0.08654612988973914,0.04406369726217974,0.0052912968434782335
24,0.08645041611539135,0.07513840954254006,0.03651646775507804,0.00400871302183568
25,0.07568538703940185,0.06537150656057261,0.036205629882482146,0.003072754502332807
26,0.06948438809402463,0.058863034216210953,0.04082039054204894,0.002457275769403887
27,0.06732103414142417,0.05559197825681081,0.04814794647054375,0.002099466590504616
28,0.06751926070733687,0.054288949279839606,0.05637206458892056,0.001955898509713142
29,0.06839743142018452,0.05358512420121605,0.06408405677882865,0.0019954958632027444
30,0.06911146213634206,0.05287856287714162,0.0702098034686692,0.002190938565466599
31,0.06960972967288512,0.05230943750608124,0.07397258815970258,0.0025057745348633586
32,0.0700925025648882,0.05221712955302645,0.07492090365426989,0.002891192281007769
33,0.07057295002287439,0.05268736579452615,0.07301441940677073,0.003282700346994099
34,0.07081918084365296,0.05346539138432297,0.06870009168151227,0.003613771123027538
35,0.07053689264138446,0.05412116374619706,0.06286485500060188,0.0038427578950670214
36,0.06950088026174644,0.05420813376532265,0.05662614055090058,0.003967518386243684
37,0.06756991429910345,0.05334353109407472,0.05103715338774242,0.004018952527480247
38,0.06474075191263455,0.05133716052101312,0.04682494953373022,0.0040386014848753805
39,0.06130091155628658,0.0483920733170339,0.0442663764257604,0.004055562954100597
40,0.057882435620800976,0.04515923953005182,0.04324378865003283,0.004074438360742587
41,0.05523310785495966,0.04247286182093931,0.04341979255404814,0.004076287523210721
42,0.05384792257417833,0.04093412209809265,0.044415590162305424,0.0040306824436245935
43,0.05377601587438266,0.04068001743713026,0.04590404336822916,0.003915189763606565
44,0.054715572130252625,0.04146555869175691,0.04759701707424506,0.003730610023646707
45,0.056210291463535476,0.04286868426192353,0.049184223154082815,0.003504762570795386
46,0.05774230110075938,0.04439782751462986,0.05032118600725985,0.00328023638467755
47,0.05878054390538764,0.04554293181999222,0.05071665783849592,0.003094280517696233
48,0.05893271173393731,0.04591259553194248,0.050271342221488255,0.002965847757697182
49,0.05812330553842704,0.04540084006167862,0.049152317587261525,0.002892001959296118
50,0.056600713510556094,0.04420232456249888,0.04772680567280756,0.0028530278134957024
51,0.05476674378343899,0.04266490451503916,0.046396383642068696,0.0028225625399860817
52,0.053007175048047236,0.04113808796495866,0.04544677862867612,0.0027797313573533528
53,0.05161570792601106,0.03989762004344558,0.044998558562595235,0.0027183761700464337
54,0.050750151199771394,0.03909217356608174,0.045051447541549154,0.002647688125379828
55,0.05038696359147362,0.03869174141283044,0.04555312250121714,0.002584597678399752
56,0.05034388000746893,0.03851299372086944,0.046434359119312,0.0025440144627370902
57,0.0504006368891308,0.03834896657754091,0.04760083500021932,0.002531503311546032
58,0.050422531855979294,0.038099661726668836,0.04891000743412372,0.0025408686424857134
59,0.0503829943831797,0.03779266263762295,0.05017068152694543,0.0025561954401676587
60,0.050303617793863616,0.037508479947162436,0.051184075691842155,0.0025583227083327467
61,0.0501984580993029,0.03730296898051551,0.05181157747831076,0.0025331736231252408
62,0.05006156206295808,0.03717767683662185,0.052027521502615935,0.0024783809258130444
63,0.04987124932276697,0.037083597742268354,0.051920273877245474,0.0024035968050495236
64,0.049595486108047974,0.036942699095172546,0.051641236253928496,0.002324539762089734
65,0.04921601915530572,0.03669385518892911,0.05133629964002382,0.0022549040383718455
66,0.04876611586092979,0.036345413410050036,0.051099669033966746,0.002200768644086409
67,0.0483360689526827,0.03598341619958192,0.05096685534721053,0.002159281683658678
68,0.04802561371579821,0.03571681497656706,0.05093611931722207,0.0021215748757867268
69,0.04788536326193947,0.03560796245629875,0.05099557411901681,0.002078285981837358
70,0.04789724218340961,0.03564467153376527,0.051137887393782666,0.002024993170887797
71,0.047991853709415694,0.0357557530812258,0.05135846535833334,0.0019644075565232295
72,0.04807504972677139,0.03584130818086993,0.05164664557631062,0.0019044124306393303
73,0.04805769258577583,0.0358077972437857,0.05198349924796207,0.001853195492397716
74,0.04789269990387891,0.035608129372790995,0.052349397056575035,0.0018146911197729142
75,0.04759763089024375,0.035264489785048,0.05273214893117464,0.0017867113189608162
76,0.04723896758879812,0.03485118611321015,0.05312679499198487,0.0017624224771910007
77,0.046891830165987934,0.034451700677510015,0.053529673560562145,0.001734194776365489
78,0.04660773666575283,0.03412293285603758,0.05393562548180143,0.0016976787133549565
79,0.0464011719832692,0.03387919892826716,0.054341042674876376,0.0016537645200267674
80,0.04624934204718622,0.03369258977611175,0.05474702770541583,0.0016073467299912974
81,0.04610757973541531,0.03351235134867667,0.05515664729540614,0.0015638989276574185
82,0.04593950095395862,0.033299925645007396,0.05556698660086648,0.001526177988777934
83,0.045740843867999176,0.03305541914732935,0.05596230937424339,0.001492962845821141
84,0.045536259068187535,0.032812895572298016,0.05631539174699042,0.0014602851464914355
85,0.04535592707934566,0.03261194065902691,0.05659883622546676,0.0014242191752253915
86,0.04521434207658256,0.032470856187498204,0.05679985973008317,0.0013835139430677145
87,0.0451027283759643,0.03237674062182402,0.05692776220343607,0.0013404353134530722
88,0.04499496940724857,0.03229391263181913,0.05700844204214954,0.0012993683669995282
89,0.04486483192380962,0.03218642594270137,0.05707068132851595,0.0012642697154050522
90,0.0447055439433053,0.0320420715878276,0.057134258361519696,0.0012366206831737657
91,0.044535376279884645,0.03187907258476198,0.05720658113131963,0.0012149874688587386
92,0.044383350689837925,0.03172966623846482,0.057287309886529955,0.0011962224740671142
93,0.044268484164477456,0.0316158828929232,0.05737559368769258,0.0011774825340157388
94,0.04418869906313362,0.03153606523543229,0.05747415427516129,0.001157802972669076
95,0.044123243666288184,0.031467388884706,0.05758795507702555,0.0011382637661770752
96,0.04404466179483067,0.031379943579179254,0.057719856395772685,0.0011207469364968874
97,0.04393448502847571,0.031254747303725676,0.05786742439391746,0.0011062528459665451
98,0.04379325129293089,0.031094726202160507,0.05802294060732015,0.0010939369693063537
99,0.04363723827986558,0.03092061333898933,0.058175881958738754,0.0010814485491284992
100,0.04348556656121096,0.0307559735749294,0.05831644212061442,0.0010663045621586802
101,0.04334852291383538,0.030613386357867933,0.058438857932458885,0.0010473649694756773
102,0.043223494048140826,0.030489498749284027,0.05854300825959751,0.0010253936469372918
103,0.043098757530301124,0.030369770650450035,0.0586330705213923,0.0010023727755726262
104,0.04296290261165994,0.030240018616064172,0.05871368698516813,0.000980146598562148
105,0.04281410211129946,0.030097510867190716,0.058785990709517975,0.0009593931022051481
106,0.042661697904909236,0.029952875231095584,0.05884630374863702,0.0009395619240862507
107,0.042518875262538544,0.02982144711168827,0.05888872987829635,0.0009196821751910087
108,0.04239314638955932,0.02971177761188154,0.058909952033188946,0.0008993783710399902
109,0.04228173587342191,0.029619914659003894,0.05891245997371868,0.0008793292196742856
110,0.04217423686204281,0.029532653266590627,0.058903568684093535,0.0008608698586334768
111,0.04206054499193505,0.02943721345337766,0.058891202107305696,0.0008450911170962536
112,0.04193845454735047,0.02933034506400709,0.058879949623550275,0.0008321195586333277
113,0.04181467242916459,0.029219558661576387,0.058870225492386075,0.0008210686691109863
114,0.04169864923472716,0.029115919232064337,0.05886046038130249,0.0008106379264023203
115,0.04159499518934582,0.029025099700650682,0.0588499654413418,0.0007999024004267722
116,0.04150031230626083,0.028943571806883304,0.05884002288585981,0.000788735922205562
117,0.04140588628820221,0.028861752670098644,0.05883266912066003,0.0007775997939715616
118,0.04130390249467966,0.028771243568268188,0.058828653005824634,0.0007669283252465433
119,0.04119268093481251,0.028670765237893296,0.05882642479546079,0.0007566307378270506
120,0.04107696069834237,0.02856629838887383,0.058822852700287906,0.0007460917694109596
121,0.040963443290542786,0.028465797804503725,0.05881504221860975,0.0007346370423171144
122,0.04085567570915462,0.028373202024658668,0.05880202515306003,0.00072206865388394
123,0.04075207157516765,0.028286184618787482,0.05878522316998021,0.0007088423223841289
124,0.04064800535496686,0.028198763911891175,0.0587674033530831,0.0006957607724590668
125,0.0405402101319266,0.0281065979391893,0.05875084073007668,0.0006834440467219638
126,0.04042992373933292,0.028010715447748306,0.05873599405338154,0.000672009480908305
127,0.040321998195566325,0.02791648977838946,0.05872167817648395,0.0006611727818800754
128,0.04022097486804967,0.027829068053132858,0.05870644526794576,0.0006506177613276663
129,0.04012764048345864,0.027749312289256596,0.0586900152514409,0.0006403251439138636
130,0.04003875800380456,0.02767345793158667,0.05867354006168226,0.0006305920598814389
131,0.03994996193677668,0.027596499134720804,0.05865855100226257,0.0006217526016033656
132,0.039859339823979885,0.02751635052802444,0.05864563934016997,0.000613861427921449
133,0.03976863712272775,0.027435218244093295,0.05863404806235841,0.0006066092661627692
134,0.03968120475244807,0.027357198156968427,0.05862241384135467,0.0005995238272087016
135,0.03959880685620354,0.027284546706029193,0.0586098893956786,0.000592282271038625
136,0.0395200804767845,0.027215868063432264,0.05859667200690748,0.0005848780119707442
137,0.039441733666494616,0.027147507766438067,0.05858355564878134,0.0005775147703002831
138,0.039361260450199206,0.027076690076259197,0.058571058334293144,0.0005703587070813817
139,0.039278805412192086,0.02700365222679294,0.05855892954247451,0.0005633672769042454
140,0.03919664962329369,0.026931036249380178,0.058546396030663674,0.0005563341677807766
141,0.03911698852009487,0.026861319326270137,0.05853286596503419,0.0005490960008178909
142,0.039040081396321244,0.026794685465187477,0.05851847452734204,0.0005417010256653567
143,0.03896430361617521,0.026729119596881696,0.05850398965068928,0.0005343860891556561
144,0.038887864545437925,0.026662429305675903,0.05849019091314076,0.0005273970571338647
145,0.03881056921927536,0.026594297837314637,0.058477267768222006,0.0005208178283163201
146,0.03873400843468154,0.026526507346791347,0.05846473629419401,0.0005145538290513901
147,0.038660084936797824,0.02646123988211222,0.058451900830399445,0.0005084648886057113
148,0.038589358476277015,0.026399165092074475,0.05843840325472224,0.0005025127332580899
149,0.03852070505679271,0.026339046279496407,0.05842436047902262,0.0004967866814917753
150,0.03845248477119907,0.02627908341423115,0.05841000939126171,0.0004913994787155748
151,0.038384041071057244,0.0262186191968593,0.05839526862305659,0.00048636814958662275
152,0.03831614014040717,0.026158632332325783,0.05837963583474969,0.00048158064113144785
153,0.038250030317807326,0.02610064793460197,0.05836250073933682,0.00047688223533799316
154,0.03818613037082588,0.02604522172798884,0.05834355924687258,0.0004721967934625288
155,0.038123620555989696,0.025991472492988943,0.05832292413128817,0.0004675632367431143
156,0.038061227235149375,0.025937986359830516,0.058300869411344915,0.00046306699304987886
157,0.03799837375546627,0.025884132463545883,0.0582774936246553,0.00045874256698932424
158,0.03793557386302136,0.025830508588945627,0.0582526265669163,0.00045453996069247594
159,0.037873782531846825,0.025778202062445014,0.058226015058680816,0.00045037745766564205
160,0.03781340176129088,0.025727652332540405,0.05819759796269841,0.0004462298362107976
161,0.037753939669845846,0.025678271086831853,0.058167575993175416,0.00044215338437890407
162,0.0376945739931453,0.025629093730294667,0.058136230347907776,0.0004382341932690761
163,0.03763499338475537,0.02557974125169626,0.058103684317319194,0.00043451526959527206
164,0.037575683192264946,0.02553074938381756,0.05806982016626417,0.00043096977519454887
165,0.03751740378069081,0.025482977221051077,0.058034415729134335,0.0004275434138128639
166,0.03746044187793926,0.025436763889127637,0.05799733930142399,0.00042421012852681946
167,0.03740439885189227,0.02539168281647619,0.05795860458958513,0.00042099511749905586
168,0.03734863388478318,0.025347037198551133,0.05791827174505737,0.0004179423372205745
169,0.03729290981662681,0.025302594384323755,0.0578762877704022,0.00041505787822261
170,0.03723756472614206,0.025258774879296023,0.05783245834428607,0.0004122981779888175
171,0.0371830734189945,0.025216149800426226,0.057786577069248155,0.0004096082047186498
172,0.03712950878628466,0.025174826439339177,0.05773857193285444,0.00040696796037459354
173,0.03707646238022041,0.025134357359647926,0.05768852389719368,0.0004044002411337431
174,0.03702346582867452,0.02509421923644641,0.057636553844211715,0.000401935823385768
175,0.03697043983534691,0.025054322286111087,0.057582706974843814,0.0003995761542670657
176,0.036917703844206846,0.02501502217056629,0.05752694995632331,0.0003972916823758941
177,0.03686558098382294,0.0249766759218159,0.057469261618577634,0.00039505273829151257
178,0.03681403825744707,0.024939231598443475,0.057409716695861486,0.0003928633198312954
179,0.03676273867232411,0.024902291486659817,0.05734846427155587,0.0003907543313531185
180,0.03671141862281119,0.02486554291530646,0.057285629079322234,0.00038874989164027987
181,0.036660162622110755,0.024829074062764293,0.05722123983912793,0.0003868405915208713
182,0.036609283783553465,0.024793234306253322,0.0571552584851285,0.0003849977802744407
183,0.03655895821342388,0.02475821830321674,0.057087673013927205,0.0003832053074216947
184,0.03650904955723244,0.02472386966876813,0.05701853854965528,0.00038147217853325426
185,0.03645928717957259,0.024689882101243378,0.056947936862634566,0.00037981770580230496
186,0.03640957158735844,0.024656143517999714,0.05687590922896162,0.00037824622356639955
187,0.036360062518013644,0.024622834187136147,0.05680244133377722,0.0003767400641220555
188,0.03631097184732163,0.024590191810330873,0.05672751442853871,0.00037527715128301165
189,0.036262316484898076,0.02455823199459801,0.05665116240337474,0.00037385200962511086
190,0.03621390757517363,0.02452673650769718,0.05657347268363384,0.0003724765307496736
191,0.036165570691249725,0.024495503734012564,0.05649453297007779,0.000371160363221599
192,0.036117324805672146,0.02446454718157928,0.056414393242546025,0.0003698989755836618
193,0.03606932607277169,0.024434032894660486,0.05633307883236686,0.0003686774116378362
194,0.036021667444654605,0.024404054365492926,0.05625063162987559,0.0003674867531865639
195,0.035974270549972674,0.024374511712998592,0.056167129406272935,0.0003663329557194962
196,0.03592698342893209,0.024345222889480798,0.05608266116876865,0.0003652283056975578
197,0.03587975454341436,0.024316120397098826,0.05599728857420224,0.0003641764314750868
198,0.035832677130325265,0.02428730150661415,0.055911036735826834,0.0003631682765457467
199,0.035785864057124445,0.0242588873932087,0.05582392087710066,0.0003621924884956102
200,0.03573931246288464,0.02423087059066292,0.05573597481465002,0.0003612469092917231
201,0.03569291523820064,0.024203127502726768,0.05564724951659113,0.00036033783215564427
202,0.03564659262873426,0.024175565825416186,0.05555778831788602,0.0003594691397408649
203,0.03560038028338377,0.024148223064899527,0.05546761166997085,0.0003586348844900685
204,0.035554374741071315,0.024121205013064476,0.05537672960810059,0.0003578238063867207
205,0.03550861138917312,0.02409454795267245,0.05528516700123464,0.0003570300362537422
206,0.03546302208399638,0.02406816932684344,0.05519297383572983,0.0003562579900069706
207,0.0354175227720506,0.024041966860638194,0.055100207178190655,0.0003555144757742683
208,0.03537211371198285,0.024015931789659113,0.05500691032961189,0.00035479985640136084
209,0.0353268701265852,0.02399013916823586,0.054913112844379004,0.0003541083894735344
210,0.03528184375325669,0.023964638180897266,0.05481884695567887,0.000353436181223652
211,0.03523700138712263,0.023939383957369612,0.054724156639154635,0.00035278610192208834
212,0.035192270801583964,0.02391428974044121,0.054629087160821065,0.000352163628978538
213,0.03514762836230668,0.02388932544214774,0.05453366849132032,0.0003515692218948744
214,0.03510311865481419,0.023864539606831978,0.054437912465987046,0.00035099655478480426
215,0.035058786299224855,0.023839982315971318,0.054341827203511585,0.00035043854255122054
216,0.03501461525479624,0.023815637702123336,0.05424542913109234,0.00034989172645443867
217,0.03497054688516703,0.023791440437456464,0.05414874266910784,0.000349357913888996
218,0.03492654773466887,0.023767351646899443,0.05405179060272253,0.0003488379672249234
219,0.034882645000386986,0.023743398518260718,0.05395458895954508,0.00034832869021725316
220,0.03483888593345554,0.023719628868939364,0.05385715406330097,0.00034782625185598244
221,0.03479527846954556,0.023696045081388048,0.053759511475359345,0.00034733109308564226
222,0.03475178860945693,0.023672601996010616,0.05366169429327168,0.0003468477547919795
223,0.034708391633907175,0.023649265258218935,0.05356373230265554,0.0003463799151571281
224,0.03466510630583331,0.023626050413708487,0.05346564471372367,0.0003459269493800891
225,0.034621969152805375,0.02360299450488404,0.053367443692433014,0.0003454859094347339
226,0.034578986576458845,0.023580102478754,0.05326914206671949,0.00034505568436094355
227,0.03453612806357226,0.02355733939790323,0.05317075467589397,0.00034463773049023326
228,0.03449336575088976,0.02353467439654052,0.05307229273694013,0.00034423280696121213
229,0.034450705630503294,0.023512115112623622,0.052973760152733335,0.0003438384873330071
230,0.0344081714716262,0.023489689090234456,0.052875157536720084,0.00034345087404772425
231,0.03436576748797594,0.023467401481008232,0.05277648917339686,0.00034306817228833874
232,0.034323471314458974,0.02344522719404981,0.05267776443413994,0.00034269123358117106
233,0.03428126442954652,0.02342314482559458,0.05257899294266198,0.000342321015419546
234,0.034239153105646146,0.023401159869358163,0.05248018178012734,0.0003419568802625123
235,0.03419715761830624,0.023379292908641117,0.05238133685424809,0.0003415973388155026
236,0.03415528521461104,0.023357549627042392,0.05228246642897411,0.0003412423017738278
237,0.0341135240615218,0.023335914659994805,0.05218358116667185,0.00034089316819262914
238,0.034071863693804764,0.02331437455577441,0.05208469046988762,0.00034055104405283476
239,0.034030308920139224,0.02329293315467124,0.05198580069025248,0.0003402156274174902
240,0.033988872910355655,0.023271603934322573,0.0518869162141546,0.00033988573320216527
241,0.03394755928818669,0.02325038998532591,0.05178804215005297,0.0003395608728501824
242,0.03390635903809566,0.023229281212816765,0.05168918460074196,0.0003392409051304994
243,0.03386526382469278,0.023208268501526866,0.05159034903832255,0.00033892551550139923
244,0.03382427514061169,0.023187354261910514,0.05149153949154209,0.00033861298039275815
245,0.03378339772396892,0.023166543664212478,0.05139276027643174,0.0003383020044700918
246,0.03374262954569608,0.02314583367523808,0.0512940176404547,0.0003379923423670607
247,0.033701964253902754,0.02312521587492874,0.051195319284917565,0.0003376845219904949
248,0.03366140018886497,0.02310468699121269,0.0510966727560717,0.00033737864643794706
249,0.03362094441013631,0.02308425450447986,0.05099808434746745,0.00033707303616295297
250,0.03358060159478001,0.02306392243352947,0.050899560841537204,0.0003367669929430973
251,0.03354036632604889,0.023043683169312823,0.0508011105099943,0.000336461054737201
252,0.03350023276735544,0.023023528439537373,0.0507027416864249,0.000336155990533084
253,0.03346020465839622,0.0230034606125509,0.0506044612993694,0.00033585178597144057
254,0.033420291837760636,0.022983489007244264,0.05050627506785518,0.000335547816945337
255,0.03338049745003364,0.022963615516404426,0.050408189095338195,0.0003352441145615764
256,0.03334081596549124,0.022943832473212456,0.050310209985432515,0.0003349414951922834
257,0.0333012437959205,0.022924134626965183,0.05021234337361797,0.00033464049423171657
258,0.033261785762072144,0.02290452643455848,0.05011459310752037,0.0003343407060095898
259,0.03322244844032367,0.02288501459586524,0.05001696215449262,0.0003340414135599036
260,0.033183231214049924,0.022865597968991288,0.04991945381087763,0.0003337424828831089
261,0.03314412814382503,0.02284626973570652,0.049822071573950404,0.0003334440933284299
262,0.03310513881955714,0.022827029821295378,0.04972481786250108,0.000333145425761547
263,0.03306626667086068,0.022807882032953947,0.04962769475021803,0.00033284568786313284
264,0.03302751258351048,0.022788826967732972,0.04953070495283436,0.00033254462521062876
265,0.03298887431697357,0.02276986134003837,0.049433851904510745,0.00033224259603304763
266,0.03295035136532371,0.022750983511286276,0.04933713904556372,0.00033194004492468916
267,0.032911947443612845,0.022732196431983636,0.04924056931752454,0.0003316371481243009
268,0.032873666872314376,0.02271350376337856,0.04914414535468387,0.0003313340379990388
269,0.0328355104690712,0.022694905421029154,0.04904786977385027,0.0003310310932719922
270,0.03279747680955375,0.02267639908225871,0.04895174495052692,0.00033072873718966204
271,0.03275956626090078,0.022657984728069402,0.048855772615130924,0.0003304270098051947
272,0.032721781310678606,0.022639665059284816,0.04875995396710221,0.00033012545797334893
273,0.03268412453732292,0.02262144337047708,0.04866429007888793,0.0003298231510682511
274,0.03264659345049556,0.022603316980061624,0.048568782864910606,0.00032951989745181297
275,0.032609183894408145,0.022585281023608968,0.04847343491062133,0.00032921588867491496
276,0.03257189673995371,0.02256733591375999,0.04837824880653036,0.0003289110648876515
277,0.0325347369058242,0.022549486283596338,0.04828322717953489,0.000328605186320886
278,0.03249770688664384,0.02253173383717539,0.04818837319942188,0.00032829840958407996
279,0.03246080504916607,0.022514075590376745,0.048093690527063075,0.0003279913533767112
280,0.032424030599147474,0.02249650959740082,0.04799918259657072,0.0003276844824325125
281,0.0323873866455137,0.02247903849215107,0.047904852193246215,0.00032737771471339253
282,0.0323508765900624,0.02246166545754403,0.04781070182016089,0.00032707076848619617
283,0.032314500001252966,0.022444389544485122,0.04771673417951939,0.00032676362086396364
284,0.032278254497480716,0.022427207701679393,0.04762295207257702,0.00032645638128592263
285,0.03224214025913766,0.022410119752101356,0.04752935804528057,0.00032614889798019125
286,0.03220616000796739,0.022393128293954376,0.0474359544727857,0.0003258408194558719
287,0.032170315022154804,0.022376234387785826,0.04734274399124479,0.0003255318361200199
288,0.03213460512466645,0.022359437522166396,0.04724972969928655,0.00032522166264273793
289,0.032099027949612106,0.022342734564045195,0.04715691509772669,0.0003249103660215737
290,0.03206358393131123,0.02232612539050043,0.04706430368691431,0.0003245978034279401
291,0.03202827467368951,0.022309610895235355,0.04697189897244994,0.00032428398396416684
292,0.03199310117847468,0.022293191146649002,0.04687970454895701,0.0003239691220342777
293,0.03195806364714508,0.022276865284432987,0.0467877240176177,0.0003236535591885485
294,0.031923162717674126,0.02226063302952494,0.04669596078746338,0.0003233375306565084
295,0.031888399723752,0.02224449507098236,0.04660441801659739,0.0003230210494501619
296,0.031853775605740806,0.02222845225885057,0.046513098796355526,0.0003227035876191356
297,0.031819290692605195,0.022212504878005936,0.04642200650243968,0.0003223845141113177
298,0.03178494173286173,0.022196648938721922,0.046331144887332754,0.00032206381667325646
299,0.031750726843153526,0.02218088179493061,0.04624051765610442,0.00032174151700202865
300,0.03171664827887342,0.02216520523485782,0.04615012820040522,0.0003214174039345487
301,0.03168270865861526,0.022149621266181925,0.04605997989800382,0.0003210914128325756
302,0.03164890743436257,0.022134128229732423,0.04597007636334641,0.0003207639319608621
303,0.0316152432325891,0.02211872355927243,0.045880421157642085,0.00032043544178825284
304,0.03158171735976752,0.022103407842861078,0.04579101742418944,0.00032010603206855095
305,0.03154833219503528,0.022088183157539937,0.0457018680291829,0.0003197754316587638
306,0.031515088817611565,0.02207305076812094,0.04561297609736494,0.00031944283001763456
307,0.03148198422169472,0.02205800715245889,0.04552434525444751,0.00031910801834632784
308,0.03144901441150887,0.02204304783216194,0.045435979237235136,0.0003187707318999032
309,0.03141618142353925,0.022028175001857934,0.045347881717470714,0.00031843007818717226
310,0.0313834856557812,0.022013388409317394,0.045260056466672804,0.0003180859531292427
311,0.031350924860464965,0.021998684464672586,0.04517250737603802,0.00031773892058477635
312,0.03131849890562012,0.0219840617864312,0.04508523796222502,0.000317389526743913
313,0.03128621110007664,0.021969522908118863,0.044998251221945104,0.00031703794756876
314,0.03125406362831971,0.021955069283715854,0.04491155007464331,0.0003166843296751887
315,0.03122205489599575,0.02194069850487045,0.04482513765485333,0.000316328860154634
316,0.031190183700994384,0.021926409510148587,0.04473901750038356,0.0003159706907690847
317,0.031158450366448123,0.021912202633387824,0.04465319341692397,0.00031560904967550417
318,0.031126852609612475,0.021898075152473807,0.04456766937721633,0.00031524358169540017
319,0.031095387321248048,0.021884023109166362,0.04448244930140281,0.00031487435180111974
320,0.031064054992555316,0.02187004629687002,0.04439753657016019,0.0003145013816532608
321,0.03103285835335608,0.02185614681324587,0.04431293408995993,0.0003141247221182249
322,0.03100179798025716,0.021842324236970224,0.044228644688685904,0.00031374480554975724
323,0.03097087248252736,0.021828576015328626,0.04414467113910813,0.00031336223937710703
324,0.03094008203442073,0.021814901615653963,0.04406101589933015,0.00031297723890074005
325,0.030909428307706304,0.02180130249823486,0.043977681187373316,0.00031258957199678116
326,0.03087891109137215,0.02178777822008821,0.0438946693424464,0.00031219900279466146
327,0.030848527991237756,0.021774325977348963,0.04381198285913597,0.0003118054420615985
328,0.030818277694110652,0.021760944196968536,0.043729624043763425,0.0003114086883894302
329,0.030788160926003148,0.021747633533532155,0.04364759486390765,0.0003110084196894624
330,0.03075817787224241,0.021734393885289572,0.04356589714179546,0.0003106045585937486
331,0.030728327182637495,0.021721223279374046,0.04348453262910396,0.00031019737744265635
332,0.030698608186599384,0.021708120474201568,0.04340350280990373,0.00030978715041707025
333,0.030669021845427857,0.021695086140281608,0.04332280885303539,0.0003093739345391706
334,0.030639568618158988,0.021682120490946363,0.04324245188167433,0.0003089577508777629
335,0.03061024712955972,0.02166922190734079,0.04316243315580811,0.00030853859105730875
336,0.030581056736246857,0.021656390126458976,0.0430827544412227,0.00030811572154334143
337,0.030551996297110473,0.021643623965943517,0.043003417802737066,0.000307688770619542
338,0.030523063515404545,0.021630920731442252,0.04292442524162702,0.00030725773563688644
339,0.030494257806525538,0.02161827948197123,0.042845778373291406,0.00030682264989602263
340,0.03046558041870851,0.021605701197158718,0.04276747843352687,0.0003063835348444188
341,0.030437031727511037,0.021593185758885657,0.04268952663225961,0.0003059406421734565
342,0.030408610728378485,0.02158073147715564,0.042611924323261385,0.0003054943865705675
343,0.030380317115383786,0.021568337575158435,0.042534672897047376,0.0003050449608158752
344,0.030352151513487097,0.021556004508417735,0.04245777380963228,0.00030459224314290535
345,0.030324113450083148,0.021543731620417055,0.04238122877802917,0.0003041360740602574
346,0.030296201125743147,0.021531516817031124,0.042305039723017565,0.0003036763641085096
347,0.03026841349839043,0.02151935890643624,0.042229208431477136,0.00030321290565876404
348,0.030240750861684186,0.02150725819380665,0.04215373639858452,0.00030274538816063166
349,0.03021321235470065,0.021495213549969208,0.0420786249250588,0.0003022738197196823
350,0.030185796644772302,0.02148322321483323,0.04200387500300508,0.00030179842933805766
351,0.030158503851423005,0.021471287072420124,0.041929487132689014,0.0003013193524650808
352,0.030131334768984993,0.02145940582457121,0.04185546148755899,0.0003008366469019852
353,0.03010428891589566,0.021447578792510726,0.041781798239750235,0.0003003504754348863
354,0.03007736506007588,0.02143580454947563,0.04170849759953023,0.00029986099069420223
355,0.03005056283947058,0.021424082788026495,0.04163555968410566,0.0002993681146229518
356,0.030023882239981394,0.0214124136573383,0.04156298458052368,0.00029887166653835866
357,0.029997322837334812,0.021400796824404884,0.04149077254719344,0.0002983715034912392
358,0.029970882905039173,0.02138923051496157,0.04141892400297138,0.00029786758948332587
359,0.029944560817679555,0.02137771297564245,0.04134743917489826,0.0002973600070574526
360,0.029918356848550424,0.02136624455544972,0.041276317859359396,0.0002968487212288241
361,0.029892271414278866,0.02135482584697341,0.04120555970875652,0.00029633362555415315
362,0.02986630400560035,0.02134345641184398,0.04113516483023772,0.00029581462770882674
363,0.02984045214723034,0.021332133400441614,0.04106513345302475,0.0002952920561837723
364,0.029814715403630274,0.02132085631442598,0.04099546546846975,0.0002947659955103433
365,0.029789095214640546,0.021309626838242814,0.040926160497693105,0.0002942362768591113
366,0.029763591131546394,0.021298444461693024,0.04085721842607843,0.0002937029846376859
367,0.02973820118929207,0.021287306918832797,0.040788639409754864,0.0002931663885083031
368,0.029712925188764394,0.021276214031127737,0.04072042346271867,0.0002926264650929217
369,0.02968776398680626,0.021265166884854914,0.040652570511619274,0.0002920829996274922
370,0.02966271658861791,0.021254164424556493,0.04058508072017333,0.0002915360200267511
371,0.029637781131367606,0.021243204597513766,0.04051795428894733,0.000290985676064371
372,0.029612957373737904,0.021232287370930573,0.04045119102575575,0.00029043179765618173
373,0.02958824628766182,0.02122141439397598,0.0403847908356891,0.00028987372654801837
374,0.029563645479750943,0.021210583133779465,0.04031875386755915,0.00028931157245964647
375,0.029539152218874855,0.02119979058114414,0.040253079817272976,0.0002887456742761204
376,0.02951476779775564,0.02118903840778352,0.04018776734771686,0.0002881759204287495
377,0.029490493707658588,0.021178328509744136,0.04012281475775911,0.00028760224636263014
378,0.029466328052767707,0.021167658820913093,0.04005822070638541,0.0002870250905775323
379,0.029442269294534185,0.021157027755038874,0.039993983877128256,0.00028644476406966107
380,0.029418318686451526,0.02114643709672779,0.03993010274179364,0.0002858610413650054
381,0.029394476373449226,0.0211358873815382,0.03986657617047261,0.00028527375781650384
382,0.029370739818615137,0.021125376024127555,0.03980340363170709,0.0002846830681461633
383,0.029347108147068163,0.021114902546246796,0.039740584667276445,0.0002840886673660758
384,0.02932358161974823,0.021104467651283362,0.03967811870419212,0.00028349022762644234
385,0.02930015863028094,0.021094069695718896,0.039616005169732744,0.0002828879006154951
386,0.029276837860366035,0.02108370727475903,0.03955424311606822,0.00028228196239335994
387,0.02925362015580172,0.021073381512549505,0.03949283098047618,0.00028167244715697926
388,0.029230506023237308,0.02106309316011656,0.03943176711338387,0.00028105944044397324
389,0.02920749418019468,0.021052840915950465,0.039371050171513926,0.0002804432299414287
390,0.029184583876768627,0.021042624196111536,0.03931067885430761,0.0002798239097955682
391,0.029161775895690512,0.021032444284566933,0.039250651871834276,0.00027920123675672216
392,0.029139069621463627,0.021022300902138528,0.03919096840099758,0.0002785750391255818
393,0.029116462436523858,0.021012191332949817,0.03913162789109725,0.0002779455253545905
394,0.029093953957260173,0.021002115438235422,0.039072629237362135,0.0002773126715523219
395,0.0290715452978471,0.02099207479537106,0.03901397084603841,0.00027667633326835503
396,0.029049235483974447,0.020982068443541623,0.03895565128961679,0.00027603678250946425
397,0.029027022939858056,0.02097209471208082,0.038897669145620054,0.0002753943986532242
398,0.029004908221922674,0.020962154546649747,0.038840022609710305,0.0002747491533308653
399,0.028982891838333014,0.020952248909131353,0.03878270996079756,0.0002741009370421487
400,0.028960972268847404,0.020942376371470537,0.0387257299731997,0.0002734499027369238
401,0.028939148450254328,0.02093253606252109,0.038669081469418026,0.0002727960938496319
402,0.028917420929927176,0.020922729023150826,0.038612763062448235,0.0002721392942867017
403,0.028895789373170465,0.020912955178003206,0.038556773569066,0.00027147948135405767
404,0.02887425229078107,0.020903213001604755,0.038501112028305626,0.0002708168835151886
405,0.02885280938931959,0.020893502383272363,0.03844577722397237,0.00027015156125275266
406,0.028831461107032445,0.020883824106783976,0.0383907677475927,0.00026948345072992744
407,0.028810206597626075,0.02087417743606491,0.03833608238560501,0.0002688126844401624
408,0.02878904473737925,0.02086456134210507,0.03828171992679955,0.0002681394099142686
409,0.028767975627651196,0.020854976318906284,0.03822767886058345,0.00026746353662821887
410,0.028746999235980498,0.020845422709918963,0.03817395765362104,0.00026678499533732965
411,0.02872611448039338,0.020835899605882256,0.03812055495794655,0.00026610388292181304
412,0.02870532138706656,0.020826407463455134,0.03806746948075899,0.0002654200274596265
413,0.028684619213622337,0.020816945677127986,0.03801470011553832,0.0002647335133866871
414,0.028664006997706524,0.02080751332389355,0.03796224576422244,0.0002640445209684866
415,0.028643484875942742,0.020798110801741872,0.03791010508159868,0.0002633530578811344
416,0.028623052911677653,0.020788738423616115,0.03785827676495071,0.0002626591350713984
417,0.028602710241640336,0.020779395383420957,0.037806759786223984,0.00026196290097458186
418,0.028582456373861174,0.020770081344756577,0.03775555313649463,0.00026126440180567026
419,0.028562291454345894,0.020760796758710048,0.037704655758950635,0.0002605635438457212
420,0.028542215010697255,0.02075154130219393,0.03765406680273132,0.0002598603479570592
421,0.02852222622189055,0.02074231419331436,0.03760378553305169,0.00025915492196585267
422,0.02850232498784272,0.020733115508693355,0.037553811054474605,0.00025844726825444223
423,0.02848251129608718,0.020723945416255357,0.03750414242888229,0.00025773739405536615
424,0.02846278450426892,0.02071480330538988,0.03745477883482711,0.00025702543191361737
425,0.028443144172987423,0.020705688832230805,0.03740571937604692,0.00025631146554723163
426,0.028423590347866973,0.020696602280556677,0.037356963014747134,0.00025559546436087046
427,0.028404122675286497,0.020687543463877064,0.03730850878451203,0.0002548774545070251
428,0.02838474051283301,0.02067851184771921,0.037260355770775376,0.00025415751095872485
429,0.028365443693916602,0.02066950748427158,0.0372125029293098,0.0002534356237830598
430,0.028346232125405033,0.02066053050085727,0.03716494919101887,0.00025271178634398887
431,0.028327105289088522,0.020651580472031753,0.03711769360328511,0.00025198609639974674
432,0.028308062824613206,0.020642657148439176,0.03707073520667359,0.0002512586348393093
433,0.02828910471179076,0.020633760694826746,0.03702407300533537,0.00025052941589694236
434,0.028270230648844336,0.020624890921491727,0.03697770613724108,0.0002497984999043932
435,0.028251440156322607,0.020616047416960912,0.03693163385275983,0.00024906596880972876
436,0.028232733086448386,0.02060723018564047,0.03688585537376386,0.0002483318260551447
437,0.028214109303275278,0.020598439241447247,0.03684036996056514,0.0002475960697150004
438,0.028195568389845316,0.020589674231235946,0.03679517697580915,0.0002468587634475414
439,0.028177110087957313,0.02058093498355048,0.03675027575740236,0.00024611995292636156
440,0.028158734354929514,0.020572221582844094,0.03670566559652912,0.0002453796527795948
441,0.028140440932344763,0.02056353383125087,0.03666134585535851,0.00024463793002219415
442,0.028122229488962407,0.020554871436512807,0.03661731593142888,0.00024389486616382188
443,0.028104099919524422,0.020546234398263134,0.03657357517241361,0.00024315048677856537
444,0.028086052055825154,0.02053762264584657,0.03653012294920638,0.00024240482013730962
445,0.02806808554505647,0.02052903588122927,0.03648695868181871,0.00024165792746345393
446,0.028050200183129103,0.020520473997502963,0.03644408173511741,0.00024090983860266114
447,0.028032395867980592,0.020511937014740904,0.036401491426024446,0.00024016056803479724
448,0.028014672337428,0.020503424741531346,0.03635918710361227,0.00023941017517419924
449,0.027997029353162558,0.020494937008590793,0.0363171681075202,0.00023865872306772737
450,0.027979466831463864,0.020486473839057166,0.036275433743203314,0.00023790624376603527
451,0.02796198459396332,0.020478035133136643,0.03623398336934009,0.0002371527869586575
452,0.027944582371941355,0.02046962067540122,0.03619281640461728,0.00023639841561667914
453,0.027927260020221004,0.020461230410156135,0.03615193226011597,0.00023564315804167402
454,0.027910017396514063,0.020452864285000538,0.03611133036556648,0.00023488703840023002
455,0.02789285424671922,0.020444522099534925,0.03607101019258093,0.00023413010866810894
456,0.027875770390871343,0.020436203742774554,0.036030971185526874,0.000233372410991414
457,0.02785876572964416,0.02042790920191224,0.03599121275288884,0.00023261397715415152
458,0.02784184007587597,0.02041963834599153,0.035951734322521564,0.00023185486538012336
459,0.027824993240662774,0.020411391040365906,0.03591253532072633,0.00023109513615159974
460,0.02780822512267379,0.02040316726650199,0.035873615149215964,0.0002303348263286063
461,0.027791535566330856,0.02039496693973898,0.03583497323480001,0.00022957397963187278
462,0.027774924359139,0.020386789905438858,0.035796609028930795,0.0002288126479139825
463,0.027758391359880213,0.02037863610511344,0.03575852195717781,0.0002280508633312088
464,0.027741936428168253,0.020370505482951873,0.03572071143253733,0.00022728865870891356
465,0.02772555936051561,0.020362397900590707,0.03568317686910205,0.0002265260861044932
466,0.027709259999651667,0.02035431328051957,0.03564591763999058,0.00022576319113398047
467,0.027693038226054803,0.020346251596625516,0.035608933080490277,0.00022500001333123073
468,0.02767689386314979,0.02033821275085402,0.03557222252697574,0.00022423660690062226
469,0.0276608267400226,0.020330196656648775,0.03553578530249056,0.0002234730228757128
470,0.02764483673070366,0.020322203291058206,0.035499620708782764,0.00022270929788889928
471,0.02762892366904529,0.02031423258093646,0.03546372806087399,0.00022194547593403188
472,0.027613087368537216,0.020306284427221682,0.03542810668055074,0.0002211816052053838
473,0.02759732768762347,0.020298358790613313,0.03539275586921353,0.00022041772316745177
474,0.027581644471579424,0.020290455614250715,0.03535767492503645,0.00021965387232142057
475,0.027566037534867003,0.020282574800953943,0.03532286314568942,0.0002188901047751725
476,0.02755050672531222,0.02027471630077657,0.0352883198003137,0.00021812646447290764
477,0.02753505189478479,0.020266880073872066,0.03525404413799109,0.0002173629933145067
478,0.02751967285935367,0.020259066038079986,0.03522003540203461,0.0002165997408667628
479,0.027504369450914425,0.02025127413840377,0.0351862928088221,0.00021583675074623155
480,0.027489141515917602,0.02024350434495222,0.03515281554723423,0.00021507406151853595
481,0.027473988869990904,0.02023575659080397,0.03511960279661474,0.00021431171986398476
482,0.02745891133158963,0.02022803081674069,0.03508665371335198,0.0002135497721785433
483,0.027443908738980814,0.020220326994464268,0.03505396742397441,0.0002127882597216612
484,0.027428980907580357,0.020212645069340812,0.035021543043377595,0.00021202722956402523
485,0.02741412763750751,0.02020498498100379,0.03498937966939239,0.00021126672262523812
486,0.027399348888431974,0.02019734695299379,0.03495747642240436,0.0002105066509573122
487,0.02738464422990665,0.02018973063396806,0.034925832664269324,0.0002097470630847209
488,0.02737001308760239,0.020182135465446,0.03489444765004352,0.00020898809214768045
489,0.027355455691088233,0.02017456199706579,0.03486332009259399,0.00020822967550364124
490,0.027340971912428968,0.0201670102915796,0.034832448732426746,0.00020747187436401916
491,0.027326561249691142,0.020159479892728722,0.034801832457618295,0.0002067148654387583
492,0.02731222382045895,0.02015197119423673,0.03477146995517649,0.00020595863518692452
493,0.027297959559800324,0.020144484331726706,0.03474136013824931,0.0002052032004237589
494,0.02728376791288774,0.020137018752562432,0.03471150230139084,0.0002044487000471408
495,0.02726964878588411,0.02012957454181217,0.03468189561909984,0.00020369512025197206
496,0.02725560210127059,0.02012215181519818,0.03465253925470849,0.00020294243513071096
497,0.02724162733417987,0.02011475007802395,0.03462343248851668,0.00020219075845258496
498,0.02722772431284602,0.020107369352267104,0.03459457425934153,0.00020144010871060987
499,0.027213893016282124,0.020100009901182762,0.034565963232280915,0.00020069046864318066
500,0.02720013302022299,0.020092671447759947,0.03453759810248785,0.00019994195196547542
501,0.02718644412656871,0.020085354069423276,0.03450947736569466,0.00019919458400650394
502,0.027172826378708603,0.020078058186581985,0.03448159949187963,0.00019844829375069022
503,0.02715927902213344,0.02007078308627271,0.03445396330568128,0.00019770327472447405
504,0.027145801919378133,0.02006352893355668,0.03442656726253558,0.00019695953331433627
505,0.027132395149029015,0.02005629620405513,0.03439940966960117,0.00019621701105364806
506,0.027119058072117314,0.020049084344442213,0.034372489221313064,0.0001954758834124853
507,0.027105790468903445,0.020041893394007682,0.034345804422261546,0.00019473619044345193
508,0.027092592403164542,0.020034723796817092,0.034319353669584,0.00019399787243064946
509,0.027079463309764303,0.020027575088780097,0.03429313576443417,0.00019326106809737045
510,0.027066402887396167,0.020020447184433975,0.03426714940172228,0.00019252582261773828
511,0.027053411143018454,0.02001334045112506,0.03424139310056824,0.00019179207177975012
512,0.0270404875582499,0.020006254503929122,0.034215865643129506,0.00019105992569487472
513,0.027027631781823765,0.019999189212767776,0.03419056564179761,0.0001903294406964679
514,0.027014843774312153,0.01999214492131231,0.03416549142129993,0.00018960056873985694
515,0.027002123065981945,0.019985121363024667,0.03414064145682759,0.00018887341159175912
516,0.026989469285793374,0.019978118431862438,0.03411601407654443,0.00018814803862204877
517,0.02697688234924862,0.019971136459255016,0.0340916073676218,0.00018742441646924134
518,0.026964361812262503,0.019964175257332,0.034067419608565595,0.00018670263321738027
519,0.026951907282041974,0.01995723471826164,0.03404344904702998,0.0001859827543743375
520,0.026939518619016403,0.019950315113081867,0.034019693783554364,0.000185264749223663
521,0.02692719538635769,0.01994341627136933,0.033996152129612774,0.00018454868906580743
522,0.02691493717863095,0.019936538067871157,0.03397282239317381,0.00018383463212503105
523,0.02690274381454647,0.01992968071453328,0.03394970273318305,0.00018312255337658297
524,0.026890614868787834,0.019922844060371717,0.03392679145714841,0.00018241251698643518
525,0.02687854993990187,0.01991602799353998,0.03390408683430146,0.0001817045795016019
526,0.02686654881706033,0.01990923269649776,0.03388158697180505,0.00018099872620155639
527,0.026854611081557487,0.019902458043788207,0.03385929009153446,0.0001802950194623853
528,0.02684273633323494,0.019895703943678518,0.03383719437966118,0.00017959351362418298
529,0.026830924326456985,0.019888970547409447,0.03381529789036035,0.0001788942009754678
530,0.02681917463454808,0.01988225773717435,0.03379359879014299,0.00017819713934513035
531,0.026807486850968273,0.019875565433000345,0.033772095213587185,0.00017750237525048944
532,0.026795860693771257,0.019868893755731424,0.03375078517817545,0.00017680990240474316
533,0.026784295725666346,0.019862242595774827,0.033729666789218495,0.00017611977204782134
534,0.026772791536150163,0.01985561189552948,0.03370873809929828,0.00017543202076102885
535,0.02676134785941962,0.019849001847147003,0.033687997059188,0.00017474660043501785
536,0.026749964130114698,0.01984241217387798,0.033667441813045304,0.00017406359362765456
537,0.026738639970864876,0.019835842886673484,0.03364707028374188,0.0001733830274430163
538,0.02672737513183186,0.01982929419498475,0.033626880233141254,0.0001727048902188549
539,0.026716169086571793,0.019822765874105454,0.033606869635448205,0.00017202928537669816
540,0.02670502147409661,0.019816257964937783,0.03358703635862892,0.0001713562374330448
541,0.026693931988636392,0.019809770603948854,0.033567378274396875,0.00017068572980816118
542,0.026682900086322812,0.019803303553292906,0.03354789350802823,0.00017001783142426026
543,0.02667192538703042,0.019796856836789303,0.033528580067843705,0.00016935253667237793
544,0.02666100753355372,0.01979043051594777,0.033509435922208126,0.00016868983316432475
545,0.02665014599416145,0.019784024373183818,0.03349045914282042,0.00016802979241354807
546,0.026639340403811117,0.01977763846599383,0.03347164758171879,0.00016737242147352808
547,0.026628590383228914,0.019771272842628942,0.0334529990322625,0.00016671773414747137
548,0.026617895417929853,0.019764927347131978,0.03343451136238284,0.00016606579832130442
549,0.02660725513793536,0.01975860207341039,0.03341618227757111,0.00016541660901074894
550,0.026596669121342287,0.01975229704087118,0.033398009523600405,0.00016477017575102786
551,0.026586136853647965,0.01974601211905222,0.033379990941823645,0.00016412654623101496
552,0.026575657950895764,0.019739747390075935,0.03336212425375288,0.0001634857100692529
553,0.026565231961708572,0.019733502821426097,0.03334440724961017,0.00016284769036044127
554,0.026554858388062225,0.019727278300798637,0.033326837765594135,0.00016221253414476188
555,0.026544536841266668,0.019721073900419862,0.033309413519321755,0.00016158023698245716
556,0.026534266851792217,0.019714889563399313,0.033292132302020015,0.00016095082798890428
557,0.026524047936840676,0.019708725216303038,0.03327499191234783,0.00016032433806807122
558,0.026513879693508113,0.01970258092519247,0.033257990057650684,0.0001597007567855074
559,0.026503761634654996,0.01969645661575189,0.033241124531269435,0.0001590801126492137
560,0.026493693289167546,0.019690352240160785,0.033224393106833956,0.0001584624276399676
561,0.026483674233368674,0.019684267837319143,0.03320779349624992,0.00015784769679954338
562,0.0264737040096584,0.01967820342120706,0.03319132353048514,0.0001572358823543117
563,0.02646378203432372,0.019672158766039706,0.033174981249018166,0.000156627018480379
564,0.026453907799526225,0.019666133780952694,0.033158764448524364,0.0001560211288686579
565,0.026444080958175208,0.019660128665739792,0.03314267057250643,0.00015541817793413083
566,0.026434300963578645,0.01965414327762451,0.03312669721127933,0.00015481824369826744
567,0.026424567385664555,0.019648177670134236,0.033110841838464196,0.00015422134783748086
568,0.026414879838552587,0.019642231960809272,0.03309510199204432,0.00015362747933445132
569,0.02640523775614377,0.01963630593230766,0.03307947560392366,0.0001530367030513748
570,0.02639564070401975,0.019630399585945774,0.033063960592219485,0.00015244899963008115
571,0.026386088216981397,0.019624512866322517,0.033048554982463285,0.00015186435416622384
572,0.0263765797025163,0.019618645542599795,0.033033256901585525,0.000151282779599397
573,0.02636711489748488,0.019612798061091674,0.03301806426767184,0.0001507039828588358
574,0.026357692761894782,0.019606969412142877,0.03300297578956362,0.00015012819183917803
575,0.026348313116539644,0.019601160136926754,0.03298798858291231,0.0001495552630304274
576,0.026338975617670186,0.01959537048787991,0.03297309962852595,0.00014898520408508135
577,0.026329679427274995,0.01958959981621761,0.0329583064829822,0.00014841831446094574
578,0.026320424471768876,0.01958384886337799,0.03294360577273332,0.00014785445384421684
579,0.026311210165869618,0.019578117417574436,0.03292899517598256,0.00014729371309867186
580,0.026302035813188483,0.019572405022964968,0.032914472950056395,0.00014673620021223716
581,0.026292901260583233,0.01956671218847399,0.03290003689760344,0.000146181692588554
582,0.026283805763859924,0.019561038293207225,0.032885685871214224,0.00014563029640985182
583,0.026274748823397715,0.01955538315939555,0.0328714183437466,0.00014508199525284208
584,0.026265730180155777,0.01954974708775903,0.03285723221080022,0.0001445366502367053
585,0.026256749074493747,0.019544129488824637,0.032843125829134054,0.00014399441984229834
586,0.026247805160320502,0.0195385306159977,0.032829096584282076,0.00014345522746639139
587,0.026238898010104206,0.01953295065734657,0.03281514171308304,0.00014291901014102794
588,0.026230027001670136,0.01952738946521966,0.03280125887599309,0.00014238576125185753
589,0.02622119150503292,0.019521846832407045,0.032787445632829565,0.00014185554605996136
590,0.026212391266789287,0.019516323235083045,0.032773698869642785,0.00014132825777768532
591,0.026203625629904914,0.019510818321586663,0.03276001622939022,0.00014080406244020875
592,0.02619489415805263,0.01950533212600856,0.03274639520324313,0.00014028299139544426
593,0.02618619650547777,0.01949986483417098,0.03273283341858061,0.00013976498759066518
594,0.026177531999537037,0.019494415970540004,0.03271932937874985,0.00013925015324706204
595,0.02616890028150369,0.019488985658454992,0.032705881264247665,0.0001387383701991609
596,0.02616030085715449,0.019483573740465554,0.0326924875828165,0.00013822960012563668
597,0.026151733123107465,0.01947817983474528,0.03267914698165953,0.00013772389203027923
598,0.026143196747705145,0.019472804115617356,0.03266585741501023,0.00013722114908574517
599,0.0261346911548765,0.019467446304125596,0.032652617025311186,0.00013672144568866696
600,0.02612621585498175,0.01946210634341017,0.03263942353682218,0.00013622480420714408
601,0.026117770460412613,0.019456784432475102,0.03262627428328167,0.0001357311712811753
602,0.026109354363529187,0.019451480350193246,0.03261316694579917,0.0001352406241761087
603,0.02610096715031622,0.019446194266557516,0.032600098873131686,0.0001347531091323672
604,0.026092608344472294,0.019440926193398253,0.03258706768131373,0.0001342686148112934
605,0.026084277386895883,0.01943567592346629,0.03257407136324145,0.00013378719078130507
606,0.026075973894140583,0.0194304435691595,0.032561107763440386,0.0001333087722930077
607,0.026067697326852934,0.019425228890352243,0.03254817521034161,0.00013283339443237262
608,0.026059447201444933,0.019420031752904243,0.03253527200506085,0.00013236104752851913
609,0.026051223097038043,0.019414852160164368,0.03252239631549083,0.00013189167377550926
610,0.026043024459690135,0.019409689843351455,0.03250954653559532,0.00013142530921961547
611,0.026034850868898767,0.0194045448224616,0.03249672068325468,0.00013096190978622712
612,0.02602670185293766,0.019399417010436484,0.03248391681053052,0.0001305014803950709
613,0.0260185769043557,0.0193943062416005,0.032471133013671584,0.00013004406002088424
614,0.02601047561694608,0.019389212569155493,0.03245836716585559,0.00012958961461947093
615,0.02600239747283808,0.019384135809107174,0.03244561743487862,0.0001291381767551855
616,0.025994342007414174,0.01937907589807068,0.032432881917582895,0.00012868972582691474
617,0.025986308768247212,0.01937403280329583,0.032420158719171734,0.00012824422111703713
618,0.025978297230971503,0.01936900633131783,0.03240744613350939,0.0001278016729517946
619,0.025970306963715793,0.019363996484418534,0.03239474222793089,0.00012736203371108032
620,0.025962337480352395,0.01935900313380293,0.03238204518998419,0.00012692530855262514
621,0.025954388304689904,0.019354026161277744,0.03236935318472653,0.00012649150646685248
622,0.0259464590083288,0.019349065547782818,0.03235666428049921,0.00012606060444614466
623,0.025938549093252623,0.01934412111125553,0.03234397677323404,0.00012563262735028002
624,0.025930658118553676,0.01933919279206613,0.03233128888281921,0.00012520754992370305
625,0.02592278562067055,0.01933428047139095,0.03231859895866337,0.00012478535754692927
626,0.025914931115069713,0.019329383972530475,0.03230590546352849,0.00012436604983354
627,0.025907094167994537,0.019324503227515995,0.032293206753036874,0.00012394958987116696
628,0.025899274294486272,0.019319638047219128,0.03228050131681227,0.00012353598390469207
629,0.025891471042961772,0.01931478832295616,0.032267787524004984,0.00012312521520461202
630,0.02588368396239973,0.019309953956169808,0.03225506369767337,0.0001227172666952476
631,0.025875912572703462,0.019305134789110577,0.032242328203411046,0.0001223121429106764
632,0.025868156436043937,0.019300330768700018,0.03222957926589037,0.00012190981416584676
633,0.025860415079115608,0.019295541756092247,0.03221681521710288,0.00012151027960278427
634,0.02585268804522603,0.01929076764273937,0.03220403437514799,0.00012111352745706438
635,0.025844974888353703,0.019286008333073017,0.032191235079276466,0.00012071953942539181
636,0.025837275139872,0.019281263654753928,0.032178415809351234,0.00012032832324782374
637,0.02582958839749434,0.019276533584498576,0.0321655750212713,0.00011993980874150381
638,0.025821914111405313,0.019271817753886377,0.032152711621329697,0.0001195540332529957
639,0.0258142518984303,0.019267116182331605,0.03213982394033278,0.00011917092803213516
640,0.025806601290870097,0.01926242867059093,0.0321269105084919,0.00011879051858078425
641,0.025798961824758708,0.01925775502694575,0.03211396982440405,0.00011841283293214901
642,0.02579133311279884,0.019253095258347216,0.03210100016885206,0.0001180378206812116
643,0.02578371463677966,0.01924844905272399,0.03208800031771479,0.00011766552051271292
644,0.025776105988269026,0.019243816372522475,0.0320749687678161,0.00011729586218333294
645,0.025768506691601707,0.019239197003716194,0.032061904288263214,0.00011692883023286949
646,0.025760916270563306,0.01923459071998233,0.032048805654626214,0.00011656441965573408
647,0.025753334316082007,0.01922999746290918,0.03203567136377876,0.00011620258041707443
648,0.02574576032830719,0.01922541694901412,0.032022500146147326,0.00011584335006360288
649,0.025738193896760325,0.01922084913962739,0.03200929034688238,0.00011548668775645725
650,0.025730634556386505,0.01921629387055214,0.031996040458391294,0.00011513259415610524
651,0.025723081842972822,0.019211750984715156,0.031982748977593366,0.00011478106273899107
652,0.025715535333082535,0.01920722042484853,0.031969414301403175,0.00011443204795337232
653,0.025707994534242294,0.019202701935634982,0.03195603514885078,0.00011408556883715516
654,0.025700459024591473,0.01919819543044761,0.0319426100449883,0.00011374158514620132
655,0.025692928335428213,0.019193700688045438,0.03192913772905375,0.00011340010157202324
656,0.025685402011759118,0.019189217522309534,0.031915616900453976,0.00011306110935878706
657,0.025677879620602143,0.01918474581274021,0.03190204616013819,0.00011272457583429576
658,0.025670360681966098,0.019180285319161557,0.031888424269050274,0.00011239050899448503
659,0.025662844769379564,0.019175835950377355,0.03187474976122562,0.00011205886675708495
660,0.02565533141131509,0.019171397492286364,0.03186102133855944,0.000111729651316837
661,0.025647820158123346,0.019166969788615172,0.03184723761363912,0.00011140284678035017
662,0.025640310562602676,0.019162552690715873,0.031833397184358674,0.0001110784350150681
663,0.025632802150633276,0.01915814597932042,0.03181949875111591,0.00011075642108967459
664,0.025625294485381873,0.019153749545183126,0.031805540848968326,0.00011043677040508113
665,0.025617787090812662,0.01914936317356535,0.03179152216918797,0.00011011948340972036
666,0.02561027951936353,0.01914498672910913,0.0317774412868211,0.00010980453289018198
667,0.02560277131204517,0.019140620039191567,0.03176329684093348,0.0001094919046669058
668,0.02559526200304818,0.019136262904739198,0.03174908752493555,0.00010918159332187434
669,0.0255877511465478,0.019131915179697916,0.031734811966922655,0.00010887357346535364
670,0.0255802382665559,0.019127576631807083,0.03172046893971484,0.00010856784680584755
671,0.025572722913148774,0.01912324710920296,0.03170605709550482,0.00010826438484485034
672,0.025565204614481,0.019118926403292998,0.03169157516679243,0.00010796317782951288
673,0.02555768290673579,0.019114614334355837,0.031677021825499356,0.00010766420728008285
674,0.025550157329439258,0.019110310735632536,0.031662395705064905,0.00010736745279374119
675,0.025542627407680103,0.019106015398713865,0.03164769549177619,0.00010707291061099955
676,0.02553509268535246,0.019101728172542718,0.03163291977618726,0.00010678055757229184
677,0.02552755268374294,0.01909744884196077,0.03161806725407822,0.00010649039096652466
678,0.02552000693852995,0.019093177240405875,0.03160313654888515,0.00010620238834704362
679,0.025512454973444253,0.019088913171570136,0.03158812633377418,0.00010591653511927849
680,0.025504896312275066,0.01908465644255827,0.03157303527117432,0.00010563281548193321
681,0.025497330504657748,0.019080406913924066,0.03155786196418597,0.00010535119789648766
682,0.025489757063179724,0.019076164372087822,0.03154260521569501,0.00010507164795290303
683,0.025482175469980484,0.01907192850274987,0.031527263891319345,0.00010479418896674305
684,0.025474585323606948,0.019067699336517856,0.03151183618444523,0.00010451875020004602
685,0.025466986066709576,0.01906347641733862,0.0314963210577479,0.00010424543782137619
686,0.025459377306462007,0.019059259821075224,0.031480716615949464,0.00010397416219688993
687,0.025451758490738902,0.019055049143260394,0.03146502185130038,0.00010370497721843086
688,0.025444129165491873,0.01905084430130852,0.03144923529355084,0.00010343780547318211
689,0.02543648882429921,0.01904664504616735,0.03143335578695331,0.00010317262074119761
690,0.025428836948957895,0.019042451084229667,0.03141738221939535,0.00010290942084915717
691,0.025421173086229265,0.019038262333942704,0.03140131302492907,0.00010264814730074407
692,0.025413496684409592,0.019034078413867044,0.0313851470463685,0.00010238886126884588
693,0.025405807305386226,0.01902989934407163,0.03136888234180604,0.00010213149295338365
694,0.025398104393747314,0.01902572479402823,0.031352517534832806,0.0001018760927525237
695,0.025390387482543065,0.019021554742128632,0.03133605071331627,0.00010162259775117612
696,0.025382656037239878,0.019017388944363247,0.03131948038965835,0.00010137101494496079
697,0.025374909547548077,0.019013227224317374,0.03130280499800524,0.00010112132362965448
698,0.02536714750999823,0.019009069417704794,0.03128602297300027,0.00010087349769338418
699,0.025359369379835767,0.01900491522238601,0.03126913299078843,0.00010062755929206983
700,0.025351574644418975,0.019000764553754403,0.03125213330855419,0.00010038342895373418
701,0.025343762560753366,0.018996617341257488,0.031235022715041718,0.00010014067648753625
702,0.02533593235606194,0.01899247282870663,0.03121780172887218,0.0000998991815808737
703,0.025328083433713604,0.018988330673499247,0.031200469168691652,0.00009965892647602676
704,0.025320215399693115,0.018984191255020055,0.0311830215794898,0.00009941982877510148
705,0.02531232750801472,0.018980053760951437,0.03116545718440968,0.00009918231018134651
706,0.025304419521427087,0.018975919147798465,0.03114777111453586,0.00009894615072144937
707,0.02529649058486466,0.01897178617304584,0.03112996326846669,0.00009871175812548521
708,0.02528854043249745,0.018967655551364298,0.031112030860921718,0.00009847870894880881
709,0.025280568205130093,0.018963525800159538,0.031093975913636166,0.00009824722224331995
710,0.025272573534930665,0.018959397108936744,0.031075797552533105,0.00009801691548729824
711,0.025264555672750832,0.018955268376629187,0.031057496926542756,0.00009778791081309231
712,0.025256514131451302,0.01895113961322181,0.031039072268718385,0.00009756006448581534
713,0.025248448301999807,0.01894701064113161,0.0310205211978182,0.00009733342130455998
714,0.025240357571367174,0.01894288147978784,0.03100184021152922,0.00009710804927349032
715,0.025232241438113274,0.018938752647602024,0.030983024558433245,0.00009688387882460171
716,0.02522409918500246,0.018934623828822782,0.030964071285511076,0.00009666109907746126
717,0.025215930375126164,0.01893049556814544,0.03094497637970821,0.00009643953103908592
718,0.025207734228061773,0.01892636697265208,0.03092573929903567,0.00009621939560256088
719,0.02519951032877417,0.01892223836215454,0.030906357737742418,0.0000960004190711436
720,0.025191257877100783,0.01891810860507912,0.03088683244802902,0.00009578278241585799
721,0.025182976446255303,0.018913978028984355,0.030867161248353057,0.00009556616760033805
722,0.02517466521359168,0.018909845593148993,0.03084734415338017,0.00009535078976665362
723,0.025166323776625473,0.018905711921937934,0.030827377357768353,0.00009513638313386841
724,0.025157951308823104,0.018901576140899472,0.030807259528429262,0.00009492326223777864
725,0.02514954740304184,0.018897439013453914,0.030786985903777066,0.00009471120883251574
726,0.025141111219475227,0.018893299715406358,0.030766554906554004,0.00009450052275806799
727,0.02513264231792867,0.018889158945320325,0.03074596218912811,0.00009429093478272213
728,0.0251241398413427,0.01888501580829397,0.030725206839933763,0.00009408266506197713
729,0.025115603325668694,0.01888087087424573,0.030704285220098326,0.00009387540740329974
730,0.025107031910866717,0.018876723175027282,0.030683196785016603,0.00009366937883611386
731,0.025098425133521993,0.018872573259206524,0.0306619378338523,0.00009346430754500793
732,0.02508978212807554,0.018868420161214934,0.030640507507878487,0.00009326046528490994
733,0.025081102440036505,0.018864264553732444,0.030618901470212484,0.00009305759226156434
734,0.02507238517186255,0.018860105450528387,0.030597118638961272,0.00009285599354190678
735,0.025063629885485758,0.018855943676843685,0.030575154278430956,0.00009265535295588002
736,0.025054835624395585,0.018851778045088835,0.030553007831684815,0.00009245601296978495
737,0.02504600199342131,0.0188476095416502,0.030530674424074783,0.0000922575669561511
738,0.025037127948132638,0.018843436614737197,0.030508154421200678,0.00009206044915530405
739,0.025028213177014,0.01883926060890228,0.030485442227927637,0.00009186412252619579
740,0.025019256498820783,0.018835079514782617,0.030462539007872623,0.00009166918246363984
741,0.025010257746810517,0.018830895384092505,0.03043943738966074,0.00009147488478586333
742,0.02500121552587225,0.018826705491115807,0.030416139682215088,0.00009128209831342551
743,0.02499212991860116,0.018822512976001845,0.030392635952130913,0.00009108975217313226
744,0.024982999187897106,0.01881831378928905,0.030368931148301304,0.000090899168947796
745,0.024973823838520134,0.01881411274455495,0.03034501187257238,0.00009070871945070859
746,0.02496460156133817,0.018809903487945413,0.030320888093857797,0.00009052045462119969
747,0.024955333579218416,0.018805693686764446,0.030296540622983523,0.00009033176785726728
748,0.024946016604574836,0.018801473108309815,0.030271987746350662,0.00009014594699488878
749,0.024936653117839117,0.01879725449445677,0.030247199552935065,0.00008995871279533599
750,0.02492723812602088,0.018793020890868088,0.030222208366962943,0.00008977556176020006
751,0.02491777636437666,0.018788794131481844,0.030196964725880824,0.00008958928771865263
752,0.02490825978106191,0.01878454515890269,0.03017152629853598,0.00008940936245202457
753,0.024898697232278652,0.018780312331397934,0.030145808257912972,0.0000892232492981229
754,0.024889075026379742,0.01877604418393122,0.030119915804095024,0.00008904768162951783
755,0.02487940972323342,0.018771809809371574,0.03009369863580832,0.0000888601867001816
756,0.024869676983801606,0.018767515365072155,0.030067352451214314,0.00008869112848658904
757,0.024859908117684446,0.018763288600780907,0.030040601772417755,0.00008849916241998567
758,0.024850058212026436,0.018758953866563878,0.03001381735717336,0.00008834087402788589
759,0.02484018748328784,0.01875475357445116,0.02998647821403013,0.0000881382660306537
760,0.024830210338569816,0.018750350626656566,0.029959301268700507,0.00008799945817314536
761,0.02482024498427196,0.01874621655493696,0.029931273934344936,0.00008777364246601144
762,0.02481012363449237,0.018741688502554327,0.02990381363190482,0.00008767240555707428
763,0.024800083647313842,0.01873770589438339,0.029874902936250117,0.00008739716568042757
764,0.024789787925605638,0.01873293474378005,0.029847407403491285,0.00008737170112732882
765,0.024779724996843066,0.018729291434191123,0.029817211831065758,0.00008699119643879186
766,0.02476920362335396,0.01872403243913815,0.02979023734542561,0.00008712371513068648
767,0.024759257949433906,0.018721161540495558,0.029757898185620392,0.0000865167718142692
768,0.02474845116532127,0.018714924660022617,0.02973269419338009,0.00008698766662263573
769,0.024739051510362844,0.018713900212250483,0.02969632286102347,0.00008588672590766499
770,0.024728075883715676,0.018705830754735024,0.02967572937248696,0.0000870992544832573
771,0.024720760597492793,0.018709635202724444,0.02963110246576543,0.00008490490161526286
772,0.0247111450781601,0.018699034011892657,0.029621674970059308,0.00008777607225558007
773,0.02471229247325555,0.018717283324221318,0.029559335795034142,0.00008314199002740365
774,0.02471376752353514,0.018708743989157037,0.02957631243667716,0.00008976104704266951
775,0.024750654276736332,0.018775653888972933,0.02947606230838304,0.00007978792608678823
776,0.024806558455229867,0.018801552941414626,0.029552416834539283,0.0000945221469073858
777,0.02495271959296541,0.019002415106952844,0.029380121278550577,0.00007428023030245107
778,0.025084699090715996,0.019072188349071234,0.02955351653284319,0.00010180743507612469
779,0.025156708511435966,0.0192260148656076,0.02929987385546871,0.00007071887473462415
780,0.024923915039135314,0.018930880100036896,0.029474074353379395,0.00009822006842253832
781,0.024661527580793104,0.018721804620468498,0.02930084702950295,0.0000795535544240181
782,0.02462953332029412,0.01869432556514012,0.029273364477660154,0.0000805348596219686
783,0.024788446793552892,0.018823751290633045,0.02934741468415336,0.0000952125660891738
784,0.024847733624145912,0.01894368831804523,0.029151230027900783,0.00007379930052052543
785,0.024663697433333954,0.01872275206238006,0.029246510756923822,0.0000916432195691259
786,0.024552939135139944,0.018637762347499857,0.029155571765830644,0.00008406243447395464
787,0.024644049513441908,0.018752106583111515,0.029073560215643758,0.00007723088720164199
788,0.024688927597576783,0.01876344339142004,0.029161527394711343,0.00009317872721447566
789,0.024610273467801543,0.018731148546437,0.02900946340951361,0.00007723223946182096
790,0.024507655666579246,0.01861982704129897,0.029022361270791178,0.00008335637112204147
791,0.024548288811856476,0.01865418503969595,0.02902835715640647,0.00008843234087923068
792,0.024602549445047073,0.018746560130567917,0.028900134080569358,0.00007596249836528519
793,0.02451986718068994,0.018640710817937976,0.02895691293386839,0.00008777377597828399
794,0.02446155748867943,0.018602507741504088,0.028882614425654592,0.00008252686204442173
795,0.024496765743527833,0.018656197248773067,0.02881332744216804,0.00007790300632115777
796,0.0245045651506348,0.01864441499473974,0.028859909120783688,0.00008816833173832096
797,0.02445704806075344,0.018629285806455145,0.028746967883396295,0.0000783686776190354
798,0.02441533988162237,0.018587966710914287,0.02873151569318777,0.00008107003207053013
799,0.02443093877329563,0.018599316680109893,0.028730099676385006,0.00008560215790874021
800,0.02444169593190475,0.018640223468572137,0.02862286740957865,0.00007689898141688418
801,0.024387598594185506,0.018576093122722022,0.028638969790073843,0.0000837115134487155
802,0.024365964367885164,0.01856637563027071,0.0285878792576607,0.00008201288608231336
803,0.02438273920409754,0.01860226769707742,0.02851483330119431,0.0000775048467812574
804,0.024365077653519824,0.018573751815185738,0.028534519601263904,0.00008442191808130424
805,0.024334977524143042,0.01856563440709646,0.028452301586174056,0.00007888279981176873
806,0.024319080540206397,0.018556642844103848,0.028416565083426982,0.00007912467941715202
807,0.024318304941139332,0.018552950310478385,0.028411045584137658,0.00008314551383341804
808,0.024309869350136674,0.018568439329584224,0.02832110161768496,0.00007720969701545603
809,0.024277370756326567,0.018534609565386002,0.02830964630024953,0.00008083193089065469
810,0.024265090360261563,0.01853060911560411,0.028267882508463637,0.00008090474296472622
811,0.024266696936751694,0.0185508896772213,0.028193465344322897,0.00007711419066581402
812,0.02424485291664875,0.018525536142497245,0.028188560855213353,0.00008160460310883593
813,0.024224964681775766,0.018522213904062765,0.028120663597646176,0.00007861805818376733
814,0.02421432292348331,0.01852196508553344,0.028072104679270436,0.0000779369020957842
815,0.02420341965004963,0.018511416727502162,0.02805500993304133,0.00008100093593919826
816,0.02419139154750768,0.018518678997725253,0.027978015080186505,0.00007710953374512684
817,0.024168894738305365,0.01849992734280951,0.02794979240282395,0.00007900891493106766
818,0.024156362220924366,0.01849502735881959,0.027909085786367586,0.00007951770483125944
819,0.02414984491435039,0.018505282459704807,0.0278392556656563,0.00007671132151432182
820,0.0241297800639517,0.018486655186379868,0.02781779945436422,0.00007956498669899005
821,0.024113611764313387,0.018484549189187613,0.02775615656234798,0.00007783126265617782
822,0.02410169551461886,0.018484063900640196,0.027702672014294636,0.00007709721111973965
823,0.02408720730313358,0.01847339218703363,0.027673163031497906,0.00007918250980036862
824,0.02407426489008473,0.018477170725497795,0.027602398313273487,0.00007661450193223684
825,0.024055470864819045,0.018465080905496586,0.027563275558652133,0.00007773484759203512
826,0.02404119384100857,0.018459697256445615,0.02751701807953551,0.0000780929686558519
827,0.024030747378703067,0.01846445860066389,0.02745051939910582,0.00007618489821801384
828,0.024012098091966666,0.018450726847692004,0.027416734274785942,0.00007802438931747502
829,0.023996930329307102,0.018448936199253488,0.027355885924315784,0.00007681694519045808
830,0.0239829458039247,0.018446335992002832,0.0273013012237729,0.00007634956716728963
831,0.023967063989099154,0.01843709887009042,0.027261728592783467,0.0000776194004520409
832,0.023953566374230805,0.018438785518213173,0.027194614822492448,0.00007585789151914157
833,0.0239356788963379,0.01842909771292504,0.027149625376213498,0.0000766561081701617
834,0.023920240537313803,0.01842412786778852,0.02709711593140895,0.00007668948324349319
835,0.023907176891498298,0.018425107442316797,0.02703291503780682,0.00007548644162013756
836,0.023889316129555176,0.01841469176556776,0.02698971448563302,0.00007668146686081333
837,0.023874065465121427,0.018413072913762825,0.02692651995785255,0.00007568855978809253
838,0.023858272600151643,0.0184085986105637,0.02687065980199728,0.00007554202918848903
839,0.02384169616761615,0.018401179996186106,0.026821646671030555,0.00007618683722393157
840,0.023827384157143763,0.01840132356873069,0.026755469151846366,0.00007496675804379829
841,0.023809436508397553,0.018392682006647572,0.026705705478309007,0.00007561340608817776
842,0.023793316074872495,0.018388542605953045,0.02664715324298331,0.00007534282032278863
843,0.023778253556733908,0.01838666570663479,0.02658453779502681,0.00007468029109375581
844,0.023760548079175776,0.0183783534241193,0.02653397560972756,0.00007539953311096443
845,0.023744928956160864,0.018376669201750757,0.026468607864737943,0.00007453818146251778
846,0.023727747385648756,0.0183707776340533,0.02641162986611339,0.00007464377837277698
847,0.023710744355565753,0.01836498424193789,0.0263547678524112,0.0000748065431456236
848,0.023695255815651066,0.018363481702309756,0.0262887884813038,0.000074016417080551
849,0.023677106023597135,0.01835575563675815,0.026234157455355397,0.00007451889576790331
850,0.02366056533097492,0.01835246975906957,0.026170220207412567,0.00007405153042283158
851,0.023643813606564125,0.018348442797552402,0.026107852570511847,0.00007380029490935337
852,0.023626013706138024,0.018341829893125564,0.02605033071906353,0.00007411766919975596
853,0.02360979549146598,0.01833970623474926,0.025983305848204317,0.0000734280870758567
854,0.02359169215225285,0.018333158232036257,0.025924390960328458,0.00007365572815090426
855,0.023574397608863328,0.018328645452192104,0.025861410698931726,0.00007347001688487865
856,0.023557600570120765,0.018325372592469705,0.025795918997866877,0.00007304417807768349
857,0.023539293830614455,0.01831864492452737,0.025736580775596044,0.00007333275096787783
858,0.023522375011942747,0.018315679128174386,0.02566943976641144,0.00007280793048607444
859,0.02350438558298779,0.018310219906243867,0.025606765658221103,0.00007281254509969869
860,0.023486485680855353,0.018305005040211878,0.025543478119447707,0.00007278501675393068
861,0.023469391996075662,0.01830186442265619,0.025476009257854607,0.00007232572184855178
862,0.02345084717692066,0.01829547860386636,0.025414252468271663,0.00007251807939996787
863,0.023433357758926823,0.018291775642855824,0.02534718371760872,0.00007214537254925335
864,0.023415394977173185,0.01828698710505218,0.025282026918709413,0.00007200248837912347
865,0.02339706764478398,0.018281398429883373,0.025218205856115884,0.0000720280436774273
866,0.023379627467552958,0.018278018595144073,0.025150060550506278,0.00007159676230763195
867,0.023361008199547978,0.018272049191792015,0.02508638795169832,0.0000716814174162999
868,0.02334309759790887,0.018267798630791057,0.025019404623331833,0.00007141804245144454
869,0.02332509090534074,0.018263351443997974,0.024952697081104726,0.00007120004512182135
870,0.02330652652520053,0.01825768763695043,0.0248880676722287,0.00007122535380436011
871,0.023288791836659044,0.01825400318395313,0.024819715365871766,0.000070845579531563
872,0.02327018406462308,0.018248410333462386,0.024754660844014852,0.00007084156235772283
873,0.023252007408071613,0.01824380962483664,0.0246877839960323,0.00007064098402851215
874,0.023233948124177572,0.018239470140743466,0.024620431578797782,0.00007039166767454847
875,0.0232153082567461,0.018233863684234585,0.024555270107859007,0.00007039055093971321
876,0.023197398226341735,0.018229895770906796,0.02448720629695649,0.00007006119604363767
877,0.023178869629617127,0.018224564819158396,0.024421542277055293,0.00006999635504766949
878,0.02316059596186361,0.01821976164275815,0.02435503471442479,0.00006982737622050239
879,0.02314254151214919,0.018215394624448954,0.024287872012714328,0.00006957248515736963
880,0.02312397314085276,0.018209885442686986,0.024222753281930912,0.0000695370417795871
881,0.023106024370669987,0.018205677075140404,0.02415550774186565,0.00006924574715645525
882,0.023087651253079374,0.01820050259727555,0.024090037647036492,0.00006914112639652658
883,0.023069442577621262,0.018195606340923577,0.024024263401985043,0.00006898355630067805
884,0.023051491014621856,0.01819117254885783,0.023957908025033933,0.00006873686075723913
885,0.02303312727701036,0.018185784102264877,0.023893358458584587,0.00006867148302856274
886,0.02301529162438733,0.01818141063970239,0.023827362835955587,0.0000684084174938246
887,0.022997170238469,0.01817632427561394,0.023762833146938504,0.00006827933346735723
888,0.022979182215296996,0.018171388120026385,0.023698371212736664,0.00006811985272328063
889,0.02296145499306669,0.018166855895678756,0.0236335867622297,0.00006788174494199642
890,0.02294342275770093,0.01816155521348223,0.023570397759057372,0.00006778799240722462
891,0.022925851333244925,0.01815705231200397,0.023506289739495263,0.00006754107334190126
892,0.02290809245810321,0.018152002060040404,0.023443465846159257,0.00006739722883095358
893,0.0228904759287386,0.018147066372447413,0.023380893079101333,0.0000672309404709198
894,0.02287310548125483,0.01814244376994091,0.023318288586167663,0.00006700399408038841
895,0.022855533885325206,0.018137222169925506,0.023257117204871045,0.00006688827442549001
896,0.022838373665003724,0.018132626699408922,0.023195473109411436,0.00006665234371251258
897,0.02282109654438904,0.018127583438557564,0.023135066383496425,0.00006649982913219132
898,0.02280399043619479,0.018122659570409906,0.023075032191460707,0.00006632442749273777
899,0.022787108711236074,0.018117950895068385,0.023015247870524537,0.00006610824206278087
900,0.02277012154397412,0.018112795684124005,0.02295675181216401,0.00006597549741731055
901,0.022753509833598494,0.018108135971499652,0.022898125698708374,0.00006574872235716624
902,0.022736834748413613,0.018103095568410527,0.02284073234494197,0.00006559271101468957
903,0.02272036559259311,0.018098195553073904,0.02278380123917286,0.00006540979168463428
904,0.022704095463823258,0.01809341366991808,0.022727386881580134,0.00006520441758915368
905,0.022687805066503645,0.01808831643824734,0.02267215192802727,0.00006505824265084646
906,0.02267185905372431,0.01808360686846815,0.022617062934221208,0.00006483959841191845
907,0.022655893807505812,0.018078571858221145,0.022563197081924655,0.00006468253289973336
908,0.0226401670934149,0.01807370336447194,0.0225098443677477,0.00006449485539342232
909,0.022624614532265448,0.018068869627708064,0.02245721868462172,0.00006430116763304019
910,0.022609115884039414,0.018063834291630256,0.022405679369429103,0.00006414571852333545
911,0.022593930111998572,0.01805908874358523,0.022354525084651376,0.00006393635148306847
912,0.022578763864973,0.018054066917379895,0.022304586950822648,0.00006377955742857568
913,0.022563859017982402,0.018049226430712714,0.022255213812181356,0.00006358982483341597
914,0.02254910548149163,0.01804435344903457,0.02220672259043415,0.00006340751437023061
915,0.022534467994254452,0.018039378331499118,0.022159219279985452,0.00006324580675824205
916,0.022520108893853433,0.018034605458547452,0.02211227992828215,0.00006304744964955164
917,0.02250580545232158,0.01802961122325533,0.02206651074806094,0.00006289207945406386
918,0.022491772228354488,0.018024798135016198,0.022021350067888558,0.00006270407976057689
919,0.022477871007258024,0.01801990404502509,0.021977170141851902,0.00006253293386255375
920,0.022464133479361853,0.018014987879313535,0.021933889243631887,0.00006236775132193984
921,0.02245063613246046,0.018010192466924705,0.0218913098078811,0.00006218170395953404
922,0.022437228413084546,0.018005236277308812,0.021849820548333454,0.00006202802610903981
923,0.022424084219286898,0.018000444382123306,0.021808972342432058,0.00006184536867718164
924,0.022411058533020757,0.017995546789903647,0.021769134670952924,0.00006168480892652582
925,0.022398227681947082,0.017990686819986532,0.021730107833867075,0.00006151929518713505
926,0.02238559708634989,0.01798587606174174,0.021691871806264557,0.0000613466633552364
927,0.02237308613840088,0.017980967302723267,0.02165461922527668,0.00006119499062227826
928,0.02236081679145927,0.01797618929290892,0.02161803292376486,0.00006102091379737539
929,0.022348659173966848,0.017971304624281956,0.021582424032020535,0.000060869743280780955
930,0.02233670934387282,0.017966494266191575,0.02154753993280587,0.00006070709112006875
931,0.022324922126661907,0.01796167823690243,0.021513478253991584,0.000060548238961162005
932,0.0223132779582623,0.017956824381175022,0.021480270959198994,0.00006039938524747766
933,0.022301841942754187,0.01795205687376077,0.0214477416763372,0.00006023673372597923
934,0.022290517244814147,0.017947201987820086,0.02141610780617938,0.00006009369575818622
935,0.022279394975987268,0.017942432346811962,0.02138512732116268,0.00005993716494276687
936,0.02226840401039879,0.01793762238323496,0.02135495109378788,0.00005979140840625476
937,0.022257569391002506,0.01793282364888366,0.021325495852924883,0.00005964657153387024
938,0.022246903722415032,0.017928065126028896,0.02129670843887081,0.00005949690861197455
939,0.02223635286708357,0.01792325333282812,0.02126869593572259,0.000059360347110930034
940,0.02222598272080403,0.017918515111210405,0.021241276938326857,0.00005921222192825382
941,0.0222157219166326,0.017913725597445158,0.021214596542531283,0.000059077010681185845
942,0.022205617493382054,0.017908977263344124,0.021188516896885116,0.00005893685066090672
943,0.02219564432113356,0.017904230337368897,0.021163072053968182,0.00005879957297102602
944,0.02218578963439883,0.017899467821214318,0.02113826678859752,0.00005866845546500594
945,0.02217608451833338,0.0178947531923058,0.021114002459988394,0.00005853083402989688
946,0.022166476076140973,0.017889996064412186,0.02109037770778885,0.000058404470171017115
947,0.022157011191652563,0.017885289110876168,0.02106725501060037,0.00005827107865632013
948,0.02214764674232713,0.017880560059230607,0.021044707662829676,0.00005814515053058864
949,0.02213839970442247,0.01787584690198553,0.02102266749069239,0.00005801930429846453
950,0.02212926781094589,0.017871152342387727,0.02100111208509129,0.0000578930515399034
951,0.022120226786846196,0.017866438592746746,0.02098007127603011,0.00005777393889342825
952,0.022111306155541525,0.017861766583158994,0.0209594496014745,0.00005764965208763196
953,0.02210246547807922,0.017857068582522697,0.02093931547894652,0.00005753379976722015
954,0.022093733209786276,0.01785240338973773,0.020919576302663886,0.00005741455951576547
955,0.022085085606341297,0.017847733694836623,0.020900261738731604,0.00005729956375835317
956,0.02207652486400509,0.017843069790785156,0.020881341385628794,0.00005718679609417389
957,0.022068056589194127,0.017838428192090215,0.020862777643721114,0.00005707286835968825
958,0.022059657508162606,0.017833772047854298,0.020844601027619772,0.00005696525478435154
959,0.02205134992085357,0.01782914851944743,0.02082673593741238,0.00005685421392366193
960,0.022043105568599092,0.01782451128934375,0.020809225154410093,0.000056749248373318936
961,0.02203494088679705,0.017819896489017543,0.02079200725637967,0.00005664294650357307
962,0.02202684259603978,0.01781528512023549,0.020775090982893093,0.00005653927922567452
963,0.022018807907998515,0.01781067737323245,0.02075846152844297,0.0000564382290774709
964,0.022010843148473427,0.01780609017299837,0.020742083801705596,0.00005633621513394066
965,0.02200293005650814,0.017801494602548117,0.020725981320623636,0.000056239189835294736
966,0.02199508412368275,0.017796924318937105,0.02071009892809878,0.00005614001912588631
967,0.02198728593207783,0.017792347894809293,0.020694463881995015,0.00005604526086953372
968,0.021979545540782363,0.017787788640349342,0.020679034448857117,0.00005595001066159442
969,0.021971854510201397,0.017783235239613747,0.02066381302414426,0.00005585666575879859
970,0.021964209849033703,0.01777868635219474,0.020648789963925274,0.000055765504053907885
971,0.02195661609257251,0.017774154576483094,0.02063393861974939,0.00005567379213953787
972,0.021949060308969325,0.017769619631810014,0.020619274438029772,0.000055585789553356564
973,0.021941552958758073,0.01776510495366862,0.020604757863280112,0.00005549643243343282
974,0.02193408045429055,0.017760588679356492,0.020590406921207685,0.00005541039069252193
975,0.02192664984474841,0.01775608756812552,0.020576191026289124,0.00005532407136506498
976,0.02191925465336473,0.017751592757313153,0.02056211254888807,0.000055239386273963605
977,0.021911893469085793,0.01774710473342677,0.02054816262652286,0.00005515621035445
978,0.0219045685192125,0.017742630713971707,0.02053432442283209,0.00005507292067437309
979,0.021897271477072537,0.017738157795837376,0.020520607078319354,0.00005499226557128971
980,0.02189000921089058,0.017733701754008402,0.020506983472658554,0.00005491076235047008
981,0.02188277210457851,0.017729246973193707,0.020493466576707656,0.00005483181604327257
982,0.021875565733839104,0.01772480658217589,0.02048003297814162,0.00005475255603489148
983,0.021868384413751944,0.017720372148866383,0.020466687158710084,0.000054674833143543296
984,0.021861228607959856,0.01771594679696588,0.020453419384103663,0.000054597934173246794
985,0.021854098388967604,0.017711532774556393,0.020440221524313212,0.0000545213095485695
986,0.021846989209566944,0.01770712334677659,0.020427097312291042,0.0000544464003321478
987,0.021839905124628353,0.01770272816478903,0.020414029690120503,0.000054371021815220425
988,0.021832839584946206,0.017698336418467082,0.02040102801706279,0.000054297563066564916
989,0.021825797063519423,0.017693958390255983,0.020388074795201,0.000054223714223238866
990,0.021818772483633318,0.01768958586559857,0.020375176646708154,0.00005415128869311776
991,0.021811767764369067,0.01768522401124527,0.02036232334255432,0.00005407908461293143
992,0.021804781272214132,0.01768087104165942,0.020349513914259747,0.00005400744770276313
993,0.021797811488827316,0.01767652530196791,0.020336747418331986,0.00005393670319300995
994,0.021790860035987288,0.017672191169662337,0.020324015198777672,0.00005386582656941762
995,0.021783923087907525,0.01766786236179042,0.020311322522782185,0.00005379622156066679
996,0.02177700375338329,0.01766354602161567,0.020298657431741956,0.00005372624541923082
997,0.021770097938904644,0.017659235164424393,0.020286026592330614,0.00005365745601412706
998,0.021763208162995585,0.017654935636312506,0.020273420257597773,0.00005358847516352397
999,0.021756331817949767,0.017650643187183127,0.020260842032859074,0.00005352022419482357
1000,0.021749469553906015,0.01764635989176734,0.020248287378071092,0.00005345218652445622
1001,0.0217426209585598,0.017642085701916686,0.02023575456783085,0.00005338434307694528
1002,0.021735784705059942,0.01763781872166749,0.02022324436714953,0.00005331710996254794
1003,0.021728962146200573,0.017633562295438405,0.020210750784212066,0.000053249693919757164
1004,0.021722150775706092,0.017629312095165717,0.02019827807372638,0.000053183065795099636
1005,0.021715352631980937,0.017625072733851506,0.0201858188786393,0.00005311612240156876
1006,0.021708565178171615,0.017620839716913323,0.020173377950784478,0.00005304987110139389
1007,0.021701790052789705,0.01761661679823354,0.020160949211726096,0.000052983412210944846
1008,0.02169502560946766,0.017612401170124085,0.020148535303545954,0.0000529173786343828
1009,0.021688272421126052,0.017608194407119117,0.020136133140930476,0.00005285138582084015
1010,0.021681530092166525,0.01760399611992613,0.020123742347133804,0.00005278550281363469
1011,0.021674798032944517,0.017599805492669433,0.02011136323262396,0.00005271989375029348
1012,0.02166807691875712,0.0175956242150175,0.02009899285610074,0.00005265413251947033
1013,0.021661365371190587,0.017591449829857227,0.02008663385808613,0.00005258876971613382
1014,0.02165466463290882,0.017587285127133378,0.02007428188685761,0.000052523128403918586
1015,0.021647973109628346,0.017583127166628344,0.02006194028720103,0.00005245788555979569
1016,0.02164129203484941,0.017578978688263115,0.020049604837672867,0.00005239237905172083
1017,0.021634620107225073,0.017574837291450252,0.020037278292013235,0.00005232715737217204
1018,0.021627958119806827,0.017570704788948174,0.02002495780737411,0.000052261769383833045
1019,0.021621305368888625,0.017566579942083244,0.020012644702885028,0.000052196486228376795
1020,0.021614662028633252,0.01756246327453691,0.020000337948104872,0.0000521311644753626
1021,0.021608028053917185,0.017558354851113685,0.0199880371478429,0.000052065773234916414
1022,0.021601403047889982,0.017554254004808728,0.019975742923822863,0.000052000458316681065
1023,0.02159478748278904,0.017550161830824286,0.019963453537277052,0.00005193494450934139
1024,0.021588180582559454,0.017546076860569467,0.019951170774715945,0.000051869567046797634
1025,0.021581583098138114,0.01754200074158898,0.0199388922036932,0.00005180391581049353
1026,0.02157499412267892,0.01753793171269438,0.019926620056592435,0.000051738398666055434
1027,0.021568414446488986,0.017533871489785535,0.019914351815002642,0.0000516725937029219
1028,0.02156184325133589,0.01752981847181138,0.019902089509242576,0.00005160687767599455
1029,0.021555281180099597,0.017525774059369864,0.019889831069291725,0.00005154090687138578
1030,0.021548727643589068,0.017521737102639694,0.01987757795504982,0.000051474949939406794
1031,0.021542183031878777,0.017517708467513063,0.019865328875736672,0.0000514087892183798
1032,0.0215356470444304,0.017513687584231268,0.01985308453210524,0.000051342553778081575
1033,0.02152911979625654,0.01750967473854138,0.019840844445293857,0.000051276168656386066
1034,0.021522601267928893,0.017505669933294433,0.019828608524293606,0.00005120962977573967
1035,0.02151609133253623,0.017501672942787243,0.01981637699847007,0.000051142990054973035
1036,0.021509590196866567,0.017497684233236756,0.019804149145221186,0.00005107613458557374
1037,0.021503097553338627,0.01749370319270687,0.01979192575577705,0.000051009209476345604
1038,0.02149661376314438,0.0174897306040819,0.01977970568501629,0.00005094202205922079
1039,0.021490138409619112,0.017485765618127577,0.019767490068248208,0.0000508747778418948
1040,0.021483671941030583,0.01748180919672753,0.0197552775043641,0.00005080724343022993
1041,0.021477213894560514,0.01747786038506194,0.019743069278213024,0.000050739653855969825
1042,0.021470764749357947,0.017473920206627837,0.019730863904369206,0.00005067176185626627
1043,0.021464324040383488,0.01746998769250166,0.01971866270937223,0.0000506038060073806
1044,0.021457892238850917,0.017466063846883345,0.019706464248370536,0.000050535542293463556
1045,0.02145146890499881,0.01746214774748035,0.019694269794687642,0.000050467198580932774
1046,0.021445054482939967,0.017458240342338355,0.019682077971755255,0.00005039854625056218
1047,0.021438648570708294,0.017454340785826656,0.019669889935124116,0.000050329797856813
1048,0.02143225157932509,0.01745044995771237,0.01965770439097227,0.000050260743418264614
1049,0.021425863143043494,0.017446567085017517,0.01964552239676077,0.00005019157867382373
1050,0.02141948364303979,0.017442692984169665,0.019633342753043244,0.00005012210826147671
1051,0.021413112740350092,0.01743882693504625,0.01962116645206887,0.00005005251489006514
1052,0.02140675079817324,0.017434969717551443,0.01960899233967132,0.000049982612687532094
1053,0.021400397490413295,0.01743112063758116,0.019596821362988223,0.00004991258023449218
1054,0.021394053178803423,0.017427280475359814,0.019584652351034515,0.00004984223323670584
1055,0.021387717530624243,0.017423448521106444,0.019572486270340358,0.00004977175544972685
1056,0.021381390925518613,0.01741962559617992,0.019560321886944225,0.000049700951949847226
1057,0.021375073000179885,0.01741581092330229,0.019548160269081082,0.00004963002306137942
1058,0.021368764177451562,0.01741200542120225,0.019536000033096447,0.00004955874963002253
1059,0.021362464034728162,0.017408208184996082,0.019523842423030693,0.00004948736512594124
1060,0.021356173071278198,0.01740442030489832,0.019511685786683646,0.000049415609043148854
1061,0.021349890766427352,0.017400640663570246,0.019499531669362954,0.000049343768984513536
1062,0.021343617740258128,0.017396870618627266,0.019487378020309604,0.00004927151756894279
1063,0.0213373533191561,0.017393108718381647,0.019475226877276368,0.00004919922531917822
1064,0.02133109830871221,0.01738935673026483,0.019463075583274956,0.00004912646179238993
1065,0.021324851802787793,0.0173856126942392,0.019450926918550538,0.000049053724838487543
1066,0.02131861489053189,0.01738187900599002,0.01943877728532162,0.00004898042747754733
1067,0.02131238631160804,0.017378152929208624,0.019426630598795566,0.00004890726264030255
1068,0.021306167589998884,0.01737443782275188,0.01941448182569085,0.000048833402108833953
1069,0.021299956919601935,0.017370729748625698,0.019402336657418896,0.00004875983949245656
1070,0.021293756499889422,0.01736703356277509,0.01939018783390584,0.00004868537033316425
1071,0.021287563672359497,0.017363343444446795,0.01937804383791897,0.000048611460328907946
1072,0.02128138170331016,0.01735966661855367,0.019365893872508505,0.000048536310254789705
1073,0.02127520658216287,0.017355994267015666,0.019353750879256018,0.00004846213929600046
1074,0.021269043304333598,0.017352337472723786,0.019341598359047616,0.0000483861598002872
1075,0.021262885589369163,0.017348682378513516,0.01932945675508493,0.00004831185983865977
1076,0.021256741358243673,0.017345046570057168,0.01931729969245222,0.00004823484969606171
1077,0.02125060060396145,0.0173414078675206,0.0193051600402452,0.000048160728391809406
1078,0.021244476047840626,0.01733779457645049,0.019292995437018377,0.00004808238398645916
1079,0.02123835142666289,0.017334170536348715,0.019280859910010502,0.000048008908312077826
1080,0.021232247590807333,0.01733058227200404,0.01926868372330199,0.00004792857414289253
1081,0.021226137610221404,0.01732696971950304,0.01925655682485135,0.00004785652574809173
1082,0.02122005639682844,0.01732341098708835,0.019244361623037463,0.00004777308513259573
1083,0.021213958432078996,0.017319804220905673,0.01923225113496026,0.00004770398418127181
1084,0.021207903343953616,0.01731628316561869,0.019220023593719403,0.00004761545959104423
1085,0.021201812615503777,0.017312671557353457,0.01920794498817921,0.000047552060514478765
1086,0.02119579013806181,0.01730920303471381,0.019195662008062296,0.000047454701735541254
1087,0.02118969784138087,0.017305566660586014,0.01918364546291608,0.000047402088211642266
1088,0.02118372033421774,0.017302178690843644,0.019171263976417163,0.000047288848090664345
1089,0.021177610152605247,0.017298480019185936,0.01915936694302133,0.00004725674481504584
1090,0.02117170177337007,0.017295226681589223,0.019146804673686724,0.000047114157043500217
1091,0.02116554325545344,0.01729139399064175,0.019135139531856936,0.00004712135844030181
1092,0.021159752684213603,0.017288381914219667,0.019122237650331334,0.0000469232399276694
1093,0.021153490041228438,0.01728427822264102,0.019111026315133294,0.000047006555560759516
1094,0.021147920051384744,0.017281724397529053,0.019097472284265577,0.000046701197002577505
1095,0.021141456732974497,0.017277091225742763,0.01908715837056833,0.000046933833118066884
1096,0.021136340663031,0.017275457602457966,0.019072326988403533,0.00004641766289232631
1097,0.021129539170838044,0.01726982901359991,0.01906381242626929,0.00004694767198427513
1098,0.021125465576599504,0.017270167386971323,0.0190464390440224,0.000046010380823702707
1099,0.021118282265560836,0.01726282185685739,0.01904159340249617,0.00004714172820420851
1100,0.02111694957610132,0.017267778167170806,0.01901910194523954,0.000045351019882603356
1101,0.021110308297574057,0.017258214380697644,0.019021884049144587,0.00004771710704749402
1102,0.02111734831578145,0.01727536139207572,0.018989044733388593,0.0000441779770280119
1103,0.021117523076093485,0.017266799018651996,0.019008055570963144,0.00004911294324886114
1104,0.02115344628835986,0.01732053852904526,0.018954575657800187,0.00004199262775456584
1105,0.021190464923593114,0.017336436816879516,0.019008818585615112,0.000052264389590575735
1106,0.021325399268375223,0.01750404946866458,0.018916299082952323,0.00003808998312017645
1107,0.021491828244240264,0.017624405826801137,0.019043897313579482,0.00005864295472322769
1108,0.021828764770913566,0.01801899533215876,0.018884842726698495,0.00003280089341511026
1109,0.022032591457940023,0.018144521349395974,0.019109606986061286,0.00006614871133179206
1110,0.022031670284686382,0.01822818467733722,0.01886108941098131,0.000031267725152902214
1111,0.02151083383943397,0.017646621684087226,0.01902689000477309,0.00005883415439212649
1112,0.021091433764182942,0.017275832872953863,0.018867904237769576,0.00004202004367516478
1113,0.02113699579303083,0.017328089460976037,0.018841738860176212,0.000040558560019549634
1114,0.021436662824656772,0.017587475242695855,0.01895615683084855,0.000057956215791204545
1115,0.02154527863946805,0.017751571922435944,0.018795159183697157,0.00003467488029267253
1116,0.021193969455590277,0.017362204827238988,0.01889281557531757,0.00005320151328777362
1117,0.02101513080529558,0.01720620341895758,0.018819953519750653,0.000044936682387870925
1118,0.021184011887990375,0.01739031713039078,0.01877545442616833,0.00003860387236592686
1119,0.021297439203153117,0.017464851124016682,0.018886572814712132,0.00005527351619400934
1120,0.021194536560991205,0.017405812271931522,0.018753643845679135,0.00003799551992385635
1121,0.02099869462178374,0.017193465782098762,0.018796079277247198,0.000046012984235537255
1122,0.021051195314003082,0.01723889207276168,0.01881662552763242,0.000048978135714918176
1123,0.021191325236750973,0.0174085662307944,0.018727567230370522,0.00003724555988246731
1124,0.021097127647604446,0.01728404499809924,0.018813215571776454,0.00005043953514991249
1125,0.020982884707172356,0.017193857394377846,0.01873306386240458,0.000042414540313592056
1126,0.02101322048071518,0.017231092133529736,0.018707612810479366,0.000040605785089569386
1127,0.02107618778050271,0.017272729839819354,0.018767028075264147,0.00005005232563052749
1128,0.021051388869613014,0.017277334782477703,0.018675358572900827,0.00003898237255514705
1129,0.02095286027378938,0.01716744301615487,0.018703504318906387,0.00004471639385323087
1130,0.020967026493364203,0.017179457254609842,0.01870661285643439,0.000046246667467483815
1131,0.02103073718248795,0.017263275866794194,0.018643208995214326,0.000038819516650892724
1132,0.020982993769470482,0.01719686546617376,0.018693604689342117,0.000047407365428297304
1133,0.02093225892811586,0.017161535734157927,0.01864120361145505,0.0000424824716669239
1134,0.02094669113259205,0.017182144559465914,0.018617932208552023,0.00004096013141572935
1135,0.020967125906461586,0.017189236960610903,0.018653202227427768,0.00004724850036512847
1136,0.020951961884823116,0.017194437463199666,0.018586871291673406,0.0000401501632887654
1137,0.02090698208517662,0.01714396560311407,0.018596898977971867,0.00004363668646817747
1138,0.02091267808761939,0.017148686296086988,0.018594324142224145,0.000045126963087576114
1139,0.02093912527035887,0.017190036960956744,0.018545673284806167,0.00003995365244089113
1140,0.020908136504532625,0.017148276370914577,0.018572005522974274,0.00004545902902319123
1141,0.020886703396216417,0.0171362890197897,0.01853949024517282,0.00004251632739215146
1142,0.02089381401176264,0.01714872342867529,0.01851988639923939,0.000041113303239470864
1143,0.02089533435529345,0.017141701415679802,0.01854131449588886,0.00004537004043587483
1144,0.020886537326100026,0.017146573143878706,0.01849606575403632,0.00004075103141405342
1145,0.020864249017097564,0.017121584015464295,0.01849915264975651,0.00004283447168196748
1146,0.020864150070588068,0.017121079579403554,0.018495762048246912,0.00004391808153513257
1147,0.02087356286343056,0.01714148506576252,0.018458692756301305,0.000040339246407781936
1148,0.0208549249105171,0.01711645341836628,0.018472993449776712,0.00004387280219547685
1149,0.020843762900375987,0.01711225078033553,0.01844772304000676,0.000041967512039103236
1150,0.02084452154421945,0.017117520100793225,0.018430022275274148,0.00004099698837139378
1151,0.020840663173939823,0.01710892804666686,0.018439890421807135,0.00004375704291153236
1152,0.020835736075536956,0.017113808056015048,0.018406293187157665,0.000040669382090374754
1153,0.02082202910347391,0.017098774880549897,0.018405926234863337,0.000042068975951344
1154,0.020818413954953596,0.017095868094789572,0.01839964744360099,0.00004261637144382488
1155,0.02082082450844525,0.017106196305622243,0.01837160854391821,0.00004030649403936413
1156,0.020809238395225034,0.017090991389140435,0.018377876953259473,0.000042671615432706043
1157,0.02080181396229015,0.01708954282935526,0.018355100765656777,0.00004125097980353333
1158,0.02079845517321746,0.017089701317902224,0.018339770492412342,0.00004079975683276615
1159,0.020793517363350215,0.017082991229827302,0.018340357663573142,0.00004245460080828571
1160,0.02079024461501893,0.017087345440626914,0.01831278336190232,0.00004034250201155195
1161,0.02078008666414027,0.017076740306144405,0.018309426035216587,0.00004146115095254763
1162,0.020775033329315976,0.017073824109201212,0.018298434668737342,0.000041522286367295254
1163,0.020773994286523,0.017078451438272246,0.018276914617163416,0.00004015992481807124
1164,0.020765792355232435,0.017068595472176595,0.01827730726915347,0.00004173542922514576
1165,0.020760301785875918,0.01706843819792516,0.018256702179754346,0.00004052315199988957
1166,0.020754834624958043,0.0170653172447883,0.018245089571583387,0.00004049946585306539
1167,0.020749614029071634,0.017060324798440638,0.018239824082670695,0.00004132441409685677
1168,0.020746603890277014,0.01706323875595052,0.01821733567222212,0.00003989799988206895
1169,0.02073848649729518,0.01705514304661258,0.018212521511782053,0.000040839148326188795
1170,0.020733228151653182,0.01705308080396991,0.018198194950645615,0.00004050835755415074
1171,0.02072980185513676,0.017053668700367675,0.018181505762135747,0.0000398320023419358
1172,0.02072333438436026,0.01704709902926998,0.018177257778752696,0.00004078379933973792
1173,0.020718888318050254,0.01704753183207756,0.018158042293591515,0.00003974802725439058
1174,0.020712577534584053,0.017042802014665084,0.018148746709683236,0.00004002617798232084
1175,0.020707318893883515,0.017039286205611005,0.018138934729476374,0.0000402457423772346
1176,0.02070375340093817,0.0170402298556626,0.01812071284072029,0.000039380977131514725
1177,0.020697023041160317,0.017033998939366683,0.01811455718861741,0.000040112664070152374
1178,0.020692062473070788,0.017032805945208777,0.018098492836117263,0.000039557960638558624
1179,0.020687094967847826,0.017030642916968312,0.018085327452079577,0.00003938656046359682
1180,0.020681456191231195,0.017026278987686643,0.018076757971269633,0.000039825609290624084
1181,0.02067730571658443,0.017026499066457944,0.018058770429699368,0.00003905256418661221
1182,0.020671017068509878,0.01702158140044521,0.018049843782204943,0.00003946691162368071
1183,0.020665913591817676,0.01701935812402768,0.018036370507147112,0.000039281366360573855
1184,0.02066143165956558,0.017018251114052765,0.018021440743523097,0.000038892396808195704
1185,0.020655556114604432,0.017013630019276773,0.018012957251856844,0.00003933464495629252
1186,0.02065096477055516,0.017012893835080117,0.017996565875901416,0.00003875776029475703
1187,0.0206452939887755,0.017009276043592064,0.01798559856621964,0.00003889823193950931
1188,0.020640039783824553,0.01700639351811806,0.01797361887669597,0.000038922490367300006
1189,0.020635563424744097,0.017005500263803642,0.01795793704787677,0.00003847575136510242
1190,0.020629710334918075,0.01700121528866156,0.017948377130302968,0.00003881962019592131
1191,0.020624872400065938,0.016999791403914125,0.017933230768123892,0.0000384348425270344
1192,0.02061961427555838,0.01699706420978839,0.017920784705134116,0.000038393124743165684
1193,0.020614236005534383,0.016993829719601585,0.017909515885827565,0.000038503108767286126
1194,0.020609635318050133,0.01699272948475927,0.017894112043897833,0.000038083424511295244
1195,0.02060394032237631,0.01698889940617138,0.017883675071141053,0.00003830590197672162
1196,0.020598959511009565,0.0169869649688468,0.017869650410311074,0.00003806446010054875
1197,0.020593904586311253,0.016984688056421792,0.01785645174547639,0.000037926180794181806
1198,0.020588481530686986,0.01698137389154084,0.017845285603946742,0.00003805051835680002
1199,0.020583734763865356,0.016979986921758592,0.017830279226507848,0.000037691996805194344
1200,0.020578216925273077,0.01697662275956409,0.0178189132830429,0.000037811509100405924
1201,0.020573141916451616,0.016974410214564147,0.01780535789730866,0.00003766012242573935
1202,0.02056815484487323,0.016972352512666666,0.017791591655524828,0.00003748400110159519
1203,0.02056273714514969,0.01696913717334028,0.01778005175611068,0.00003758962058727369
1204,0.020557884498450422,0.016967507068532506,0.01776540512463735,0.000037296404990446584
1205,0.020552498699602084,0.01696447061869498,0.017753420962284546,0.00003734388845019364
1206,0.020547369775721087,0.016962086387026076,0.01774021082287991,0.00003724122411902985
1207,0.020542386331282,0.016960062391961035,0.01772632076955649,0.00003705978540966536
1208,0.020537005902364926,0.01695699093895826,0.01771440199790487,0.00003713456382569292
1209,0.020532074441708653,0.016955182398332512,0.017699982307264994,0.000036895581923143765
1210,0.020526773591548732,0.016952384686780394,0.017687453459120296,0.00003689821294427847
1211,0.02052161649089726,0.01694995189678389,0.017674237582292224,0.00003681707765492068
1212,0.020516609148837482,0.016947910356161687,0.017660267021999472,0.00003664538827590031
1213,0.020511269146892566,0.01694499109276017,0.017647951545085704,0.000036687745115253084
1214,0.02050628424987958,0.01694305744075255,0.01763369497971012,0.000036487813185003694
1215,0.020501030248412183,0.01694039792402282,0.017620838946236457,0.0000364645351420719
1216,0.02049586518838171,0.016937960546430365,0.017607577247225937,0.00003638919250615918
1217,0.020490827023189436,0.01693585930913207,0.017593671035215065,0.00003623350701435231
1218,0.020485526318931947,0.01693306210396013,0.01758108390296659,0.00003624743437849897
1219,0.02048050164079179,0.01693103545122761,0.017566959980940856,0.0000360741933760059
1220,0.020475270887603477,0.016928458478199657,0.017553876621012515,0.00003603708520131638
1221,0.02047010691693553,0.016926059484812826,0.017540439636557385,0.0000359595048112257
1222,0.02046503613323429,0.01692391312145418,0.0175265057815662,0.00003582185546687176
1223,0.020459766536705077,0.016921235690313636,0.01751358849034922,0.00003581314832159872
1224,0.020454712457110755,0.016919156270310688,0.017499486385405175,0.00003565890971903416
1225,0.020449490590773018,0.016916626754280233,0.017486242653617617,0.00003561530576926475
1226,0.02044433233952495,0.016914269915681786,0.017472651894005625,0.00003553204504203598
1227,0.020439231316959572,0.01691207062383075,0.017458742593615535,0.00003541217440571365
1228,0.020433986991974757,0.016909488762963647,0.01744556268208591,0.00003538569259393049
1229,0.020428909416655556,0.01690737262232319,0.01743145238811988,0.00003524631670839127
1230,0.020423689876152125,0.016904877543466243,0.01741806169672029,0.00003519999334182487
1231,0.020418537585150668,0.01690257075802582,0.017404283938398858,0.000035110039445072935
1232,0.020413407756069098,0.016900329878853402,0.017390358694293333,0.00003500613835702932
1233,0.020408182839445163,0.016897836540470043,0.017376908713989638,0.00003496455617719338
1234,0.020403084193418554,0.01689569602759731,0.017362751918340004,0.000034837782153239764
1235,0.020397864389390986,0.016893231035235535,0.017349217922263384,0.00003478976970277286
1236,0.020392716931454946,0.016890967095605492,0.017335280085084094,0.000034693818832635995
1237,0.02038756139856654,0.016888684315515844,0.017321367394930894,0.00003460360406451313
1238,0.020382352809438526,0.01688626200160799,0.01730771247435774,0.00003454831295898625
1239,0.020377233372237354,0.016884091028147252,0.017293545980770455,0.00003443314793600954
1240,0.020372014084848053,0.016881655153976504,0.017279881396868656,0.00003438265149781791
1241,0.02036686817560301,0.016879426615711964,0.017265793647862817,0.000034282830318484454
1242,0.020361690082573748,0.016877115355333875,0.017251853767641944,0.00003420397371148269
1243,0.020356494740827933,0.016874762219880875,0.017237980925002873,0.000034136335946483244
1244,0.020351353346419042,0.016872562733927544,0.01722378977891674,0.000034032656708147926
1245,0.020346136477962108,0.016870163447888005,0.017209975720909276,0.00003397788589225116
1246,0.020340987735476924,0.01686795668492036,0.017195768407940404,0.000033877368968481915
1247,0.020335791881439674,0.01686562642364012,0.017181791018215323,0.000033807254156486476
1248,0.020330607077931922,0.016863331575763238,0.017167730106262335,0.000033729480916214826
1249,0.02032544339660771,0.016861100325025368,0.017153528161423497,0.00003363743929764374
1250,0.020320231737870606,0.01685874434659686,0.017139554753671595,0.000033576440539423495
1251,0.020315074729423063,0.016856545050343986,0.01712525448659897,0.000033478781759281035
1252,0.020309866809861837,0.016854213007264966,0.017111199604973204,0.00003341388160222843
1253,0.020304688252179272,0.016851967448186556,0.0170969586755507,0.00003332906888257539
1254,0.02029950333666895,0.01684971002719191,0.017082726721722622,0.00003324796513251494
1255,0.0202942986293457,0.01684740384623613,0.017068576775277025,0.000033179428054163636
1256,0.020289128304715374,0.01684519733872328,0.017054215543832633,0.0000330878572255663
1257,0.020283914946568206,0.01684287854123891,0.017040062374684577,0.0000330239303923824
1258,0.02027873723164159,0.016840662866859587,0.017025691639188,0.00003293603694440303
1259,0.020273535062767325,0.01683838561939432,0.01701142923325647,0.000032863596721711804
1260,0.02026833728538828,0.016836125832752326,0.016997118310572948,0.00003278779052136232
1261,0.02026315040286781,0.016833901400192336,0.01698272295246818,0.000032704412181839316
1262,0.02025793757734983,0.016831611429125728,0.01696844302178968,0.00003263754386616673
1263,0.020252754127764526,0.01682940733303568,0.016953979086114693,0.00003255097750590887
1264,0.02024754094592942,0.01682712692393766,0.01693965355138229,0.000032483311715300755
1265,0.020242347014900033,0.016824904114755474,0.016925201523016107,0.000032402595541337815
1266,0.020237143860842466,0.016822660730311204,0.016910778253119655,0.00003232747990733257
1267,0.020231935266538766,0.01682040708098078,0.01689636317235016,0.000032255551087953525
1268,0.020226740641007233,0.01681819631676478,0.016881850705606105,0.000032174183121229816
1269,0.020221523892825388,0.016815929606860652,0.016867437195831874,0.000032106846798359623
1270,0.020216328329679675,0.01681372553893772,0.01685288723895523,0.00003202534295090927
1271,0.020211113375289955,0.016811472957015565,0.01683842175459275,0.00003195606735583872
1272,0.020205908763417622,0.01680925322843813,0.016823878951825664,0.000031879744614362754
1273,0.020200700847732858,0.01680702885679017,0.016809333478361266,0.000031805295270431645
1274,0.02019548614382676,0.016804790115256003,0.016794805094149302,0.00003173500974089726
1275,0.020190282986947063,0.016802586950569166,0.016780195114782258,0.00003165701342144391
1276,0.020185063328650426,0.01680034239250713,0.01676565737352474,0.00003158946143834771
1277,0.020179858597460566,0.016798142319015073,0.01675102125818194,0.00003151202680910499
1278,0.020174640437922758,0.01679590908821575,0.016736441376807725,0.00003144307434546157
1279,0.020169429249077924,0.016793698468375744,0.016721806549772355,0.00003136947074770661
1280,0.020164215738931176,0.016791484948982305,0.016707167690175787,0.00003129725191371425
1281,0.020158997620434358,0.016789262137932602,0.016692537889521415,0.00003122790459747148
1282,0.02015378731215014,0.01678706382730426,0.01667785025688794,0.00003115343346828933
1283,0.0201485655317673,0.0167848371562753,0.016663210587666684,0.00003108625795866415
1284,0.02014335453677785,0.016782642836677367,0.016648498020611253,0.000031012095978233994
1285,0.02013813331332316,0.016780423293461244,0.016633827633409343,0.00003094449318004926
1286,0.02013291842799407,0.016778223610772837,0.01661910979002094,0.000030872859217045174
1287,0.02012770020503716,0.016776017149785945,0.016604398137047244,0.00003080342784176633
1288,0.020122480701424188,0.016773809358919436,0.016589682242034755,0.000030734894097801446
1289,0.020117265187028822,0.016771614513033127,0.0165749338494323,0.00003066390410923572
1290,0.02011204272534477,0.016769402698289772,0.016560212758867262,0.000030597475281548186
1291,0.020106827856577233,0.016767213528661378,0.016545439830438675,0.00003052636182812039
1292,0.020101605098964144,0.016765004631721172,0.01653069994453608,0.000030460478335756746
1293,0.020096388706233207,0.016762814699187552,0.01651591618536061,0.000030390769973532133
1294,0.020091167715167897,0.016760613609040558,0.016501149328612394,0.00003032424040486002
1295,0.020085948764492562,0.016758419270109945,0.016486364009956733,0.00003025669239127207
1296,0.020080730185468073,0.016756226977358638,0.016471569926773216,0.000030189222754791048
1297,0.020075509119227116,0.01675402881540634,0.016456783103318134,0.000030123683157147144
1298,0.020070292319679443,0.016751843041942587,0.01644196723896232,0.00003005582994439181
1299,0.020065070542678417,0.016749644321666285,0.016427173399658327,0.000029991541080466247
1300,0.020059854307807237,0.016747461121545577,0.016412344990752316,0.000029924188111196054
1301,0.020054633367857913,0.016745265389496118,0.016397538536322465,0.000029860271097300965
1302,0.02004941670186821,0.016743081414186862,0.016382705638117848,0.000029794160057778188
1303,0.020044197677736967,0.01674089100958577,0.016367882971313186,0.000029730073888558658
1304,0.020038980269509517,0.01673870481650979,0.016353049536567698,0.000029665545686188786
1305,0.020033763516846197,0.016736520026187512,0.016338211402032007,0.00002960121025228403
1306,0.02002854574455783,0.016734331885206954,0.01632337856542721,0.000029538146265433953
1307,0.020023331018719677,0.016732151251423324,0.016308529652214094,0.00002947383685353295
1308,0.020018113696656348,0.01672996265205884,0.01629369596856463,0.0000294118508845826
1309,0.020012900499843334,0.016727784196347528,0.016278841410145704,0.000029348021466665055
1310,0.020007684537060325,0.01672559704684269,0.01626400402024684,0.00002928668616826371
1311,0.02000247243396701,0.016723419013190185,0.016249148397418766,0.000029223741293070884
1312,0.019997258552206323,0.01672123462868727,0.01623430596728862,0.000029162730061326615
1313,0.0199920473645118,0.016719055836840843,0.016219453127248408,0.000029100902221277894
1314,0.019986835991653386,0.016716874666475166,0.016204606206550898,0.000029040083868038545
1315,0.019981625853256687,0.016714694802312566,0.016189758107454138,0.00002897942945329361
1316,0.019976417146262568,0.01671251661244198,0.01617490841405246,0.00002891885101009618
1317,0.01997120842236523,0.016710336008337434,0.016160065696113866,0.000028859274805021254
1318,0.019966002354558178,0.016708160044688145,0.016145216148833436,0.000028799080103347048
1319,0.0199607955196441,0.016705979302213625,0.016130379031423912,0.000028740411145688593
1320,0.01995559200449927,0.01670380467057325,0.016115532751544544,0.000028680783617112327
1321,0.019950387543214564,0.01670162447899787,0.01610070104188494,0.00002862285583970433
1322,0.01994518653023408,0.01669945043729633,0.01608586066768258,0.00002856395940123282
1323,0.019939984863731167,0.016697271308936175,0.01607103456749703,0.0000285066412955887
1324,0.019934786378792622,0.016695097271378054,0.016056202652373286,0.0000284485769399108
1325,0.01992958783961675,0.0166929194421544,0.016041383343786436,0.00002839172870506415
1326,0.01992439195223925,0.016690744954182574,0.016026562570847485,0.000028334483887177282
1327,0.019919196780883056,0.01668856843297685,0.016011751246206348,0.000028278098664936646
1328,0.019914003718199232,0.01668639346466409,0.01599694236316672,0.000028221780901799214
1329,0.019908812108783595,0.01668421811403359,0.015982140273914338,0.000028165939967140685
1330,0.019903622097893627,0.01668204260150771,0.015967345082969753,0.000028110479791968295
1331,0.01989843416317599,0.016679868052962583,0.015952554906849853,0.00002805512884343359
1332,0.01989324744726132,0.01667769202906662,0.01593777480136558,0.000028000457921584552
1333,0.01988806332944698,0.016675518110935914,0.015922997642479484,0.00002794569001517213
1334,0.0198828801741954,0.01667334177995234,0.015908232756286823,0.000027891842985695173
1335,0.01987770000794372,0.016671168325603933,0.01589346988704804,0.00002783770493018068
1336,0.01987252062606584,0.016668991679543964,0.015878721656624524,0.000027784615196969048
1337,0.01986734454522873,0.016666818441052816,0.015863975046355363,0.00002773109490484016
1338,0.01986216914272517,0.016664641458541497,0.015849244622160922,0.00002767875975148653
1339,0.019856997325332675,0.016662468394157488,0.015834515139434027,0.00002762590328838156
1340,0.01985182608905214,0.016660291073030107,0.01581980336846644,0.00002757434232874379
1341,0.019846658716485378,0.01665811811843126,0.015805092312090024,0.000027522135636112776
1342,0.019841491789311824,0.01665594023950043,0.01579040102439424,0.000027471344932546533
1343,0.019836329059892906,0.016653767333353595,0.015775709800295405,0.000027419766480231135
1344,0.019831166563680218,0.01665158871260791,0.01576104035120044,0.00002736978083222197
1345,0.01982600870562964,0.016649416028582113,0.015746369397908154,0.000027318797465896373
1346,0.019820850725598468,0.016647236457879046,0.015731723055663567,0.000027269656586707
1347,0.01981569799426018,0.016645064165493887,0.01571707309690007,0.000027219209386279363
1348,0.019810544564348224,0.016642883166395565,0.015702452047780466,0.00002717098839656737
1349,0.019805397262737126,0.016640711520473844,0.015687823750398226,0.000027120992183640902
1350,0.01980024834523065,0.01663852853240113,0.01567323010858841,0.00002707379111183772
1351,0.01979510685580527,0.01663635815454619,0.015658623009660734,0.000027024099326934997
1352,0.01978996230373539,0.01663417239664565,0.015644059093419517,0.000026978088405834
1353,0.019784827140734772,0.016632004200830015,0.015629472198234316,0.000026928500257891627
1354,0.019779686622100723,0.016629814323641072,0.015614941703080708,0.000026883957843508986
1355,0.01977455851511413,0.016627649798648784,0.015600372972931143,0.000026834121879118408
1356,0.01976942139463464,0.016625453759271564,0.01558588082062123,0.000026791471238831998
1357,0.019764301462962437,0.016623295522071212,0.015571325606754073,0.000026740819540407578
1358,0.019759166604241617,0.01662108996648308,0.015556879185206273,0.000026700800717282957
1359,0.019754056640231044,0.016618942318542513,0.01554232959945358,0.000026648401797812828
1360,0.019748922019510895,0.01661672147528674,0.015527941509431332,0.00002661224233788675
1361,0.019743825005430052,0.01661459182522044,0.015513383558545929,0.00002655646850042503
1362,0.0197386870585809,0.01661234591155886,0.015499074335932441,0.000026526279835549806
1363,0.01973360816601069,0.016610247378605877,0.015484482273254371,0.000026464332753940365
1364,0.019728460608356185,0.016607959290677744,0.015470287335661463,0.000026443850546147345
1365,0.019723409075177042,0.016605915229303752,0.01545561542303842,0.0000263707612656082
1366,0.0197182407780751,0.016603554484291485,0.01544159830091629,0.00002636663360035559
1367,0.019713233701563776,0.01660160762638251,0.01542676324721263,0.00002627342573873841
1368,0.019708025081234072,0.016599119541738233,0.015413038774294764,0.000026297784636886062
1369,0.019703095445526418,0.0165973502008185,0.015397886213998067,0.00002616800190830498
1370,0.019697812840649084,0.01659463599551073,0.015384667515456578,0.000026243342047039807
1371,0.01969302781603913,0.016593199899416135,0.015368908566830455,0.000026046203256904554
1372,0.019687617543411463,0.016590082681415066,0.015356599461934866,0.000026214969609425746
1373,0.019683124754351987,0.016589295925801814,0.015339684265377221,0.000025891975474727934
1374,0.01967752067043845,0.016585472017680767,0.015329064507104846,0.000026235751336715546
1375,0.019673679525122188,0.016586019096745407,0.01530993273409239,0.000025673881558300784
1376,0.019667894209939182,0.016581033429592877,0.015302542662978131,0.000026352247750677715
1377,0.01966569587646042,0.016584539790685263,0.015279131051360155,0.000025329875503124422
1378,0.01966031268673385,0.01657803371486123,0.015278091740914239,0.00002666062368977126
1379,0.019662864223248522,0.016588850273158217,0.015246380705804521,0.000024737808929401932
1380,0.019661300643176945,0.01658229073928039,0.01525821827594249,0.00002736624870805681
1381,0.019679428232995688,0.01661365697078469,0.015210529529205815,0.00002366535636983548
1382,0.019697551111642307,0.016618734796667832,0.015249446415809723,0.0000289270318125305
1383,0.019770528876140846,0.01671441315425509,0.015171981195156625,0.000021719482854432134
1384,0.019870657616568057,0.01678435436871885,0.01526967884391156,0.00003236747906689404
1385,0.020119933166373782,0.017073260950766847,0.015140726199097917,0.000018526975787349917
1386,0.02044279340403648,0.017332234551851917,0.015356989714769367,0.000039160909230688086
1387,0.020942127869257712,0.017899290822735982,0.01513919720729436,0.00001499760506285578
1388,0.021129805214450258,0.017991182928754637,0.015466076281683273,0.00004540702935896862
1389,0.020859493569933656,0.017822395033807444,0.015108737532124881,0.000015351029701234845
1390,0.020026831015695284,0.01694158062160206,0.015252184731959571,0.000034813447701313176
1391,0.019597624558227618,0.016553956467995023,0.01509181183183023,0.000025305723866549196
1392,0.019886375968957596,0.016856129635426702,0.015049904201480623,0.00002026549323476963
1393,0.02028537292209212,0.017202463958643686,0.015224643383878597,0.000037980286672712965
1394,0.020248813507533936,0.017223888716633214,0.015035778072476734,0.000017769176405373936
1395,0.01970904292349346,0.01665482722964053,0.015119865298907674,0.000030242634071395306
1396,0.01958915698183316,0.016548861255224246,0.015065985921475043,0.000027098542313906653
1397,0.01990742239850906,0.01688817216687816,0.014998338760217781,0.000019582479587343762
1398,0.020001673060680018,0.016937960410737862,0.015146956598244356,0.00003432133029328125
1399,0.0197460870096196,0.016728901378506845,0.014982108344298412,0.000020763962253072265
1400,0.01955563722064123,0.016528092044133736,0.015014305880765888,0.000024684000354317632
1401,0.019700607015693945,0.016654414293287095,0.01508243124725714,0.00002970647295542072
1402,0.019852000684180148,0.016843155103156125,0.014947254897405487,0.000019394601542927135
1403,0.019669878367409438,0.016634366081473746,0.01503073451913999,0.000029365382107694946
1404,0.01953741460352827,0.016522159071483564,0.014952986268082854,0.00002465827842813606
1405,0.019638361929643022,0.016633728552517893,0.014915909237788717,0.000021451529567384117
1406,0.019701863240053238,0.016669491058014182,0.01501216085991012,0.00002994001005702962
1407,0.019623329228959693,0.016623247962141957,0.0148930275749567,0.000021475751826395187
1408,0.019518399151834356,0.0165118590402833,0.01490823110292185,0.000024893890966682387
1409,0.019575464846348707,0.016562221820582024,0.014926614925130378,0.00002792004074060433
1410,0.019638753010372306,0.016648832006148397,0.014843584799148244,0.00002120404439425929
1411,0.01955619955765155,0.016549744078735613,0.014894484831767734,0.00002755851256238954
1412,0.019500273983355812,0.01650619819277728,0.01484706798108309,0.000024662194361913247
1413,0.019548363163433818,0.01656369681614141,0.014811271709141696,0.000022412005464064813
1414,0.01956464994085133,0.016564798095186385,0.01485830244182586,0.00002819135729977186
1415,0.019525770973666683,0.016546305231062267,0.014783394095498734,0.000022786923504669626
1416,0.019482426246303308,0.01650018154402652,0.014788230342257633,0.00002459863382525875
1417,0.019505521858599904,0.016517766043089185,0.014805444012018639,0.000026667013106993664
1418,0.01953244187760199,0.016560947705325346,0.014747128693410822,0.000022068433594481547
1419,0.019486472206088436,0.016504206786452903,0.014780392798169834,0.000026186860001566495
1420,0.01946388768600871,0.016489728756959206,0.014747414491461242,0.00002467603075725646
1421,0.019484769729074747,0.016518749096961084,0.014715706258094903,0.000022879380494681243
1422,0.019486172263178208,0.01651029048021815,0.014746583920620046,0.000026564998836049236
1423,0.01946683964989176,0.01650476765639074,0.01469510027613404,0.000023051938274215108
1424,0.019446313102300987,0.01648314320258133,0.01469527992656002,0.00002411391440765166
1425,0.019453217022538265,0.016487231206977516,0.014701694067964172,0.000025647001967914
1426,0.019463551882716156,0.016510006629148182,0.014654510900713315,0.00002264307342531158
1427,0.019439429540053496,0.01647986502493209,0.01467120754185882,0.000025323006749639535
1428,0.019427626357744983,0.016473864395169572,0.01464728472961609,0.000024305016652191838
1429,0.01943500760831695,0.01648733758308185,0.014622860832984684,0.00002309785863816071
1430,0.019431335690776805,0.016477899368038014,0.014639571426393914,0.000025522037460005798
1431,0.019422458598691194,0.016479391561046417,0.014599136535042325,0.000023239730636312396
1432,0.019409721647427266,0.01646678960147915,0.01459439372719157,0.000024053300509800832
1433,0.019409298417843265,0.016466035299612426,0.014591728173713776,0.000024917483488083078
1434,0.01941331081666133,0.016478748915973913,0.01455818626965179,0.000022924646757057973
1435,0.01939925445761521,0.01646100687655664,0.014567664864699747,0.000024714608118621798
1436,0.019391670118109272,0.01645845228224239,0.014546822903141318,0.00002385325523862039
1437,0.019391722820860092,0.01646278092917971,0.014528527776028442,0.000023236336474694795
1438,0.019387701541372784,0.01645604274060537,0.014534562516685633,0.000024746297430287085
1439,0.019383074248453477,0.016459114810780145,0.014504112929263648,0.000023136851820604735
1440,0.01937346289017805,0.016449367374192073,0.014501269146751634,0.00002384168663565195
1441,0.019369844673594067,0.016446947448711377,0.014493946749482959,0.000024107874986096603
1442,0.019370436084301796,0.01645380044721035,0.014468682193434598,0.000022899198404525236
1443,0.01936182489001762,0.01644333382655069,0.014471621192943545,0.000024166824878221377
1444,0.019356175845056757,0.016442808896255594,0.014449966410008109,0.000023373666799539583
1445,0.019352319240498805,0.016441728930621183,0.014436789169725926,0.000023232475932434312
1446,0.019348161444740258,0.016437051202119104,0.014435419391247085,0.0000240263643717376
1447,0.01934545275984377,0.016440358060627762,0.014410994858072127,0.00002289572760158014
1448,0.019337579328681766,0.016432447300191035,0.014407660462988834,0.000023599935892962875
1449,0.019332999144478624,0.016430671122636895,0.014394138876072802,0.00002350024662716788
1450,0.019330885485471645,0.016432946265553378,0.014375079046992777,0.000022923410519708536
1451,0.01932499603778407,0.016426623309922294,0.014373121059816599,0.000023748515898455575
1452,0.019320765363345996,0.01642723636773324,0.014352723745683263,0.000022984246476102134
1453,0.019315220937710917,0.01642334776526516,0.014343550698264616,0.000023163032792831965
1454,0.019310768402492642,0.016420243177023352,0.01433538921311474,0.000023447382846339315
1455,0.01930815435019322,0.0164222554967356,0.0143156328781707,0.000022772277823476845
1456,0.019301837524508664,0.016416163392165214,0.014311442224842735,0.000023385687374904954
1457,0.01929738706972659,0.016415204066484047,0.01429587245229921,0.000023008512782699437
1458,0.019293341349343525,0.016413868128433116,0.014283107685055368,0.000022851683899334505
1459,0.019288429726519268,0.016409794524055957,0.01427687740526673,0.000023259721409963287
1460,0.019284988303895245,0.016410676418862638,0.014258189170769422,0.000022674050878722046
1461,0.019279241963706933,0.016406073085250033,0.014250715646722438,0.000023025749112409915
1462,0.019274800151071865,0.01640425360323542,0.014238092272843405,0.000022928093267764397
1463,0.01927119486340425,0.01640391482433851,0.01422327914475531,0.000022624210114677693
1464,0.01926595798017308,0.01639957349109427,0.014216863185490307,0.00002301185198074636
1465,0.019262056433328595,0.016399419608379776,0.014200264325857175,0.00002258395977738665
1466,0.019257010233009846,0.016396196578902452,0.014190428340307802,0.0000227279860458333
1467,0.01925247938629672,0.016393781803073198,0.01417955591001053,0.000022786401221415678
1468,0.019248806986379735,0.016393531340034972,0.014164094494907707,0.00002245674736321935
1469,0.019243587829718845,0.01638952298703436,0.014156504885224745,0.00002276386563953483
1470,0.019239448386118057,0.016388639961200192,0.014141638541810804,0.000022480716555706092
1471,0.01923485729974282,0.016386323715302423,0.014130225608475034,0.0000224884627453869
1472,0.01923020997575238,0.016383580356552956,0.014120119437668307,0.000022605731665763567
1473,0.019226383545391478,0.01638307735551204,0.014105003280091833,0.000022305533861072002
1474,0.019221322196909904,0.016379516628275373,0.014096410642585235,0.0000225234401174826
1475,0.01921706529835445,0.016378101276744224,0.014083085460806478,0.00002234692944892929
1476,0.019212693473849036,0.016376186957633796,0.014071116942004818,0.000022283127814273027
1477,0.01920799733655213,0.016373324724854085,0.01406133475039943,0.00002240566161816023
1478,0.019204017595162,0.016372501960989362,0.014046816999299733,0.00002215223431269339
1479,0.019199140392774067,0.01636939515820301,0.014037248402746026,0.000022295554021849765
1480,0.019194810866015904,0.016367694708675225,0.014024652245910528,0.000022185708158572674
1481,0.019190514503840166,0.016365948679802435,0.01401235472036087,0.000022094879965558837
1482,0.019185820625599866,0.016363127532872855,0.014002463006029881,0.000022200491521036848
1483,0.019181738086536036,0.016362024501370556,0.013988595968987555,0.000021994391367971027
1484,0.019177001297151483,0.016359231674171467,0.013978417719132887,0.000022086079153439267
1485,0.019172635421473034,0.01635737086279506,0.013966255292782082,0.00002201350012155714
1486,0.019168347954006758,0.01635564076863965,0.013953929446553059,0.000021921296056496988
1487,0.019163694394716,0.016352933525119455,0.013943788453118392,0.000022003178972866135
1488,0.01915953544635184,0.01635161299321922,0.013930434128087782,0.000021835627515063153
1489,0.019154893042533407,0.01634903384291085,0.013919832907979775,0.000021892618026601873
1490,0.019150512227761835,0.016347112016413624,0.013907824516080997,0.000021835308132010928
1491,0.019146208586916215,0.016345339295751972,0.013895588972009015,0.00002175149676244026
1492,0.019141603413504137,0.01634275228746524,0.013885212476609165,0.000021808630717064373
1493,0.019137395110205662,0.01634125184756518,0.013872365030816508,0.000021670256477179526
1494,0.019132813829587307,0.016338776897890206,0.013861656761296618,0.00002170557943777503
1495,0.019128435181373617,0.016336824059375137,0.013849796915315484,0.00002165173893538228
1496,0.01912410595076377,0.016334973513509272,0.013837759820578478,0.000021580473138799658
1497,0.01911955119600116,0.01633251041016009,0.013827128809148954,0.00002161502401127419
1498,0.01911530554755005,0.0163308875267423,0.01381459611169972,0.00002149879846780534
1499,0.019110763020188624,0.016328484128422985,0.01380378924197022,0.0000215210433715933
1500,0.019106394773488796,0.016326538426235656,0.013791954419652088,0.000021465463322721262
1501,0.01910203898796569,0.01632460735065534,0.013780115780380874,0.000021408481234173403
1502,0.01909753017614968,0.016322255162570916,0.013769255202877268,0.000021423973003310974
1503,0.019093257431477627,0.016320534952440083,0.01375698088027867,0.000021326302981807753
1504,0.019088743359111496,0.01631817602381839,0.013746132981042294,0.000021340739084649573
1505,0.01908438949192502,0.016316245710491246,0.013734308648108047,0.00002128205181216226
1506,0.019080008674449273,0.01631423693234491,0.013722664422811054,0.00002123885754215112
1507,0.019075541408326062,0.016311989540570726,0.013711573155718363,0.00002123723661165947
1508,0.01907124445796627,0.016310193708724614,0.013699477912259103,0.000021155166789833297
1509,0.01906675371959006,0.016307879482635873,0.01368855775275391,0.000021162686403403075
1510,0.019062413593428938,0.016305965177796332,0.013676737577190082,0.0000211009001945869
1511,0.019058012207204503,0.0163038823927792,0.013665301650165596,0.000021069484392185946
1512,0.019053582986575352,0.016301718749767893,0.013654058838865899,0.000021052469034281603
1513,0.01904926310469029,0.01629984199171693,0.01364218103713118,0.000020984905547125005
1514,0.019044796623717306,0.016297571054795876,0.013631202886179592,0.000020984991685510217
1515,0.019040465876170025,0.016295661796004116,0.013619409272446025,0.000020922225676701313
1516,0.01903604999190318,0.016293523842401667,0.013608131363804845,0.000020899876740547107
1517,0.019031654238278767,0.016291436748280805,0.013596739619746466,0.000020869566048668793
1518,0.0190273107125218,0.016289484698546675,0.013585049664706588,0.0000208160810338074
1519,0.019022870389907954,0.016287269692155982,0.013573966001165116,0.000020807497518948754
1520,0.01901854226370184,0.01628535078031497,0.013562220764732432,0.000020747330440385185
1521,0.019014120661845057,0.016283180245520532,0.0135510484884507,0.000020730718634383287
1522,0.019009753003279055,0.016281151962667047,0.01353955333885285,0.00002069037284144012
1523,0.019005387324447395,0.016279126502154892,0.013528053204820745,0.000020650181328353717
1524,0.019000975657708516,0.016276974866236676,0.013516845613938257,0.00002063166868418773
1525,0.018996641636605145,0.01627502740385175,0.01350518272493157,0.000020577687767080988
1526,0.018992224237071614,0.016272854852989318,0.013494036143892784,0.000020562155303740826
1527,0.018987876027614755,0.016270865162114925,0.013482475935794172,0.00002051567834099682
1528,0.01898349291413295,0.016268779709338946,0.013471135470869802,0.000020486110620045025
1529,0.018979109799124757,0.016266690295710835,0.013459811034170077,0.000020457296579908944
1530,0.018974763092846233,0.01626469353714488,0.01344828645427596,0.00002041226484615851
1531,0.018970360058997663,0.01626254259158639,0.013437121321979672,0.00002039320301534218
1532,0.018966020613783576,0.016260559298854678,0.013425577939228713,0.000020345727083155194
1533,0.018961629391661385,0.016258436210474018,0.013414353105129598,0.000020322560161446863
1534,0.018957270530318784,0.016256397455124343,0.013402938545265499,0.00002028536614134275
1535,0.018952908465805923,0.01625434682218225,0.01339155773070976,0.000020250097481718516
1536,0.01894852656987205,0.016252239449814267,0.013380314419293328,0.000020224236199116006
1537,0.018944184483630506,0.01625023538152689,0.013368840939153918,0.000020180914272833036
1538,0.01893979701861259,0.016248107808354163,0.013357651697585016,0.0000201588707414239
1539,0.018935453313793253,0.01624609506948836,0.013346202680583471,0.00002011770818819601
1540,0.01893108045197187,0.016244001621195134,0.013334943026791932,0.000020090225418346247
1541,0.018926720894559993,0.016241940477302565,0.013323616268129836,0.000020057163631459664
1542,0.01892236883655161,0.016239896324066024,0.013312256218104696,0.00002002126886464793
1543,0.018917995758239336,0.0162377935377747,0.013301033478678403,0.0000199955247289577
1544,0.01891365517089869,0.016235775575628154,0.013289619025895311,0.00001995579009147373
1545,0.018909281830144054,0.01623366752488511,0.0132784149720735,0.00001993131084424276
1546,0.018904938286704028,0.016231636078214425,0.013267041681690378,0.000019893872151528217
1547,0.01890057689763059,0.016229553470940773,0.013255792306985637,0.000019864965292689326
1548,0.018896222679826186,0.016227486931043634,0.013244511444570775,0.000019833459868397734
1549,0.018891876011755286,0.016225437927724316,0.013233194319639478,0.00001979922010307591
1550,0.01888751363782128,0.016223344375442133,0.01322198331362339,0.00001977259965446974
1551,0.01888317497904064,0.016221311670038308,0.013210637254697634,0.000019735858062805925
1552,0.018878813066605476,0.01621921385701829,0.013199445994268184,0.000019710010733548313
1553,0.0188744731862422,0.016217172295771756,0.013188130236722,0.00001967484312604481
1554,0.018870119657786826,0.016215091563906544,0.013176908636513811,0.00001964636657751911
1555,0.01886577341976229,0.016213027771448212,0.013165651990232397,0.000019615250267600353
1556,0.018861430480167606,0.01621097003273062,0.013154385982269017,0.000019583250983181485
1557,0.01885707882047838,0.01620888580877468,0.013143187059332135,0.000019555599837272966
1558,0.01885274276599538,0.016206840305002395,0.013131905252520655,0.000019521410488855
1559,0.01884839069745738,0.01620474903873961,0.01312073414610753,0.00001949482949626431
1560,0.018844055864492358,0.016202701448260054,0.013109466396837405,0.00001946113686482512
1561,0.018839708772283824,0.016200618203438807,0.01309828556593864,0.00001943345565728775
1562,0.018835371065010917,0.016198556995155478,0.01308705992232929,0.000019402085389580408
1563,0.01883103135911793,0.01619648708706019,0.013075861175738324,0.000019372036910077395
1564,0.018826690093191156,0.01619440989109636,0.013064685244420834,0.000019343153210629233
1565,0.018822356807367373,0.016192351419132153,0.013053470522676308,0.000019311283699956544
1566,0.018818014331889163,0.016190265656541365,0.013042322923283856,0.000019284090691024786
1567,0.01881368438174314,0.01618821085873614,0.013031108154491452,0.000019251892108710064
1568,0.018809343949788105,0.016186125010232248,0.01301997050422155,0.00001922483871154779
1569,0.018805014165236163,0.016184065091427762,0.013008777600992357,0.000019193553609929364
1570,0.018800678276064242,0.01618198623227697,0.012997632582568332,0.00001916552727360521
1571,0.018796347093966638,0.01617991758769778,0.012986467458461373,0.000019136014576583163
1572,0.018792016526868034,0.016177847887132994,0.012975309109049073,0.000019106817925226748
1573,0.018787684119322492,0.01617577020460941,0.01296417469645615,0.000019078975421853236
1574,0.01878335792251557,0.016173706170120056,0.012953014289119573,0.000019048894571600134
1575,0.018779025716396346,0.01617162297802837,0.01294190365265415,0.00001902200783714623
1576,0.01877470220801826,0.01616956043960834,0.012930749648927474,0.000018991838624427343
1577,0.018770372018456185,0.01616747695829559,0.012919649318201078,0.000018965196520378505
1578,0.01876604958431138,0.01616541128033543,0.012908513177686836,0.000018935668438582308
1579,0.01876172271533131,0.016163330353450793,0.012897418679658244,0.000018908625948867126
1580,0.01875740042094998,0.016161258597153606,0.012886308635418448,0.00001888009671268383
1581,0.018753077428004576,0.016159181905027555,0.01287521540543566,0.00001885244188989062
1582,0.01874875522471969,0.01615710431411857,0.01286412943749556,0.000018825023102008178
1583,0.018744435895839608,0.016155031338629826,0.012853038206616995,0.000018796915886383774
1584,0.018740114300025517,0.016152948968879526,0.012841974765014986,0.00001877037814299421
1585,0.018735797923992114,0.016150877538205214,0.012830891408535125,0.000018742104079875975
1586,0.018731477744387447,0.01614879277017255,0.012819844424985355,0.000018716089217825048
1587,0.01872716355378768,0.016146721226472063,0.012808771650820812,0.00001868799715145424
1588,0.018722845549880796,0.016144636226411886,0.01279773584052414,0.000018662155364083285
1589,0.01871853291040362,0.016142562504962318,0.012786679333361216,0.00001863453876905724
1590,0.018714217637946586,0.016140478279262783,0.01277565339185243,0.000018608680313314525
1591,0.018709906220945913,0.01613840114504066,0.012764616833389666,0.000018581709227319885
1592,0.01870559393392859,0.0161363182768287,0.012753599785926759,0.000018555699914541022
1593,0.018701283684593974,0.016134237530716026,0.012742583860025126,0.00001852938187292335
1594,0.018696974379445994,0.01613215586819209,0.012731576293333812,0.000018503252587140256
1595,0.018692665442672382,0.016130071689255787,0.012720580921547799,0.000018477569107033664
1596,0.018688358943664708,0.01612799065449809,0.012709584372379061,0.00001845141469080494
1597,0.01868405156648613,0.01612590378902833,0.012698607623395756,0.000018426252778645725
1598,0.0186797476546684,0.016123822914294164,0.01268762278393729,0.000018400183586776135
1599,0.018675442124760227,0.016121734105952207,0.01267666280821358,0.000018375457165303755
1600,0.018671140598158883,0.016119652596281137,0.012665692009297586,0.000018349600018227256
1601,0.01866683715285819,0.016117562205707422,0.01265474862535114,0.000018325222080542478
1602,0.018662537859568465,0.016115479518776166,0.012643793414496373,0.000018299657893024823
1603,0.018658236682236217,0.01611338807582669,0.012632865165297243,0.000018275573350077163
1604,0.018653939543001184,0.016111304009906104,0.012621925868994908,0.000018250359296097573
1605,0.018649640738578947,0.016109211664223497,0.012611012755934745,0.000018226523168499968
1606,0.01864534572214819,0.016107125888428785,0.012600090830192038,0.000018201667680995938
1607,0.018641049348491995,0.01610503258631737,0.012589193456028354,0.000018178070968953944
1608,0.018636756494658062,0.016102945080150456,0.012578289109150122,0.000018153592677580015
1609,0.018632462582324833,0.01610085078481999,0.012567407757100598,0.00001813024608472448
1610,0.01862817195106745,0.016098761522725824,0.012556521555695845,0.00001810611720245806
1611,0.018623880489502982,0.01609666598783353,0.012545657387890376,0.00001808302409137568
1612,0.018619592160512493,0.016094575044894904,0.01253478940561636,0.000018059234494316178
1613,0.018615303133911628,0.016092478195134128,0.012523942489463124,0.000018036440884877558
1614,0.018611017200940785,0.016090385831718023,0.012513091994044693,0.000018012970413823282
1615,0.018606730572314246,0.016088287509677054,0.012502262856333914,0.000017990491370407158
1616,0.018602447135418917,0.016086193867860605,0.012491429834055554,0.000017967300747201146
1617,0.01859816286404885,0.01608409380496149,0.01248061937378619,0.000017945184330123744
1618,0.018593882050564767,0.016081999103276078,0.01246980345228336,0.000017922256832018654
1619,0.018589600075806657,0.016079897021415213,0.012459012512406798,0.000017900551910084273
1620,0.018585322029263947,0.016077801540687407,0.012448213302869673,0.000017877828002602394
1621,0.018581042249475013,0.016075697027660957,0.012437443180828428,0.000017856585648369738
1622,0.018576767159837484,0.01607360116037668,0.012426659989145864,0.00001783400163162918
1623,0.018572489418362894,0.016071493657727746,0.012415912229407277,0.00001781331475369092
1624,0.018568217551377886,0.016069398019935562,0.012405143813821816,0.00001779076867795991
1625,0.018563941591795117,0.016067286684502326,0.012394420738207198,0.000017770759651352287
1626,0.018559673342972007,0.016065192224919464,0.0123836651410552,0.00001774808984150356
1627,0.018555398746117356,0.016063075736178833,0.012372970239208459,0.000017728962096831457
1628,0.018551134726693088,0.01606098401048501,0.0123622239917445,0.00001770591785917866
1629,0.018546860791496277,0.016058860302908276,0.012351562449540344,0.00001768799867993334
1630,0.01854260197950642,0.016056773937056703,0.012340819379254745,0.000017664166598768054
1631,0.01853832752889407,0.016054639639502,0.012330199472087869,0.0000176479949744981
1632,0.018534075539183757,0.01605256301706508,0.012319449208396747,0.00001762268043932548
1633,0.018529798575203135,0.01605041242515537,0.012308884946898887,0.000017609160667987643
1634,0.01852555614767379,0.01604835301870996,0.012298109714717384,0.000017581186020355667
1635,0.01852127324811978,0.016046176379860094,0.012287624953352352,0.000017571877589214876
1636,0.01851704514268914,0.016044147184687697,0.012276793784226834,0.000017539201156078146
1637,0.018512750374822393,0.01604192751546876,0.012266430235608885,0.000017536812231855856
1638,0.018508545066713115,0.016039951567667673,0.012255488359382342,0.000017495827168971885
1639,0.01850422808797943,0.01603765893193434,0.012245319900977963,0.000017505175849498367
1640,0.018500061123508466,0.01603577795410957,0.012234168680282093,0.00001744943334247449
1641,0.018495703934006257,0.016033358915349398,0.012224328976495932,0.000017479223357673292
1642,0.018491604873999454,0.01603165018366299,0.012212788630709391,0.000017396964194588104
1643,0.018487176749594502,0.016029008809860103,0.012203523795111854,0.000017463180712026196
1644,0.01848320465046604,0.01602761980845164,0.012191260956076793,0.000017332650799041545
1645,0.018478656379182404,0.01602458485170601,0.012183031798650653,0.000017465167746261068
1646,0.018474937648009507,0.016023808276280395,0.012169419539833174,0.000017245463762478478
1647,0.018470205018523485,0.016020083023045056,0.012163104925537337,0.00001750101037096188
1648,0.01846703702142554,0.0160205332640991,0.012146948456799329,0.0000171140659665745
1649,0.018462103878205623,0.016015650338092043,0.012144256575327873,0.000017602225048005125
1650,0.018460273040450965,0.016018725004954354,0.012123255098952117,0.00001689701570618648
1651,0.018455516675169193,0.016012167665254477,0.01212757938663638,0.00001783313258743791
1652,0.018457379170525597,0.016021408463791673,0.012097282113577152,0.0000165142840184945
1653,0.018455140346529588,0.016013702531873366,0.01211554359599139,0.00001832909545794581
1654,0.01846856956702823,0.016039270711267737,0.01206741152726785,0.00001581655030692323
1655,0.018479780554024283,0.0160375554228075,0.012114196695517072,0.00001938579211336745
1656,0.01853289059885456,0.016111841705468845,0.012032465951280194,0.000014555703129674095
1657,0.018602393201005464,0.016152825511108734,0.012139491121545307,0.000021669465587668146
1658,0.01879155033301174,0.016379527609662017,0.011997839121098178,0.000012454899130088903
1659,0.019060555870827178,0.016587780665704897,0.012230976223068223,0.000026579960508636675
1660,0.019591574650302583,0.01718393807604689,0.011990092415922332,0.000009618091071227323
1661,0.02011297215551808,0.017594618313183975,0.012417622663579635,0.00003482930961817854
1662,0.02052737908087514,0.01811831302999678,0.012005639585132715,0.000007938133851812681
1663,0.020003803728270993,0.0174921260122027,0.012386650775501032,0.00003434756096808502
1664,0.01902226041579593,0.016622472839989848,0.011941327261045106,0.000011522123597064545
1665,0.01840093334279181,0.015987351368475143,0.011976933083433944,0.000018195357629880243
1666,0.018742337785602,0.01630680774470856,0.012056155137780623,0.000024299013337315938
1667,0.019377981877842055,0.016982238272125295,0.011926921039025712,0.000010359397911618242
1668,0.019172564829595555,0.016709886908497246,0.012172548703583995,0.000028168180381509095
1669,0.018615155930912827,0.01622119977460787,0.011902497153031738,0.00001345672569861162
1670,0.01841271462005957,0.016014163578388717,0.011913935988679685,0.000015763843934918566
1671,0.018789767251401718,0.01635428464711924,0.012054783901313685,0.000024525824019737074
1672,0.018970260401974248,0.016584595208905775,0.011871331253291248,0.000011398942410220327
1673,0.018588216156398017,0.016158612519617827,0.012037698102015717,0.000022064016377047448
1674,0.018365332747480565,0.015961749467980353,0.011931905543341979,0.00001720217083181427
1675,0.018594991245503133,0.01621120976908941,0.011852788004542966,0.000013223875505131104
1676,0.018721931812832878,0.016296921515223165,0.012005917427344531,0.00002382681214080624
1677,0.018532420921850284,0.01615194277126503,0.011833917227678738,0.000013694705049507688
1678,0.018349471578956902,0.015958753564321252,0.011868386446753545,0.000017040725284939826
1679,0.01847224997703763,0.01606360427850049,0.011938579198921839,0.000020929858752771986
1680,0.018600021381893025,0.01622620436537018,0.011803132142453376,0.000013190588032170605
1681,0.018435476892362145,0.016037441552261368,0.011887290717705808,0.000020577196559615748
1682,0.018334290358182466,0.015952430029969877,0.01182171290571022,0.000017517747070547272
1683,0.018437474674978357,0.01606696654893135,0.011779787627129527,0.000014550600621101107
1684,0.018472210290485833,0.016074018535792114,0.011884327715080408,0.000021326211677635885
1685,0.018388105098207833,0.016019086883696774,0.011769709909493983,0.000015076232612261966
1686,0.018321495903411054,0.015948920882322873,0.01177899844373427,0.000016775332341327097
1687,0.018382996882862258,0.015999252440713152,0.011819104231179652,0.00001992359591317506
1688,0.018420022271157705,0.016058796305190304,0.01173413681182092,0.000014398603603218311
1689,0.018332580698935563,0.01595422644794853,0.011798139286558932,0.000018726393675246258
1690,0.018305073698336786,0.015932887365830196,0.011773143314182258,0.000017557669670136813
1691,0.018359806497067005,0.016000857430544357,0.011719994352128095,0.000014950196097028671
1692,0.018355190630051643,0.015979420150759746,0.01178112257558726,0.000019545964174443817
1693,0.01830892757954333,0.015950949396222398,0.011710418235593687,0.00001589453620219125
1694,0.018293953528971604,0.015935518303246753,0.011710660023300993,0.0000163032210646521
1695,0.018317605836755724,0.015948954588386438,0.011749068203748141,0.00001883760761965579
1696,0.018325989622875166,0.015975487025157466,0.011676761258271705,0.000015150346063358727
1697,0.018281280330837618,0.01592276388883717,0.01170371757380869,0.000017772927238708112
1698,0.018275598861733248,0.015919736222599196,0.011691186262801247,0.000017625386573801668
1699,0.01830007769746536,0.015954208880102204,0.011652212418262703,0.00001542633371061756
1700,0.018286001571652038,0.015928386275111485,0.011696081664225692,0.000018398963695413592
1701,0.01826548678518182,0.015919050573838835,0.011650641757833022,0.0000163078597763816
1702,0.018262328307111473,0.01591835139464035,0.011638549009073752,0.000016267110656374192
1703,0.018269388264175165,0.015919103936899947,0.01166052619509495,0.000018179088256227877
1704,0.01826796073765527,0.0159295953922198,0.011613589969758675,0.00001564735148373527
1705,0.018245888780275683,0.015902267605277503,0.011632494610881065,0.000017122252821967598
1706,0.018243212577995244,0.015900400463763464,0.011627850924990229,0.000017241929233731926
1707,0.018252953021043027,0.015918842069419917,0.011592089988798866,0.000015692953863336948
1708,0.01824218377898471,0.015901454388889038,0.011615223928000878,0.00001768460449549683
1709,0.018231447940380553,0.015898099330628423,0.011584782906122887,0.000016392028527552667
1710,0.01822919803944319,0.015898003098189773,0.011574853020086519,0.000016224337236114386
1711,0.018228714664777337,0.015893334773493733,0.011589228969181348,0.0000175340974473348
1712,0.018226931050295325,0.015900840057889064,0.011550868855939958,0.000015917221218268893
1713,0.018214549506579077,0.015886312094957937,0.011556545078694249,0.00001692839588229161
1714,0.018211230359386366,0.015884403964670134,0.011548989132411756,0.000017028568233881596
1715,0.01821406862614166,0.01589327729689138,0.011524087507421977,0.00001597382776588174
1716,0.01820611355848636,0.0158810719863374,0.011538767551235223,0.00001728806190191468
1717,0.01820016634560589,0.015880813476958747,0.011514645452381924,0.00001642377817075819
1718,0.018196641945741346,0.01587945166892236,0.011504023575632565,0.000016385561692471557
1719,0.01819391122009522,0.01587496251171628,0.011508708112046908,0.000017207085969558383
1720,0.018192040807675575,0.01587950498777305,0.011482189835170856,0.000016097852868355195
1721,0.01818379611623188,0.015869667793268538,0.011486630325169033,0.000016802257929534287
1722,0.01817990978011981,0.01586763356058809,0.011477595326384694,0.00001675715425478341
1723,0.01817943288284462,0.01587173649100851,0.011457787212382758,0.000016138949359558655
1724,0.01817369697029626,0.0158639716362135,0.011463527070775567,0.000017019919927646236
1725,0.018169484626129658,0.015864373624020902,0.0114437782087907,0.000016355360350616376
1726,0.01816509081050143,0.01586119723001453,0.011437289253643752,0.000016435729758150492
1727,0.018161492896437793,0.015857347097824007,0.011436352720466456,0.000016875254520495534
1728,0.018159524534124623,0.015860470581173666,0.011414415362413796,0.0000161708804681969
1729,0.01815333898945788,0.01585372127372431,0.011414341337867897,0.000016749448159993743
1730,0.018149401302177993,0.015852319192167712,0.01140249222136793,0.000016583665736693996
1731,0.018146974230225644,0.015852871327899365,0.011389133912035502,0.000016276119919177698
1732,0.01814228180844017,0.015847398358520507,0.011390292410398947,0.00001682496783987215
1733,0.01813899749917659,0.015848200509481852,0.011372401376780156,0.000016316714338704143
1734,0.018134261392130067,0.015844393075066587,0.011366702013828623,0.00001652791429775298
1735,0.018130465314254877,0.015841606314300937,0.011360839864973516,0.000016691026959237658
1736,0.018127945973751163,0.015842614801187017,0.011345375099993575,0.000016256152565430184
1737,0.018122882336600234,0.015837265552818676,0.011344659754045774,0.000016684832972402396
1738,0.018119210499703654,0.015836432727194108,0.011331687707870696,0.000016440230935404394
1739,0.018115655269215845,0.015834927534297903,0.011321726875778619,0.000016382359762217602
1740,0.018111521157829966,0.015831176513865907,0.011318319088967996,0.000016680826170461433
1741,0.018108463226374463,0.0158314204307791,0.01130370154966713,0.000016302485661937726
1742,0.01810381458139843,0.015827279720829597,0.011299921357001778,0.000016550589168476558
1743,0.018100045885741007,0.01582534851917865,0.011290871708167921,0.00001652302492877321
1744,0.0180968770522204,0.0158248047281756,0.01127868724032079,0.000016334875980640248
1745,0.018092505530700114,0.0158208589095777,0.011275072155808242,0.000016632189960764857
1746,0.018089078823870935,0.015820253269949694,0.011262237812855758,0.00001637799135008955
1747,0.018084988261480424,0.015817427979293724,0.011255478304687741,0.00001646462124915005
1748,0.018081092347523923,0.015814796644678965,0.011248680577832746,0.000016559587278408977
1749,0.018077888125127277,0.015814302846543875,0.011236219376621786,0.0000163414032590433
1750,0.018073540540048123,0.015810644194038118,0.011231627075939048,0.00001657093082219767
1751,0.018069934398684352,0.015809292755814355,0.011221018625961579,0.00001643791767768062
1752,0.018066208575193747,0.015807285125055883,0.011212532987559273,0.000016416852626010966
1753,0.01806220239254013,0.015804301132209132,0.011206724189110784,0.00001655642250883828
1754,0.01805884194866679,0.015803507704279976,0.011194852513328564,0.00001636374172110038
1755,0.01805467136430885,0.01580037968310828,0.011188899116053924,0.00001651185798978158
1756,0.018050958298115375,0.015798531073721263,0.011179794927321868,0.000016468238929739846
1757,0.0180473841680549,0.015796920255454885,0.011170348206238485,0.000016394271352315633
1758,0.01804333486993553,0.015793878100171375,0.011164608742413061,0.000016535021281544293
1759,0.0180398460808093,0.015792721999449158,0.011153660503047488,0.00001639198075064056
1760,0.01803586062662868,0.01579006544057618,0.011146597661055515,0.00001647565384140069
1761,0.018032076063469456,0.015787908442700345,0.011138398745257794,0.00001648787171755012
1762,0.018028530716129847,0.015786417044683223,0.0111285739998241,0.000016398871481803054
1763,0.01802450402838603,0.015783504573129055,0.01112240148339435,0.000016519158578103406
1764,0.018020923467970823,0.015782048970072585,0.011112258169679113,0.000016422863962413594
1765,0.01801706815318914,0.015779722134836745,0.011104425379370278,0.0000164609424783377
1766,0.018013241798307118,0.015777396287445306,0.011096730185821066,0.000016499473697596575
1767,0.01800968036276219,0.01577585943701767,0.01108702949931227,0.00001641502588206567
1768,0.01800570848652994,0.015773102942784247,0.011080481535009687,0.000016509236743755707
1769,0.01800206652809266,0.01577140073620064,0.011071083773378022,0.00001644903721641435
1770,0.017998288983723118,0.015769255906587877,0.011062867378732747,0.00001645960138869369
1771,0.01799444764986367,0.01576687085437562,0.011055353223436693,0.000016506150800712877
1772,0.01799085506207132,0.015765249628454266,0.01104585430135584,0.00001643457334588662
1773,0.01798694036183045,0.01576265834684699,0.011038882362698167,0.00001650554244382496
1774,0.017983259679132037,0.015760798281982666,0.011029954098703354,0.000016470577408699423
1775,0.017979521757933697,0.015758741983802324,0.01102155706672515,0.000016468360786344172
1776,0.01797568496671834,0.015756357279321426,0.011014063943210507,0.000016514898754810647
1777,0.017972063893712392,0.015754638717006508,0.011004829998164814,0.000016459177072923167
1778,0.017968198536048655,0.015752175786899296,0.01099754888011884,0.00001651297312559088
1779,0.017964495274398515,0.015750217278388986,0.01098892100674926,0.00001649379465967616
1780,0.017960774325218892,0.015748192899009514,0.010980472964860372,0.00001648683323730623
1781,0.017956951636729085,0.015745840735815902,0.010972913372777338,0.00001652822635771644
1782,0.0179533078835426,0.01574403508750231,0.010963935368372573,0.000016485722365770813
1783,0.017949479239003245,0.015741656516022703,0.010956480198287872,0.000016526683322967187
1784,0.017945766307174687,0.015739631885465535,0.010948091578584571,0.000016516105992235258
1785,0.017942051652792234,0.0157375952471291,0.010939736403643771,0.000016509124934378964
1786,0.0179382480783557,0.015735276629950865,0.01093213648123363,0.000016544152158110713
1787,0.01793458761354617,0.01573339675895937,0.01092339203590462,0.000016512447405876494
1788,0.017930785922351675,0.015731077760273698,0.010915816191053838,0.00001654492386721021
1789,0.0179270707589003,0.015729024840758297,0.01090753453055032,0.000016539012031937497
1790,0.017923356828784834,0.01572697206690379,0.010899249608577046,0.000016534840165633185
1791,0.01791957250107718,0.01572469565265231,0.010891563636160983,0.00001656412119267534
1792,0.01791590107828225,0.01572276131748002,0.010882991265005425,0.0000165415078011475
1793,0.017912119539988062,0.01572048183552958,0.010875342702275696,0.000016569164003344542
1794,0.017908407701989995,0.015718415921921497,0.010867128691747593,0.00001656604171897798
1795,0.017904692999004598,0.015716339254571266,0.010858939335522396,0.00001656587732885191
1796,0.0179009273644968,0.015714100455114066,0.010851185111298024,0.00001658988712312786
1797,0.017897248599121028,0.01571212310056664,0.01084275642818227,0.000016574212917936775
1798,0.017893482734244587,0.015709870858579177,0.010835067118878173,0.000016598451889776066
1799,0.01788977678775612,0.015707800131265763,0.010826901347727482,0.000016596386944862167
1800,0.0178860612898462,0.015705696510338766,0.01081882371059051,0.000016600037389334508
1801,0.01788231341621567,0.015703487279097414,0.010811033942805769,0.000016619348557101294
1802,0.017878630398240638,0.015701471292763773,0.010802748000070328,0.00001660950546280063
1803,0.017874878375116452,0.01569923737508272,0.01079504738528131,0.000016631522977469616
1804,0.017871179577509406,0.01569716556015217,0.010786919135110226,0.000016630190335190647
1805,0.01786746404685951,0.015695039931850816,0.0107789328395117,0.000016637547106352352
1806,0.017863732712716927,0.015692860747889253,0.010771094784070573,0.000016653008013560747
1807,0.01786004704405141,0.015690815513253235,0.010762915501713348,0.000016648430455500787
1808,0.017856307956965092,0.01568859974104449,0.01075519717107718,0.00001666878170516617
1809,0.01785261653216356,0.01568652723059749,0.01074710475744384,0.000016668350077300773
1810,0.01784890261790714,0.01568438229071401,0.010739206345478793,0.000016679058097371563
1811,0.017845187069198524,0.015682227477755623,0.010731340865138515,0.00001669141841519656
1812,0.01784150011925668,0.01568015432738419,0.010723270977629484,0.000016691596346592777
1813,0.0178377741468425,0.015677955260353336,0.010715543836969588,0.000016710119095247533
1814,0.017834089454199415,0.01567587920416983,0.010707497645542493,0.00001671072092108564
1815,0.017830379000155903,0.015673720169921405,0.01069967485154665,0.000016723859925167764
1816,0.017826678161866862,0.015671585328131135,0.010691796099351877,0.00001673361386535159
1817,0.017822991084294703,0.015669485799406885,0.010683836263164092,0.00001673803225499938
1818,0.017819278927302982,0.015667302827033464,0.010676107786575764,0.000016754542954365342
1819,0.017815600189932203,0.015665218065227825,0.010668126535371433,0.000016756817630090217
1820,0.01781189566043467,0.01566305047484871,0.010660367819460725,0.000016771621693812508
1821,0.017808208314305757,0.015660930799396816,0.010652489468499605,0.00001677962120901987
1822,0.017804522390297183,0.01565880904756487,0.010644627461524316,0.00001678785042744825
1823,0.01780082459697567,0.01565664454964129,0.010636888871979505,0.00001680227293847821
1824,0.017797150753790892,0.01565454837076418,0.01062897748702795,0.000016806885621121138
1825,0.017793454710563015,0.01565237964372119,0.010621263184275944,0.000016822429986641347
1826,0.01778977930773613,0.01565026862472941,0.010613405138383747,0.000016829655329969646
1827,0.0177860965127515,0.015648128345999598,0.010605635468811155,0.00001684107298966997
1828,0.017782413422876567,0.015645980765959265,0.010597895596397044,0.000016853537637894473
1829,0.017778743864577035,0.01564386920898084,0.010590068620997506,0.000016860931396694164
1830,0.017775058837009437,0.015641705415070314,0.01058238608525675,0.00001687620488777391
1831,0.017771393460706685,0.01563959586459771,0.01057456979914965,0.000016883636279044803
1832,0.01776771627589167,0.0156374435333275,0.010566877391854067,0.00001689726419335582
1833,0.017764047404914385,0.015635309929736513,0.010559146463217553,0.00001690818253436173
1834,0.017760382293958325,0.015633181890283326,0.010551409686713973,0.000016918466332201647
1835,0.017756710383599925,0.01563102761076407,0.010543749908516944,0.00001693279113246571
1836,0.017753053289055225,0.015628912494291918,0.010535996378814869,0.000016941519000332097
1837,0.01774938473675007,0.015626755960891282,0.010528362282625027,0.00001695631933378343
1838,0.017745728805429333,0.015624631325780212,0.010520654675658523,0.00001696654451741766
1839,0.017742069375379782,0.015622489941306475,0.010513000305272158,0.000016979373018873888
1840,0.017738411649863596,0.01562034773001869,0.01050535705852071,0.00001699250814076521
1841,0.01773476165759938,0.015618222503057794,0.010497679371947977,0.000017003280151991354
1842,0.01773110467334271,0.015616069087017036,0.010490087002064519,0.00001701818591277002
1843,0.01772745990263415,0.015613945795503943,0.010482426755873438,0.000017028755955520665
1844,0.01772380857045149,0.015611796117391368,0.010474845790980368,0.000017043294864049297
1845,0.017720164909579884,0.015609663320632544,0.01046723019203726,0.00001705555053988798
1846,0.01771652210580554,0.015607526373302231,0.010459636063717363,0.000017068519759832826
1847,0.01771287881945752,0.015605380806657729,0.010452076161102681,0.000017082780579253978
1848,0.017709243538089392,0.015603252265662818,0.010444483228195517,0.000017094626787470653
1849,0.01770560323657013,0.015601101698065417,0.010436958637610076,0.000017109810982694544
1850,0.017701972376946547,0.015598972817812235,0.010429387726744947,0.00001712201378532287
1851,0.017698338358054764,0.015596827286375554,0.010421871671958878,0.000017136737287433603
1852,0.01769470952916508,0.01559468999010534,0.010414346093169229,0.000017150320425896154
1853,0.017691083177970912,0.015592552809212321,0.01040683197107233,0.00001716397454412511
1854,0.017687456458752106,0.015590407409923015,0.010399350382547244,0.000017178972319642864
1855,0.01768383678892026,0.015588276043584032,0.010391843289782378,0.00001719208737975125
1856,0.01768021417760572,0.01558612835546649,0.010384390827400392,0.000017207656659151178
1857,0.017676599065099302,0.015583995423343107,0.010376912476932223,0.00001722114636974924
1858,0.017672982710350508,0.01558185104849117,0.010369476398859332,0.000017236382087473537
1859,0.01766937076098592,0.015579712310328224,0.01036203758442252,0.00001725093377319184
1860,0.01766576153959541,0.01557757413397365,0.010354609381752195,0.00001726552927132045
1861,0.017662152903390207,0.01557542989055813,0.010347209610477876,0.000017281090736498704
1862,0.017658550136679926,0.015573295201541843,0.010339797948988401,0.000017295345340402226
1863,0.017654946148320153,0.01557114890410108,0.010332429339747566,0.00001731137626956013
1864,0.017651348512750114,0.015569013662523352,0.010325044578679275,0.000017325934490906126
1865,0.017647750650840427,0.015566869771474525,0.010317695081653392,0.00001734186303522495
1866,0.017644157207992076,0.015564730871331601,0.010310345846962768,0.0000173571672679194
1867,0.017640566166368377,0.015562590813021438,0.010303013152471096,0.000017372722852721713
1868,0.01763697691686768,0.015560447813054832,0.010295701499358484,0.000017388803941153903
1869,0.017633392443762646,0.015558310781931269,0.010288387570324924,0.00001740414776639105
1870,0.017629808193938157,0.015556166129422042,0.010281106757485982,0.000017420713018917376
1871,0.0176262295135754,0.015554029512232032,0.010273818921639918,0.000017436217015383203
1872,0.01762265126317007,0.015551885562437357,0.010266564198449001,0.000017452861042910618
1873,0.017619077701508886,0.015549746872045817,0.010259309921357575,0.000017468845191556265
1874,0.017615506115503932,0.015547605424074516,0.010252076735798367,0.00001748534426974325
1875,0.017611937522427897,0.015545464136099559,0.010244857268771567,0.000017501932574024464
1876,0.017608372682580548,0.015543325091167823,0.010237646517519043,0.000017518287908915506
1877,0.01760480941926321,0.015541181788852478,0.010230461447093605,0.00001753534099201223
1878,0.017601250978316142,0.01553904378716132,0.010223277281909094,0.00001755173477300401
1879,0.017597693693886213,0.015536900288816905,0.010216121843516253,0.000017569036366059467
1880,0.01759414122074006,0.015534761920885052,0.010208967963671094,0.000017585707120789466
1881,0.017590590491538445,0.015532619532002061,0.010201839565918216,0.00001760304635273935
1882,0.01758704373650065,0.015530479588518591,0.01019472011188253,0.000017620125605548336
1883,0.017583499863396697,0.01552833887984047,0.010187617814138721,0.000017637420728480745
1884,0.017579958898125175,0.015526197453608335,0.010180532568143077,0.00001765493088822403
1885,0.017576421879044447,0.015524058242018888,0.010173457056794837,0.00001767222566659215
1886,0.017572887016660942,0.015521915907506862,0.010166405237182772,0.00001769006171752417
1887,0.017569356664123865,0.015519777243985115,0.010159359774696279,0.000017707465199491154
1888,0.0175658283200479,0.015517634933508011,0.010152339460046348,0.000017725494530618916
1889,0.01756230444176009,0.015515496071864704,0.010145326179633159,0.00001774313396875789
1890,0.017558782972408114,0.015513354581560978,0.010138335708746579,0.000017761249097820887
1891,0.017555265480923066,0.015511214923119446,0.01013135682104983,0.000017779193593652743
1892,0.017551751090347605,0.015509074499212029,0.010124396249087397,0.00001779734131809624
1893,0.017548240053789306,0.015506934019369699,0.010117452181976776,0.000017815598024251774
1894,0.01754473280000609,0.015504794670994967,0.010110521661176547,0.00001783379677581463
1895,0.017541228414012847,0.015502653720198841,0.010103611849406502,0.00001785232393270556
1896,0.017537728255688285,0.015500515001464658,0.010096713151850262,0.00001787062385357543
1897,0.017534230770389087,0.015498373980522062,0.010089837210631303,0.000017889347740764502
1898,0.01753073764480254,0.015496235481378854,0.010082971759287077,0.000017907811566268832
1899,0.01752724730347277,0.015494094915299121,0.010076128574610897,0.000017926673251471006
1900,0.017523761180429753,0.01549195632011386,0.010069297558771458,0.000017945348561602787
1901,0.01752027816396615,0.015489816432891854,0.01006248715437325,0.00001796430019964496
1902,0.017516799072553747,0.015487677558806286,0.010055691559296373,0.00001798320188818421
1903,0.0175133234978286,0.015485538489324038,0.010048913886878199,0.00001800223112891991
1904,0.017509851533175497,0.015483399428664236,0.010042153737463214,0.000018021357018615628
1905,0.01750638345862864,0.015481261097721712,0.01003540944871563,0.000018040471163797858
1906,0.017502918753049716,0.015479121951438926,0.010028685042096815,0.000018059793191425276
1907,0.017499458203233165,0.015476984194902182,0.010021974984125796,0.000018079011505826434
1908,0.017496000907311834,0.01547484522502268,0.010015285908705812,0.000018098500547994616
1909,0.017492547898154458,0.015472707920071315,0.010008610654026136,0.000018117847277914454
1910,0.017489098153902642,0.015470569316274248,0.010001956828036595,0.00001813747202107469
1911,0.017485652708323408,0.015468432294099064,0.009995317255916217,0.0000181569630410991
1912,0.017482210639970464,0.01546629420757218,0.009988698661476735,0.000018176700102934363
1913,0.017478772800262294,0.015464157423578666,0.009982095151623328,0.000018196346358963157
1914,0.017475338508619015,0.015462019966720033,0.00997551179815312,0.000018216182268359724
1915,0.017471908332721088,0.015459883385149262,0.009968944815252066,0.000018235984521413302
1916,0.017468481894761276,0.015457746573993866,0.009962397051991218,0.000018255910369167746
1917,0.017465059453400232,0.015455610230936489,0.009955866802396867,0.00001827586198437155
1918,0.017461640931122267,0.015453474101304413,0.009949354766069049,0.00001829587660404568
1919,0.017458226302706506,0.015451338067314507,0.009942861330378869,0.00001831596931622522
1920,0.01745481574705858,0.015449202584089557,0.009936385449942946,0.0000183360729804335
1921,0.017451409009536893,0.015447066906425047,0.009929929045127654,0.000018356294086314107
1922,0.017448006466822784,0.015444932061477208,0.009923489586580564,0.000018376488029461473
1923,0.01744460769539767,0.015442796835520954,0.009917070159009314,0.00001839682807485097
1924,0.01744121320963875,0.01544066262422403,0.009910667360014851,0.000018417113411753428
1925,0.017437822470772888,0.015438527894121042,0.009904285076135149,0.000018437561424814702
1926,0.01743443608536766,0.015436394308430997,0.00989791920458037,0.000018457936020586756
1927,0.017431053438918886,0.015434260138471106,0.009891574079446507,0.00001847848455847864
1928,0.01742767519907862,0.015432127207259666,0.009885245226421724,0.000018498946534605376
1929,0.01742430069580198,0.015429993628013526,0.009878937392988257,0.000018519589190801484
1930,0.01742093064585988,0.015427861359992185,0.009872645764257892,0.0000185401330161165
1931,0.01741756432793562,0.01542572839438525,0.00986637534370098,0.000018560864810173548
1932,0.017414202512760765,0.01542359684143548,0.009860120935113575,0.000018581484302571805
1933,0.01741084441397538,0.015421464513681713,0.009853887990007944,0.000018602302292077823
1934,0.01740749087770871,0.015419333718915853,0.009847670847862004,0.00001862298922045419
1935,0.017404141022919557,0.015417202021069424,0.009841475550626711,0.000018643891724790614
1936,0.017400795810336423,0.015415072047114611,0.009835295635334808,0.00001866463615484759
1937,0.017397454215211754,0.015412940978194793,0.009829138065000744,0.00001868562401680981
1938,0.017394117372542865,0.015410811908787203,0.00982299524765855,0.000018706414223951963
1939,0.01739078404043641,0.01540868143340447,0.009816875581099093,0.000018727490812121365
1940,0.017387455617287138,0.015406553364637353,0.009810769708498751,0.000018748310950032925
1941,0.017384130536328764,0.01540442342907535,0.009804688119459856,0.000018769483361441827
1942,0.01738081059133928,0.015402296507514217,0.009798618852693905,0.000018790313286281098
1943,0.017377493728645638,0.015400167010586701,0.009792575612942545,0.000018811595470427575
1944,0.017374182336107342,0.015398041420759664,0.009786542543710794,0.000018832406605521326
1945,0.017370873627290274,0.015395912184699748,0.009780538103617136,0.000018853821867098636
1946,0.017367570890517187,0.015393788214243706,0.009774540515446722,0.0000188745731841342
1947,0.017364270223617303,0.015391658958976257,0.00976857551448179,0.0000188961617446875
1948,0.017360976295785143,0.015389537036057398,0.009762612342704341,0.000018916791186876536
1949,0.0173576834825486,0.01538740728038403,0.009756687912932688,0.000018938619578030805
1950,0.01735439860384354,0.015385288077651119,0.00975075747854837,0.000018959030482747395
1951,0.017351113332748812,0.01538315703575385,0.009744875431308527,0.00001898121073325937
1952,0.017347837893720155,0.015381041640183292,0.009738975026977202,0.000019001248141422384
1953,0.01734455964595468,0.015378907982039988,0.00973313847760418,0.000019023968393859104
1954,0.01734129429839168,0.015376798178046967,0.009727263715939944,0.00001904337715672096
1955,0.017338022201838176,0.015374659655529633,0.009721477945086186,0.000019066957291307083
1956,0.017334768057441958,0.015372558458656161,0.009715621451279794,0.000019085308529840017
1957,0.017331500625791165,0.015370411209434916,0.009709895587431457,0.0000191102988699557
1958,0.017328259615309576,0.015368323786609423,0.009704044857103002,0.000019126857279552996
1959,0.01732499427794104,0.015366161082847166,0.009698394888209762,0.00001915421745192209
1960,0.017321769814125747,0.015364096477739732,0.009692528185852386,0.00001916769921553692
1961,0.017318502061350383,0.01536190645378697,0.009686982402406728,0.00001919912708206982
1962,0.017315300286787988,0.015359880769758668,0.00968106132438414,0.00001920725215249363
1963,0.017312022108373792,0.015357642193758065,0.00967567059141021,0.000019245796333682457
1964,0.017308854306113196,0.015355684639130545,0.009669626094974524,0.000019244447987746624
1965,0.017305551354465497,0.015353359070890173,0.009664483086059418,0.000019295666363443605
1966,0.017302438764656237,0.015351523676602303,0.009658188973945858,0.00001927729326476597
1967,0.0172990853218306,0.015349040818859641,0.009653465150360665,0.000019351472898825674
1968,0.017296069232894645,0.015347429785731668,0.009646687200317985,0.000019302007099378857
1969,0.017292619903367973,0.015344660504782207,0.009642704590316123,0.000019418480522542735
1970,0.017289784278290903,0.01534347264975047,0.009635001554870749,0.00001931131756628498
1971,0.017286163104495808,0.015340181202367763,0.00963237463704117,0.00001950697471981204
1972,0.017283690222880618,0.015339818351361193,0.009622904033416686,0.0000192910648360846
1973,0.0172797898765534,0.015335587439421951,0.009622825237764117,0.000019637389578624885
1974,0.017278113639563525,0.015336908279303552,0.009609959716239362,0.000019213417012100538
1975,0.017273875779959907,0.015331067273475727,0.009614786933817124,0.000019851119720755357
1976,0.017274157999697524,0.01533606283966068,0.009595358526231168,0.000019023454790611638
1977,0.017270067180575187,0.015327860791739244,0.009609861218214232,0.000020234145193095126
1978,0.017275845420802512,0.015341690393606687,0.009577708415968065,0.000018613344002211244
1979,0.017275295610672394,0.015331960192408125,0.00961182288181765,0.00002097084190073782
1980,0.017298616914463914,0.015369806166903076,0.009555149182741942,0.0000177809110124485
1981,0.017318243738436333,0.015369684267690689,0.009630426888170646,0.000022474093111518145
1982,0.017402823088037346,0.015481044890551444,0.009527927740242921,0.000016192649437319372
1983,0.01751220896023594,0.015547928979572545,0.009692882158198544,0.00002570354902368563
1984,0.017805507410763616,0.01588986981462335,0.009510515877144929,0.000013534420711280263
1985,0.018211169741643385,0.016205439332372083,0.009865679685333958,0.00003259447220450726
1986,0.018958393488101143,0.017038717555218314,0.009546241018249602,0.000010427729232905512
1987,0.019555615945843593,0.017483486820709264,0.010147375077535584,0.0000426541096272132
1988,0.01971655898129586,0.01779460210002135,0.009563202309224968,0.000009316419429517368
1989,0.018663007792871427,0.016637363647274594,0.009943416492983671,0.00003696084700009798
1990,0.017487018557155936,0.015576076843524597,0.009476144308424903,0.00001571285194635657
1991,0.017339446084981582,0.015426994745797418,0.009476011718367124,0.000017248995510739566
1992,0.01805072431160491,0.01607001417884226,0.009741471624835154,0.000032415807795615996
1993,0.018519291976017115,0.016610565680497902,0.009486074781486272,0.000011511339221959239
1994,0.017770946718996816,0.015795268653673443,0.009730115153943515,0.000029655034534671834
1995,0.01722970362944831,0.015310515061862751,0.00949942840319877,0.00001930288694580541
1996,0.01753043536251745,0.015623698872273049,0.009456995744486316,0.00001533734134713889
1997,0.017935015977988602,0.015956981323048004,0.00973385489488929,0.00003126367596274052
1998,0.01770095769320575,0.01579779341732916,0.009444837634678556,0.00001419674894088002
1999,0.017223515574224416,0.015294913009294496,0.009533878183619511,0.000021826928206017226
2000,0.01736006235375512,0.015422433319885215,0.00956251536974256,0.000025125959921392117
