data,geracao_real_mwmed,geracao_otima_mwmed,delta_mwh
2015-01-02,8706.387875,6670.899711211845,-48851.71593091573
2015-01-03,7748.238791666667,6390.6466751518365,-32582.210796355925
2015-01-04,7809.108583333334,6208.966299091548,-38403.414821802864
2015-01-05,8836.25575,6849.615235998597,-47679.37233603367
2015-01-06,9819.790958333331,7719.47978562344,-50407.46814503739
2015-01-07,10430.767,7918.036247638511,-60305.53805667574
2015-01-08,10746.199625,8139.856138872309,-62552.24366706456
2015-01-09,10297.301166666666,8049.251910289155,-53953.182153060276
2015-01-10,9874.512291666668,7682.76148883564,-52602.01926794466
2015-01-11,9660.7595,7223.255633992669,-58500.092784175955
2015-01-12,11096.919958333334,7494.299633632171,-86462.88779282791
2015-01-13,11247.58825,8495.233761588112,-66056.50772188534
2015-01-14,11438.340041666668,8278.97372678139,-75824.79155724666
2015-01-15,10901.708375,8022.727909655505,-69095.53116826789
2015-01-16,10785.698416666666,8119.95069321456,-63977.94536285056
2015-01-17,10552.479375,7453.2039569176195,-74382.61003397715
2015-01-18,9870.242166666669,6839.993861495087,-72725.95932411795
2015-01-19,10731.151,7340.61006918399,-81372.98233958424
2015-01-20,11229.70475,8061.739035959754,-76031.17713696593
2015-01-21,10730.383708333333,8032.295789722955,-64754.11004664906
2015-01-22,10534.218666666666,7744.668445450274,-66949.2053091934
2015-01-23,10678.069916666667,7953.423708499919,-65391.50899600197
2015-01-24,9613.434666666666,7255.746303723599,-56584.5207106336
2015-01-25,9556.361625,6258.331991108885,-79152.71121338676
2015-01-26,10611.831208333331,6328.488477823374,-102800.22553223898
2015-01-27,11089.213791666669,6750.356350083504,-104132.57859799595
2015-01-28,11114.366333333332,6921.43118762216,-100630.44349706812
2015-01-29,10549.087791666669,7432.418148954943,-74800.07142508142
2015-01-30,10626.31125,8021.8962360158885,-62505.96033561869
2015-01-31,9303.138083333331,7984.165817534764,-31655.334379165623
2015-02-01,9712.257458333332,6887.900522519694,-67784.5664595273
2015-02-02,11227.694791666669,6333.831489655249,-117452.71924827406
2015-02-03,10433.507375,6855.38832936317,-85874.8570952839
2015-02-04,10476.443208333332,6785.404522473908,-88584.92846062616
2015-02-05,10335.982541666666,7083.472949246225,-78060.2302180906
2015-02-06,10058.37525,6928.523215553732,-75116.4488267104
2015-02-07,8961.9065,6520.5755043951085,-58591.943894517375
2015-02-08,9309.739791666669,5977.482749731957,-79974.16900643309
2015-02-09,10393.427583333332,6079.997188123463,-103522.32948503685
2015-02-10,10378.933625,6252.649998288553,-99030.8070410747
2015-02-11,10124.210958333331,6396.993424448105,-89453.22081324544
2015-02-12,10332.71775,6523.934399769318,-91410.80040553637
2015-02-13,10275.809791666668,6878.683376348026,-81531.03396764741
2015-02-14,9287.466583333333,6786.721282907483,-60017.88721022039
2015-02-15,8381.987916666667,6371.182812266587,-48259.32250560193
2015-02-16,8859.777458333334,6052.432691287639,-67376.27440909669
2015-02-17,8830.060708333333,6231.035006482169,-62376.61684442793
2015-02-18,9430.113083333334,6281.756907205131,-75560.54822707686
2015-02-19,9784.356083333334,6505.099273302517,-78702.16344073962
2015-02-20,10134.818166666666,6650.311672960518,-83628.15584894756
2015-02-21,9159.41775,6872.707370402734,-54881.04911033439
2015-02-22,9681.566833333332,6131.638535097214,-85198.27915766684
2015-02-23,11261.37625,6048.532928272129,-125108.2397214689
2015-02-24,10880.083541666669,8300.291944928927,-61914.99832170579
2015-02-25,11583.318916666663,11543.497432399501,-955.7156224118953
2015-02-26,11590.706208333337,11277.395093264291,-7519.466761657095
2015-02-27,11525.833791666666,11261.926251887855,-6333.780954691465
2015-02-28,10106.282083333334,10577.877205184057,11318.282924417363
2015-03-01,9847.869208333334,9414.678075792428,-10396.587180981733
2015-03-02,11140.610083333331,9160.41609205247,-47524.65579074067
2015-03-03,11794.460958333337,10417.645507865245,-33043.570811234196
2015-03-04,12124.597625,10657.014524908085,-35221.994402205964
2015-03-05,11821.506916666667,10890.947194312863,-22333.433336491304
2015-03-06,11564.852791666666,10921.293034131319,-15445.434180848344
2015-03-07,10501.719083333332,9883.837334531163,-14829.161971252048
2015-03-08,9751.253291666666,9248.355745276978,-12069.541113352505
2015-03-09,11088.533833333331,9785.833612006585,-31264.805311841905
2015-03-10,11524.569875,11143.015040887469,-9157.31601870073
2015-03-11,11237.729833333333,11154.439547187998,-1998.9668674880377
2015-03-12,11143.196291666667,10805.984434239992,-8093.084578240203
2015-03-13,11237.348791666664,11749.32663005432,12287.468121303755
2015-03-14,10549.488,11154.240684917842,14514.064438028232
2015-03-15,10467.926375,10514.500018359447,1117.7674406267615
2015-03-16,12154.532375,10102.393433197922,-49251.334603249896
2015-03-17,12422.158916666667,10209.03968831274,-53114.86148049426
2015-03-18,11958.914958333336,9905.41844524295,-49283.916314169255
2015-03-19,11895.382416666667,10312.190412829004,-37996.60809210391
2015-03-20,11435.702041666666,10409.857069869386,-24620.279323134717
2015-03-21,10212.075291666666,9915.074519525777,-7128.018531381342
2015-03-22,9506.431791666668,9092.454043436777,-9935.465957517372
2015-03-23,10652.116791666664,9716.594122867511,-22452.544051179662
2015-03-24,9991.398375,10645.763110354817,15704.753648515602
2015-03-25,10613.742958333334,10526.398185240863,-2096.2745542193006
2015-03-26,10612.946083333334,10852.185656669799,5741.749760075152
2015-03-27,10499.792208333334,10772.150669167982,6536.603060031557
2015-03-28,9318.204166666666,10626.46618694986,31398.288486796635
2015-03-29,8965.552458333334,9345.649117313485,9122.319815523646
2015-03-30,10321.931333333332,9722.584040795162,-14384.335020916085
2015-03-31,11022.896666666667,11663.878257202454,15383.558172858873
2015-04-01,10694.01975,11176.090268011481,11569.692432275566
2015-04-02,10307.987,11343.498272499633,24852.270539991223
2015-04-03,8835.289041666667,9873.350453880706,24913.47389313695
2015-04-04,8707.577125,9003.498522417005,7102.113538008125
2015-04-05,8288.387541666667,9482.673182948427,28662.85539076224
2015-04-06,9359.372208333332,9428.930075832452,1669.3888199788635
2015-04-07,9749.541416666669,10404.191290415933,15711.596969982333
2015-04-08,9430.83775,10296.763862253825,20782.22669409179
2015-04-10,9499.780833333332,9598.457087091607,2368.2300901985873
2015-04-11,8931.929416666668,8900.534940103573,-753.4674375142786
2015-04-12,8753.662458333334,8436.803065674947,-7604.625423801292
2015-04-13,9399.108,9212.651021480691,-4474.967484463414
2015-04-14,9780.862833333333,9142.124603126182,-15329.717524971624
2015-04-15,10403.126208333331,10070.514873460195,-7982.672036955264
2015-04-16,10851.43125,10171.661586633418,-16314.471920797965
2015-04-17,10500.207125,11707.149140993906,28966.60838385373
2015-04-18,9235.578208333334,11177.182638571627,46598.50632571902
2015-04-19,8318.6355,9528.049175855036,29025.92822052086
2015-04-20,9044.279041666668,9222.257953479464,4271.493883507093
2015-04-21,8492.18325,9160.41609205247,16037.58820925928
2015-04-22,9207.756125,9494.722348491227,6887.189363789439
2015-04-23,9450.235666666666,9362.107913857617,-2115.066067417167
2015-04-24,9553.495333333334,9095.069053536632,-11002.230715120852
2015-04-25,9336.401666666668,9197.820232576549,-3325.9544181628735
2015-04-26,9087.340125,8418.484539684465,-16052.534047572859
2015-04-27,9548.216,8581.670680614916,-23197.087665242027
2015-04-28,9354.961166666666,8904.83054333306,-10803.13496000653
2015-04-29,9721.354125,8908.393415666316,-19511.057024008405
2015-04-30,9017.215541666666,8806.209593346313,-5064.142759688475
2015-05-01,8441.554416666668,8400.169504602609,-993.2378895374131
2015-05-02,8273.6,8321.720761987503,1154.8982877000526
2015-05-03,7534.665416666667,8290.36371138541,18136.75907324982
2015-05-04,8078.603583333333,8595.60917275689,12408.134146165357
2015-05-05,8738.948708333333,9699.341098669927,23049.417368078255
2015-05-06,8947.164958333333,9392.511962408042,10688.328097793012
2015-05-07,9735.589333333332,8896.97190163887,-20126.81836066708
2015-05-08,9198.429041666666,8777.381840557218,-10105.132826626752
2015-05-09,8500.363791666667,8599.173000446706,2371.421010720951
2015-05-10,7726.413666666667,8330.3984012087,14495.633629008793
2015-05-11,9096.869625,8385.310661128493,-17077.415132916154
2015-05-12,9509.056333333334,8732.827301733789,-18629.496758389083
2015-05-13,9973.007583333334,8932.804392543432,-24964.876578957643
2015-05-14,10867.369166666664,8996.483141393684,-44901.2646065515
2015-05-15,9671.353416666669,9430.698450441718,-5775.71918939882
2015-05-16,8827.620833333332,9347.420477386233,12475.191457269611
2015-05-17,8467.25325,8333.848702528294,-3201.709139320941
2015-05-18,9172.297833333332,8342.632919614594,-19911.957929249707
2015-05-19,10359.298875,8676.006694267275,-40399.01233758542
2015-05-20,10708.76175,8912.688814242516,-43105.75045817961
2015-05-21,10673.907666666668,9379.498881727843,-31065.810838531805
2015-05-22,10168.505291666666,9620.93310220967,-13141.732546967905
2015-05-23,9574.327833333333,9215.26168850393,-8617.587475905675
2015-05-24,9156.888333333334,8682.71584677567,-11380.139677383922
2015-05-25,10197.441291666668,8884.81691879837,-31502.984948839163
2015-05-26,10064.778,8807.886373285543,-30165.399041146986
2015-05-27,9995.442,8807.886373285543,-28501.33504114696
2015-05-28,10298.788,8514.402542201457,-42825.250987165055
2015-05-29,9701.472958333334,8438.477660561475,-30311.887146524605
2015-05-30,9254.199166666667,8353.927639941825,-21606.516641396214
2015-05-31,8668.709499999999,8299.873477314042,-8852.064544462963
2015-06-01,9249.98675,9083.771829377165,-3989.1580949480413
2015-06-02,9704.778291666667,10269.039134807088,13542.260235370093
2015-06-03,9870.775125,9812.832430073842,-1390.6246782277885
2015-06-04,9526.398541666667,8782.623381581774,-17850.60384203744
2015-06-05,9999.006541666668,8608.71024140808,-33367.1112062061
2015-06-06,10330.463833333331,8565.11338323246,-42368.41080242093
2015-06-07,9379.376625,8438.477660561475,-22581.575146524614
2015-06-08,10221.138583333332,8828.01219731677,-33435.03326439748
2015-06-09,10623.250416666668,9430.698450441718,-28621.247189398797
2015-06-10,10328.570375,8943.280057348653,-33246.967623632314
2015-06-11,9674.957666666667,8972.921541618874,-16848.867001147024
2015-06-12,8895.417208333334,9273.502941350613,9074.057592414683
2015-06-13,7879.167833333333,9127.27883600182,29954.664064043696
2015-06-14,7993.965375,8437.640359692723,10648.199632625357
2015-06-15,8956.380916666667,8369.61767296766,-14082.317848776147
2015-06-16,9207.237708333332,8347.861850048866,-20625.020598827177
2015-06-17,9901.115791666669,8411.471869909225,-35751.454122178664
2015-06-18,9748.234833333334,8381.85816085086,-32793.04013957939
2015-06-19,8952.418125,8515.345758620295,-10489.736793112927
2015-06-20,8371.307083333333,8135.4781907864235,-5659.893421125831
2015-06-21,7976.484083333333,7988.945361182863,299.0706683887256
2015-06-22,9053.22175,8117.971102089497,-22446.015549852076
2015-06-23,8991.365541666668,8103.38627300128,-21311.502447969317
2015-06-24,9690.744083333331,7979.386799021385,-41072.57482348671
2015-06-25,9251.187958333334,7975.128179774072,-30625.434685422282
2015-06-26,8741.604291666667,8083.390948992192,-15797.120224187398
2015-06-27,7881.183541666666,7981.98397126284,2419.210310308168
2015-06-28,7948.859291666667,7953.423708499919,109.54600399804622
2015-06-29,8913.284,7948.2329931037575,-23161.22416550981
2015-06-30,9157.509291666667,8172.909470779596,-23630.395701289715
2015-07-01,9652.720958333332,8346.920208284891,-31339.21800116256
2015-07-02,9835.936125,8339.077039167749,-35924.61805997403
2015-07-03,9719.406583333332,8367.83911412149,-32437.619261084183
2015-07-04,9481.61175,8226.753376748582,-30116.600958034032
2015-07-05,9750.194,8616.571217264762,-27206.946785645705
2015-07-06,10631.255583333334,8460.36026071359,-52101.487742873825
2015-07-07,12303.634,8099.949240115534,-100888.4342372272
2015-07-08,12648.906166666668,7921.459355066971,-113458.72347839273
2015-07-09,12747.048875,8000.1685071593365,-113925.12882817593
2015-07-10,10811.011875,7842.900707188804,-71234.66802746872
2015-07-11,11080.436958333334,8268.526270289505,-67485.85651305188
2015-07-12,8558.718291666666,8464.653047917462,-2257.565849980907
2015-07-13,10803.441333333334,8259.020933663805,-61066.08959206869
2015-07-14,10909.673833333332,8140.689832724526,-66455.61601461135
2015-07-15,11014.742458333334,8072.147489215669,-70622.27925882395
2015-07-16,11085.968666666668,7891.178047699542,-76674.97485521101
2015-07-17,10891.4905,7738.575845344936,-75669.95171172153
2015-07-18,10323.446625,7384.133935954385,-70543.50453709476
2015-07-19,8501.906916666667,7178.07370217674,-31771.997147758244
2015-07-20,10691.74125,7402.028405225421,-78953.10827458987
2015-07-21,11274.249000000002,7471.132606994655,-91274.79343212831
2015-07-22,11273.204458333334,7457.506213156761,-91576.75788423774
2015-07-23,11362.348833333332,7399.676262860005,-95104.14169135984
2015-07-24,11436.598291666667,7698.228290259188,-89720.88003377951
2015-07-25,10563.428375,7660.3977956253375,-69672.73390499188
2015-07-26,8724.888041666667,7362.876533685678,-32688.276191543744
2015-07-27,10800.629833333334,7282.042563829373,-84446.09446809508
2015-07-28,10996.313583333334,7639.798704581663,-80556.35709004012
2015-07-29,11055.516375,7664.7253215982455,-81378.98528164209
2015-07-30,10963.011791666666,7731.762451708759,-77549.98415898977
2015-07-31,10480.7185,8225.918408545382,-54115.20219491086
2015-08-01,9686.827875,8022.519735943906,-39943.39533734627
2015-08-02,8948.491791666665,7903.3087145305635,-25084.393851266446
2015-08-03,9947.138,7924.052961891447,-48554.04091460529
2015-08-04,10398.65675,7956.954165251287,-58600.86203396911
2015-08-05,10260.361,7857.501682374026,-57668.62362302339
2015-08-06,10380.58,7462.628383074725,-70030.8388062066
2015-08-07,10894.512708333334,7688.740994207166,-76938.52113902802
2015-08-08,9903.765708333334,7858.4342757946015,-49087.95438092959
2015-08-09,9255.587541666666,7391.801928394063,-44730.85471854247
2015-08-10,10576.290625,7385.054410265205,-76589.66915363507
2015-08-11,10713.148166666666,7555.775612284015,-75776.94130518363
2015-08-12,10647.369833333332,7506.19659969368,-75388.15760735166
2015-08-13,10525.512833333332,7466.931773405373,-73405.94543827102
2015-08-14,9965.579333333331,7510.505272314627,-58921.777464448896
2015-08-15,9493.908416666667,7803.162910460474,-40577.892148948624
2015-08-16,9460.322833333334,7524.9728717862945,-46448.39907712894
2015-08-17,10372.396791666666,7508.761103274015,-68727.25652142362
2015-08-18,10123.363,7663.797591017237,-59029.56981558629
2015-08-19,10173.489791666669,7483.944306028825,-64549.09165530825
2015-08-20,9767.518708333331,7518.200279300196,-53983.64229679525
2015-08-21,9261.247,7477.1795545677505,-42817.61869037397
2015-08-22,8354.883749999999,7501.8884517948545,-20471.88715692347
2015-08-23,8300.968458333335,7397.119540469033,-21692.37402874323
2015-08-24,9217.993708333332,7404.585470298901,-43521.79771282634
2015-08-25,9335.545125,7481.381597078963,-44499.924670104905
2015-08-26,9404.476375,7518.200279300196,-45270.62629679531
2015-08-27,9257.534625,7807.507370783763,-34800.6541011897
2015-08-28,8993.056833333334,7817.8528480820505,-28204.895646030804
2015-08-29,8004.289166666667,7566.049181114491,-10517.75965325223
2015-08-30,7984.96275,7199.7430830571375,-18845.272006628693
2015-08-31,9196.923166666667,7419.419982643027,-42660.076416567375
2015-09-01,9948.738375,7501.8884517948545,-58724.39815692351
2015-09-02,9552.811625,7316.315153730567,-53675.91531046641
2015-09-03,10143.420958333334,7278.474214276882,-68758.72185735486
2015-09-04,9347.187333333331,7394.2564225488195,-46870.34185882829
2015-09-05,8499.883833333333,7400.494251928876,-26385.349953706973
2015-09-06,7673.314416666667,7483.124419273698,-4564.559937431266
2015-09-07,7819.96525,7527.53873903444,-7018.236263173436
2015-09-08,8614.0315,7542.937864639904,-25706.247248642292
2015-09-09,8877.29025,7578.895358938375,-31161.47738547901
2015-09-10,8959.795125,8311.266884641442,-15564.677768605412
2015-09-11,8722.747416666667,9329.185123111942,14554.504954686592
2015-09-12,8389.010875,9296.971156830048,21791.046763921157
2015-09-13,8240.139416666667,8786.920996596942,13122.757918326606
2015-09-14,9196.510125,8306.876501824061,-21351.20695622255
2015-09-15,9763.231875,7951.763015535063,-43475.25262715849
2015-09-16,10905.873291666669,7867.031971884887,-72932.19167476275
2015-09-17,11087.691041666669,8035.72795900507,-73247.11398387837
2015-09-18,10373.63,9196.984810789025,-28239.484541063386
2015-09-19,9245.565666666667,8771.196351455346,-11384.863565071704
2015-09-20,8678.955916666668,7833.376330239809,-20293.910074244603
2015-09-21,10047.012666666667,7932.664704699803,-50744.35108720474
2015-09-22,10108.957166666669,9331.790559232712,-18651.998578414976
2015-09-23,10317.394458333334,9654.571011311138,-15907.762728532703
2015-09-24,10474.268125,9614.20205080456,-20641.585780690555
2015-09-25,10641.335166666666,9531.058626701282,-26646.636959169206
2015-09-26,9483.854958333332,9166.477183091352,-7617.0666058075
2015-09-27,8419.32675,8555.472784382793,3267.504825187032
2015-09-28,9973.577666666666,9172.642855784543,-19222.435461170957
2015-09-29,10017.446875,9253.156117568771,-18342.978178349484
2015-09-30,10716.600958333334,9447.544420975359,-30457.356896591416
2015-10-01,11125.695666666668,9427.681711619292,-40752.33492113702
2015-10-02,10764.300083333334,9660.984973278122,-26479.562641325072
2015-10-03,9796.428291666663,9307.398332716668,-11736.719014799892
2015-10-04,9120.118958333334,8082.55819894759,-24901.458225257855
2015-10-05,10445.489,8385.310661128493,-49444.28013291616
2015-10-06,11622.626666666663,9776.76029669027,-44300.79287943343
2015-10-07,11604.557833333332,10088.807780457522,-36378.00126901944
2015-10-08,11237.433708333332,10309.450540804373,-22271.59602069501
2015-10-09,10921.644375,10674.18693448014,-5938.978572476641
2015-10-10,9693.495,10901.33094482368,28988.06267576829
2015-10-11,9164.29475,11950.969703581743,66880.19888596184
2015-10-12,9496.156833333333,12152.490585305331,63752.010047327974
2015-10-13,10716.696458333334,12277.993933150574,37471.13939561376
2015-10-14,11158.352291666668,12377.823756042982,29267.31514503155
2015-10-15,12324.844708333332,12622.530738387895,7144.464721309516
2015-10-16,12332.306208333332,12620.260745482556,6910.908891581377
2015-10-17,10668.52275,11407.469910390402,17734.73184936965
2015-10-18,9792.084869565217,9768.200887949875,-573.2155587681918
2015-10-19,12206.660458333334,9449.727850518784,-66166.38258754919
2015-10-20,12614.937666666669,9806.239228937407,-67408.76250550227
2015-10-21,12728.5675,10172.986138915494,-61333.952666028126
2015-10-22,11858.907708333334,10471.813084131329,-33290.27098084813
2015-10-23,12024.992666666669,10382.733666591812,-39414.216001796565
2015-10-24,10712.891708333333,10405.203090012948,-7384.526839689221
2015-10-25,9751.473916666666,10019.158271940873,6424.424526580959
2015-10-26,11731.603,10281.736634519708,-34796.79277152699
2015-10-27,11432.210791666666,10610.579056072233,-19719.161654266412
2015-10-28,12070.757958333334,10416.229608726835,-39708.680390555965
2015-10-29,11588.54225,10200.182694278263,-33320.629337321705
2015-10-30,11798.378041666663,9884.45422783792,-45934.17153188985
2015-10-31,10844.741166666669,9306.564434602387,-36916.24156954275
2015-11-01,9162.470458333331,9775.11081320464,14703.368516911389
2015-11-02,9674.597708333333,9924.316728399981,5993.256481599557
2015-11-03,11989.998291666663,10848.08754230618,-27405.85798465158
2015-11-04,12279.584333333332,11305.250555599447,-23384.010665613256
2015-11-05,11770.317541666664,12019.886607268247,5989.657574437995
2015-11-06,12121.14125,11508.491341285808,-14703.597809140629
2015-11-07,11287.950833333334,10834.291468900348,-10887.824746391663
2015-11-08,9347.489916666667,10140.87111722112,19041.148813306878
2015-11-09,12110.621708333332,10526.398185240863,-38021.36455421925
2015-11-10,12330.872,11381.629249894208,-22781.826002539005
2015-11-11,12518.245125,11301.186794331768,-29209.399936037546
2015-11-12,12573.75925,11350.729413035378,-29352.716087150897
2015-11-13,12464.464916666666,11172.118200531377,-31016.32118724694
2015-11-14,11298.287083333336,9864.299809533899,-34415.6945711865
2015-11-15,9631.702041666666,8467.270930935403,-27946.346657550297
2015-11-16,11989.401625,9243.97188711925,-65890.31370913799
2015-11-17,11887.356291666663,11942.67549407641,1327.6608578339074
2015-11-18,11344.544625,12810.035496079312,35171.78090590348
2015-11-19,11305.914166666667,13946.316250000002,63369.65000000002
2015-11-20,10905.208375,13946.316250000002,72986.58900000004
2015-11-21,10733.938333333334,13560.9631724774,67848.59613945762
2015-11-22,8840.296833333334,13160.637597736866,103688.17834568478
2015-11-23,10424.145833333334,12602.00716700562,52268.672008134876
2015-11-24,10799.931541666669,12798.118353426415,47956.4834822339
2015-11-25,10952.502791666666,13259.243942575347,55361.787621808355
2015-11-26,11008.8175,13946.316250000002,70499.97000000006
2015-11-27,10576.804166666669,13946.316250000002,80868.29
2015-11-28,10199.868833333334,13946.316250000002,89914.73800000003
2015-11-29,8698.380374999999,13946.316250000002,125950.46100000007
2015-11-30,8769.325833333334,13561.824286597192,115019.96287833258
2015-12-01,10611.818291666666,12624.404710586019,48302.07405406446
2015-12-02,10854.249541666666,11966.372061993705,26690.94048784893
2015-12-03,10683.750625,12004.385031980331,31695.22576752794
2015-12-04,10457.063208333331,11794.559572818525,32099.91274764466
2015-12-05,9832.963666666668,11323.881026603794,35782.016638491026
2015-12-06,8735.829708333333,10664.547224078735,46289.22037788965
2015-12-07,10356.899791666669,10916.902238517556,13440.058724421295
2015-12-08,10553.437541666666,12305.839300864678,42057.642220752285
2015-12-09,11008.826458333337,13191.009097931694,52372.38335036057
2015-12-10,10778.1755,13598.444803369495,67686.4632808679
2015-12-11,10899.846583333334,13885.876661004526,71664.72186410861
2015-12-12,10118.642,13635.82098888597,84412.29573326326
2015-12-13,9134.380833333336,12734.464037430842,86401.99689834013
2015-12-14,11225.262958333333,12601.908879130151,33039.50209912364
2015-12-15,11145.870375,12856.604194709262,41057.61167302227
2015-12-16,10919.412166666669,12580.397009695573,39863.636232693694
2015-12-17,11201.124000000002,12189.51862976369,23721.471114328524
2015-12-18,11098.401291666669,12263.576567366046,27964.206616785057
2015-12-19,10451.448958333332,12028.081424550506,37839.17918921217
2015-12-20,9445.189208333331,10676.295363437275,29546.54772249465
2015-12-21,10526.652791666667,10405.911528989782,-2897.7903042452526
2015-12-22,11108.0285,11864.573190920062,18157.072582081484
2015-12-23,11301.583166666664,12299.618552403317,23952.849257679685
2015-12-24,10640.5155,12633.77712237214,47838.278936931354
2015-12-25,9110.48575,11825.469052364162,65159.59925673989
2015-12-26,10389.557125,10918.000099552426,12682.63138925824
2015-12-27,10264.179791666667,10652.896389157657,9329.198339783747
2015-12-28,11168.400458333335,11360.039984125962,4599.348619023047
2015-12-29,10333.32325,12320.157311893994,47684.01748545587
2015-12-30,9684.068416666669,13946.316250000002,102293.94799999999
2015-12-31,10370.410083333334,13946.316250000002,85821.74800000002
2016-01-01,9052.215083333334,13946.316250000002,117458.42800000001
2016-01-02,9443.076958333331,13946.316250000002,108077.74300000009
2016-01-03,9727.541666666666,13946.316250000002,101250.59000000005
2016-01-04,10426.669708333333,13946.316250000002,84471.51700000005
2016-01-05,10829.836166666666,13938.890640922398,74617.30738213757
2016-01-06,10882.546208333331,13493.019418251732,62651.357038041606
2016-01-07,11105.765875,12395.74500325698,30959.49907816753
2016-01-08,11104.417958333332,12664.406184596563,37439.71743031754
2016-01-09,9922.433958333331,12955.676872485323,72797.8299396478
2016-01-10,8882.379708333334,12633.629237740555,90029.98870577331
2016-01-11,11323.621791666666,13946.316250000002,62944.667000000045
2016-01-12,11807.411833333334,13946.316250000002,51333.706000000035
2016-01-13,11552.554875,13946.316250000002,57450.273000000045
2016-01-14,11479.720875,13946.316250000002,59198.28900000002
2016-01-15,11533.92675,13946.316250000002,57897.34800000003
2016-01-16,11434.197833333334,13946.316250000002,60290.84200000003
2016-01-17,10668.218208333334,13946.316250000002,78674.35300000003
2016-01-18,11698.547166666664,13946.316250000002,53946.458000000115
2016-01-19,11520.218666666668,13946.316250000002,58226.34200000002
2016-01-20,11637.324208333332,13946.316250000002,55415.80900000008
2016-01-21,11736.653666666669,13946.316250000002,53031.90199999999
2016-01-22,11659.659083333334,13946.316250000002,54879.772000000026
2016-01-23,12029.575125,13946.316250000002,46001.787000000055
2016-01-24,11632.497166666668,13888.386153687363,54141.33568849668
2016-01-25,12194.706083333333,13467.704699460453,30551.9667870509
2016-01-26,12528.7195,13946.316250000002,34022.32200000006
2016-01-27,13019.654125,13946.316250000002,22239.89100000006
2016-01-28,13139.142791666667,13713.455880807629,13783.514139383085
2016-01-29,12533.723458333334,13702.572369115644,28052.373858775434
2016-01-30,13271.362583333334,12298.877963818559,-23339.630868354594
2016-01-31,11706.692875,11319.422203212602,-9294.496122897574
2016-02-01,13002.55225,11271.991374295096,-41533.46101691772
2016-02-02,12979.892458333334,10263.094898623567,-65203.1414330344
2016-02-03,12285.135708333331,10519.894977389418,-42365.777542653916
2016-02-04,12535.838416666666,10103.567740140294,-58374.49623663293
2016-02-05,12599.833791666666,10675.040418985001,-46195.04094435995
2016-02-06,10473.661708333331,10519.84451051214,1108.387252291388
2016-02-07,9627.7865,9953.515381589525,7817.493158148587
2016-02-08,10843.188708333331,10421.691131395695,-10115.941846503265
2016-02-09,10964.162041666668,11807.397709347038,20237.656024328884
2016-02-10,12982.250583333334,11804.385911799953,-28268.75211680116
2016-02-11,13372.651333333331,11406.281801786692,-47192.868757119344
2016-02-12,13377.11825,11592.183993938299,-42838.422145480814
2016-02-13,13255.458625,11008.226800164546,-53933.563796050876
2016-02-14,11703.137458333333,10096.112040207432,-38568.610035021615
2016-02-15,13655.873541666666,10812.43788631551,-68242.45572842773
2016-02-16,13051.632333333331,11094.162241041839,-46979.28221499582
2016-02-17,13187.460583333332,11352.215226394273,-44045.8885665374
2016-02-18,13633.362291666666,12053.357790080025,-37920.1080380794
2016-02-19,13194.252125,12176.386126560144,-24428.783962556554
2016-02-20,13764.838291666669,11894.689329770035,-44883.5750855192
2016-02-21,12019.071041666668,11230.085768257039,-18935.646561831105
2016-02-22,13046.661,13095.154506570438,1163.8441576905025
2016-02-23,12943.3535,13946.316250000002,24071.106000000058
2016-02-24,12939.554333333332,13946.316250000002,24162.28600000008
2016-02-25,12465.639416666669,13946.316250000002,35536.24399999999
2016-02-26,12424.9465,13946.316250000002,36512.87400000004
2016-02-27,12221.667166666666,13946.316250000002,41391.57800000005
2016-02-28,11289.544125,13946.316250000002,63762.53100000003
2016-02-29,11979.669208333333,13946.316250000002,47199.52900000005
2016-03-01,11415.92075,13946.316250000002,60729.49200000006
2016-03-02,11223.079124999998,13946.316250000002,65357.69100000008
2016-03-03,11562.349416666666,13946.316250000002,57215.204000000056
2016-03-04,11169.99575,13946.316250000002,66631.69200000004
2016-03-05,10150.644666666669,13946.316250000002,91096.11799999999
2016-03-06,9527.155583333331,13946.316250000002,106059.85600000009
2016-03-07,11544.536125,13946.316250000002,57642.72300000003
2016-03-08,11452.953,13802.009766939209,56377.362406541026
2016-03-09,11264.528541666668,13946.316250000002,64362.905
2016-03-10,11254.503208333334,13946.316250000002,64603.513000000035
2016-03-11,11019.457833333334,13946.316250000002,70244.60200000003
2016-03-12,10929.313291666664,13946.316250000002,72408.07100000011
2016-03-13,10317.859625,13946.316250000002,87082.95900000006
2016-03-14,11548.391125,13919.697259813445,56911.347235522684
2016-03-15,11543.766416666664,13526.981690160124,47597.16656384306
2016-03-16,11854.4515,13425.653091108652,37708.83818660767
2016-03-17,11595.483041666666,13681.580822653224,50066.34674367739
2016-03-18,12581.758125,13946.316250000002,32749.395000000033
2016-03-19,11518.899041666666,13946.316250000002,58258.013000000064
2016-03-20,10134.717791666668,13946.316250000002,91478.36300000001
2016-03-21,13135.885708333331,13946.316250000002,19450.333000000086
2016-03-22,11977.243375,13391.001355928498,33930.19154228395
2016-03-23,11997.734083333336,13183.931463288145,28468.737118915407
2016-03-24,12056.649708333332,13177.389903744708,26897.764689873016
2016-03-25,9143.075208333334,12253.060329199714,74639.64290079313
2016-03-26,9282.660083333334,12353.77993861966,73706.87652687183
2016-03-27,9696.481625,12691.428454207373,71878.72390097694
2016-03-28,11078.711791666668,12126.473043334227,25146.270040021394
2016-03-29,11797.011666666667,11394.005898463613,-9672.138436873312
2016-03-30,11966.985833333332,11736.486421957386,-5531.985873022699
2016-03-31,11891.284416666667,12486.33106969641,14281.119672713845
2016-04-01,11994.263250000002,12846.712085206264,20458.77204495028
2016-04-02,12030.073875,12093.19807595684,1514.9808229641494
2016-04-03,10838.252791666668,11089.58776462137,6032.039350912863
2016-04-04,12565.723791666664,11050.789309571008,-36358.42757029574
2016-04-05,12731.920208333337,11354.543044885926,-33057.05192273785
2016-04-06,12707.237916666669,11186.962691185641,-36486.60541154466
2016-04-07,12649.735958333333,11320.26434515087,-31907.3187163791
2016-04-08,12732.750083333332,11490.935621581648,-29803.54708204043
2016-04-09,12866.993125,11316.597901780951,-37209.48535725719
2016-04-10,10483.077875,10551.39162472383,1639.529993371907
2016-04-11,12783.1875,10763.637604694275,-48469.1974873374
2016-04-12,12293.708208333332,10984.166672786561,-31428.996853122488
2016-04-13,11967.080499999998,11529.20932027625,-10508.90831336996
2016-04-14,12421.380666666666,11314.170044025628,-26573.05494338491
2016-04-15,12475.554625,11010.71683042404,-35156.10706982305
2016-04-16,12673.665416666665,11221.900022979495,-34842.369448492085
2016-04-17,11481.145291666666,10786.919002921451,-16661.430929885144
2016-04-18,12592.283375,10649.932575483377,-46616.41918839897
2016-04-19,13032.291,11484.011431800687,-37158.70963678349
2016-04-20,12991.42125,11648.859865645438,-32221.47322450948
2016-04-21,11497.580375,10363.187378712708,-27225.431910895
2016-04-22,12553.31325,10475.851939880165,-49859.07144287601
2016-04-23,11756.177833333331,10040.088983571717,-41186.13239427874
2016-04-24,11286.413541666669,9325.224311191007,-47068.54153141589
2016-04-25,11895.43825,9898.380547683413,-47929.384855598066
2016-04-26,12072.769041666666,10728.71454909124,-32257.307821810216
2016-04-27,11818.468125,11184.430923422922,-15216.892837849853
2016-04-28,11597.797541666669,10947.230773805095,-15613.602428677768
2016-04-29,11426.243416666666,10761.934575436033,-15943.4121895352
2016-04-30,10915.438208333331,10272.035894916346,-15441.655522007655
2016-05-01,10300.960083333332,9431.374396840401,-20870.056475830323
2016-05-02,11749.339041666666,9687.197608261256,-49491.394401729834
2016-05-03,11847.476375,10465.046969442023,-33178.30573339146
2016-05-04,11775.467708333332,10810.436985864964,-23160.73733924082
2016-05-05,12248.452666666666,10930.472803622932,-31631.516713049627
2016-05-06,11210.6615,10746.605936016684,-11137.333535599595
2016-05-07,10405.087416666667,10060.904476708154,-8260.390559004314
2016-05-08,10822.659416666667,10283.666120679438,-12935.839103693506
2016-05-09,11638.607708333337,9911.222601827732,-41457.2425561345
2016-05-10,12168.030791666666,10914.656729120961,-30080.977501096917
2016-05-11,12777.0765,10853.834648520351,-46157.804435511556
2016-05-12,12513.763,11029.33825550818,-35626.19386780368
2016-05-13,10660.687291666669,10962.237956721074,7237.215961305716
2016-05-14,11093.069416666667,11065.963880581596,-650.5328660417144
2016-05-15,10577.401666666668,10200.640814160206,-9042.2604601551
2016-05-16,10486.841291666666,10275.997830907316,-5060.243058224398
2016-05-17,10461.478708333334,10841.339936383856,9116.669473212532
2016-05-18,11914.868833333334,11241.593835237647,-16158.599954296486
2016-05-19,12686.598625,11119.41386350491,-37612.43427588219
2016-05-20,12866.309833333333,10540.509570545848,-55819.206306899636
2016-05-21,11579.820541666666,10523.575167376624,-25349.888982960998
2016-05-22,10472.507041666666,9456.849038199929,-24375.792083201683
2016-05-23,12281.0175,9890.159084145052,-57380.60198051874
2016-05-24,12508.7465,10862.179153067987,-39517.61632636828
2016-05-25,12231.146541666669,11496.820814447092,-17623.817453269847
2016-05-26,11377.012125,11466.946463749031,2158.42412997676
2016-05-27,12489.043625,10841.23986604857,-39547.29021483431
2016-05-28,11572.306541666669,10434.936158857645,-27296.88918741657
2016-05-29,8934.128208333334,10270.765988981697,32079.30673556072
2016-05-30,12424.889583333332,11060.193037836774,-32752.71709191738
2016-05-31,12712.339041666666,12548.765826807467,-3925.7571566207916
2016-06-01,12235.018583333333,12772.898438487999,12909.116523711986
2016-06-02,12285.1955,12100.55421658712,-4431.390801909132
2016-06-03,12120.132708333333,12808.755381898796,16526.944165571127
2016-06-04,11664.086125,13052.735078741694,33327.57488980067
2016-06-05,9598.448166666669,13575.939154355074,95459.78370452172
2016-06-06,11106.450166666667,13946.316250000002,68156.78600000002
2016-06-07,10940.202375,13946.316250000002,72146.73300000002
2016-06-08,11532.806333333334,13946.316250000002,57924.23800000003
2016-06-09,11473.014458333331,13946.316250000002,59359.24300000009
2016-06-10,11531.824958333333,13946.316250000002,57947.791000000056
2016-06-11,11295.105416666667,13946.316250000002,63629.06000000003
2016-06-12,9769.362208333334,13476.468404586645,88970.54871007947
2016-06-13,10577.95525,12854.83234631602,54645.05031158445
2016-06-14,11320.43275,13292.075467928247,47319.425230277935
2016-06-15,11310.091375000002,12538.205042963062,29474.72803111344
2016-06-16,11278.840916666668,11260.191009568616,-447.5977703532408
2016-06-17,11425.787416666666,10890.29821958947,-12851.740729852725
2016-06-18,12238.393208333331,10312.139382959096,-46230.09180898164
2016-06-19,10554.002,9573.377337547336,-23534.991898863955
2016-06-20,13560.987666666668,9992.681077168669,-85639.35814795198
2016-06-21,13702.984666666664,11253.744550813422,-58781.76278047779
2016-06-22,13452.672791666666,11442.902570179369,-48234.48531569513
2016-06-23,13231.144875,11318.579810373274,-45901.56155104142
2016-06-24,13046.108291666666,11133.72468449757,-45897.206572058276
2016-06-25,12080.227541666667,10509.910694222797,-37687.604338652876
2016-06-26,9976.677708333336,9574.983966495569,-9640.649804106419
2016-06-27,12572.074208333332,9984.22647101826,-62108.3456955617
2016-06-28,13078.072666666669,10447.064543627308,-63144.19495294466
2016-06-29,13051.320666666668,10717.033208165758,-56022.89900402185
2016-06-30,13159.353083333332,10755.373162509677,-57695.51809976771
2016-07-01,13151.336333333333,10264.00935290784,-69295.84753021182
2016-07-02,12670.9845,9713.59879980299,-70977.25680472824
2016-07-03,10268.5635,9512.167884567716,-18153.49477037482
2016-07-04,12375.359625,10129.036750837335,-53911.74897990395
2016-07-05,12694.885,11096.200505784425,-38368.4278611738
2016-07-06,12583.966458333334,11288.74685763362,-31085.27041679315
2016-07-07,12522.891208333334,11507.898086578643,-24359.834922112583
2016-07-08,12197.695166666666,11649.15634123081,-13164.931810460563
2016-07-09,11366.431750000002,10624.405448455593,-17808.631237065812
2016-07-10,10943.472291666669,9440.21412483534,-36078.19600395189
2016-07-11,12232.771041666669,10467.975921800558,-42355.08287678665
2016-07-12,12316.628166666667,10586.33216442472,-41527.10405380672
2016-07-13,10937.329375,11311.84106852183,8988.280644523926
2016-07-14,10956.101208333332,11321.3544472135,8766.077733124039
2016-07-15,11150.0035,11078.050564892092,-1726.8704425898177
2016-07-16,11216.277625,10982.721487518624,-5605.3472995530465
2016-07-17,10833.53525,10152.752441588,-16338.787401888025
2016-07-18,11975.542083333334,10632.045250622112,-32243.923985069327
2016-07-19,12132.283416666667,10774.253467730272,-32592.718774473484
2016-07-20,12309.36025,10190.15214473972,-50860.99452624669
2016-07-21,12356.45875,10250.79662954182,-50535.890890996336
2016-07-22,11801.466583333333,11263.860221110886,-12902.552693338715
2016-07-23,11309.50075,10427.556105089076,-21166.671477862168
2016-07-24,10805.062291666669,10131.230693016838,-16171.958367595944
2016-07-25,11930.943416666669,9874.635820436146,-49351.38230953255
2016-07-26,12024.124916666668,9997.137940587685,-48647.68742589558
2016-07-27,12197.104541666668,10540.408696905795,-39760.70027426093
2016-07-28,12134.261708333332,10114.288619420116,-48479.354133917164
2016-07-29,12201.209666666668,9928.06413529221,-54555.492752986975
2016-07-30,11486.710416666669,9800.314508075715,-40473.50180618289
2016-07-31,10686.890166666666,9080.319230406469,-38557.70247024474
2016-08-01,12030.173041666669,9435.06628361966,-62282.56219312819
2016-08-02,11717.747916666667,10176.909222081835,-36980.12867003598
2016-08-03,11223.566416666668,10605.75108455889,-14827.567970586693
2016-08-04,11171.571958333334,10605.600054138555,-13583.3257006747
2016-08-05,10492.111416666668,11335.12677461308,20232.36859071387
2016-08-06,10928.643541666666,11015.198569049,2077.3206571760093
2016-08-07,10552.724208333331,10043.005059023908,-12233.25958342616
2016-08-08,11298.65925,9937.508004566218,-32667.629890410783
2016-08-09,11341.314125,11404.252363893682,1510.517733448345
2016-08-10,11263.979208333332,12046.249111243382,18774.477669841188
2016-08-11,11645.769666666669,11405.539347223383,-5765.527666638867
2016-08-12,11511.520958333334,10438.322540073845,-25756.762038227753
2016-08-13,11010.286999999998,9700.219530398255,-31441.619270441835
2016-08-14,10517.632875,9251.956060443936,-30376.243549345527
2016-08-15,11468.403333333334,10271.934453084936,-28715.25312596155
2016-08-16,12115.395,10961.191055497693,-27700.894668055378
2016-08-17,12142.673083333331,10863.67797462512,-30695.882608997083
2016-08-18,12178.346875,11385.88681327618,-19019.041481371663
2016-08-19,11342.126666666663,12039.929655138161,16747.27172331595
2016-08-20,10400.752208333332,11300.047044002968,21583.076056071266
2016-08-21,9968.153958333334,9898.329119532835,-1675.7961312119878
2016-08-22,11563.421541666668,10110.817583980082,-34862.494984478064
2016-08-23,12155.372791666668,11504.139774577816,-15629.592410132464
2016-08-24,11839.706833333332,11488.957323495153,-8417.988236116289
2016-08-25,11720.905541666669,10652.49440961895,-25641.867169145247
2016-08-26,11959.81975,9928.731355567843,-48746.121466371784
2016-08-27,11201.868625,9432.986268770102,-42453.17654951752
2016-08-28,9801.11275,8964.124120203389,-20087.727115118672
2016-08-29,11957.971333333331,9446.504704597324,-60275.199089664166
2016-08-30,12270.606875,10806.434890089375,-35140.127637854996
2016-08-31,12223.798833333334,10804.783764222126,-34056.361658669004
2016-09-01,12001.457625,10361.56632472837,-39357.391206519096
2016-09-02,12198.866499999998,10009.071728097992,-52555.07452564816
2016-09-03,11789.143666666663,9888.822858633135,-45607.69939280467
2016-09-04,10180.148333333333,9904.442753754218,-6616.933909898755
2016-09-05,11505.525708333334,10512.63412510366,-23829.397997512206
2016-09-06,11330.336833333333,11341.021643851773,256.435452442558
2016-09-07,9824.146416666666,11254.290091739127,34323.448201739055
2016-09-08,11732.996416666669,10964.032311965224,-18455.138512834674
2016-09-09,12084.01775,11031.379275444851,-25263.32338932359
2016-09-10,11699.140458333331,10325.428728832747,-32969.08150801403
2016-09-11,10570.666958333331,9571.563097177295,-23978.492667744868
2016-09-12,12593.89625,9622.123759893813,-71322.53976254848
2016-09-13,11994.705625,9569.748776452581,-58198.96436513806
2016-09-14,12316.08575,9671.637512863417,-63466.75769127799
2016-09-15,12213.515916666664,9794.749619211876,-58050.3911389149
2016-09-16,11818.056583333331,9795.368095191487,-48544.52371540427
2016-09-17,11376.344916666669,9805.157598812872,-37708.49562849113
2016-09-18,10487.650791666669,9494.255273910194,-23841.492426155397
2016-09-19,11230.139208333334,10609.92516569404,-14885.137023343064
2016-09-20,12137.279791666668,10616.260991717478,-36504.45119878056
2016-09-21,12276.233375000002,10037.735750739312,-53723.94298225656
2016-09-22,12344.835791666666,10657.265884957422,-40501.67776102187
2016-09-23,11574.978458333331,11302.177951901354,-6547.212154367444
2016-09-24,10749.178625,11534.845518684291,18856.005448422977
2016-09-25,10137.146625,10199.470022829251,1495.761547902046
2016-09-26,11739.27375,10402.926497534929,-32072.334059161716
2016-09-27,12033.036541666666,11397.371961913528,-15255.949914075318
2016-09-28,11828.234166666669,11070.092499067607,-18195.400022377493
2016-09-29,11978.422791666666,10565.442475756281,-33911.52758184924
2016-09-30,11494.87,10263.704454982406,-29547.973080422278
2016-10-01,10796.205375,10314.42227221276,-11562.794466893756
2016-10-02,10022.083541666669,9777.636868543821,-5866.720154948343
2016-10-03,11742.422541666669,10157.136715942994,-38046.8598173682
2016-10-04,11752.251291666667,10335.316071855288,-34006.4452754731
2016-10-05,11569.881541666668,10613.244094611176,-22959.298729331786
2016-10-06,11550.450916666668,10703.943687122264,-20316.173509065702
2016-10-07,11147.225041666668,10694.863603696276,-10856.674511289413
2016-10-08,10512.149,10185.670631422472,-7835.480845860657
2016-10-09,10238.994,9138.465757817225,-26412.677812386624
2016-10-10,11428.807875,9725.269051837113,-40884.9317559093
2016-10-11,10750.955041666666,10393.565530233456,-8577.348274397038
2016-10-12,10794.162083333336,9703.681086811914,-26171.543916514143
2016-10-13,10960.522083333335,10436.199737174866,-12583.736307803265
2016-10-14,11784.225875000002,11136.854869148694,-15536.90414043139
2016-10-15,10899.914583333331,10509.255167086318,-9375.82598992833
2016-10-16,10318.612565217392,10690.849630137318,8933.689558078215
2016-10-17,11940.18,12269.402912061098,7901.349889466335
2016-10-18,12391.295,12440.571004536885,1182.6241088852403
2016-10-19,12049.517999999998,12303.519177374592,6096.028256990248
2016-10-20,12150.447708333331,12622.629014089027,11332.351338136694
2016-10-21,11604.842958333336,12533.614890844225,22290.52638026132
2016-10-22,10671.210958333331,11727.250910487252,25344.958851694086
2016-10-23,10256.442833333333,10099.380431123744,-3769.4976530301356
2016-10-24,11432.077,9960.182923414744,-35325.45783804612
2016-10-25,11897.9975,11199.222811878364,-16770.592514919248
2016-10-26,12013.964291666663,11662.890235512314,-8425.777347704396
2016-10-27,12042.133291666669,12274.685391162051,5581.250387889173
2016-10-28,12200.35775,11901.304581312274,-7177.276048505417
2016-10-29,11865.024583333334,10520.903314708206,-32258.910447003058
2016-10-30,10035.814,8995.80264312434,-24960.272565015854
2016-10-31,12434.568,9524.676148860573,-69837.40442734622
2016-11-01,12655.032833333333,10692.856670587915,-47092.22790589003
2016-11-02,10863.35075,10477.71984639053,-9255.141686627278
2016-11-03,12560.083833333332,10310.363691913326,-53993.28339408015
2016-11-04,12591.752374999998,11054.67034176247,-36889.96879770067
2016-11-05,11502.219458333331,10313.661326885656,-28525.395154744197
2016-11-06,10198.211041666667,9249.97323834559,-22757.70727970585
2016-11-07,12064.661291666664,9730.431789771146,-56021.50804549242
2016-11-08,12503.876916666666,10593.778896934933,-45842.352473561594
2016-11-09,12790.153166666663,10994.130944209668,-43104.533338967885
2016-11-10,12939.350208333335,10857.432536166165,-49966.024132012084
2016-11-11,11836.837666666666,10563.428356175278,-30561.823451793316
2016-11-12,11069.621125,10272.645531322203,-19127.414248267116
2016-11-13,10520.024458333331,9225.337757792715,-31072.480812974798
2016-11-14,10876.669208333333,9192.701961410945,-40415.21392613731
2016-11-15,11062.824208333332,9513.621235957673,-37180.87133701581
2016-11-16,11960.546666666669,9805.054464906752,-51731.812842237996
2016-11-17,11919.726,9498.409578057104,-58111.59412662951
2016-11-18,11153.85125,9497.371038944559,-39755.525065330585
2016-11-19,10117.947458333334,9549.785977857122,-13635.87553142909
2016-11-20,10000.776541666666,8955.95464486604,-25075.72552321502
2016-11-21,11029.876458333332,9336.375714472688,-40644.01785265547
2016-11-22,11328.949375000002,9602.808437147069,-41427.3825084704
2016-11-23,10985.361749999998,10240.527540095129,-17876.02103771687
2016-11-24,11156.26825,11017.738089987088,-3324.7238403098745
2016-11-25,11129.6965,11297.767250126999,4033.6980030479754
2016-11-26,10774.452333333333,11811.989866529262,24900.900796702306
2016-11-27,10313.599916666666,10706.050197171446,9418.80673211471
2016-11-28,11663.35125,10746.004584592867,-22016.319969771183
2016-11-29,12027.260416666666,11211.480337219527,-19578.721906731327
2016-11-30,12018.86,10983.319517279095,-24852.97158530174
2016-12-01,11738.696583333332,10573.296487410902,-27969.60230213833
2016-12-02,10859.066208333334,10621.992349850061,-5689.77260359854
2016-12-03,10582.536875,11066.958781261299,11626.125750271181
2016-12-04,10709.675166666666,11199.272248917225,11750.32997401341
2016-12-05,11670.67575,11626.824110246445,-1052.4393540853198
2016-12-06,12092.236083333337,11615.508839435412,-11441.453853550207
2016-12-07,11983.288166666667,11626.478141182864,-8563.440611611266
2016-12-08,12264.551875,12248.024250192975,-396.66299536857696
2016-12-09,11452.708,13246.585035612903,43053.04885470966
2016-12-10,11665.887666666667,12034.15378344321,8838.386802637004
2016-12-11,11462.538374999998,12339.511785876311,21047.361861031517
2016-12-12,12478.087916666664,13325.248290128031,20331.848963072815
2016-12-13,13115.844583333334,13076.595954015618,-941.9671036251675
2016-12-14,12835.324125,11809.521048295752,-24619.273840901937
2016-12-15,12954.356791666669,10674.839672958886,-54708.410848986794
2016-12-16,12815.05225,9857.304932413068,-70985.93562208638
2016-12-17,11844.489,9054.422711460144,-66961.59092495654
2016-12-18,11658.297916666668,8446.800942647635,-77075.9273764568
2016-12-19,13085.594208333334,9192.02306599043,-93445.70741622969
2016-12-20,13581.539375,9608.246705280206,-95359.02407327507
2016-12-21,12822.765666666666,9998.623428174982,-67779.41372380042
2016-12-22,11956.961625000002,10515.457794342337,-34596.091935783945
2016-12-23,11425.572958333332,10585.627702642563,-20158.686136578457
2016-12-24,10872.193958333331,11213.117971441756,8182.176314602184
2016-12-25,10570.453,9457.108910886938,-26720.25813871347
2016-12-26,11295.525166666666,9445.205026178483,-44407.68337171641
2016-12-27,12266.735374999998,11548.440758107996,-17239.07080540806
2016-12-28,11474.365333333331,12144.937051585686,16093.721238056518
2016-12-29,12211.027958333332,11936.603305356335,-6586.19167144793
2016-12-30,11779.473166666668,11507.74983282098,-6521.3600122965145
2016-12-31,10724.150541666668,11181.353154090113,10972.862698162688
2017-01-01,10571.192125,11096.996029991522,12619.293719796537
2017-01-02,11344.321166666668,12431.438205564122,26090.80893353888
2017-01-03,11819.340625,12777.381717685512,22992.986224452266
2017-01-04,12758.669791666667,13074.343018660195,7576.157447844656
2017-01-05,11913.029875,11962.373473043739,1184.2463530497334
2017-01-06,11460.993125,11004.342198891962,-10959.62222659294
2017-01-07,12186.2035,10023.918718393626,-51894.834758552955
2017-01-08,11950.176166666666,9605.242902410808,-56278.3983421406
2017-01-09,13160.483625,11629.195693660879,-36750.91035213893
2017-01-10,12698.665333333332,12159.550928133156,-12938.745724804234
2017-01-11,12063.937833333332,10941.595463619542,-26936.21687313095
2017-01-12,12096.705833333332,10835.291107720765,-30273.95341470161
2017-01-13,11839.038,9955.926208303827,-45194.68300070817
2017-01-14,11631.132375,9664.656682909093,-47195.41661018174
2017-01-15,10939.310291666668,9113.89465733635,-43809.97522392764
2017-01-16,11704.707541666668,9707.245482875831,-47939.0894109801
2017-01-17,11472.075791666668,10566.952989545847,-21722.9472508997
2017-01-18,11371.975041666668,11181.353154090113,-4574.925301837327
2017-01-19,11243.545166666669,11837.41797540495,14252.947409718734
2017-01-20,10839.601583333331,12094.975397743867,30128.97154585285
2017-01-21,10495.43975,11446.366010546913,22822.230253125934
2017-01-22,10341.523291666666,10505.875875982925,3944.462023590211
2017-01-23,11357.712375,11905.994678363426,13158.775280722242
2017-01-24,11927.080875,12714.846090609102,18906.365174618462
2017-01-25,11455.50225,12879.580406775689,34177.875762616546
2017-01-26,11551.241083333334,12685.412946610668,27220.124718656007
2017-01-27,11187.805208333331,12310.974234125832,26956.056619020004
2017-01-28,11143.608625,13245.708537299743,50450.397895193804
2017-01-29,11549.824916666666,13053.813403491371,36095.72368379291
2017-01-30,12689.294458333332,13480.60763194057,18991.516166573696
2017-01-31,13158.621375,13774.205217233726,14774.012213609414
2017-02-01,13107.631541666668,13615.858924622244,12197.457190933826
2017-02-02,12941.406791666666,13548.606416094277,14572.790986262655
2017-02-03,12536.339625,13535.280481779606,23974.58056271053
2017-02-04,12604.096416666667,12777.628028973173,4164.75869535614
2017-02-05,12507.434291666666,11584.721301824055,-22145.111756222686
2017-02-06,12780.100916666668,11805.0277166616,-23401.756800121642
2017-02-07,12665.857833333332,12498.720651592066,-4011.2923617903725
2017-02-08,12565.480916666667,11688.03394681252,-21058.72727649953
2017-02-09,12582.922333333334,11182.246660971097,-33616.21613669368
2017-02-10,12006.513083333331,10775.955721387392,-29533.37668670254
2017-02-11,11787.718125,11089.985454836444,-16745.584083925336
2017-02-12,11280.035875,10899.234550311707,-9139.23179251903
2017-02-13,12712.60575,10982.970626942624,-41511.242953377034
2017-02-14,12565.571958333334,11171.969339975447,-33446.46284058929
2017-02-15,13273.248166666666,10886.15401269151,-57290.25969540376
2017-02-16,13468.536666666669,10548.217910566003,-70087.65014641597
2017-02-17,12950.413333333332,11482.972719463818,-35218.574732868336
2017-02-18,12537.936666666666,11317.093383605923,-29300.238793457844
2017-02-19,11979.741958333334,11154.985929987188,-19794.14468030751
2017-02-20,13681.893458333332,10427.606462819125,-78102.88789234096
2017-02-21,13223.06725,10481.000881422668,-65809.59284585598
2017-02-22,12937.025458333332,10951.519070001785,-47652.15331995713
2017-02-23,12072.193416666669,10742.597403057553,-31910.30432661879
2017-02-24,11135.526541666666,10491.497965617029,-15456.685825191293
2017-02-25,10234.536666666669,10120.668413823008,-2732.8380682478455
2017-02-26,9334.680083333336,9386.630575513167,1246.8118123159365
2017-02-27,8802.575958333333,9212.54649061009,9839.292774642163
2017-02-28,9522.542416666667,9189.568069626006,-7991.384328975866
2017-03-01,10486.93875,9843.001861289413,-15454.485329054078
2017-03-02,10914.182916666668,11367.220635766183,10872.90525838836
2017-03-03,11092.565958333333,11108.429727545219,380.7304610852734
2017-03-04,10877.762791666666,11104.254264072788,5435.795337746924
2017-03-05,10933.278708333331,11336.612867281652,9680.019814759697
2017-03-06,12397.133458333332,11029.288426076306,-32828.28077416863
2017-03-07,13140.433375,11182.147275327867,-46998.86639213121
2017-03-08,13067.838541666666,11740.091515492652,-31865.92862817635
2017-03-09,12710.394375000002,12495.363849692021,-5160.732607391532
2017-03-10,12184.636,12483.369419501907,7169.602068045759
2017-03-11,11108.097333333331,12626.72329868337,36447.02316840092
2017-03-12,11249.723416666668,11537.119774459796,6897.512587035075
2017-03-13,11567.641125,11784.486586324452,5204.291071786851
2017-03-14,12187.476625,11664.273368096827,-12556.878165676142
2017-03-15,12439.441208333332,11414.349340101751,-24602.204837557932
2017-03-16,12217.154666666667,12154.61389231219,-1500.9785845074366
2017-03-17,11757.873333333337,12386.957267913791,15098.014429930903
2017-03-18,10861.085458333331,12505.186396487657,39458.42251570383
2017-03-19,10527.568791666668,10747.808366317186,5285.749791612412
2017-03-20,11103.89325,10316.299293859123,-18902.25494738102
2017-03-21,11389.108875,10479.940840129031,-21820.03283690325
2017-03-22,11594.125375,10446.155165612734,-27551.285025294375
2017-03-23,12197.440375,11014.551329088903,-28389.33710186633
2017-03-24,11981.42325,10760.382123170464,-29304.987043908855
2017-03-25,11020.901958333334,10394.071596101097,-15043.928693573675
2017-03-26,10527.217625,10133.730365451678,-9443.694229159708
2017-03-27,11582.086291666668,10060.035203040734,-36529.226127022426
2017-03-28,11673.787208333331,11088.09603624608,-14056.588130094053
2017-03-29,11181.416625,11265.199054861509,2010.7783166762092
2017-03-30,11096.987666666668,10807.085159736042,-6957.66016633503
2017-03-31,11016.534916666666,10957.45210510139,-1417.9874775665958
2017-04-01,10043.573291666666,10938.204155405723,21471.14072973738
2017-04-02,9285.081208333331,9526.232963729915,5787.642129518019
2017-04-03,10507.270333333334,9504.43241514579,-24068.110036501064
2017-04-04,11027.580958333332,10351.889783722356,-16216.588190663431
2017-04-05,11082.959291666666,10891.796064048576,-4587.917462834157
2017-04-06,10591.677541666666,10884.705714602133,7032.676150451196
2017-04-07,10502.242916666668,10977.190452605897,11398.740862541497
2017-04-08,9753.077083333334,9890.621543983674,3301.067055608175
2017-04-09,10130.1135,9182.098475003162,-22752.360599924097
2017-04-10,10714.199708333334,9367.940316581642,-32310.225402040596
2017-04-11,10734.352083333331,10099.737996628994,-15230.738080904106
2017-04-12,10428.561,9998.572403947259,-10319.72630526578
2017-04-13,9428.029125,9386.682423833347,-992.3208279996616
2017-04-14,9457.935375,8723.28712455012,-17631.55801079712
2017-04-15,8920.005125,8524.931219987353,-9481.773720303521
2017-04-16,9186.522541666667,8614.94680083832,-13717.817779880352
2017-04-17,9884.256291666668,8729.839374594732,-27706.006009726465
2017-04-18,10938.969208333334,9457.888520063578,-35545.93651847415
2017-04-19,10799.068125,9819.733669726993,-23504.026926552164
2017-04-20,10271.865166666666,10421.893337956182,3600.6761109483778
2017-04-21,9929.439666666667,10429.477050575275,12000.897213806587
2017-04-22,9626.06225,10229.84840315143,14490.86767563432
2017-04-23,9624.74875,9097.52718994439,-12653.317441334642
2017-04-24,10462.484416666666,9481.010814279782,-23555.36645728523
2017-04-25,11472.82425,10022.895003157795,-34798.30192421291
2017-04-26,10992.067333333332,9709.621641239391,-30778.696610254585
2017-04-27,10505.250208333331,9677.324649589427,-19870.21340985369
2017-04-28,9640.796125,9286.907188508452,-8493.334475797164
2017-04-29,8732.902875,8682.558700188858,-1208.2601954674028
2017-04-30,8455.056458333334,8291.199514278545,-3932.5666573149356
2017-05-01,9045.570166666666,8223.308569960998,-19734.278320936035
2017-05-02,9668.64925,8626.057407605098,-25022.204217477658
2017-05-03,9574.078708333333,8579.941610950407,-23859.290337190207
2017-05-04,10169.005458333331,8482.037003670519,-40487.242911907495
2017-05-05,10713.529125,8426.282276187894,-54893.92437149052
2017-05-06,10292.319125,8480.727889116084,-43478.18966121398
2017-05-07,9850.996583333334,8556.363553114363,-31071.1927252553
2017-05-08,10568.18875,9117.03182793481,-34827.76612956454
2017-05-09,10387.138708333334,9987.608372385057,-9588.728062758644
2017-05-10,10377.203208333334,9398.8611986587,-23480.208232191217
2017-05-11,10562.601541666669,9908.808817487947,-15691.025380289328
2017-05-12,10340.295916666666,9847.787292622705,-11820.206977055073
2017-05-13,9267.067708333334,9019.202482921613,-5948.765409881293
2017-05-14,8975.985291666666,9054.422711460144,1882.4980750434624
2017-05-15,9998.149958333332,9838.936012608314,-3821.1346974004264
2017-05-16,10214.108625,10252.829706845368,929.3059642888256
2017-05-17,10176.555541666668,10060.802122308942,-2778.08206458544
2017-05-18,10284.302375,9494.826311212686,-18947.425530895518
2017-05-19,10596.505583333334,9163.917177894979,-34382.12173052052
2017-05-20,9873.12725,10353.511067892843,11529.211629428246
2017-05-21,9271.714916666666,10238.341245808602,23199.031899406473
2017-05-22,10065.007916666667,10923.688031992944,20608.322767830643
2017-05-23,10144.92225,11757.869920077708,38710.74408186501
2017-05-24,11276.963958333334,13005.21505874886,41478.02640997262
2017-05-25,11538.67175,12982.146577709898,34643.39586503757
2017-05-26,11377.84375,12520.980469378512,27435.281265084282
2017-05-27,11939.038875,11570.2398831338,-8851.175804788814
2017-05-28,10203.602125,10165.699434603044,-909.6645695269253
2017-05-29,10934.073583333333,9621.968546686092,-31490.520879533782
2017-05-30,11442.469833333334,9151.793535474731,-54976.23114860647
2017-05-31,11653.152333333332,8694.719486962207,-71002.38831290699
2017-06-01,11277.671916666666,8885.026194378719,-57423.49733491073
2017-06-02,11022.32925,9057.143606245709,-47164.45545010301
2017-06-03,9120.564333333334,9388.868645144808,6439.303483475393
2017-06-04,8986.518208333333,8991.562089753374,121.05315408097522
2017-06-05,10982.352791666666,9435.69037158681,-37119.898081916544
2017-06-06,11338.369458333333,10517.020955440174,-19712.36406943582
2017-06-07,11545.874625,12751.711964131806,28940.096139163332
2017-06-08,10847.006916666667,13946.316250000002,74383.42400000003
2017-06-09,11829.54225,13946.316250000002,50802.57600000003
2017-06-10,9182.048291666668,13946.316250000002,114342.43100000001
2017-06-11,8110.524125,12634.961157586113,108586.4887820667
2017-06-12,11056.835333333334,11272.88391254245,5185.165901018758
2017-06-13,11587.16275,10717.18353772442,-20879.501094613894
2017-06-14,11269.454875,10910.16537134691,-8622.948087674158
2017-06-15,10048.920416666666,10982.322959065932,22401.661017582388
2017-06-16,10311.938333333334,11140.034370311536,19874.304887476857
2017-06-17,8336.573583333333,10702.238261091383,56775.9522661932
2017-06-18,8696.166083333334,9105.789726370193,9830.967432884616
2017-06-19,10497.788083333333,8998.629930194216,-35979.7956753388
2017-06-20,10764.946666666669,9451.183243416936,-31530.322157993593
2017-06-21,10793.161583333333,9725.269051837113,-25629.420755909276
2017-06-22,10338.355291666669,9624.81587854926,-17124.945914817814
2017-06-23,10211.783208333332,9759.84546656054,-10846.505802547006
2017-06-24,9066.370875,9457.160682221973,9378.955373327335
2017-06-25,9124.254833333334,8800.234340360556,-7776.4918313466915
2017-06-26,10409.743125,8446.539200558072,-47116.89418660628
2017-06-27,10107.830875,8807.467179025238,-31208.728703394285
2017-06-28,10728.443375,9126.181189558505,-38454.292450595894
2017-06-29,11501.218625,9436.626234000381,-49550.217383990836
2017-06-30,10809.582791666666,9825.80947850607,-23610.559515854315
2017-07-01,9983.819875,9324.9118307093,-15813.793062976794
2017-07-02,9610.7475,8661.854624071575,-22773.429022282187
2017-07-03,10119.134916666666,8579.207822634155,-36958.25025678027
2017-07-04,9779.508708333333,8495.338604806235,-30820.082484650353
2017-07-05,9604.845166666666,8814.280687375143,-18973.547502996546
2017-07-06,10398.050125,9404.636948392097,-23841.916238589663
2017-07-07,10570.097708333333,9520.213167781301,-25197.228973248755
2017-07-08,9657.007791666669,9189.045740088804,-11231.089237868742
2017-07-09,9033.05475,8650.690620044828,-9176.739118924103
2017-07-10,9602.913416666666,9014.858056967665,-14113.328632776029
2017-07-11,10407.218833333334,8925.62801915795,-35558.179540209225
2017-07-12,11024.511166666663,8821.985127705146,-52860.62493507643
2017-07-13,11224.690458333333,8937.623397269082,-54889.609465542
2017-07-14,10983.716208333331,9140.661188680042,-44233.32047167895
2017-07-15,10196.515083333334,8847.03581483939,-32387.502443854653
2017-07-16,9958.169875,8342.841763732542,-38767.87467041898
2017-07-17,10934.653416666666,8511.10286986517,-58165.21312323591
2017-07-18,11238.016083333334,9319.074626272892,-46054.59496945061
2017-07-19,11205.162958333334,8992.347427331038,-53107.5727440551
2017-07-20,11061.645375,8927.723316922478,-51214.12939386052
2017-07-21,10521.433625,9303.071394691116,-29240.693527413197
2017-07-22,9548.700916666668,9050.864733447856,-11948.06839725151
2017-07-23,8977.6865,8746.665299705546,-5544.508807066886
2017-07-24,10048.876166666669,8979.571731612657,-25663.30644129627
2017-07-25,9853.755083333332,9108.142855440823,-17894.693469420206
2017-07-26,9681.444083333334,9184.292559388152,-11931.636574684366
2017-07-27,9642.528166666669,9263.539296946255,-9095.732873289919
2017-07-28,9384.507,9066.822690891135,-7624.423418612758
2017-07-29,8767.760458333332,9196.305959070376,10285.09201768905
2017-07-30,8820.957458333332,8298.51500572752,-12538.618862539486
2017-07-31,9154.728916666669,8453.18775145522,-16836.987965074775
2017-08-01,9117.386,9210.60422517025,2237.2374040859722
2017-08-02,9222.950791666666,9152.472823770466,-1691.4712295088102
2017-08-03,9574.916333333333,9079.179060727616,-11897.694542537196
2017-08-04,9220.312416666666,9306.136789646023,2059.784951504582
2017-08-05,8609.55775,8812.80278372084,4877.880809300143
2017-08-06,8751.436708333333,8146.256526899335,-14524.324354415949
2017-08-07,9147.285916666666,8297.093792979387,-20404.610968494686
2017-08-08,9040.650833333331,9292.184592618305,6036.810222839369
2017-08-09,9220.1725,9518.121397080971,7150.773529943297
2017-08-10,9675.453375,9520.384478621489,-3721.653513084253
2017-08-11,9556.572,9388.743604639469,-4027.8814886527543
2017-08-12,9072.904791666666,8706.41358676161,-8795.788917721351
2017-08-13,8511.732916666666,8570.5990634144,1412.7875219456182
2017-08-14,9373.26275,8440.451325319105,-22387.47419234147
2017-08-15,9410.327083333334,9237.641185804085,-4144.461540701974
2017-08-16,9468.049666666668,9148.375562617563,-7672.178497178524
2017-08-17,9452.20475,9439.075230497368,-315.1084680631757
2017-08-18,9517.018625,10126.598004930414,14629.90511832993
2017-08-19,9188.0445,10935.276313597336,41933.563526336075
2017-08-20,9225.800583333334,9852.16058762268,15032.640102944322
2017-08-21,9947.4455,10112.389889895647,3958.665357495527
2017-08-22,10165.991541666666,10375.792713947338,5035.228134736113
2017-08-23,10712.144166666669,10755.864059189233,1049.2774205415335
2017-08-24,10822.129333333332,10490.191119903247,-7966.517122322039
2017-08-25,10509.627875,11017.011136484558,12177.198275629387
2017-08-26,9991.577,9832.744103558296,-3811.9895146008785
2017-08-27,10484.692708333334,9023.410763295418,-35070.766680909976
2017-08-28,10985.58475,8984.535736816712,-48025.17631639892
2017-08-29,10981.78675,9776.941050484565,-28916.29678837041
2017-08-30,10543.911583333333,10088.7519079081,-10923.832210205597
2017-08-31,10123.264916666669,10219.547325298161,2310.777807155813
2017-09-01,9580.9045,9657.31240653553,1833.7897568526969
2017-09-02,9550.479583333334,9278.886001221425,-6518.245970685821
2017-09-03,9474.001416666668,8833.7090347042,-15367.017167099242
2017-09-04,10248.165,9954.131002962655,-7056.815928896307
2017-09-05,10077.693708333334,8639.034045119384,-34527.8319171348
2017-09-06,9622.169125,9662.422386033806,966.0782648113382
2017-09-07,9473.991291666667,9629.536878266148,3733.0940783875412
2017-09-08,9592.67675,9954.259235116155,8677.9796427877
2017-09-09,9352.329833333331,9595.172774627454,5828.230591058935
2017-09-10,8879.977416666667,9507.765457419613,15066.912978070715
2017-09-11,9306.037083333336,9992.230279395571,16468.63670549364
2017-09-12,9204.298125,9838.86916587967,15229.70498111211
2017-09-13,8971.855791666667,10224.100651174798,30053.876628195154
2017-09-14,8811.132375,10995.714918533962,52429.98104481511
2017-09-15,8672.907000000001,11691.012376427283,72434.52903425477
2017-09-16,8633.793708333333,10476.876860950008,44233.9956628002
2017-09-17,8263.332916666666,9389.274770452252,27022.60449085405
2017-09-18,9112.079708333333,11450.997120429922,56134.01789031814
2017-09-19,10138.781916666669,12548.899321608249,57842.81771859793
2017-09-20,10154.57975,13002.300055617394,68345.28733481743
2017-09-21,10664.289375,13946.316250000002,78768.64500000003
2017-09-22,11227.94375,13946.316250000002,65240.94000000003
2017-09-23,10097.429291666667,13614.919731910935,84419.77056586243
2017-09-24,9968.959583333331,11216.933386214121,29951.371269138952
2017-09-25,11044.652583333334,10511.761468800232,-12789.386748794452
2017-09-26,10926.552583333332,13632.621615707638,64945.656776983335
2017-09-27,11026.934333333333,13946.316250000002,70065.16600000006
2017-09-28,11204.211791666668,13646.694460398572,58619.58404956569
2017-09-29,10782.149,13946.316250000002,75940.01400000005
2017-09-30,9887.48725,13946.316250000002,97411.89600000004
2017-10-01,10174.783375,11953.842586361021,42697.42107266448
2017-10-02,10662.3225,11862.464767083948,28803.41441001474
2017-10-03,11423.431875,13946.316250000002,60549.225000000035
2017-10-04,11489.016791666669,13946.316250000002,58975.18699999999
2017-10-05,11536.060583333334,13296.410638058851,42248.40131341241
2017-10-06,11583.472958333334,13771.232734701658,52506.23463283978
2017-10-07,10615.459625,13946.316250000002,79940.55900000005
2017-10-08,10018.226291666668,11331.238230651303,31512.28653563124
2017-10-09,11664.383375,11876.318635855234,5086.446260525627
2017-10-10,12468.795041666666,12997.078627231902,12678.806053565655
2017-10-11,12442.875375,13554.690243396237,26683.556841509693
2017-10-12,11979.890625,10820.180194422544,-27833.050333858933
2017-10-13,12090.5145,9877.766691273406,-53105.947409438246
2017-10-14,10981.2105,10303.473054865415,-16265.698683230017
2017-10-15,10483.337608695652,9555.630386420253,-22264.97333460959
2017-10-16,11211.797375,9700.762169887405,-36264.844922702294
2017-10-17,11319.792166666666,11360.510539769039,977.2409544569382
2017-10-18,11292.489791666669,12589.312648608555,31123.748566605267
2017-10-19,10470.700041666669,12965.750672811208,59881.21514746893
2017-10-20,10810.006541666668,13474.008154896565,63936.03871751753
2017-10-21,10318.11225,11406.281801786692,26116.069242880607
2017-10-22,9349.770083333333,9157.003630770636,-4626.394861504727
2017-10-23,10559.424875,8924.748149021794,-39232.24142347695
2017-10-24,10147.013416666668,9791.08031015164,-8542.394556360698
2017-10-25,10233.898791666668,9914.61715703728,-7662.759231105301
2017-10-26,10850.18875,9838.642740479168,-24277.104228499942
2017-10-27,10950.556375,9790.858861181154,-27832.740331652312
2017-10-28,10739.250833333334,9043.737640776904,-40692.3166213543
2017-10-29,10799.12925,8495.139658480444,-55295.75019646934
2017-10-30,11663.8245,10200.345758854346,-35123.48978749571
2017-10-31,12885.43475,11172.803342333937,-41103.15378398553
2017-11-01,13096.867375,12872.53084744577,-5384.0766613015
2017-11-02,12697.859416666666,10677.740948081286,-48482.84324604913
2017-11-03,12825.556041666665,9116.854139971305,-89008.84564068864
2017-11-04,11752.258541666668,9690.029766917662,-49493.49059397615
2017-11-05,11549.052666666668,8479.219868225891,-73675.98716257865
2017-11-06,12582.547041666669,9288.69065278328,-79052.55333320133
2017-11-07,13527.36525,9348.212024885583,-100299.67740274603
2017-11-08,13029.193,9446.114804913497,-85993.87668207605
2017-11-09,13361.574,9582.763376838626,-90691.45495587299
2017-11-10,12708.808708333332,9731.95980077342,-71444.37378143788
2017-11-11,11718.916458333331,9214.165170308343,-60114.03091259973
2017-11-12,11196.359625,8318.009158008601,-69080.41120779356
2017-11-13,12418.106291666663,8873.99158425166,-85058.75297796007
2017-11-14,12775.098291666667,9867.334197890257,-69786.33825063384
2017-11-15,11751.349,8568.372229189106,-76391.44249946145
2017-11-16,12439.917333333333,8986.860176754832,-82873.37175788403
2017-11-17,11724.871166666666,9660.265741585634,-49550.53020194477
2017-11-18,11612.996333333334,8739.714830451843,-68958.75606915579
2017-11-19,11153.510625,8379.964402032645,-66565.10935121654
2017-11-20,11378.175666666668,8551.192452132389,-67847.5971488227
2017-11-21,11358.924875,9298.44167010672,-49451.59691743873
2017-11-22,11487.795041666666,9959.224095519632,-36685.70270752882
2017-11-23,11658.553125,10145.073489747389,-36323.511246062684
2017-11-24,11706.670833333332,10524.885909352382,-28362.838175542784
2017-11-25,11523.945083333332,10164.46118357905,-32627.61359410279
2017-11-26,11193.009666666669,9911.232883553857,-30762.64279470747
2017-11-27,12779.889375,10316.512303479525,-59121.04971649141
2017-11-28,13273.972500000002,13057.841653509819,-5187.1403157643945
2017-11-29,13159.22475,13946.316250000002,18890.196000000054
2017-11-30,12378.455583333334,13946.316250000002,37628.65600000002
2017-12-01,12399.319583333332,13946.316250000002,37127.92000000007
2017-12-02,11597.258041666668,12798.542073445484,28830.816762691582
2017-12-03,11195.673083333331,11224.226832259863,685.289974236759
2017-12-04,12704.010375,11547.432506810273,-27757.868836553433
2017-12-05,13252.195458333334,13946.316250000002,16658.899000000034
2017-12-06,13384.15025,13946.316250000002,13491.984000000026
2017-12-07,12929.360833333332,13946.316250000002,24406.930000000066
2017-12-08,12495.537041666665,13946.316250000002,34818.70100000009
2017-12-09,11923.971625,13946.316250000002,48536.27100000004
2017-12-10,11502.465541666666,13946.316250000002,58652.417000000045
2017-12-11,12612.374291666669,13946.316250000002,32014.60699999999
2017-12-12,12562.1675,13946.316250000002,33219.57000000005
2017-12-13,12497.022625,13946.316250000002,34783.04700000005
2017-12-14,12855.464458333334,13946.316250000002,26180.44300000003
2017-12-15,12615.407208333332,13946.316250000002,31941.81700000007
2017-12-16,11595.929875,13106.20123001183,36246.51252028391
2017-12-17,11578.881416666663,11410.974213081405,-4029.7728860462084
2017-12-18,12537.749125,12674.179953633527,3274.3398872046528
2017-12-19,12815.289583333331,12787.120080486087,-676.0680683338578
2017-12-20,13051.549958333337,12964.8667458447,-2080.3970997272845
2017-12-21,12869.563208333331,12227.772006102241,-15402.988853546165
2017-12-22,12724.442875,12024.354271025557,-16802.12649538665
2017-12-23,12019.118,12138.780754354222,2871.9061045013223
2017-12-24,11450.277166666669,9849.773281213573,-38412.0932508743
2017-12-25,9663.817875,9364.232655968906,-7190.0452567462635
2017-12-26,12168.842,10257.063220664753,-45882.690704045934
2017-12-27,12995.739,10458.744138136433,-60887.87668472559
2017-12-28,13291.812708333331,12192.604332277013,-26381.001025351638
2017-12-29,13262.335791666666,12383.50617618631,-21091.910771528535
2017-12-30,12591.764875,11465.625472355068,-27027.34566347838
2017-12-31,12031.02675,10430.371824911957,-38415.71820211304
2018-01-01,11469.316291666668,10198.187075199989,-30507.101195200303
2018-01-02,12945.944166666666,11108.842572467685,-44090.43826077554
2018-01-03,12990.172874999998,13521.534737425405,12752.684698209763
2018-01-04,12925.143458333334,13946.316250000002,24508.147000000026
2018-01-05,13300.671791666668,13946.316250000002,15495.467000000019
2018-01-06,13105.178333333335,12970.696138401421,-3227.572678365934
2018-01-07,11984.309041666667,10848.597327099174,-27257.08114961983
2018-01-08,13247.637916666668,10645.923785109902,-62441.139157362384
2018-01-09,13288.217375,11877.37499877557,-33860.217029386346
2018-01-10,13593.731333333337,13946.316250000002,8462.037999999957
2018-01-11,13588.616875,13946.316250000002,8584.785000000047
2018-01-12,13459.611958333331,13946.316250000002,11680.903000000093
2018-01-13,12954.952333333336,13946.316250000002,23792.733999999968
2018-01-14,12499.213416666666,13946.316250000002,34730.468000000066
2018-01-15,13111.086625000002,13946.316250000002,20045.511
2018-01-16,13018.88875,13946.316250000002,22258.26000000004
2018-01-17,13068.766458333334,13946.316250000002,21061.195000000036
2018-01-18,13028.485083333331,13946.316250000002,22027.94800000009
2018-01-19,12808.024,13946.316250000002,27319.014000000054
2018-01-20,12102.829458333334,13946.316250000002,44243.683000000034
2018-01-21,11450.863416666669,13946.316250000002,59890.86799999999
2018-01-22,12099.379125,13946.316250000002,44326.49100000005
2018-01-23,12320.973,13946.316250000002,39008.23800000004
2018-01-24,12270.127625,13946.316250000002,40228.52700000006
2018-01-25,11969.612958333331,13946.316250000002,47440.87900000009
2018-01-26,12510.296875,13946.316250000002,34464.46500000004
2018-01-27,12872.862458333337,13946.316250000002,25762.89099999996
2018-01-28,11720.8955,13514.03037521665,43035.23700519957
2018-01-29,12634.203416666664,13788.845141529897,27711.4013967176
2018-01-30,13097.104708333332,13946.316250000002,20381.077000000063
2018-01-31,13056.854666666666,13946.316250000002,21347.078000000052
2018-02-01,12804.1705,13946.316250000002,27411.498000000036
2018-02-02,13023.131375,13556.232194026192,12794.419656628583
2018-02-03,12695.206583333333,11756.758798647737,-22522.746832454286
2018-02-04,12620.360208333334,10610.523563022469,-48236.07948746075
2018-02-05,12942.780208333332,11179.218478681669,-42325.48151163991
2018-02-06,12619.887166666667,12178.420265356788,-10595.2056314371
2018-02-07,13139.977208333332,11663.463365845982,-35436.332219696385
2018-02-08,13286.960833333333,11737.92846459434,-37176.776849735805
2018-02-09,12518.175375,12135.255923158082,-9190.066844206056
2018-02-10,11933.620666666668,11205.590182474487,-17472.731620612336
2018-02-11,11152.338958333334,9612.684726158943,-36951.70157218538
2018-02-12,11344.448791666668,9353.618744342028,-47779.92113579136
2018-02-13,12237.873625,10720.051682796511,-36427.72661288374
2018-02-14,12723.772333333334,11448.389518950866,-30609.187545179244
2018-02-15,12819.711,10846.813175291809,-47349.54779299657
2018-02-16,12498.63925,12476.32576220396,-535.5237071049633
2018-02-17,12636.699666666667,12189.247184596685,-10738.859569679582
2018-02-18,11992.588458333334,11235.428298300692,-18171.84384078339
2018-02-19,12604.216833333334,11332.560878963686,-30519.742904871542
2018-02-20,12807.883958333334,12587.215682358634,-5296.0386233928
2018-02-21,13210.150583333334,13231.483875396987,511.9990095276735
2018-02-22,13056.102250000002,13298.830832952755,5825.485990866087
2018-02-23,12776.44625,12988.655936075937,5093.032465822456
2018-02-24,12160.337291666665,12381.487006781339,5307.593162752179
2018-02-25,12033.792375,11163.974945800874,-20875.618300779053
2018-02-26,13104.989916666667,10676.28016709792,-58289.03398964992
2018-02-27,13285.846375,12476.760089590625,-19418.070849824973
2018-02-28,12988.394375000002,13240.165863900023,6042.515733600521
2018-03-01,13185.57275,13919.697259813445,17618.988235522702
2018-03-02,13105.589083333332,13946.316250000002,20177.452000000063
2018-03-03,12889.513166666666,13946.316250000002,25363.274000000063
2018-03-04,12551.241041666666,12615.78184754397,1548.9793410553102
2018-03-05,13066.058625,13591.118721441175,12601.442314588203
2018-03-06,13210.734333333334,13617.899584711604,9771.966033078483
2018-03-07,13349.434916666669,13015.78799572392,-8007.526102625969
2018-03-08,13675.074916666666,13070.850452292778,-14501.387144973327
2018-03-09,13644.993916666666,12548.58317495295,-26313.857801129197
2018-03-10,13848.071416666666,11145.707410912764,-64856.736138093635
2018-03-11,12915.989833333331,10326.594984815823,-62145.47636442019
2018-03-12,13646.933541666664,10429.537772571006,-77217.49845829578
2018-03-13,13935.643375,11786.165193960696,-51587.47634494328
2018-03-14,13892.782291666668,11955.975430971646,-46483.364656680526
2018-03-15,13093.726583333337,12863.231736117794,-5531.87633317303
2018-03-16,13946.316250000002,12641.14660036326,-31324.071591281812
2018-03-17,13892.152541666668,12126.773888940224,-42369.08766543465
2018-03-18,12932.902083333334,11013.136951536977,-46074.363163112575
2018-03-19,13566.576958333331,11620.143702108824,-46714.39814938817
2018-03-20,13870.818958333335,12066.741629292792,-43297.85589697304
2018-03-21,13632.610875,11551.337539224107,-49950.56005862144
2018-03-22,13531.312083333332,11054.978887673846,-59431.99669582768
2018-03-23,13670.539083333337,10846.073233996085,-67787.18038409404
2018-03-24,12888.806458333333,11223.864674172492,-39958.602819860185
2018-03-25,12281.441583333331,9982.699297818119,-55169.8148523651
2018-03-26,12967.671291666666,10282.1021101123,-64453.66035730476
2018-03-27,13043.835166666666,11117.281806285038,-46237.28064915906
2018-03-28,13215.821041666668,10486.996725467276,-65491.783588785416
2018-03-29,13322.69425,10650.319376099762,-64136.996973605725
2018-03-30,10715.769458333334,9807.764019530005,-21792.13053127991
2018-03-31,11379.531166666668,9462.986611520362,-45997.06932351133
2018-04-01,10992.191333333334,9344.19566174892,-39551.89611802595
2018-04-02,12364.682291666666,9898.740291692036,-59182.60799939111
2018-04-03,13124.766458333334,10649.183980811591,-59413.97946052182
2018-04-04,13118.022375,10392.887468915134,-65403.237746036786
2018-04-05,12901.35525,11035.590366344935,-44778.357207721565
2018-04-06,12756.603333333333,11527.187211754886,-29505.986917882707
2018-04-07,12475.233041666666,10803.037782481493,-40132.68622044416
2018-04-08,11735.842125,9942.352084933895,-43043.76096158651
2018-04-09,12840.685083333332,9658.641864782967,-76369.03724520876
2018-04-10,12557.018666666663,9730.390450416744,-67839.07718999806
2018-04-11,12478.392875,10682.920866188164,-43091.328211484055
2018-04-12,12993.311625,10452.60169507029,-60977.03831831303
2018-04-13,12965.599208333331,10939.889856444075,-48617.02444534215
2018-04-14,11906.212708333333,10065.669342847319,-44173.040771664324
2018-04-15,10865.961208333332,9361.514414538058,-36106.72305108658
2018-04-16,10771.756166666666,8877.779701222244,-45455.43517066614
2018-04-17,11245.991333333332,9145.846047479476,-50403.48686049254
2018-04-18,11210.737416666663,9738.174533881582,-35341.509186841955
2018-04-19,11472.165416666665,10161.84666589071,-31447.65001862294
2018-04-20,10766.184458333331,10594.875751455598,-4111.408965065595
2018-04-21,10100.854333333333,10359.307005071414,6202.864121713952
2018-04-22,11000.026458333334,9387.473866440181,-38701.26220543566
2018-04-23,11384.012166666667,9206.781733383934,-52253.5303987856
2018-04-24,11272.682166666666,9926.524114333977,-32307.79325598452
2018-04-25,10860.933875,11313.917455400311,10871.605929607453
2018-04-26,10984.199291666666,10437.230801477239,-13127.243764546249
2018-04-27,10881.942083333332,9677.903716268713,-28896.92080955085
2018-04-28,10828.595958333332,9451.962953595988,-33039.192113696234
2018-04-29,10475.702875,8960.458302685278,-36365.86973555335
2018-04-30,10268.55025,9300.829643971778,-23225.294544677337
2018-05-01,10076.985166666667,9340.012109346208,-17687.353375691033
2018-05-02,11370.744541666669,9991.06698262236,-33112.261417063404
2018-05-03,10965.699166666664,10436.088682399288,-12710.65162241702
2018-05-04,10311.522416666669,10077.010558307413,-5628.284600622137
2018-05-05,9882.433125,9886.510123761815,97.84797028356115
2018-05-06,9396.135333333334,9237.77166978659,-3800.727925121828
2018-05-07,9971.831416666666,9446.135619953808,-12616.699121108599
2018-05-08,9584.263,9584.19884068938,-1.539823454906582
2018-05-09,9949.83275,9856.29169776087,-2244.985253739127
2018-05-10,9481.869791666666,10101.8264596161,14878.960030786431
2018-05-11,9056.963125,9623.04542050443,13585.97509210631
2018-05-12,8764.533708333334,9331.21198023851,13600.278525724207
2018-05-13,8165.18875,9082.150008894276,22007.07021346261
2018-05-14,8585.580791666667,9232.071912920748,15515.786910097944
2018-05-15,9606.044041666666,9519.050466056593,-2087.8458146417543
2018-05-16,10115.452,9551.429990607263,-13536.528225425674
2018-05-17,11003.89925,9603.108896531035,-33618.96848325516
2018-05-18,10941.531625,9821.319726954192,-26885.085553099372
2018-05-19,9981.883125,9373.928140827988,-14590.919620128305
2018-05-20,9610.434166666666,8749.999240833937,-20650.438219985503
2018-05-21,9696.929458333334,8874.693642451224,-19733.659581170636
2018-05-22,9428.178375,8911.635950813077,-12397.018180486135
2018-05-23,9698.884875,8973.15216949854,-17417.584932035024
2018-05-24,9613.849583333333,9011.110020157297,-14465.749516224852
2018-05-25,9358.615125,9097.140062575829,-6275.401498180116
2018-05-26,9096.304375,9200.818075497733,2508.3288119455974
2018-05-27,9053.9035,8658.59460835153,-9487.413399563287
2018-05-28,9262.437333333331,8716.960111832417,-13091.453316021943
2018-05-29,8720.722541666668,8786.622580747937,1581.600937950454
2018-05-30,8327.37475,8675.43544458345,8353.456670002794
2018-05-31,8935.810083333334,8623.305944486574,-7500.099332322236
2018-06-01,9341.681208333332,9056.160005670346,-6852.508863911644
2018-06-02,9271.711083333334,9302.95684001597,749.8981603832653
2018-06-03,8540.113875000001,8863.584773514996,7763.301564359892
2018-06-04,8918.809666666666,9181.221025516646,6297.872612399529
2018-06-05,8715.325916666667,9206.776633858051,11794.817212593232
2018-06-06,8941.83825,9236.01266126657,7060.185870397661
2018-06-07,9041.065166666667,9143.263871949242,2452.768926781806
2018-06-08,9456.04675,9265.104411596141,-4582.6161216925975
2018-06-09,9647.022375,9129.202997793574,-12427.665052954224
2018-06-10,9304.349458333332,8803.00700447196,-12032.218892672943
2018-06-11,9081.768541666666,8913.768273427166,-4032.0064377480157
2018-06-12,9531.05875,8667.248109292994,-20731.45537696815
2018-06-13,9749.94975,8589.577815636934,-27848.926424713572
2018-06-14,9436.847208333334,8888.966568993223,-13149.135344162685
2018-06-15,9304.049958333331,9054.96178713346,-5978.116108796923
2018-06-16,8532.399708333332,9002.189754869825,11274.961116875827
2018-06-17,8536.860416666666,9067.733117126703,12740.944811040885
2018-06-18,8896.37475,9326.798391188522,10330.16738852451
2018-06-19,8913.051166666666,8728.623113312382,-4426.273280502821
2018-06-20,8690.314625,8816.005028006753,3016.5696721620625
2018-06-21,8540.910208333333,9018.029879004644,11450.87209611146
2018-06-22,8490.451083333333,9369.950405096803,21107.98372232326
2018-06-23,9186.338375,9045.459291391944,-3381.0980065933254
2018-06-24,8675.465624999999,8877.4286779037,4847.113269688809
2018-06-25,9012.072375,9096.240673903678,2020.0391736882739
2018-06-26,9803.244541666669,9174.847446251759,-15081.530289957838
2018-06-27,9481.808375,9257.581088203613,-5381.4548831133
2018-06-28,9375.836583333334,9432.736924846984,1365.6081963276083
2018-06-29,9558.356458333334,9285.233166324182,-6554.959008219637
2018-06-30,8655.028416666666,9867.313607941504,29094.844590596098
2018-07-01,8113.524375,10067.611734804561,46898.09663530946
2018-07-02,8947.179541666666,9378.936599080702,10362.16937793685
2018-07-03,9306.089458333334,9162.6527042007,-3442.4820991832094
2018-07-04,9448.448291666666,9113.094515914654,-8048.490618048279
2018-07-05,9455.953666666666,9131.544702062445,-7785.815150501308
2018-07-06,9229.09575,9116.289416361953,-2707.3520073131367
2018-07-07,8196.151541666666,9227.431235050288,24750.71264120692
2018-07-08,8014.485291666667,8957.750807944883,22638.3723906772
2018-07-09,8815.762208333334,9162.52717410409,8322.359178498169
2018-07-10,8890.875916666666,9090.518781003779,4791.4287440907065
2018-07-11,8755.334166666666,8832.398838873434,1849.5521329624462
2018-07-12,8411.403791666666,8670.37714606379,6215.360505531004
2018-07-13,8476.075166666667,8616.256978405205,3364.3634817248967
2018-07-14,8103.487333333333,8607.038791799343,12085.23500318425
2018-07-15,7635.082791666667,8321.469606429342,16473.28355430421
2018-07-16,8425.531041666667,8379.645118513718,-1101.262155670789
2018-07-17,8202.856416666667,8600.75534946423,9549.574387141518
2018-07-18,8217.070208333333,8596.149065517735,9097.892572425655
2018-07-19,8325.093166666667,8610.618143657352,6852.599447776418
2018-07-20,7975.624041666667,8671.399346515278,16698.607316366666
2018-07-21,7615.118875,8754.113801967378,27335.87824721707
2018-07-22,8211.566375,8385.054196630012,4163.70771912027
2018-07-23,8931.3955,8493.903538798875,-10499.807068827009
2018-07-24,7993.744083333334,8902.441779865643,21808.74471677542
2018-07-25,7820.879416666667,9098.008287647199,30651.09290353277
2018-07-26,7898.347083333333,9280.200363267642,33164.47871842342
2018-07-27,8104.139625,9978.429946356706,44982.967712560945
2018-07-28,8131.632458333333,9603.15543212576,35316.55137101828
2018-07-29,8316.991833333333,8923.155673293515,14547.932159044358
2018-07-30,9530.342166666667,8382.020105473912,-27559.72946862613
2018-07-31,11144.143000000002,8481.921944203423,-63893.3053391179
2018-08-01,11641.419958333332,13946.316250000002,55317.51100000007
2018-08-02,10551.574458333334,13946.316250000002,81473.80300000001
2018-08-03,9539.8435,12923.078698103523,81197.64475448454
2018-08-04,9050.025666666666,12390.018304782607,80159.82331478257
2018-08-05,8535.223583333334,11006.573194958686,59312.390679008444
2018-08-06,9675.973,10872.73467496407,28722.280199137662
2018-08-07,9563.81675,10969.226112100921,33729.824690422116
2018-08-08,9555.477375,11116.427116582512,37462.79379798028
2018-08-09,9897.41925,12203.204719783595,55338.85127480625
2018-08-10,9483.860625,11711.075850787853,53453.16541890848
2018-08-11,10077.080083333332,11438.310966018325,32669.541184439833
2018-08-12,9733.653791666666,10337.810212797616,14499.754107142813
2018-08-13,10694.531958333331,9841.30873689324,-20477.357314562207
2018-08-14,10870.374708333333,10430.528562225849,-10556.307506579615
2018-08-15,11179.393625,10617.884973293247,-13476.207640962093
2018-08-16,11432.823708333332,11149.060330996814,-6810.321056076427
2018-08-17,10778.066,11008.949019142787,5541.192459426864
2018-08-18,9854.171708333331,10324.12029357992,11278.766045918106
2018-08-19,9813.929041666666,9144.31992580459,-16070.618780689838
2018-08-20,10516.315791666666,9826.787905391026,-16548.66927061537
2018-08-21,9843.918125,10583.18200325382,17742.333078091673
2018-08-22,9800.206541666666,11106.705017269314,31355.96341446355
2018-08-23,10225.363333333333,10782.604153285072,13373.779678841747
2018-08-24,9773.383125,10265.807919446393,11818.195066713437
2018-08-26,9083.924125,8942.248382364513,-3400.217823251689
2018-08-27,9579.050791666668,9161.30962270745,-10025.788055021258
2018-08-28,9536.944416666667,9800.118778115891,6316.184674781383
2018-08-29,9916.592041666669,9918.50454083695,45.89998008674593
2018-08-30,9905.52675,9997.69647574828,2212.0734179587016
2018-08-31,9550.198666666667,10821.015588578883,30499.606125893173
2018-09-01,8388.417083333334,10460.072419899438,49719.72807758649
2018-09-02,8270.512083333333,9518.448322172786,29950.46973214687
2018-09-03,9364.984958333333,9466.166982263618,2428.3685743268434
2018-09-04,9558.595,9430.708607484434,-3069.2734203735745
2018-09-05,9612.263708333334,9156.580570182676,-10936.395315615795
2018-09-06,9087.203125,8549.515856261361,-12904.494449727325
2018-09-07,8667.20675,8120.794751901121,-13113.887954373073
2018-09-08,8617.019375,7984.467155294331,-15181.253272936054
2018-09-09,8133.596750000001,7702.085453703827,-10356.271111108173
2018-09-10,8639.656666666668,8539.452037420917,-2404.9111018980184
2018-09-11,8155.611541666666,8349.24726862386,4647.257446972646
2018-09-12,7805.581041666667,8115.970729763061,7449.352514313454
2018-09-13,7895.4288333333325,8101.537528785975,4946.608690863424
2018-09-14,7840.638416666666,8301.389158414699,11058.017801952788
2018-09-15,7522.794291666666,8225.480029354469,16864.45770450726
2018-09-16,7209.551833333334,8064.491871092239,20518.56090621373
2018-09-17,8258.405541666667,8094.366475164327,-3936.937596056152
2018-09-18,8049.943458333334,8575.267722607994,12607.78234259184
2018-09-19,8298.194625,9741.26109260058,34633.59522241392
2018-09-20,8180.707208333333,10480.612211675521,55197.720080212515
2018-09-21,8915.501708333333,10514.136598169978,38367.23735607948
2018-09-22,8872.910708333333,10440.510845633216,37622.403295197204
2018-09-23,8382.424875,8654.9517527492,6540.645065980803
2018-09-24,10192.325625,8785.642362739793,-33760.398294244966
2018-09-25,10902.935125,10307.228251200679,-14296.964971183712
2018-09-26,10385.684041666666,11252.623672415335,20806.55113796807
2018-09-27,10186.410375,10959.406328222833,18551.902877347995
2018-09-28,10419.297083333331,10473.585319602687,1302.9176704645506
2018-09-29,10035.502416666666,9603.854724070676,-10359.544622303772
2018-09-30,9215.563416666666,8466.82097798972,-17969.818528246687
2018-10-01,10257.389333333334,8947.606153722374,-31434.79631066305
2018-10-02,11556.173125,9777.85336488945,-42679.674242653186
2018-10-03,10490.171958333334,10674.362682319806,4420.577375675333
2018-10-04,10799.505833333336,11693.907078032731,21465.629872785474
2018-10-05,11416.625999999998,11313.902454900726,-2465.36508238253
2018-10-06,10062.1975,9402.63893993783,-15829.405441492097
2018-10-07,8924.256416666667,8265.74787160699,-15804.205081432228
2018-10-08,10535.199458333334,8850.112030898636,-40442.09825843277
2018-10-09,11979.976833333334,10443.123398589027,-36884.48243386338
2018-10-10,12393.688041666666,10908.932800370472,-35634.12579110866
2018-10-11,12272.871333333334,11414.854173196894,-20592.41184327456
2018-10-12,11602.428458333334,10662.21745026156,-22565.064193722574
2018-10-13,11387.166666666666,9960.926628337842,-34229.76091989178
2018-10-14,11651.50825,8704.117756530559,-70737.3718432666
2018-10-15,12578.446791666667,8721.494470189682,-92566.85571544764
2018-10-16,13119.263875,10059.477976961985,-73434.86155291236
2018-10-17,13121.24875,10352.254474493086,-66455.86261216596
2018-10-18,12147.338666666668,11170.743044936658,-23438.29492152024
2018-10-19,11454.022083333331,11065.904127649712,-9314.83093640687
2018-10-20,11401.088583333332,10976.47773653782,-10190.660323092306
2018-10-21,10660.269666666669,9775.23946155098,-21240.724922776528
2018-10-22,11832.817708333334,9898.622133515088,-46420.69379563791
2018-10-23,12694.170333333332,10426.681250832564,-54419.73798001843
2018-10-24,12481.969125,9797.027208127121,-64438.60600494908
2018-10-25,12981.807166666666,9765.240523381064,-77197.59943885443
2018-10-26,12888.568208333332,11728.801758261958,-27834.394801712988
2018-10-27,12012.981166666666,11234.540368421982,-18682.57915787243
2018-10-28,10006.38025,11001.114443557784,23873.62064538682
2018-10-29,12370.468708333334,10778.424018453385,-38209.07255711878
2018-10-30,13436.108125,10845.163664269805,-62182.6670575247
2018-10-31,13028.713958333334,10731.687070278465,-55128.64531331684
2018-11-01,12977.930958333332,11145.141053226565,-43986.95772256241
2018-11-02,13200.770333333334,11038.97993680757,-51882.96951661835
2018-11-03,13140.272,10731.090626451441,-57820.352965165424
2018-11-04,12858.77504347826,9976.861459869793,-69165.92600660319
2018-11-05,12622.554125,10651.163357421197,-47313.37842189128
2018-11-06,12978.180166666669,10477.820904641365,-60008.622288607294
2018-11-07,12954.543166666668,9935.829839779399,-72449.11984529447
2018-11-08,12794.579791666663,10233.108535650941,-61475.310144377334
2018-11-09,12816.633208333333,10076.474083258998,-65763.81900178404
2018-11-10,13005.706208333337,9433.287917281272,-85738.03898524956
2018-11-11,13129.823666666663,9063.767433020814,-97585.3496075004
2018-11-12,12995.968,9963.20872228978,-72786.22266504528
2018-11-13,12876.062291666669,11045.375204340256,-43936.4900958339
2018-11-14,12895.618291666666,11538.583137906888,-32568.843690234673
2018-11-15,12829.977208333332,10909.187212838315,-46098.95989188041
2018-11-16,13235.943125,9811.637827782575,-82183.32713321819
2018-11-17,13323.122083333334,10132.822434988318,-76567.19156028036
2018-11-18,12193.362541666667,9985.553650740843,-52987.41338221978
2018-11-19,13143.061166666666,10893.73314159368,-53983.87260175166
2018-11-20,12487.249791666669,10735.832062958209,-42034.02548900305
2018-11-21,13495.24075,11013.39590454339,-59564.276290958675
2018-11-22,12558.784291666663,10743.94528910827,-43556.136061401456
2018-11-23,12605.78625,10692.149122687199,-45927.291055507216
2018-11-24,12195.266208333334,10682.760107415896,-36300.14642201853
2018-11-25,12804.921541666668,10208.225073417554,-62320.715237978744
2018-11-26,12434.999458333334,10299.139025987959,-51260.65037628899
2018-11-27,11942.423125,10553.71361756072,-33329.02817854272
2018-11-28,11804.202833333336,10708.858939731148,-26288.253446452523
2018-11-29,12834.680541666668,10494.18245972512,-56171.95396659717
2018-11-30,12801.305166666669,11471.942610855047,-31904.701339478925
2018-12-01,11700.202458333331,10984.52528609039,-17176.25213383061
2018-12-02,10716.144166666669,9851.913649856371,-20741.53240344714
2018-12-03,11584.248375,9374.657248103056,-53030.18704552663
2018-12-04,11642.895708333335,10399.389762083249,-29844.14271000208
2018-12-05,12045.376083333334,10763.407245199583,-30767.252115210023
2018-12-06,11773.878208333334,10865.496298365042,-21801.165839238995
2018-12-07,11297.147833333334,10963.304550003395,-8012.238799918545
2018-12-08,10330.28375,9894.95350663787,-10447.925840691125
2018-12-09,10070.0395,9272.084252523431,-19150.92593943767
2018-12-10,10613.085208333334,9587.162724153157,-24622.139620324248
2018-12-11,10959.972958333334,11201.197840306519,5789.397167356437
2018-12-12,10999.234041666668,11369.439005189506,8884.919124548105
2018-12-13,11860.737583333334,11637.718667968911,-5352.4539687461365
2018-12-14,11784.250875,11534.86531388032,-5985.253466872309
2018-12-15,10635.387833333332,10179.02853381007,-10952.623188558311
2018-12-16,10037.2315,9311.370629631449,-17420.660888845232
2018-12-17,10861.032375,9404.636948392097,-34953.490238589686
2018-12-18,11919.620333333332,11194.373675882114,-17405.919778829237
2018-12-19,12098.431375,11622.485697267583,-11422.696265578023
2018-12-20,11218.500999999998,10360.350605457865,-20595.609469011208
2018-12-21,11644.954875,10523.227350857342,-26921.460579423787
2018-12-22,10865.054916666666,9781.859317581702,-25996.69437803913
2018-12-23,10792.1485,9157.374636013275,-39234.57273568137
2018-12-24,10268.985583333331,8951.895798203286,-31610.154843121083
2018-12-25,9382.833791666666,8989.164117836171,-9448.072171931868
2018-12-26,10304.964916666666,9419.15203302235,-21259.509207463576
2018-12-27,10230.785666666668,9714.569696347455,-12389.18328766113
2018-12-28,10227.7555,9596.742620472847,-15144.30910865165
2018-12-29,9755.114333333331,8937.109841636517,-19632.10780072355
2018-12-30,9216.202208333334,8993.640461484712,-5341.481924366919
2018-12-31,9190.094833333334,8659.448894972453,-12735.50252066116
2019-01-01,9235.3345,8777.392077990273,-10990.618128233473
2019-01-02,9862.100041666668,9148.720582527676,-17121.107019335817
2019-01-03,9091.118583333331,10343.973955691055,30068.528936585382
2019-01-04,8900.310041666666,11502.201295269015,62445.39008645638
2019-01-05,8412.422416666666,10713.041667821686,55214.862027720475
2019-01-06,8602.444416666667,10704.06908665795,50438.99207979078
2019-01-07,8608.241041666666,12346.878030769903,89727.2877384777
2019-01-08,9398.187708333331,12281.434586117877,69197.9250668291
2019-01-09,10106.9955,11576.230413349493,35261.6379203878
2019-01-10,11283.858541666666,11156.570242076461,-3054.919190164932
2019-01-11,11258.558291666666,11346.217399870502,2103.818596892059
2019-01-12,11209.398041666667,10946.801995335923,-6302.305111937851
2019-01-13,10667.852,10365.887144179933,-7247.1565396816295
2019-01-14,11513.238958333332,10822.570827013842,-16576.035151667747
2019-01-15,11576.929791666667,12130.644387738586,13289.150305726056
2019-01-16,12088.136874999998,12576.987342917186,11732.411230012498
2019-01-17,11866.6375,12195.552146822625,7893.951523742988
2019-01-18,11693.179291666667,11391.639477303059,-7236.955544726603
2019-01-19,10806.042375,11444.916240372135,15332.972768931213
2019-01-20,11066.8935,10410.539723895363,-15752.490626511295
2019-01-21,11384.122541666666,10642.190796640432,-17806.3618806296
2019-01-22,12107.347208333333,10819.695213581279,-30903.64787404929
2019-01-23,12313.236333333334,11342.071559636472,-23307.9545687247
2019-01-24,11677.915875,11720.953864222149,1032.9117413315544
2019-01-25,11710.82125,11191.494651692501,-12463.838359379995
2019-01-26,10347.190458333333,10248.194044841519,-2375.9139238035277
2019-01-27,10684.631875,9438.659372246811,-29903.340066076504
2019-01-28,11195.594416666669,10048.207088308007,-27537.295880607882
2019-01-29,10663.75125,10941.430847532883,6664.3103407892195
2019-01-30,10731.970458333331,11335.92448852418,14494.89672458038
2019-01-31,10671.741833333332,11995.153707966625,31761.88499119904
2019-02-01,10814.514666666668,12785.677004964495,47307.896119147845
2019-02-02,9772.132416666667,11601.711847802319,43909.90634725563
2019-02-03,9176.517125,9730.313065036633,13291.102560879182
2019-02-04,10234.904833333334,9953.510372418717,-6753.467061950796
2019-02-05,10297.837416666667,10632.869533287361,8040.770798896658
2019-02-06,10566.470041666666,10150.167599552005,-9991.258610751844
2019-02-07,10172.599958333334,9518.59379036662,-15696.14803120114
2019-02-08,9740.092625,9593.048857236801,-3529.050426316753
2019-02-09,8541.23725,9233.72653785727,16619.74290857448
2019-02-10,8218.508749999999,8874.483843976159,15743.402255427834
2019-02-11,9454.223875,9673.017973938047,5251.058374513144
2019-02-12,9494.117666666669,10036.09838056625,13007.537133589969
2019-02-13,8991.871416666667,10137.56630871386,27496.677409132637
2019-02-14,8829.081291666667,9508.554824667714,16307.36479202511
2019-02-15,9028.375458333334,9345.216696892723,7604.189725425342
2019-02-16,8021.900375,9717.260333672017,40688.6390081284
2019-02-17,7757.269458333333,8821.702094051157,25546.383257227782
2019-02-18,8671.937375,9422.954083400482,18024.40100161158
2019-02-19,9443.026916666668,9463.246449135699,485.2687792567449
2019-02-20,9575.156458333331,9698.106415605678,2950.79897453633
2019-02-21,9495.262333333334,10478.24485304518,23591.58047308431
2019-02-22,9253.926333333333,10506.728487648232,30067.251703557573
2019-02-23,9851.721291666669,11534.850588185993,40395.10311646378
2019-02-24,9159.333916666666,10705.182479132898,37100.36549918956
2019-02-25,9757.429041666666,10419.607764531265,15892.289348750375
2019-02-26,9880.616666666669,10659.27474175034,18687.793802008106
2019-02-27,10115.212958333334,9829.336161500676,-6861.043123983778
2019-02-28,9957.3495,9325.02633924047,-15175.755858228717
2019-03-01,9867.43775,9973.70373946048,2550.383747051528
2019-03-02,9203.179458333334,9625.06966126059,10125.36487025414
2019-03-03,8493.101291666668,8582.362517297917,2142.269415149989
2019-03-04,8375.20075,8769.702693138384,9468.046635321225
2019-03-05,9567.749666666668,9147.83199984136,-10078.024003807383
2019-03-06,9875.116458333334,9822.498914467446,-1262.8210527813208
2019-03-07,10548.366,10405.982174446504,-3417.211813283895
2019-03-08,11249.430583333333,11616.605920763188,8812.208098316522
2019-03-09,10045.6595,10891.037152857785,20289.063668586852
2019-03-10,9376.484041666668,9743.841424519944,8816.577188478608
2019-03-11,10210.549083333332,9105.245861890822,-26527.277314620223
2019-03-12,10246.226541666669,9195.05228376315,-25228.182189684434
2019-03-13,10611.50875,10216.555642532907,-9478.874579210256
2019-03-14,11281.509166666665,10385.275128467922,-21509.61691676984
2019-03-15,10922.432125,10498.612053493433,-10171.681716157604
2019-03-16,10054.87425,9812.822370434467,-5809.245109572803
2019-03-17,9217.321166666668,9212.478672929996,-116.21984968014294
2019-03-18,10869.279458333333,9322.29537148694,-37127.61808431342
2019-03-19,10924.189666666667,10913.59899076949,-254.17622153226694
2019-03-20,10947.247666666668,11645.71777609643,16763.282626314278
2019-03-21,10317.657625,10532.104067313385,5146.7146155212395
2019-03-22,9276.654583333331,9622.532771572249,8301.076517734022
2019-03-23,8466.550291666666,9084.911937960289,14840.67951104694
2019-03-24,8760.671041666666,8638.032910062691,-2943.315158495403
2019-03-25,9438.750833333334,9130.729427545746,-7392.5137389020965
2019-03-26,10772.46925,10144.15566802262,-15079.525967457113
2019-03-27,10836.695833333331,9811.47787374372,-24605.231030150695
2019-03-28,10213.234583333331,9300.068456606597,-21915.987041441607
2019-03-29,9998.397458333333,9336.229683582274,-15892.026594025403
2019-03-30,9407.886666666667,8947.386220718134,-11052.010702764805
2019-03-31,8772.684791666667,8550.914638471617,-5322.483676681193
2019-04-01,9761.998291666669,9592.432100813516,-4069.588580475669
2019-04-02,10231.390166666666,10288.108809167921,1361.2474200301222
2019-04-03,10251.277291666667,10598.638700336662,8336.673808079868
2019-04-04,10880.072666666669,10878.353600239596,-41.25759424974967
2019-04-05,10758.328958333334,10801.506719095765,1036.2662582983612
2019-04-06,9968.761208333332,9858.765706202299,-2639.8920511447795
2019-04-07,9742.679916666666,8872.40375699226,-20886.62783218574
2019-04-08,10613.4455,9298.108160278412,-31568.096153318096
2019-04-09,10230.868666666667,8967.674767797147,-30316.653572868483
2019-04-10,10437.962375,8959.924377375668,-35472.91194298395
2019-04-11,10709.828041666666,9379.905083784415,-31918.150989174013
2019-04-12,10064.02775,9078.289697492466,-23657.713260180797
2019-04-13,9355.40275,9445.174056832497,2154.5113639799383
2019-04-14,9569.317791666666,8600.682168143912,-23247.254964546097
2019-04-15,10294.05475,8879.126478712464,-33958.278510900855
2019-04-16,10157.302125,9912.17778592366,-5882.9841378321435
2019-04-17,9595.109916666666,9949.401597637763,8503.000343306325
2019-04-18,9040.702791666668,9503.908150058192,11116.928601396576
2019-04-19,8369.273083333333,8598.591136788888,5503.633282933297
2019-04-20,7627.350541666667,8378.682677480738,18031.971259537706
2019-04-21,7713.35925,8464.757864334513,18033.566744028307
2019-04-22,8617.135124999999,8838.205619756081,5305.691874145981
2019-04-23,8917.540208333334,9006.116010141453,2125.8192433948716
2019-04-24,9687.978583333334,8860.891517898963,-19850.089570424898
2019-04-25,9668.352833333332,8675.786589036088,-23821.589863133864
2019-04-26,8898.963875,9548.2816950236,15583.627680566395
2019-04-27,8434.743833333332,9759.840429252356,31802.318302056563
2019-04-28,7786.03975,8889.034620429706,26471.87689031294
2019-04-29,8449.592666666666,9380.784583779752,22348.60601071408
2019-04-30,8069.818,9640.488170979637,37696.08410351129
2019-05-01,7833.127083333334,9130.692671068464,31141.57410564312
2019-05-02,8189.261125,9525.657019801212,32073.501475229095
2019-05-03,8681.898,10389.278980309708,40977.143527433
2019-05-04,8814.718708333334,9655.238319360975,20172.470664663386
2019-05-05,8087.28775,8778.98041349366,16600.623923847837
2019-05-06,8979.791666666666,8587.628637217329,-9411.91270678409
2019-05-07,9450.139208333332,8685.834727613263,-18343.307537281667
2019-05-08,9364.082,9364.685766856099,14.490404546362697
2019-05-09,8474.112916666667,9191.223786588025,17210.660878112598
2019-05-10,8022.411041666666,9176.195370001013,27690.823880024313
2019-05-11,7289.114708333333,9354.259638876141,49563.47833302741
2019-05-12,6915.537958333333,8629.097046870567,41125.418124893615
2019-05-13,7853.343791666666,8531.306191034397,16271.097584825533
2019-05-14,8627.693208333332,8856.143570658274,5482.808695798609
2019-05-15,8734.931958333333,8719.643972281745,-366.91166523810534
2019-05-16,8160.593208333333,8388.255969826849,5463.906275844383
2019-05-17,8037.840916666667,8337.409446935248,7189.644726445935
2019-05-18,7139.618166666667,8355.930606158852,29191.498547812444
2019-05-19,6419.825833333333,8341.655087268275,46123.90209443859
2019-05-20,7033.840416666667,8384.719567794382,32421.09962706516
2019-05-21,8254.429083333334,8313.059454605545,1407.1289105330652
2019-05-22,8707.507458333333,8340.070667638322,-8818.482976680287
2019-05-23,9155.262125,8341.508541132944,-19530.086012809334
2019-05-24,7905.553708333333,8286.366489442498,9139.506746619969
2019-05-25,7141.208541666667,8340.11253715602,28773.695891744457
2019-05-26,6309.074041666667,8159.748237375074,44416.180697001764
2019-05-27,7356.213208333334,8050.006348144008,16651.035355456195
2019-05-28,7911.261291666667,8126.97425388199,5177.111093167761
2019-05-29,7837.576708333334,8303.542298082106,11183.174153970525
2019-05-30,8063.868166666667,8365.65299987208,7242.835996929905
2019-05-31,8168.172958333334,8411.990059930402,5851.610438329641
2019-06-01,6541.474458333333,9269.36648797891,65469.40871149385
2019-06-02,6302.337166666667,8611.451320072421,55418.7396817381
2019-06-03,8129.783083333333,8493.076056232036,8719.031349568868
2019-06-04,8449.459083333333,8796.025402606636,8317.591662559265
2019-06-05,7071.458625,8477.947602289414,33755.735454945934
2019-06-06,7053.889875,8326.022698797264,30531.187771134333
2019-06-07,7243.263,8500.12005802115,30164.569392507598
2019-06-08,6772.218250000001,8342.230040983148,37680.28298359553
2019-06-09,6822.1781666666675,8224.634374276404,33658.94898263367
2019-06-10,8206.730791666667,8275.656685771111,1654.2214585066686
2019-06-11,8153.21275,8330.241665896843,4248.693981524244
2019-06-12,8324.635791666666,8462.857378911925,3317.318093886235
2019-06-13,8573.219833333334,8370.512074614518,-4864.986209251583
2019-06-14,8400.0775,8286.800182351944,-2718.6556235533208
2019-06-15,8572.584083333333,8404.491404881683,-4034.224282839612
2019-06-16,7732.022916666666,8307.033187211047,13800.246493065155
2019-06-17,9156.509541666666,8287.238980332386,-20862.493472022732
2019-06-18,8542.129833333334,8322.279739312491,-5276.402256500238
2019-06-19,8829.321458333334,8579.9677080739,-5984.490006226406
2019-06-20,8046.014,8390.155018385207,8259.384441244962
2019-06-21,7286.960166666667,8205.392453425193,22042.374882204625
2019-06-22,7049.122166666667,8245.015412981564,28701.43791155752
2019-06-23,7105.592708333334,8339.898083768509,29623.3290104442
2019-06-24,7824.744624999999,8262.593177943108,10508.365270634618
2019-06-25,8936.069083333334,8197.461547597642,-17726.58085765659
2019-06-26,8694.388041666667,8369.141616153309,-7805.914212320597
2019-06-27,8537.129541666667,8512.543237958613,-590.0712889933056
2019-06-28,8763.512166666667,8726.594475234147,-886.0245943804766
2019-06-29,8439.415125,8411.869455292011,-661.0960729917133
2019-06-30,8169.681541666666,8283.52969565657,2732.3556957577166
2019-07-01,8654.828875000001,8246.759305088459,-9793.669677877013
2019-07-02,8701.031916666667,8267.842243837918,-10396.55214788996
2019-07-03,9254.431541666669,9026.708056567915,-5465.363642370081
2019-07-04,8768.314791666666,8719.948037452614,-1160.8021011372475
2019-07-05,8487.814791666666,8491.279957014347,83.16396834435
2019-07-06,7601.054499999999,8426.742789875792,19816.518957019034
2019-07-07,7178.803541666667,8413.978525578095,29644.199613874276
2019-07-08,7748.740875,8213.75762931502,11160.40210356046
2019-07-09,7590.870208333334,8449.156650572157,20598.87461373175
2019-07-10,7855.333750000001,8419.688121349836,13544.504912396056
2019-07-11,7917.838625,8449.612154809554,12762.564715429296
2019-07-12,7730.596416666667,8368.006650492682,15297.845611824348
2019-07-13,7261.003583333334,8415.506570467693,27708.071691224606
2019-07-14,7581.442541666666,8610.125301645554,24688.386239493302
2019-07-15,8403.480125,8282.756230702531,-2897.373463139258
2019-07-16,8705.937541666666,8228.679760479657,-11454.18674848821
2019-07-17,9261.809125,8157.381222467166,-26506.26966078802
2019-07-18,9021.813,8191.493577907178,-19927.66613022772
2019-07-19,8510.589291666667,8245.479936242698,-6362.62453017525
2019-07-20,8290.868166666667,8307.791100203933,406.15040489437524
2019-07-21,7775.120041666666,8304.399183209665,12702.699397031982
2019-07-22,8770.771875,8224.655273385451,-13106.798438749174
2019-07-23,9091.757958333334,8617.148005185682,-11390.63887554365
2019-07-24,9660.741333333332,8325.912939394671,-32035.881454527844
2019-07-25,9198.40275,8374.890234368502,-19764.30037515593
2019-07-26,9220.0185,8322.72947664728,-21534.93656046527
2019-07-27,8693.712875,8455.156067291995,-5725.3633849921025
2019-07-28,7905.541249999999,8397.296867725976,11802.13482542344
2019-07-29,8678.394125,8221.940998419974,-10954.875037920647
2019-07-30,8899.321875,8284.97154765078,-14744.40785638125
2019-07-31,9265.197,8461.328628733629,-19292.840910392915
2019-08-01,8327.687333333333,8680.262931004974,8461.814344119382
2019-08-02,8163.290083333333,8755.686319827062,14217.509675849491
2019-08-03,7637.763708333333,8737.009986553481,26381.91067728356
2019-08-04,7403.517333333333,8683.129956359573,30710.702952629756
2019-08-05,7929.8535,8793.698516958044,20732.28040699305
2019-08-06,8043.205916666667,8786.847800273605,17847.40520656651
2019-08-07,8310.741208333333,9217.089092078975,21752.349209895416
2019-08-08,8729.442041666667,9040.461870844458,7464.475900266974
2019-08-09,8823.815291666668,8834.238229221763,250.1505013222777
2019-08-10,8019.615416666667,8887.88695259005,20838.51686216118
2019-08-11,7664.872958333333,8596.772886344026,22365.598272256626
2019-08-12,8373.839916666666,8673.233886384915,7185.455273237967
2019-08-13,8043.653708333334,9611.695816934001,37633.01060641601
2019-08-14,7859.932708333334,9798.264069796502,46519.95267511603
2019-08-15,7790.718875,9175.871401327722,33243.66063186534
2019-08-16,7866.503874999999,9213.214975342751,32321.06640822604
2019-08-17,7735.800291666666,9097.223821158037,32674.164707792894
2019-08-18,6861.75075,8565.537556956686,40890.88336696046
2019-08-19,7431.751416666667,9030.130973224586,38361.109357390065
2019-08-20,7841.304458333333,10100.095558198987,54210.986396775705
2019-08-21,8296.070041666668,9849.593152601055,37284.554662425304
2019-08-22,8214.504708333334,9453.148229809685,29727.444515432435
2019-08-23,7983.1525,9060.743238764508,25862.17773034818
2019-08-24,7742.0095,8826.397961880812,26025.323085139476
2019-08-25,7376.570666666667,8508.845675857146,27174.600220571498
2019-08-26,8360.223916666668,8345.665554568335,-349.4006903599802
2019-08-27,8941.809,8827.897041311859,-2733.887008515376
2019-08-28,8437.852333333334,9079.942751315226,15410.170031565402
2019-08-29,8630.839958333332,8921.060311913978,6965.288485935496
2019-08-30,8696.766291666667,9025.106702794503,7880.1698670680635
2019-08-31,7673.054708333333,8956.541264640267,30803.677351366423
2019-09-01,7362.791958333334,8790.79475513458,34272.067123229914
2019-09-02,8751.979083333334,9476.865275293454,17397.26860704289
2019-09-03,8514.336708333334,10079.861962040843,37572.6060889802
2019-09-04,8704.183708333332,10308.998910493592,38515.56485184624
2019-09-05,8789.004875,10699.679855055288,45856.19952132691
2019-09-06,8992.722125,9726.21392743673,17603.803258481494
2019-09-07,7942.659458333333,8917.28848698322,23391.096687597288
2019-09-08,7456.970666666667,8642.398822275267,28450.275734606395
2019-09-09,8551.131958333333,9355.31150246851,19300.309059244246
2019-09-10,9889.920208333331,10593.22566653919,16879.330996940625
2019-09-11,10451.50275,12079.280875008659,39066.67500020782
2019-09-12,11010.1585,12260.031776400043,29996.95863360104
2019-09-13,10398.590208333331,11315.780398328063,22012.564559873557
2019-09-14,9959.102916666669,10660.419633137302,16831.60119529521
2019-09-15,9723.939916666666,8881.40042370012,-20220.94783119709
2019-09-16,10589.148708333332,9368.049645484061,-29306.377508382502
2019-09-17,11021.925833333333,11158.238901968309,3271.5136472394224
2019-09-18,10568.222291666669,11649.857845575669,25959.253293816
2019-09-19,10129.441333333334,11224.078093324184,26271.282239780398
2019-09-20,10362.53625,10856.757925030524,11861.320200732604
2019-09-21,8798.002541666667,10905.588749178949,50582.068980294775
2019-09-22,8047.010041666667,9714.672836848202,40023.907084356826
2019-09-23,8280.544625,8877.166689244834,14318.929541876001
2019-09-24,8593.080458333332,9126.599318124137,12804.45263497933
2019-09-25,8649.8335,9128.690437271918,11492.566494526021
2019-09-26,8785.758458333334,9543.09479658572,18176.07211805726
2019-09-27,9022.149833333331,11024.608858350843,48059.01660042028
2019-09-28,8473.590875,10791.32331640153,55625.5785936367
2019-09-29,8117.323375,10067.294749925355,46799.31299820852
2019-09-30,8830.996625,10721.931835092892,45382.4450422294
2019-10-01,9444.311958333334,10900.253145805273,34942.588499326535
2019-10-02,10012.235541666669,10973.786644304892,23077.226463317347
2019-10-03,10500.897041666669,10573.749497952289,1748.4589508548816
2019-10-04,10474.436583333334,10378.83557080929,-2294.4243005770695
2019-10-05,10163.178041666666,9906.548607017125,-6159.106431588996
2019-10-06,9323.3215,8488.268787039837,-20041.26511104392
2019-10-07,9864.637166666666,8673.91518608841,-28577.327533878124
2019-10-08,9398.512291666666,8902.158850610009,-11912.482585359772
2019-10-09,9091.779583333331,8608.658040423614,-11594.917029833217
2019-10-10,7598.477625,8830.999583855446,29580.527012530692
2019-10-11,7267.477333333333,9684.561588886445,58010.02213327468
2019-10-12,7754.81175,9866.99998634369,50692.517672248556
2019-10-13,8207.34675,8797.105153059454,14154.201673426884
2019-10-14,8566.375333333333,9478.387270363542,21888.286488725018
2019-10-15,8438.182208333334,10727.992738760531,54955.45273025274
2019-10-16,9303.9285,10251.579399261189,22743.621582268534
2019-10-17,9813.646625,9935.486027411833,2924.1456578840007
2019-10-18,9414.98,10109.56676370974,16670.082329033758
2019-10-19,9149.727791666666,9361.774802407328,5089.128257775883
2019-10-20,9046.544333333331,8346.355688224841,-16804.527482603764
2019-10-21,8843.645041666667,9477.909369498982,15222.343867975578
2019-10-22,8546.859,10558.110494472365,48270.035867336745
2019-10-23,9388.392166666668,10653.594385863884,30364.853260733173
2019-10-24,9908.392708333333,10086.933253913412,4284.973093921901
2019-10-25,10148.168666666666,9357.025058177744,-18987.446603734148
2019-10-26,9113.978458333331,8997.865598389024,-2786.7086386633746
2019-10-27,8488.450083333333,8506.49389673868,433.05152172833914
2019-10-28,9439.202541666667,8821.26193270004,-14830.574615199075
2019-10-29,8203.398958333333,9018.150513674842,19554.03732819621
2019-10-30,7660.678916666667,9808.289707365779,51542.658976778686
2019-10-31,7908.8795,10478.269994004948,61665.37185611875
2019-11-01,8730.726833333332,10032.884860094711,31251.792642273096
2019-11-02,8527.428291666667,8999.682092015106,11334.09120836253
2019-11-03,8070.239541666667,8897.16581386474,19846.230532753754
2019-11-04,9258.978875,9068.873435849348,-4562.530539615676
2019-11-05,10216.187666666669,10031.329205210983,-4436.603074936458
2019-11-06,10067.933333333332,10085.758096435206,427.79431444495276
2019-11-07,9719.525375,9660.927899908103,-1406.3394022055
2019-11-08,9403.548166666666,9358.25436820868,-1087.0511629916582
2019-11-09,8688.998458333333,9056.683231390814,8824.434553379542
2019-11-10,7558.470958333332,8622.477849327435,25536.165383858468
2019-11-11,8894.644041666666,8376.82576911192,-12427.638541313921
2019-11-12,9682.698708333332,8170.6198027123755,-36289.893734902944
2019-11-13,9504.345625,8209.566993926011,-31074.687145775722
2019-11-14,9101.447125,8239.465365958979,-20687.56221698453
2019-11-15,8517.191958333333,8186.209077720933,-7943.589134697591
2019-11-16,8717.491375,8072.340127940934,-15483.629929417584
2019-11-17,8260.552583333332,8252.868916068,-184.40801436796028
2019-11-18,9066.857583333333,8404.491404881683,-15896.788282839596
2019-11-19,8820.048875,8378.054848913127,-10607.856626084962
2019-11-20,8438.488875000001,8263.705591703325,-4194.798799120224
2019-11-21,8580.788875,8171.07355279284,-9833.167732971844
2019-11-22,8446.330958333334,8775.211500684607,7893.133016430555
2019-11-23,8255.652625,8731.521971420409,11420.864314089791
2019-11-24,8030.951166666667,8216.236578328035,4446.849879872832
2019-11-25,8446.155499999999,8383.673286260604,-1499.5731297454768
2019-11-26,8456.808666666666,8815.12980725753,8599.70737418074
2019-11-27,8099.200208333333,8295.687917969602,4715.705031270474
2019-11-28,8226.137375,8667.384265244276,10589.925365862626
2019-11-29,8302.518666666667,8429.836107164041,3055.6185719369823
2019-11-30,7875.310791666667,8800.14016054568,22195.904853096305
2019-12-01,7574.393208333334,9036.719895781791,35095.84049876297
2019-12-02,7939.491041666667,8848.476948380374,21815.661761128962
2019-12-03,8028.588625,8847.685758934611,19658.331214430655
2019-12-04,8034.56975,8837.25164989871,19264.36559756904
2019-12-05,8301.458333333334,10577.766362626806,54631.392703043326
2019-12-06,8270.110041666667,11259.83388382116,71753.37221170784
2019-12-07,8963.989958333334,11067.704944490932,50489.159667782355
2019-12-08,8130.997958333333,10721.144532579397,62163.51778190554
2019-12-09,7934.455625,9792.713956940563,44598.19996657351
2019-12-10,9330.008208333333,9729.461310931485,9586.874462355656
2019-12-11,9969.843,9691.084043610259,-6690.214953353803
2019-12-12,9993.094458333331,9358.926229378478,-15220.037494916483
2019-12-13,9509.96,9225.797089966894,-6819.909840794513
2019-12-14,8489.226791666666,9365.154638292386,21022.268319017283
2019-12-15,7808.021375,8909.509227523151,26435.708460555616
2019-12-16,9298.41075,9100.774800078441,-4743.262798117386
2019-12-17,10447.7575,10263.52657586136,-4421.542179327342
2019-12-18,11072.7495,11557.793471149482,11641.055307587565
2019-12-19,10733.602666666668,10875.087201406246,3395.6288337498845
2019-12-20,10752.577541666667,10989.009429546986,5674.36530912765
2019-12-21,9484.651166666668,10491.346685516215,24160.69245238912
2019-12-22,9339.138125,9823.446258524695,11623.395204592685
2019-12-23,9298.248041666668,9359.285297669972,1464.8941440793133
2019-12-24,8551.066083333333,10478.037809138174,46247.32141931617
2019-12-25,8396.730875,9888.29889337808,35797.63244107393
2019-12-26,9799.7085,9769.943853494009,-714.3515161437972
2019-12-27,10236.30375,11000.098308339682,18331.069400152395
2019-12-28,10133.593458333336,10843.249525386398,17031.74560927348
2019-12-29,10007.234791666668,10379.757173727954,8940.537169470874
2019-12-30,10378.561583333334,10246.379359153692,-3172.373380311401
2019-12-31,10274.942458333331,11526.000391385538,30025.390393252965
2020-01-01,9773.622583333334,10465.2439832979,16598.913599149586
2020-01-02,10674.430833333334,9667.593796641055,-24164.088880614698
2020-01-03,10489.16025,10089.686762755357,-9587.363693871463
2020-01-04,9744.306541666669,9782.957263844059,927.6173322573595
2020-01-05,9196.620666666668,9195.935163347702,-16.45207965518057
2020-01-06,10284.931,10545.316228898744,6249.245493569848
2020-01-07,11352.52025,11136.825030938306,-5176.685257480654
2020-01-08,12249.042666666666,11021.980223797356,-29449.49862886344
2020-01-09,12437.077958333331,10687.171410246277,-41997.7571540893
2020-01-10,10846.736875,10554.45388784276,-7014.791691773789
2020-01-11,9816.887041666669,11424.004999279245,38570.830982701824
2020-01-12,10250.916875,10786.548492592792,12855.158822226993
2020-01-13,11291.425541666666,10443.840902057229,-20342.03135062648
2020-01-14,11909.117833333332,10500.387818980245,-33809.52034447408
2020-01-15,12188.289833333334,10988.0777001769,-28805.091195754416
2020-01-16,12584.068791666668,12082.638312793151,-12034.331492964411
2020-01-17,10993.77975,11599.112585443057,14527.988050633387
2020-01-18,10324.364083333334,10939.76517221824,14769.626133237747
2020-01-19,9584.959083333331,9525.683118616551,-1422.6231532027305
2020-01-20,11507.736416666668,9246.2056456836,-54276.738503593646
2020-01-21,11299.346083333332,10188.76712454532,-26653.89501091228
2020-01-22,11775.8465,9637.455494536654,-51321.384131120285
2020-01-23,11970.447208333331,9801.97892370032,-52043.238831192255
2020-01-24,11298.427166666666,9706.03149259723,-38217.49617766646
2020-01-25,10282.071333333331,9812.78112588296,-11262.964978808901
2020-01-26,9697.089708333331,8871.109640430355,-19823.52162967142
2020-01-27,10775.010708333331,9478.54327192631,-31115.218473768517
2020-01-28,11224.813333333334,10154.883542456584,-25678.314981041985
2020-01-29,11064.669125,10180.37840326973,-21222.9773215265
2020-01-30,10749.617791666666,9897.90263918793,-20441.16365948964
2020-01-31,10664.403208333331,10253.307431720572,-9866.298638706226
2020-02-01,10659.818791666668,11536.219829429563,21033.624906309473
2020-02-02,10181.483916666666,10575.541573142964,9457.383755431147
2020-02-03,11132.057208333334,9913.08178803328,-29255.410087201293
2020-02-04,11448.54825,10729.24592401696,-17263.255823592976
2020-02-05,11642.154166666667,10341.358516148222,-31219.095612442674
2020-02-06,11553.940875,10522.501429488453,-24754.54669227713
2020-02-07,11162.898083333332,10384.991627481857,-18669.754940435392
2020-02-08,10392.198041666668,10315.477459986181,-1841.2939603316918
2020-02-09,9770.274416666667,10420.826493169507,15613.24983606815
2020-02-10,10037.042666666666,9945.789847252548,-2190.0676659388264
2020-02-11,10501.700541666669,9946.8875920656,-13315.510790425673
2020-02-12,10985.772541666667,9735.242968791068,-30012.70974901438
2020-02-13,10825.432791666666,9563.983827660777,-30274.77513614134
2020-02-14,10903.270791666668,9807.346985038315,-26302.171359080457
2020-02-15,10335.378125,9511.243736486113,-19779.22532433328
2020-02-16,9808.246208333332,9273.294597481512,-12838.838660443682
2020-02-17,11158.736583333332,10042.785001054852,-26782.837974683513
2020-02-18,11440.384958333334,11012.638979887299,-10265.903482704845
2020-02-19,10685.51025,11245.869204896819,13448.614917523664
2020-02-20,10837.248666666666,12029.241851733244,28607.836441597872
2020-02-21,10255.214208333333,12260.327818431557,48122.726642357375
2020-02-22,8939.709416666667,11170.78765554711,53545.87773313065
2020-02-23,9075.926583333334,9781.539643246344,16934.713437912244
2020-02-24,9526.766416666667,9516.53843620829,-245.47153100106516
2020-02-25,9972.279875,9951.422735109994,-500.5713573601388
2020-02-26,10092.083458333333,10559.450178995769,11216.801295898462
2020-02-27,9890.46425,11099.73548756768,29022.50970162428
2020-02-28,9424.931166666667,10788.720670498813,32730.9480919715
2020-02-29,9164.991458333334,10234.181764581248,25660.56734994994
2020-03-01,8830.065625000001,9718.551366602982,21323.65779847154
2020-03-02,9574.782041666667,9417.227271940168,-3781.314473435981
2020-03-03,10355.029875,10539.007999200367,4415.4749808087945
2020-03-04,10272.559625,10574.41413227838,7244.508174681119
2020-03-05,10558.294166666668,10650.736341114105,2218.612186738479
2020-03-06,10046.291791666668,11294.050126647966,29946.200039551142
2020-03-07,9181.034541666666,9817.555364175987,15276.499740223706
2020-03-08,8654.815583333333,9008.513613967778,8488.752735226677
2020-03-09,9631.227875,9058.650410776758,-13741.859141357825
2020-03-10,10134.333875,10193.986625431739,1431.6660103617178
2020-03-11,10579.000458333334,11104.110084478221,12602.631027477299
2020-03-12,10336.503833333334,10841.039968734625,12108.867249630988
2020-03-13,10319.303458333334,10214.118267422657,-2524.4445818562526
2020-03-14,9671.474666666669,9589.422052369493,-1969.262743132218
2020-03-15,9442.976125,8782.30346476821,-15856.143845562925
2020-03-16,9968.944708333334,9844.036088986768,-2997.806864317594
2020-03-17,9781.671916666666,10578.647194977142,19127.406679451422
2020-03-18,9408.031041666669,10750.39340450078,32216.696708018688
2020-03-19,9658.729083333334,10477.588716698927,19652.631200774238
2020-03-20,9357.080916666668,10718.412104631407,32671.948511153736
2020-03-21,8118.383041666667,9702.673580505649,38022.97293213556
2020-03-22,7523.055541666666,8836.544358878473,31523.73161308337
2020-03-23,8002.510625,8721.850748692732,17264.16296862557
2020-03-24,8140.773541666667,9192.111817549283,25232.118621182773
2020-03-25,7888.276375,9312.715535312676,34186.539847504224
2020-03-26,7569.964208333334,9214.415782840844,39466.83778818025
2020-03-27,7585.785041666667,8612.431380568107,24639.512133634555
2020-03-28,7283.342958333334,8582.571808591376,31181.492406193014
2020-03-29,7401.179,8651.308929321904,30003.118303725685
2020-03-30,8038.164208333333,9014.491540447365,23431.855970736775
2020-03-31,7813.600583333333,9155.535411034012,32206.435864816303
2020-04-01,8091.487291666667,8783.629710624356,16611.41805498454
2020-04-02,7709.042125,8740.092095517437,24745.19929241849
2020-04-03,7393.453791666667,8645.774380338393,30055.694128121424
2020-04-04,6853.056791666667,8475.795315332549,38945.72456798117
2020-04-05,6264.823208333334,8667.421119493109,57662.349867834586
2020-04-06,7028.3980833333335,8987.27382603672,47013.01782488129
2020-04-07,6354.623666666666,9113.523437656668,66213.59450376003
2020-04-08,5863.511208333333,9242.995897935576,81107.63255045383
2020-04-09,5528.536875000001,10172.074333292701,111444.89899902482
2020-04-10,5216.823583333334,9992.030395398155,114604.9634895557
2020-04-11,5730.443166666667,8870.653704171767,75365.05290012242
2020-04-12,5701.809583333333,8625.334224757196,70164.59139417272
2020-04-13,6293.9375,9034.794168846114,65780.56005230674
2020-04-14,6908.571583333333,9404.288369943959,59897.202878655015
2020-04-15,6740.233333333334,8798.420863191132,49396.50071658715
2020-04-16,6736.923833333333,9215.11025232582,59476.47405581967
2020-04-17,6690.649916666666,9126.589107441474,58462.540578595384
2020-04-18,7131.722833333333,8809.170568532405,40258.74564477772
2020-04-19,7045.192208333334,8675.398589784403,39124.953154825664
2020-04-20,7288.427500000001,8619.65835201645,31949.54044839477
2020-04-21,7364.763708333333,8822.027096506947,34974.32131616673
2020-04-22,7636.81025,8865.083627634947,29478.561063238725
2020-04-23,7627.340083333333,9233.877929245155,38556.90830188373
2020-04-24,7787.845083333334,9249.826982880839,35087.565589140126
2020-04-25,7364.689375000001,10202.218953904176,68100.7098937002
2020-04-26,7427.986833333333,10469.137175321452,72987.60820771483
2020-04-27,7668.014999999999,10349.659985096485,64359.47964231565
2020-04-28,7482.424666666667,10485.331401504955,72069.7616361189
2020-04-29,7714.179791666667,9912.984242228045,52771.30681347307
2020-04-30,7638.553916666667,9348.3890531393,41036.04327534322
2020-05-01,7041.228625,8641.911557108928,38416.390370614274
2020-05-02,7280.707166666667,8506.666775141744,29423.030603401858
2020-05-03,6963.442875,8571.468927692837,38592.625264628085
2020-05-04,7755.532458333334,8527.178440144851,18519.503563476414
2020-05-05,7926.908416666666,8474.046515284714,13131.31436683314
2020-05-06,7440.513958333333,8448.287568208956,24186.566637014956
2020-05-07,7265.179541666667,8658.342775826435,33435.91761983443
2020-05-08,6694.360791666666,8795.522251768327,50427.87504243986
2020-05-09,6432.253375,8353.206032830456,46102.86378793094
2020-05-10,6689.89575,8259.971098757867,37681.808370188824
2020-05-11,6946.218833333333,8326.86453325423,33135.4967981015
2020-05-12,7004.765333333333,8553.09929970649,37160.01519295576
2020-05-13,7263.536666666667,8424.665128653123,27867.083087674953
2020-05-14,7344.253250000001,8356.636405755606,24297.19573813452
2020-05-15,7396.416541666667,8337.916460585173,22595.998054044132
2020-05-16,7474.737958333334,8320.925949459319,20308.511787023635
2020-05-17,7651.883958333333,8249.91832013558,14352.824683253952
2020-05-18,8686.482041666666,8202.068627490553,-11625.921940226719
2020-05-19,8799.313583333334,8252.111620787655,-13132.847101096311
2020-05-20,8855.800208333332,8096.980807068845,-18211.665630347692
2020-05-21,8841.858208333333,8232.991532522712,-14612.800219454904
2020-05-22,8789.123166666666,8591.270631834455,-4748.460835973063
2020-05-23,7639.967791666667,8444.33537841838,19304.822082041115
2020-05-24,7663.932875,8446.078597403175,18771.49733767619
2020-05-25,8615.878458333334,8378.012959783377,-5708.77196519899
2020-05-26,8826.279458333333,8487.373325826875,-8133.747180154984
2020-05-27,8916.506291666667,8583.074824972167,-8002.355200667982
2020-05-28,8665.024333333333,8565.563652115443,-2387.0563492293586
2020-05-29,8581.494708333334,8453.695420144322,-3067.1829165362724
2020-05-30,7656.319875,8515.481819650484,20619.88667161161
2020-05-31,7311.6005,8483.953654810492,28136.47571545181
2020-06-01,8147.702083333334,8426.779590174472,6697.860164187325
2020-06-02,8286.068166666666,8457.820763490463,4122.062323771126
2020-06-03,8257.887708333334,8560.932076186977,7273.064828487433
2020-06-04,7726.804416666667,8733.471776442519,24160.016634620442
2020-06-05,7795.886333333333,8774.226143292119,23480.155439010858
2020-06-06,7228.669375,8645.08749392817,33994.034854276055
2020-06-07,7101.780958333333,8586.711623787054,35638.33597088931
2020-06-08,7407.270666666667,9021.882451199923,38750.68282879813
2020-06-09,7817.807958333334,9646.034915150745,43877.44696361788
2020-06-10,7876.093541666666,8882.925241175026,24163.96078820063
2020-06-11,7640.546083333334,8632.487823768579,23806.601770445886
2020-06-12,7596.4179583333325,8234.797795294064,15321.116087057548
2020-06-13,6744.879416666667,8039.779548585133,31077.60316604319
2020-06-14,6009.909583333333,8153.971660967179,51457.48986321229
2020-06-15,7114.176791666666,8078.07084718968,23133.45733255233
2020-06-16,7760.613083333334,8112.334445738811,8441.31269773146
2020-06-17,7585.740333333334,8116.236288402891,12731.90292166936
2020-06-18,7503.482,8068.088024121873,13550.54457892495
2020-06-19,7841.965916666667,8070.690270923402,5489.384502161636
2020-06-20,7705.141166666667,8159.430015759701,10902.932378232807
2020-06-21,7620.746791666667,8172.57538519097,13243.886244583271
2020-06-22,8262.753041666667,8129.740895744262,-3192.291502137712
2020-06-23,7878.2735,8123.879067604823,5894.533622515744
2020-06-24,7719.695,8224.613475174576,12118.043404189826
2020-06-25,7845.686833333333,8595.756043929528,18001.661054308686
2020-06-26,7769.075541666666,8217.46284003506,10761.295160841437
2020-06-27,7327.082833333333,6146.7744429377435,-28327.401369494146
2020-06-28,7074.140041666667,8330.983991721068,30164.254801305644
2020-06-29,7759.920375000001,8323.602413888106,13528.368933314523
2020-06-30,7686.608375,9006.440635542802,31675.97425302725
2020-07-01,8400.446166666667,9623.609629951301,29355.923118831226
2020-07-02,8249.430875,9070.5108302593,19705.918926223196
2020-07-03,7868.638833333333,8734.976232864627,20792.097588751036
2020-07-04,7184.797041666666,8352.73007190883,28030.39272581196
2020-07-05,7049.484416666666,8236.426689012522,28486.614536300534
2020-07-06,7967.586083333333,8392.812835317192,10205.442047612632
2020-07-07,8591.573916666666,8178.37480559448,-9916.778665732476
2020-07-08,8731.33325,8220.020436080995,-12271.507534056116
2020-07-09,9209.864583333334,8218.438872656228,-23794.217056250534
2020-07-10,8600.180958333332,8121.513662763426,-11488.015093677765
2020-07-11,8133.894958333333,8124.6814677688635,-221.12377354727505
2020-07-12,7423.301125000001,8090.003122326532,16000.847935836755
2020-07-13,7990.167791666667,8015.282995478279,602.7648914786987
2020-07-14,8207.535583333332,8182.041580721145,-611.8560626925027
2020-07-15,8049.841958333333,8166.849900272651,2808.190606543627
2020-07-16,7742.399375,8246.602760752994,12100.881258071859
2020-07-17,7670.306333333334,8213.809612792411,13044.078707017849
2020-07-18,7132.271791666667,8292.354245189932,27841.97888455836
2020-07-19,6941.469416666667,8066.318373934271,26996.374974422506
2020-07-20,7517.541249999999,7992.561440225871,11400.484565420913
2020-07-21,7560.532333333334,8246.90565144756,16472.959634741426
2020-07-22,7593.917541666667,8301.71322240904,16987.09633781696
2020-07-23,7560.777208333333,8373.865016567057,19514.107397609376
2020-07-24,6899.957291666667,8272.459687645047,32940.057503481126
2020-07-25,6845.620749999999,8339.715288256308,35858.26891815141
2020-07-26,6622.520583333334,8219.247743092747,38321.4518342259
2020-07-27,7397.399666666667,8282.625620077433,21245.422881858387
2020-07-28,7565.398291666667,8397.762349288483,19976.73738292358
2020-07-29,7434.799708333333,8549.61562270913,26755.58194501914
2020-07-30,7337.56525,8652.116111027135,31549.22066465125
2020-07-31,6971.512833333333,8455.74247893163,35621.511494359125
2020-08-01,7077.865958333333,8510.097280960537,34373.55174305291
2020-08-02,6948.109083333333,8867.703654542118,46070.26970901084
2020-08-03,8170.762833333333,8264.948600110522,2260.458402652519
2020-08-04,8228.0005,8167.595406877141,-1449.7222349486256
2020-08-05,8264.666708333332,8595.625036885904,7942.999885261714
2020-08-06,8266.901791666667,8334.816224181333,1629.9463803519902
2020-08-07,8248.879708333334,8969.360816887622,17291.54660530291
2020-08-08,7890.93825,9168.860042250126,30670.123014003017
2020-08-09,7844.598333333332,8364.130926500213,12468.782236005129
2020-08-10,8328.054958333332,8680.157996375074,8450.472913001795
2020-08-11,8267.364916666667,8740.611154804239,11357.909715301721
2020-08-12,8169.2225,9060.06828655432,21380.298877303692
2020-08-13,8182.709916666667,9154.406540458105,23320.718970994523
2020-08-14,8179.435041666667,9492.245427295387,31507.449255089297
2020-08-15,7763.734916666667,9464.946014280178,40829.06634272426
2020-08-16,7653.403875,8652.221039651398,23971.61195163356
2020-08-17,8293.759791666665,8531.086218788116,5695.834250914806
2020-08-18,8421.356791666667,8923.89436313025,12060.90171512599
2020-08-19,8240.234,9232.552095129355,23815.634283104504
2020-08-20,9124.229208333332,9980.346717893914,20546.82022945395
2020-08-21,9510.393875,9894.91762875942,9228.570090226087
2020-08-22,8855.352499999999,9304.103903463554,10770.033683125323
2020-08-23,8946.551,8344.237816805762,-14455.516396661696
2020-08-24,10218.399833333331,8258.926580941908,-47027.35805739414
2020-08-25,10408.298791666666,8295.05566618531,-50717.83501155255
2020-08-26,10470.234708333332,8451.051785913718,-48460.390138070725
2020-08-27,10964.192041666667,8411.953265278586,-61253.73063331396
2020-08-28,10469.625208333331,8569.289157721898,-45608.065214674396
2020-08-29,9540.413833333334,8346.543861126942,-28652.87933295341
2020-08-30,8499.763083333333,8274.920041347446,-5396.233007661285
2020-08-31,9547.124,8161.687647505874,-33250.47245985901
2020-09-01,8996.289958333333,8461.705445812153,-12830.028300508318
2020-09-02,8826.546958333334,8459.533013208498,-8808.334682996065
2020-09-03,8936.041875,8640.753281414665,-7086.926246048053
2020-09-04,9046.156916666669,8916.539533752744,-3110.8171899341833
2020-09-05,8491.710833333333,8650.386584220423,3808.218021290173
2020-09-06,7720.647958333334,8217.572419926357,11926.18707823255
2020-09-07,7558.253874999999,8105.167438672602,13125.925528142456
2020-09-08,8081.817666666667,8421.221368141758,8145.688835402187
2020-09-09,8704.871916666667,8571.977032614952,-3189.4772172411613
2020-09-10,8901.108875,8889.731250777882,-273.06298133081873
2020-09-11,9154.735375,9216.676605160568,1486.5895238536323
2020-09-12,8767.012541666667,8746.744130897272,-486.4418584654777
2020-09-13,8651.997708333334,8248.602682098846,-9681.48062962771
2020-09-14,9385.035833333332,9202.316945738403,-4385.253302278288
2020-09-15,9060.981666666668,9907.0727926494,20306.18702358556
2020-09-16,9124.595666666666,9999.99104820082,21009.48915681969
2020-09-17,9252.176583333334,10256.997215842026,24115.69518020861
2020-09-18,9473.93025,10540.056128928698,25587.021094288764
2020-09-19,9008.971791666669,11221.909955394505,53110.51592946808
2020-09-20,8276.387125,10617.437434369247,56185.20742486195
2020-09-21,9094.208291666668,9735.031257948092,15379.751190754192
2020-09-22,9550.665625,10898.930112673359,32358.347704160624
2020-09-23,9277.501708333331,10217.405326459177,22557.686835020286
2020-09-24,10411.26575,9460.928665333102,-22808.090032005566
2020-09-25,9352.378916666668,10108.229145293848,18140.40548705231
2020-09-26,9019.827375,10116.452905944356,26319.01274266452
2020-09-27,8836.933791666666,9339.121223466007,12052.498363184175
2020-09-28,9231.681416666666,10364.84866589705,27196.01398152922
2020-09-29,9247.411125,11323.390667458632,49823.509019007164
2020-09-30,10144.248583333332,10713.733643173779,13667.641436170714
2020-10-01,9720.438291666667,11440.839333138498,41289.62499532393
2020-10-02,9662.655958333333,11794.332693472166,51160.241643332
2020-10-03,9022.226375,11958.912910675219,70480.47685620525
2020-10-04,8530.417708333332,9768.520681374863,29714.471352996727
2020-10-05,9629.963958333334,9821.855269061463,4605.391457475111
2020-10-06,10199.748208333333,11277.876066047922,25875.068585150148
2020-10-07,10789.957625,12021.071620198276,29546.735884758644
2020-10-08,10096.796666666669,12271.318509507699,52188.52422818472
2020-10-09,9820.817083333332,12341.98038285103,60507.91918842477
2020-10-10,9787.016375,10481.30377949006,16662.89770776144
2020-10-11,9228.051541666666,8761.929271774225,-11186.934477418588
2020-10-12,9172.031083333331,8408.462949329663,-18325.635216088034
2020-10-13,8657.824583333333,9276.466029546593,14847.394709118234
2020-10-14,8004.090041666666,11455.70677839217,82838.8016814121
2020-10-15,7674.0555,11294.411925029144,86888.55420069945
2020-10-16,8030.222791666667,10718.63269405916,64521.83765741985
2020-10-17,8363.4125,10345.68199626313,47574.46791031513
2020-10-18,7805.845583333333,9022.128311648383,29190.7854795612
2020-10-19,9256.417666666666,8957.399964833778,-7176.424843989327
2020-10-20,10236.616041666666,9127.163966760858,-26626.8497977394
2020-10-21,9632.3215,9276.747711125281,-8533.770932993255
2020-10-22,9080.156416666669,9621.207639211934,12985.229341086379
2020-10-23,8359.258458333334,9575.170744401332,29181.894865631955
2020-10-24,8161.783666666666,10065.77143237675,45695.70637704202
2020-10-25,7791.565875,9682.122002680444,45373.34706433065
2020-10-26,8063.059916666666,9343.471716915134,30729.88320596322
2020-10-27,8163.110083333333,9974.14477710243,43464.83265045834
2020-10-28,8994.425833333333,10834.256316328421,44155.93159188212
2020-10-29,9012.80925,11902.223028103508,69345.93067448419
2020-10-30,8292.467708333334,11211.078372775059,70046.6559466014
2020-10-31,8381.918458333334,9803.343907400063,34114.21077760152
2020-11-01,7911.509708333334,9150.027152024712,29724.418648593062
2020-11-02,8291.565291666668,8471.171790420887,4310.555970101268
2020-11-03,8883.517375000001,8788.430732261884,-2282.079425714808
2020-11-04,8891.436875,9613.534040680299,17330.331976327187
2020-11-05,8847.845833333333,9409.543456636813,13480.742959283525
2020-11-06,8674.892375,9368.981728348794,16658.144480371062
2020-11-07,8334.903124999999,9412.077176528148,25852.177236675576
2020-11-08,7612.45625,8800.255326077138,28507.177825851315
2020-11-09,8018.668125,9439.548461492797,34101.12807582713
2020-11-10,8160.112666666667,9845.420287670717,40447.3829040972
2020-11-11,8676.724166666667,10533.520055210733,44563.10132505758
2020-11-12,9327.251333333334,10741.174107824423,33934.14658778615
2020-11-13,9374.836958333331,10629.276073206434,30106.53875695447
2020-11-14,8463.338666666667,9879.1186610113,33978.7198642712
2020-11-15,7979.778583333333,9679.950825211497,40804.13380507595
2020-11-16,9105.77425,9551.938223571582,10707.93536571796
2020-11-17,9466.46,10442.228965100247,23418.45516240594
2020-11-18,8803.456083333333,9808.170988118953,24113.157714854882
2020-11-19,8634.975041666667,9275.704514595776,15377.507350298634
2020-11-20,8394.103083333333,8996.389068251576,14454.863638037816
2020-11-21,8438.307291666666,8647.744963235938,5026.504117662538
2020-11-22,8159.028166666667,8520.02306000287,8663.87744006887
2020-11-23,8920.869791666666,8864.789896038837,-1345.9174950678862
2020-11-24,8687.381,10060.771665572101,32961.37597373045
2020-11-25,9302.430375,9893.48900613105,14185.407147145219
2020-11-26,8734.294833333333,9947.12356993218,29107.889678372332
2020-11-27,8626.561333333333,9593.085032566347,23196.56878159233
2020-11-28,8417.166916666667,8874.394807483615,10973.469379606759
2020-11-29,8304.707666666667,8799.804388850705,11882.32133241692
2020-11-30,8633.729208333332,8929.56204928835,7099.988182920424
2020-12-01,9012.008166666668,9480.932691062264,11254.188585494296
2020-12-02,8835.666208333334,9727.556325002011,21405.362800048257
2020-12-03,8929.459416666667,9254.293983922023,7796.029614128565
2020-12-04,9064.760416666666,10465.259270933268,33611.972502398436
2020-12-05,8596.337708333334,9822.370186332702,29424.77947198483
2020-12-06,8073.672916666666,8757.840849504286,16420.030388102867
2020-12-07,8748.422,8807.57722396354,1419.7253751249664
2020-12-08,8563.831208333333,8996.232109082182,10377.621617972385
2020-12-09,8843.392916666666,9523.742134030119,16328.381216722875
2020-12-10,8868.893208333333,8998.457125204604,3109.5340049105143
2020-12-11,8540.73525,8637.131583987968,2313.5120157112397
2020-12-12,8405.03225,8676.331733538776,6511.18760493063
2020-12-13,7585.753208333333,8690.987333795461,26525.61901109109
2020-12-14,7637.76725,8778.314469954461,27373.133278907066
2020-12-15,8005.483291666666,8960.395397807682,22917.890547384384
2020-12-16,7959.728041666666,9350.379053341734,33375.62428020163
2020-12-17,8461.927916666666,9594.945109002672,27192.41261606416
2020-12-18,8290.197791666667,9062.982654369209,18546.836704860994
2020-12-19,7979.250833333333,8973.199215486758,23854.76117168222
2020-12-20,7121.2702500000005,8539.378879953147,34034.60711887551
2020-12-21,7988.895083333333,8411.456027852955,10141.462668470936
2020-12-22,8267.504708333334,8551.501475602903,6815.922414469664
2020-12-23,7880.535333333333,8429.543229471816,13176.18950732358
2020-12-24,7690.383999999999,8310.780468865,14889.515252760008
2020-12-25,6911.849458333333,8483.61869891651,37722.46177399626
2020-12-26,7440.873875,8410.671082862045,23275.13298868908
2020-12-27,7281.982916666667,8426.470876983178,27467.71104759626
2020-12-28,8186.185750000001,8278.765067719338,2221.9036252640944
2020-12-29,8010.338833333334,8498.009322973681,11704.09175136833
2020-12-30,7038.220249999999,8306.850472688842,30447.12534453223
2020-12-31,6491.8658749999995,8370.647946862642,45090.76972470342
2021-01-01,5881.579000000001,8489.211304043807,62583.175297051355
2021-01-02,6649.750583333333,8403.387149660975,42087.27759186341
2021-01-03,7007.592708333334,8246.456415097344,29732.728962336245
2021-01-04,7456.420875,8260.362797290456,19294.60613497095
2021-01-05,7047.177375,8345.796278641774,31166.853687402567
2021-01-06,7396.452291666667,8663.56321131091,30410.66207146181
2021-01-07,7865.408041666667,8469.198079036536,14490.960896876866
2021-01-08,7612.943083333333,8372.452616858445,18228.228804602702
2021-01-09,8065.275375,8146.631936494617,1952.5574758707953
2021-01-10,7519.096666666667,8092.971136544653,13772.987277071654
2021-01-11,8310.39725,8256.989065586868,-1281.7964259151777
2021-01-12,8407.980708333334,8322.619722108044,-2048.663669406975
2021-01-13,8669.183125,8388.120069619963,-6745.513329120877
2021-01-14,8491.235875,8341.221066418417,-3600.3554059580056
2021-01-15,8119.424333333333,8258.749096195632,3343.7943086951636
2021-01-16,7842.116916666667,8318.756721535794,11439.355316859052
2021-01-17,7303.71675,8308.392077325643,24112.207855815446
2021-01-18,7946.190041666666,8296.597268369822,8409.773440875746
2021-01-19,7951.588500000001,8290.718849837687,8139.1283961044755
2021-01-20,8477.014958333333,8485.372752983487,200.58707160368795
2021-01-21,9692.341083333333,9124.529074484191,-13627.488212379394
2021-01-22,10029.571666666669,9205.236048789571,-19784.054829050336
2021-01-23,9769.344791666666,8554.487878893411,-29156.565906558128
2021-01-24,9331.366916666666,8826.785911476238,-12109.944124570276
2021-01-25,10097.457333333334,8946.815416182739,-27615.40601161428
2021-01-26,10890.504833333334,9044.836608351436,-44296.03739956557
2021-01-27,11442.806583333331,9038.044066531205,-57714.30040325102
2021-01-28,12045.331083333333,9246.450778222606,-67173.12732265743
2021-01-29,12706.011625,9012.596573370043,-88641.96123911894
2021-01-30,11955.45625,9146.023667611735,-67426.38197731835
2021-01-31,11625.703875,9221.156202508257,-57709.14413980182
2021-02-01,12720.257833333337,8853.885215902545,-92792.94281833901
2021-02-02,12959.174916666663,9828.759759576193,-75129.96377017129
2021-02-03,13285.958,10980.055809148027,-55341.652580447364
2021-02-04,13301.363875,11165.027767667603,-51272.0665759775
2021-02-05,12461.911458333334,10293.170056611034,-52049.7936413352
2021-02-06,12242.401791666663,8995.640570422558,-77922.26930985853
2021-02-07,11117.545,8426.402898877162,-64587.4104269481
2021-02-08,12149.240208333336,8368.597627527142,-90735.42193934866
2021-02-09,12397.082166666669,8385.096089185656,-96287.66585954432
2021-02-10,11788.09325,8368.874984663686,-82061.23836807154
2021-02-11,10256.249333333331,8313.556094177224,-46624.637739746584
2021-02-12,9907.767916666666,8588.576870122983,-31660.585117048395
2021-02-13,9694.194333333333,8495.081866932484,-28778.699193620385
2021-02-14,9160.088291666669,8307.049008881608,-20472.942786841464
2021-02-15,10583.973041666666,8242.237523505188,-56201.65243587548
2021-02-16,11338.07325,8251.918346195225,-74067.71769131458
2021-02-17,11576.163625,8491.829728394354,-74024.01351853549
2021-02-18,11652.123458333332,8487.467423101745,-75951.74484555807
2021-02-19,10360.545458333332,8317.397636809408,-49035.547716574176
2021-02-20,9218.59725,8297.64747566219,-22102.794584107454
2021-02-21,8755.527958333334,8260.023631105632,-11892.10385346484
2021-02-22,9498.642666666668,8251.887238729898,-29922.130270482492
2021-02-23,10000.099958333334,8427.763492131042,-37736.075188855015
2021-02-24,11135.029208333332,8279.026274275666,-68544.07041738398
2021-02-25,9945.401041666666,8178.27039337296,-42411.13555904895
2021-02-26,9240.634208333331,8136.880295517116,-26490.093907589166
2021-02-27,8775.805541666667,8113.350320342153,-15898.92531178832
2021-02-28,7899.96375,8034.52123631344,3229.3796715225544
2021-03-01,8102.541875,8024.376069910917,-1875.9793221379878
2021-03-02,8752.821875,7986.368573639767,-18394.879232645573
2021-03-03,8573.362,7870.699640243671,-16863.896634151883
2021-03-04,8031.263791666667,8011.94069866224,-463.7542321062574
2021-03-05,8026.368333333333,8543.27110880784,12405.666611388158
2021-03-06,8274.478083333333,8311.846708783212,896.8470107970934
2021-03-07,7729.419375,8079.450509873504,8400.747236964096
2021-03-08,8660.090916666666,8376.077653385872,-6816.318318739068
2021-03-09,8642.539666666666,8702.519123868064,1439.5069728335511
2021-03-10,8763.568083333334,8566.543502434339,-4728.589941575876
2021-03-11,9184.196875,9067.916018694394,-2790.740551334544
2021-03-12,9076.072875,8959.704209250707,-2792.847977983023
2021-03-13,8363.173916666667,8730.23250951687,8809.4062284049
2021-03-14,8372.833416666666,8301.723684342316,-1706.6335757844063
2021-03-15,9490.756458333331,8295.36388183404,-28689.421835982983
2021-03-16,9785.318458333331,8209.133830782954,-37828.43106120906
2021-03-17,9146.430958333332,8133.013529397901,-24322.018294450354
2021-03-18,9351.415,8087.873706708324,-30324.991039000248
2021-03-19,8505.463083333334,7772.700146257361,-17586.310489823358
2021-03-20,7856.314208333333,7710.8332093896715,-3491.5439746478805
2021-03-21,7384.626541666667,7710.632209366711,7824.136024801053
2021-03-22,8196.172291666668,7731.922236326711,-11142.001328158964
2021-03-23,8572.782666666666,7926.086423493744,-15520.70983615012
2021-03-24,8470.808666666666,7724.201458721012,-17918.572990695684
2021-03-25,8782.433791666666,7709.363265089552,-25753.692637850734
2021-03-26,8860.785333333333,7791.182885044576,-25670.458758930166
2021-03-27,7692.013041666666,7742.329400369209,1207.5926088610286
2021-03-28,7801.447958333333,7824.382352583998,550.4254620159554
2021-03-29,8380.216541666667,7702.43623986,-16266.727243360008
2021-03-30,7443.148041666667,7679.555428885042,5673.777293240986
2021-03-31,7424.804208333334,7669.568124785018,5874.333994840417
2021-04-01,6491.637333333333,7708.7079048012365,29209.69371522968
2021-04-02,5855.49825,7717.39025081856,44685.40801964545
2021-04-03,6113.922291666667,7731.122312155254,38812.80049172609
2021-04-04,6155.88325,7707.16072741459,37230.65945795016
2021-04-05,6916.271874999999,7689.143254662313,18548.91311189552
2021-04-06,6873.5119583333335,7682.189163823239,19408.252931757735
2021-04-07,6979.68175,7628.258181105577,15565.834346533855
2021-04-08,7260.641708333334,7571.023006386702,7449.151153280844
2021-04-09,7415.861458333333,7575.596053381868,3833.630281164842
2021-04-10,6963.39375,7620.559720951167,15771.983302828005
2021-04-11,7004.7752083333335,7576.14608346159,13712.901003078157
2021-04-12,6889.421791666667,7580.427176894427,16584.129245466254
2021-04-13,7398.096083333334,7626.539337901642,5482.638109639403
2021-04-14,7038.971541666667,7632.293267297578,14239.72141514186
2021-04-15,7104.001749999999,7644.803044513054,12979.231068313318
2021-04-16,6968.0254583333335,7681.65812284561,17127.18394829463
2021-04-17,6771.329958333333,7683.8900579885885,21901.442391726137
2021-04-18,6578.099333333333,7697.63507210058,26868.85773041394
2021-04-19,7319.626166666666,7725.811603875565,9748.45049301358
2021-04-20,7170.722541666667,7871.238436831415,16812.381483953955
2021-04-21,6828.190333333333,7705.561736461868,21056.91367508485
2021-04-22,6978.601291666667,7639.067696633447,15851.193719202718
2021-04-23,7106.8952500000005,7653.119863470032,13109.390723280761
2021-04-24,6479.502125,7688.854271100985,29024.45150642364
2021-04-25,6321.791291666667,7737.228793673891,33970.50004817337
2021-04-26,6465.867958333333,7761.3339769225295,31091.18444614071
2021-04-27,6633.516333333333,7780.91185607815,27537.492545875604
2021-04-28,6562.942208333334,7780.622398038082,29224.324552913953
2021-04-29,6496.189916666666,7725.011813942613,29491.725534622725
2021-04-30,6570.527791666666,7685.415847345734,26757.313336297615
2021-05-01,6016.173,7662.798446144016,39519.0107074564
2021-05-02,6353.218875,7671.753010120441,31644.819242890597
2021-05-03,6933.248916666666,7681.400407217592,17955.635773222217
2021-05-04,6937.39,7686.483082705901,17978.233984941624
2021-05-05,6741.395458333333,7700.280457301478,23013.239975235476
2021-05-06,6355.321958333334,7670.56796244961,31565.90409879062
2021-05-07,6454.979708333333,7890.006788396173,34440.64992150815
2021-05-08,6313.520083333333,7936.898784605341,38961.088830528184
2021-05-09,5870.372916666667,5443.77681319163,-10238.306483400891
2021-05-10,6598.34125,13946.316250000002,176351.40000000002
2021-05-11,6569.342125,13946.316250000002,177047.37900000004
2021-05-12,6498.028416666667,9759.432908691153,78273.70780858767
2021-05-13,6427.149666666667,7797.862810671193,32897.11545610862
2021-05-14,6305.283583333334,6596.570850347263,6990.8944083343085
2021-05-15,5995.625166666666,5235.807295042535,-18235.628918979142
2021-05-16,5889.580541666666,9144.450591640216,78116.88119936519
2021-05-17,6756.594166666667,5189.625347532436,-37607.25165922155
2021-05-18,6475.167708333333,5185.09139524231,-30961.831514184567
2021-05-19,6482.519208333334,5193.211947754915,-30943.37425388206
2021-05-20,6597.320375,5201.677434955617,-33495.43056106519
2021-05-21,6161.044833333333,5196.976857004529,-23137.631431891306
2021-05-22,6833.107875000001,5210.123002051128,-38951.63695077293
2021-05-23,8087.887583333333,5229.286692841496,-68606.42137180408
2021-05-24,9017.078416666667,5208.2479218937615,-91411.93187454974
2021-05-25,9308.966416666666,7270.574241630818,-48921.412200860366
2021-05-26,9109.063875,7256.1946933607305,-44468.86035934246
2021-05-27,9160.77975,7251.6708451885725,-45818.613715474254
2021-05-28,8137.876291666667,7251.40594430849,-21275.288336596263
2021-05-29,7342.505458333333,7272.933892891662,-1669.7175706000999
2021-05-30,6477.756125,7314.172395237312,20073.990485695496
2021-05-31,5920.38825,7322.305839808441,33646.02215540259
2021-06-01,6006.887833333333,7291.923644286224,30840.859462869375
2021-06-02,6041.538874999999,7043.826646133246,24054.90650719792
2021-06-03,5976.007624999999,7213.38070337163,29696.953880919144
2021-06-04,6092.303583333333,7206.97855258665,26752.1992620796
2021-06-05,5831.571541666667,7463.714437431701,39171.42949836082
2021-06-06,5470.450083333333,7340.533286866394,44881.99688479345
2021-06-07,5861.651791666667,7370.545249455964,36213.442986943126
2021-06-08,5927.627,7297.380065933905,32874.07358241371
2021-06-09,5797.47275,7321.836273439889,36584.724562557334
2021-06-10,5918.8164166666675,7676.736175596156,42190.074214307715
2021-06-11,5946.563916666666,8105.250852894971,51808.48646947932
2021-06-12,5653.235458333334,8079.023491430936,58218.912794342454
2021-06-13,5211.330875,7822.447081556435,62666.78895735444
2021-06-14,5762.092166666666,7976.582332344485,53147.76397626764
2021-06-15,5980.34775,7633.6006976557055,39678.070743736935
2021-06-16,5944.550958333333,7108.63038803034,27937.90631272817
2021-06-17,5997.666708333333,6957.300845327056,23031.219287849344
2021-06-18,6011.152833333334,6794.520080082062,18800.813921969486
2021-06-19,5553.552083333333,6632.2477106282695,25888.695055078475
2021-06-20,5232.5865,6527.318243654616,31073.56184771077
2021-06-21,5780.4594166666675,6431.311555210987,15620.45132506366
2021-06-22,5992.927083333333,6386.811937277813,9453.236494667515
2021-06-23,5744.874958333334,6355.636889285476,14658.286342851417
2021-06-24,5722.484625,6307.467709890176,14039.594037364215
2021-06-25,5728.547458333333,6278.106650204026,13189.420604896615
2021-06-26,5501.7425,6231.257521109516,17508.360506628385
2021-06-27,5059.021208333334,6193.628113413262,27230.56572191829
2021-06-28,5649.97725,6237.125077530599,14091.547860734376
2021-06-29,5743.845291666667,6231.278117088765,11698.387810130334
2021-06-30,5826.644874999999,6235.397241443667,9810.056794648022
2021-07-01,5232.462208333333,6236.452538782531,24095.767930780734
2021-07-02,5006.690375,6219.555051266242,29108.752230389808
2021-07-03,4947.354375,6227.841134182745,30731.682220385883
2021-07-04,4657.304875,6228.151800871052,37700.32622090525
2021-07-05,5045.658125,6226.117027829029,28331.013667896703
2021-07-06,5144.845166666667,6226.774593870829,25966.3062528999
2021-07-07,5213.3696666666665,6225.754605244264,24297.23852586234
2021-07-08,5132.394166666667,6230.946934540851,26365.26642898041
2021-07-09,5056.018416666667,6236.778519456077,28338.242466945856
2021-07-10,4984.126499999999,6234.383034263276,30006.156822318648
2021-07-11,4860.748666666666,6260.07734629978,33583.888311194736
2021-07-12,5202.697041666667,6239.726855256487,24888.715526155684
2021-07-13,5853.173,6229.093863002146,9022.100712051499
2021-07-14,5955.5855833333335,6222.233083791431,6399.540010994351
2021-07-15,6572.115125,6210.060280226724,-8689.31627455863
2021-07-16,5753.348041666667,6280.220719466505,12644.944267196115
2021-07-17,5668.5720833333335,6301.49739163415,15190.207399219587
2021-07-18,5092.211375,6323.976107292219,29562.353575013265
2021-07-19,5443.721041666667,6300.570722647569,20564.39234354165
2021-07-20,5383.695833333333,6284.617744114199,21622.12585874078
2021-07-21,5547.961708333333,6281.592031801614,17607.127763238743
2021-07-22,5372.166875,6284.277616177567,21890.65778826162
2021-07-23,5259.288458333333,6274.48625605639,24364.74714535335
2021-07-24,5189.413041666667,6276.569921388887,26091.7651133333
2021-07-25,4836.181208333333,6274.114894382324,34510.408465175766
2021-07-26,5208.746208333333,6258.822565209963,25201.832565039113
2021-07-27,5138.339041666667,6250.748582290571,26697.828974973694
2021-07-28,5364.763666666667,6274.18188884235,21826.03733221641
2021-07-29,5579.380041666667,6243.362211374233,15935.57207298158
2021-07-30,5212.291833333334,6222.688804927066,24249.527318249566
2021-07-31,5222.400125,6209.2877190444615,23685.302257067073
2021-08-01,5039.513666666667,6215.073016160573,28213.42438785376
2021-08-02,5167.899541666667,6224.221867034683,25351.73580883239
2021-08-03,5226.4731249999995,6224.418590424044,23950.691170177066
2021-08-04,5079.363875,6209.5365949727275,27124.14527934546
2021-08-05,5200.568458333333,6215.953872148274,24369.24993155858
2021-08-06,5204.485,6207.5298636786665,24073.076728288004
2021-08-07,5314.267708333334,6210.604700341451,21512.087808194803
2021-08-08,4922.556125,6212.3672760342015,30955.467624820834
2021-08-09,5612.779125,6214.4457990695555,14440.000177669332
2021-08-10,5548.709291666666,6219.580979598359,16100.920510360622
2021-08-11,5959.525083333333,6238.847618808124,6703.740851394985
2021-08-12,6036.299375,6235.071223903585,4770.524373686043
2021-08-13,5806.096333333334,6219.632709612392,9924.873030697403
2021-08-14,5485.610041666667,6217.922969092067,17575.510258209615
2021-08-15,5255.540625000001,6218.87115507873,23119.932721889512
2021-08-16,5628.004833333333,6211.371984082932,14000.811617990359
2021-08-17,5934.22475,6219.586165257935,6848.673966190436
2021-08-18,5866.031791666667,6201.419135681388,8049.2962563533
2021-08-19,5982.19825,6202.1870354221755,5279.730850132204
2021-08-20,6097.783583333334,6202.887372419289,2522.490938062925
2021-08-21,5666.789291666667,6261.001618215679,14261.095837176283
2021-08-22,5414.651791666666,6338.397265247882,22169.89136594919
2021-08-23,6252.261041666668,6545.869354875784,7046.599517018789
2021-08-24,6239.864083333334,7150.818347628176,21862.902343076203
2021-08-25,6635.190333333333,8167.068866326093,36765.08479182623
2021-08-26,6269.376208333334,9742.096948642402,83345.29776741762
2021-08-27,6213.1608750000005,11187.950646692196,119394.9545206127
2021-08-28,5797.0723333333335,10775.064388140216,119471.80931536517
2021-08-29,5638.769375,9194.086254189704,85327.6051005529
2021-08-30,7070.71775,9392.42352570506,55720.938616921456
2021-08-31,8380.150125,10391.419606371292,48270.467552910995
2021-09-01,9578.247708333334,10666.124188060778,26109.035513458643
2021-09-02,9738.801541666666,10807.255175929502,25642.88722230807
2021-09-03,9402.3715,10900.242908781838,35948.913810764134
2021-09-04,9016.323625,10437.73126834504,34113.78344028094
2021-09-05,8078.08325,9400.67210172689,31742.13244144537
2021-09-06,8390.322208333333,9326.6314686358,22471.42224725921
2021-09-07,8506.859708333333,8663.343111343887,3755.601672253295
2021-09-08,8865.231958333334,9098.353532247698,5594.917773944748
2021-09-09,8975.362166666668,12318.093700887726,80225.5568213054
2021-09-10,8443.269333333334,12943.758498456138,108011.73996294731
2021-09-11,8139.479041666667,11471.091941156927,79958.70958776622
2021-09-12,7224.598125,9623.511298331612,57573.91615995868
2021-09-13,8545.558791666666,8725.236930843354,4312.275340240492
2021-09-14,8772.503833333334,10024.056677578563,30037.26826188549
2021-09-15,8115.263749999999,10277.313161142854,51889.185867428525
2021-09-16,6955.81425,9185.786444910227,53519.33267784544
2021-09-17,6164.410583333333,8472.994179790261,55406.00631496627
2021-09-18,6269.986333333333,8003.645430484317,41607.81833162362
2021-09-19,6030.017916666667,7315.498868635525,30851.54284725259
2021-09-20,7558.98475,7407.096887046309,-3645.3087108885666
2021-09-21,8325.304416666668,8551.375614981716,5425.7087595611665
2021-09-22,7413.0495,9597.35905781877,52423.42938765049
2021-09-23,6244.940916666666,9638.314633678277,81440.96920827866
2021-09-24,5654.504583333332,9224.669655446607,85683.96173071858
2021-09-25,5255.003833333333,8252.440545914924,71938.48110195817
2021-09-26,5054.707083333334,7501.2218926345,58716.355423228
2021-09-27,6772.743125,7510.8539160777145,17714.65898586515
2021-09-28,7753.634916666667,7708.243971304846,-1089.3826886836978
2021-09-29,7417.781541666667,8153.538926325501,17658.177231812013
2021-09-30,7793.643625,9027.226331588128,29605.984958115085
2021-10-01,7502.588833333334,9386.562715129614,45215.373163110715
2021-10-02,6102.5675833333335,9321.221980764083,77247.70553833799
2021-10-03,5878.517374999999,9028.032361485912,75588.3596756619
2021-10-04,6721.592208333333,8308.507169485718,38085.95906765725
2021-10-05,7772.153166666667,8049.709651938325,6661.355646519791
2021-10-06,8913.094541666667,8132.8155676344395,-18726.695376773467
2021-10-07,9998.388166666666,8729.917950391373,-30443.28519060703
2021-10-08,9532.386541666669,9545.911453330675,324.59787993614736
2021-10-09,8272.336333333335,7804.517912328385,-11227.642104118786
2021-10-10,7520.0955,7717.18921439321,4730.249145437032
2021-10-11,8530.861708333334,7735.6231850556915,-19085.724558663416
2021-10-12,8170.800333333334,7729.578966804621,-10589.312796689104
2021-10-13,9010.999458333334,7656.98273151027,-32496.401443753522
2021-10-14,9303.91875,8024.693421258917,-30701.407889786016
2021-10-15,9287.165875,8040.62729361632,-29916.925953208345
2021-10-16,8150.054416666667,8348.19122306602,4755.283353584477
2021-10-17,7787.427291666667,8117.601240964303,7924.1747831432585
2021-10-18,9416.0255,7657.781009254428,-42197.86777789373
2021-10-19,10085.519125,7746.103510128841,-56145.97475690784
2021-10-20,10305.908916666667,7782.188577058825,-60569.28815058821
2021-10-21,10275.357708333331,7772.250539181769,-60074.57205963748
2021-10-22,9714.204583333334,7713.103227024665,-48026.432551408056
2021-10-23,7865.504166666667,7582.380190831855,-6794.975420035487
2021-10-24,7488.869458333334,7782.824051617589,7054.910238822136
2021-10-25,8532.963208333333,7553.5572560610035,-23505.7428545359
2021-10-26,8721.892333333333,7706.593302926712,-24367.176729758918
2021-10-27,9639.193916666669,7908.063359112493,-41547.13338130021
2021-10-28,10357.42525,7965.3804904104345,-57409.07423014958
2021-10-29,10380.536833333334,7982.4516816960295,-57554.0436392953
2021-10-30,9615.959791666666,7851.5053456727055,-42346.90670385506
2021-10-31,9377.716708333332,7709.631255963151,-40034.05085688434
2021-11-01,10012.048958333333,7743.393019622452,-54447.74252906114
2021-11-02,9489.354875,8069.399294862674,-34078.93392329585
2021-11-03,10649.075875,8147.346112842823,-60041.51429177227
2021-11-04,10976.092541666669,8192.975068157553,-66794.81936421877
2021-11-05,10528.722375,8219.895051185606,-55411.85577154545
2021-11-06,9653.751666666669,8240.864430977617,-33909.29365653724
2021-11-07,8941.490375,8023.133597271035,-22040.56266549515
2021-11-08,9091.866833333332,7978.078126710986,-26730.928958936296
2021-11-09,8801.721583333334,7711.844271558061,-26157.05548260654
2021-11-10,8094.27575,7530.145891407781,-13539.116606213247
2021-11-11,7646.413541666668,7587.669582625136,-1409.8550169967566
2021-11-12,7699.933375,7524.11094262742,-4219.7383769419175
2021-11-13,7372.116416666667,7564.636638483038,4620.485323592911
2021-11-14,6400.9317083333335,7631.196993229341,29526.36683750419
2021-11-15,6686.184083333334,7773.707871221564,26100.57090931754
2021-11-16,7612.830000000001,8298.316493487837,16451.675843708064
2021-11-17,7725.791333333334,8356.244435967366,15130.874463216787
2021-11-18,7725.090583333334,8276.320131837896,13229.509164109499
2021-11-19,7559.662833333333,8210.45422390936,15618.99337382467
2021-11-20,6855.873208333333,8024.308537830375,28042.447907928996
2021-11-21,6707.64225,7790.164338695164,25980.53012868393
2021-11-22,8351.855208333332,7805.702253053245,-13107.670926722101
2021-11-23,8458.900666666666,8005.168034184627,-10889.583179568952
2021-11-24,8479.157666666666,8127.953781867618,-8428.893235177151
2021-11-25,8152.629250000001,8005.3187747897,-3535.4514050472208
2021-11-26,8088.485583333334,7985.0178376857,-2483.2258955432117
2021-11-27,8507.456666666667,8013.572981552396,-11853.208442742492
2021-11-28,7857.473875,7911.724409962866,1302.0128391087928
2021-11-29,8509.628125000001,8027.137100880826,-11579.784578860192
2021-11-30,8213.425291666666,8103.709238086294,-2633.1852859289356
2021-12-01,8966.0135,7981.526918539587,-23627.677955049883
2021-12-02,9190.215333333334,7970.095578077967,-29282.8741261288
2021-12-03,8782.162083333335,7997.211992497015,-18838.802180071674
2021-12-04,7927.199208333334,7900.472903429468,-641.4313176927972
2021-12-05,7030.146958333334,7752.661854552387,17340.35750925728
2021-12-06,7460.744333333333,7889.488489255828,10289.859742139888
2021-12-07,7377.8175,8119.883026665153,17809.57263996367
2021-12-08,7000.91825,8235.011919712384,29618.248073097224
2021-12-09,7182.704041666667,8245.43302484642,25505.49559631406
2021-12-10,7110.831583333334,8204.150646213719,26239.65750912924
2021-12-11,6991.89175,8149.759519427798,27788.826466267165
2021-12-12,7176.1205,7787.491764324728,14672.910343793475
2021-12-13,8353.197208333333,7661.598100668321,-16598.37858396028
2021-12-14,7636.198625,7859.666810008397,5363.23644020153
2021-12-15,8161.68925,7911.833291961841,-5996.5429929158345
2021-12-16,7837.343375,7892.950945914499,1334.5817019479728
2021-12-17,7561.874958333334,7908.908518832775,8328.805451986598
2021-12-18,7047.647958333334,7739.639607597877,16607.799582349042
2021-12-19,6195.769041666666,7649.901127234094,34899.17005361826
2021-12-20,7047.033041666667,7913.399452450515,20792.793858812365
2021-12-21,6869.268499999999,8124.014665739623,30113.90797775096
2021-12-22,7087.7274166666675,8396.407298787912,31408.31717090986
2021-12-23,6471.503166666666,8420.917783347853,46785.95080034849
2021-12-24,6069.309458333333,8070.72127510695,48033.883602566806
2021-12-25,5699.03875,7844.867847842362,51499.89834821669
2021-12-26,6252.360541666666,7620.240642153427,32829.12241168226
2021-12-27,6852.1187083333325,7534.585811310568,16379.210471453647
2021-12-28,7057.595249999999,7468.161176499889,9853.582235997346
2021-12-29,6477.4310000000005,7442.860798441192,23170.315162588595
2021-12-30,6264.049208333334,7430.780377747148,28001.548065931544
2021-12-31,5394.0395,7428.707623370776,48832.03496089862
2022-01-01,5228.570375,7421.4412385849855,52628.90072603965
2022-01-02,5572.301291666667,7417.19462018641,44277.439884473846
2022-01-03,6494.577708333333,7473.894739687815,23503.608752507556
2022-01-04,6778.715833333333,7495.171351228045,17194.93242947309
2022-01-05,6617.4875,7521.073311292877,21686.059471029053
2022-01-06,6504.9953749999995,7547.1482304992305,25011.668531981544
2022-01-07,6478.777375000001,7514.501106314317,24857.369551543605
2022-01-08,5917.350083333334,7483.27808403213,37582.272016771116
2022-01-09,5050.838,7480.689897538166,58316.445540916
2022-01-10,6081.167583333333,7473.489913732449,33415.73592957879
2022-01-11,6674.156583333333,7514.408675788203,20166.050218916876
2022-01-12,6879.216791666667,7540.730343808478,15876.325251403476
2022-01-13,7037.540416666667,7514.608816988575,11449.641607725804
2022-01-14,6947.969249999999,7500.658006403999,13264.530153695996
2022-01-15,6325.157708333333,7531.834478739145,28960.24248973949
2022-01-16,5797.372333333333,7579.224603834699,42764.4544920328
2022-01-17,6688.253708333334,7484.4058134886245,19107.65052372698
2022-01-18,6890.849999999999,7501.58096163715,14657.543079291609
2022-01-19,6805.970375,7502.991231623055,16728.500558953318
2022-01-20,6759.224125000001,7505.709264861336,17915.64335667205
2022-01-21,6595.755833333334,7512.377269178871,21998.914460292894
2022-01-22,6278.800666666667,7513.505925314413,29632.926207545897
2022-01-23,5854.955291666666,7500.452685939238,39491.937462541726
2022-01-24,7122.739291666666,7576.212830397026,10883.364929528638
2022-01-25,7077.492833333334,7599.412791830948,12526.079003942737
2022-01-26,6828.568875,7671.299617812043,20225.53782748903
2022-01-27,6318.8078749999995,7700.347437974879,33156.9495113971
2022-01-28,6030.984041666667,7564.785641372034,36811.23839292881
2022-01-29,5257.205791666666,7521.7813336339905,54349.81300721578
2022-01-30,5088.878791666667,7576.253982705978,59697.00458494347
2022-01-31,5699.247125000001,8215.95473537477,60400.982648994446
2022-02-01,6219.0135,9540.983636396795,79727.28327352309
2022-02-02,6334.642083333333,9017.538137919553,64389.50531006928
2022-02-03,6399.144416666667,8625.475483261847,53431.94559828433
2022-02-04,6365.686041666667,8599.424271837615,53609.717524102765
2022-02-05,5656.855875,8377.76724469291,65301.872872629836
2022-02-06,5032.4175000000005,8286.303731755503,78093.26956213205
2022-02-07,6372.310750000001,7889.9756598891445,36423.957837339454
2022-02-08,6868.780833333333,7879.367567824329,24254.081627783897
2022-02-09,7358.724083333333,7852.230217470598,11844.147219294377
2022-02-10,7275.905708333333,7888.296527950608,14697.379670814604
2022-02-11,6985.445958333334,8081.9229697129,26315.4482731096
2022-02-12,6301.557541666666,7974.899435437434,40160.20545049842
2022-02-13,5389.378791666667,7880.346980989059,59783.23654373742
2022-02-14,6409.27,7813.797165900503,33708.65198161207
2022-02-15,6925.6045,7659.712643819819,17618.595451675654
2022-02-16,7098.310333333334,7537.136837813994,10531.836107535848
2022-02-17,7233.682458333334,7542.809761479206,7419.055275500934
2022-02-18,6081.282,7472.259951597147,33383.47083833152
2022-02-19,5426.672875,7465.189743344449,48924.404840266776
2022-02-20,5060.246583333334,7571.752606678808,60276.14456029138
2022-02-21,5905.408416666666,7695.984889304491,42973.835343307794
2022-02-22,5994.929916666667,7703.797866403962,41012.83079369508
2022-02-23,6790.900791666667,7671.474734248006,21133.774621952136
2022-02-24,7185.141375,7615.58442939568,10330.63330549631
2022-02-25,7038.017583333333,7665.858604418002,15068.184506032048
2022-02-26,6911.862375,7707.758887602295,19101.51630245508
2022-02-27,6186.26075,7634.110412529524,34748.39190070857
2022-02-28,6522.133375,7632.077126212294,26638.650029095057
2022-03-01,6505.170333333333,7642.93934443976,27306.45626655426
2022-03-02,7050.5085,7652.414231197086,14445.737548730074
2022-03-03,7546.799625,7639.747171546936,2230.741117126483
2022-03-04,7988.707541666667,7707.707508401545,-6744.000798362918
2022-03-05,6729.378291666667,8058.388029430629,31896.233706335093
2022-03-06,5994.548,8384.306264645491,57354.19835149179
2022-03-07,7207.97325,9315.233199223083,50574.23878135399
2022-03-08,8192.247083333334,9657.767771374602,35172.49651299043
2022-03-09,8622.547333333334,9404.751531575559,18772.900757813404
2022-03-10,8769.169708333333,9004.199933539709,5640.725404953017
2022-03-11,7667.136374999999,8974.063426590119,31366.249238162876
2022-03-12,6813.606833333334,8935.391923152358,50922.842155656566
2022-03-13,6090.960416666666,8823.00721994126,65569.12327859027
2022-03-14,7262.294291666666,9444.643513173954,52376.38131617492
2022-03-15,7694.644833333333,9640.731239787654,46706.07375490371
2022-03-16,8614.617250000001,9234.754666698522,14883.298000764495
2022-03-17,8807.208708333334,9204.129161066481,9526.090865595543
2022-03-18,8993.694000000001,9107.421297791709,2729.4551470009756
2022-03-19,7911.918208333333,9248.517292690667,32078.378024576028
2022-03-20,6625.952875,8552.91613498597,46247.11823966327
2022-03-21,7994.304166666666,8230.663300996233,5672.61922390962
2022-03-22,8842.52875,8468.590632721094,-8974.514814693728
2022-03-23,8830.381166666668,8608.034444214118,-5336.321338861206
2022-03-24,8924.366083333332,8493.578784488445,-10338.89517227729
2022-03-25,8038.802833333334,8260.37350783051,5317.696187932241
2022-03-26,7072.153333333333,8495.67359225167,34164.48621404007
2022-03-27,6162.978875,8386.995069234197,53376.38866162074
2022-03-28,7622.841791666667,8419.64621294578,19123.306110698708
2022-03-29,8579.371125,8525.963003346198,-1281.7949196912377
2022-03-30,8405.08275,9001.755199670879,14320.138792101105
2022-03-31,7795.294583333333,8461.360072715164,15985.571745163943
2022-04-01,7882.114708333333,8208.304204868495,7828.547916843891
2022-04-02,7341.813541666666,8066.073921386498,17382.24911327596
2022-04-03,6697.345208333333,7999.0358128546795,31240.574508512313
2022-04-04,7650.786833333333,7995.897203864593,8282.648892750258
2022-04-05,8138.498166666667,7980.893342873464,-3782.5157710368876
2022-04-06,8356.6925,7954.280440732883,-9657.889422410786
2022-04-07,8183.630333333333,7955.05911894241,-5485.709145382134
2022-04-08,7322.84925,7957.005877174068,15219.759052177622
2022-04-09,6838.334125,7964.014946416719,27016.339714001246
2022-04-10,6406.163583333334,7961.678461628399,37332.35707908157
2022-04-11,7196.602333333333,7962.867477044696,18390.363449072705
2022-04-12,6480.402041666667,7971.824945457977,35794.14969099144
2022-04-13,7106.001083333334,7714.924230676255,14614.155536230122
2022-04-14,6836.130666666667,7720.181698807914,21217.22477138992
2022-04-15,6231.988583333333,7599.001502524675,32808.31006059221
2022-04-16,5266.142958333333,7474.155952449782,52992.31185879477
2022-04-17,5287.553583333333,7462.182790176044,52191.100964225065
2022-04-18,5997.096333333334,7402.37637032428,33726.720887782714
2022-04-19,7259.636083333334,7390.907496708697,3150.513921008722
2022-04-20,6263.259791666666,7419.507171262845,27749.93711030829
2022-04-21,5509.368583333333,7490.147002126811,47538.68205104346
2022-04-22,6339.751416666667,7545.8132889731305,28945.484935355125
2022-04-23,5400.182083333333,7580.452774680491,52326.49659233178
2022-04-24,5244.155708333333,7539.89359770078,55097.709344818744
2022-04-25,6533.192749999999,7430.283950432844,21530.188810388274
2022-04-26,8120.648208333333,7304.683740898544,-19583.14721843494
2022-04-27,9052.1245,7281.940755934711,-42484.409857566934
2022-04-28,8189.088208333334,7295.273950176922,-21451.54219575388
2022-04-29,7069.521125,7290.965078862771,5314.654892706509
2022-04-30,6320.268916666667,7279.748837356008,23027.51809654419
2022-05-01,5533.363166666666,7304.1226091585895,42498.22661980616
2022-05-02,6387.887875,7322.923298998659,22440.85017596782
2022-05-03,6788.1651249999995,7341.881113283922,13289.183718814136
2022-05-04,6975.367958333333,7354.468832508122,9098.42098019494
2022-05-05,6649.500291666667,7158.132664837228,12207.176956093455
2022-05-06,6373.981083333333,7099.322500904846,17408.1940217163
2022-05-07,5706.139541666666,7092.488632388563,33272.37817732552
2022-05-08,6058.7887083333335,7098.941689944515,24963.671558668357
2022-05-09,6758.498583333334,7099.302171086346,8179.286106072286
2022-05-10,7059.891791666666,7102.05432691051,1011.9008458522585
2022-05-11,7743.686666666667,7107.9803459370105,-15256.951697511766
2022-05-12,8134.472541666666,7105.415837289793,-24697.36090504496
2022-05-13,7402.225916666666,7118.874528585722,-6800.43331394266
2022-05-14,6362.41,7090.924938308131,17484.358519395137
2022-05-15,6029.492041666667,7115.425742576599,26062.408821838362
2022-05-16,6871.8295,7128.607434336949,6162.670424086784
2022-05-17,7367.554875000001,7115.552594172645,-6048.054739856547
2022-05-18,7851.468291666667,6994.248013166265,-20573.286684009647
2022-05-19,7847.510291666667,6882.552513728026,-23158.986670527403
2022-05-20,7298.461666666667,6864.422478147404,-10416.940524462312
2022-05-21,6412.232791666666,6865.572038615952,10880.141926782853
2022-05-22,5469.796708333334,6839.376210035928,32869.908040862254
2022-05-23,6308.257875,6837.922826422238,12711.958834133715
2022-05-24,7121.315875,6853.575390932421,-6425.771617621896
2022-05-25,7441.654750000001,6873.137879638896,-13644.404888666504
2022-05-26,7596.887666666667,6912.3791989054625,-16428.203226268917
2022-05-27,6856.634291666666,6909.770655064145,1275.2727215394916
2022-05-28,6677.816958333334,6904.1179303885465,5431.223329325105
2022-05-29,6436.188458333333,6920.6257154084105,11626.49416980186
2022-05-30,7592.459125,6994.1009845568315,-14360.595370636052
2022-05-31,8505.764833333333,7033.31177584148,-35338.87337980446
2022-06-01,8293.396125000001,7018.077255456661,-30607.65286904016
2022-06-02,8564.584958333333,7004.954977697763,-37431.11953525368
2022-06-03,7795.818375,7010.958097077582,-18836.64667013802
2022-06-04,6703.390625,6984.343229461424,6742.862507074176
2022-06-05,5570.392625,6981.06895241979,33856.23185807494
2022-06-06,5784.951875,6986.664750762044,28841.109018289055
2022-06-07,6631.4439999999995,6998.769893391498,8815.821441395965
2022-06-08,6991.868291666667,7006.557058584529,352.5304060286944
2022-06-09,7511.725291666667,7004.001889775417,-12185.361645389989
2022-06-10,7103.973583333333,7022.0072785011835,-1967.1913159715987
2022-06-11,6785.871999999999,7045.125440311616,6222.082567478807
2022-06-12,6421.543000000001,7061.568675115997,15360.616202783924
2022-06-13,7335.109874999999,7032.7182745932705,-7257.398409761488
2022-06-14,8236.30775,6987.232394723314,-29977.808526640452
2022-06-15,7935.894041666666,7003.560750220629,-22375.99899470489
2022-06-16,7386.741541666666,6974.986993904855,-9882.109146283474
2022-06-17,7721.026125,6942.191703766058,-18692.02610961462
2022-06-18,6942.527875,6966.858063954751,583.9245349140256
2022-06-19,6203.064666666666,6926.679181725227,17366.748361405458
2022-06-20,6758.749374999999,6904.6447115512765,3501.4880772306497
2022-06-21,7048.035208333334,6888.943853170524,-3818.192523907441
2022-06-22,7653.690541666667,6898.359182738398,-18127.952614278453
2022-06-23,7736.130416666667,6901.772909019204,-20024.580183539103
2022-06-24,7396.436916666667,6922.165676606972,-11382.509761432673
2022-06-25,6872.070708333333,6970.669044541579,2366.3600689979066
2022-06-26,6450.782999999999,6912.0145144805265,11069.556347532649
2022-06-27,6615.257291666666,6902.866893726725,6902.630449441414
2022-06-28,7356.322708333333,6915.697015479336,-10575.016628495927
2022-06-29,7449.937458333334,6927.043905011399,-12549.445279726431
2022-06-30,7609.641291666667,6921.19311956459,-16522.756130449838
2022-07-01,7222.292125,6902.193338603489,-7682.370873516265
2022-07-02,6383.2321249999995,6884.64407353643,12033.88676487434
2022-07-03,5887.803208333334,6867.784997217725,23519.56293322538
2022-07-04,7465.7725,6871.11726150779,-14271.725723813033
2022-07-05,7587.989791666667,6887.976565046034,-16800.31743889519
2022-07-06,7755.39075,6870.691948146091,-21232.771244493808
2022-07-07,7970.219541666666,6881.326841018799,-26133.42481554881
2022-07-08,7418.950250000001,6889.409755572513,-12708.971866259708
2022-07-09,6472.942041666666,6975.8080933037,12068.785239288809
2022-07-10,6319.8523749999995,6996.149013302953,16231.119319270882
2022-07-11,7190.688458333334,7014.106841886432,-4237.958794725637
2022-07-12,7251.437875,7238.458942516534,-311.494379603173
2022-07-13,7396.16325,7230.403395194236,-3978.236515338336
2022-07-14,7317.340166666666,7048.12352869569,-6461.199311303426
2022-07-15,7353.786416666667,7039.652027729306,-7539.225334496667
2022-07-16,6692.76325,7072.062968042588,9103.193233022117
2022-07-17,6612.113833333333,6985.879064584244,8970.36555002186
2022-07-18,7184.8987916666665,6949.26468437092,-5655.218575097919
2022-07-19,7415.009291666666,6928.583941738091,-11674.208398285802
2022-07-20,7226.711375,6982.123241162701,-5870.115212095181
2022-07-21,7412.417291666668,7054.302830297196,-8594.747072867314
2022-07-22,7251.703416666667,7190.621283936034,-1465.9711855351925
2022-07-23,6916.590458333333,7251.44163742712,8036.428298250896
2022-07-24,6398.344249999999,7067.2824830775535,16054.517593861303
2022-07-25,6912.246541666667,7068.591800425958,3752.2862102229847
2022-07-26,7249.473416666667,7202.882399520038,-1118.1844115190834
2022-07-27,7296.386541666667,7276.471138911522,-477.9696661234775
2022-07-28,7034.197208333334,7300.1596732825055,6383.099158780118
2022-07-29,6639.6695,7482.960243979333,20238.977855504003
2022-07-30,6305.123250000001,7402.877535774474,26346.102858587372
2022-07-31,5614.87975,7159.352756409038,37067.352153816915
2022-08-01,5914.252291666667,7126.219645954341,29087.216502904186
2022-08-02,6664.325208333333,7667.976090789601,24087.62117895043
2022-08-03,7199.6355416666665,8550.605616082621,32423.28178598291
2022-08-04,7308.549875,8681.683389255046,32955.204342121106
2022-08-05,7105.2863333333335,8465.998795848416,32657.099100361986
2022-08-06,6767.467666666666,8301.274332947156,36811.35999073175
2022-08-07,6244.840749999999,8176.65890463536,46363.63571124866
2022-08-08,6982.470624999999,7900.114960357432,22023.464048578397
2022-08-09,7596.728583333333,8251.17177122524,15706.636509405762
2022-08-10,7936.123166666667,8504.990682421072,13652.820378105716
2022-08-11,8019.206833333334,8587.261729022086,13633.317496530057
2022-08-12,6926.809833333333,8472.21899607557,37089.81990581368
2022-08-13,6716.340541666667,8239.710607954003,36560.881590896046
2022-08-14,6432.336583333334,8107.078879879178,40193.81511710027
2022-08-15,7644.416166666667,7851.774611088243,4976.602666117818
2022-08-16,8159.851458333333,7981.823165260783,-4272.679033741195
2022-08-17,8412.719625,8187.977485175526,-5393.8113557873585
2022-08-18,8489.263875,8319.02854150509,-4085.648003877868
2022-08-19,8064.824625,8499.145750315147,10423.70700756352
2022-08-20,7461.200458333333,8294.271865657554,19993.713775781318
2022-08-21,7158.488625000001,8328.223536463387,28073.63787512127
2022-08-22,8702.911291666665,7975.096733695736,-17467.549391302317
2022-08-23,8474.191499999999,8253.333496950874,-5300.592073178996
2022-08-24,8621.471833333333,8134.7071764268185,-11682.35176575635
2022-08-25,8618.339375,8046.24494889118,-13730.266226611675
2022-08-26,8644.965875,7861.9974526718925,-18791.242135874578
2022-08-27,8095.288041666667,7742.251754096158,-8472.870901692208
2022-08-28,7468.031541666667,7544.041927624863,1824.2492629967019
2022-08-29,8252.020708333333,7571.115334611543,-16341.728969322961
2022-08-30,7706.716125,7677.8751241676255,-692.1840199769867
2022-08-31,8011.724625,7507.222378812351,-12108.05390850357
2022-09-01,8410.210874999999,7478.127423137323,-22370.002844704228
2022-09-02,7896.757291666666,7490.967176222779,-9738.962770653285
2022-09-03,7282.560666666667,7544.62205087984,6289.473221116139
2022-09-04,7068.738791666667,7572.507814100588,12090.45653841411
2022-09-05,7371.768958333333,7585.824203988335,5137.325895720052
2022-09-06,7573.82,7508.525181213099,-1567.0756508856139
2022-09-07,7257.2100833333325,7443.9615035021725,4482.03408405216
2022-09-08,8229.861208333334,7493.571633179639,-17670.949803688665
2022-09-09,7920.808708333333,7669.64561497718,-6027.914240547667
2022-09-10,7522.8875,7702.147401333978,4302.237632015487
2022-09-11,7215.59575,7624.352205518943,9810.154932454629
2022-09-12,6999.418375,7662.308945810641,15909.37369945537
2022-09-13,8219.650916666667,7861.091075156168,-8605.43619625199
2022-09-14,8514.777916666668,7878.0461194420695,-15281.563133390358
2022-09-15,8578.455458333334,7893.106600251159,-16448.3725939722
2022-09-16,8143.30475,7954.69563260261,-4526.618817537361
2022-09-17,7168.493583333333,7604.735629516787,10469.809108402907
2022-09-18,6618.55875,7353.6822811152,17642.96474676479
2022-09-19,7298.060458333333,7380.50517421257,1978.6731811016725
2022-09-20,8354.222416666666,7492.310435310381,-20685.887552550834
2022-09-21,8703.038583333333,7785.336275733596,-22024.85538239368
2022-09-22,8632.631458333333,8364.533660287716,-6434.347153094815
2022-09-23,8257.193041666667,8437.530458072262,4328.097993734278
2022-09-24,7764.16325,8349.168881778016,14040.135162672392
2022-09-25,6860.018125,8155.843151084215,31099.800626021162
2022-09-26,8065.1275,8212.567627863798,3538.5630687311714
2022-09-27,9442.771541666669,8917.901357237668,-12596.88442629602
2022-09-28,10372.709666666668,8956.331575225242,-33993.07419459421
2022-09-29,10374.096416666667,8946.317750409835,-34266.68799016398
2022-09-30,9405.414666666666,9301.6274793331,-2490.8924960055883
2022-10-01,8422.542208333334,8283.628675317623,-3333.9247923770745
2022-10-02,7591.795958333333,7600.379767453557,206.01141888537677
2022-10-03,9339.703375,7534.313625827751,-43329.35398013396
2022-10-04,10566.408958333332,7434.823771833764,-75158.04447598962
2022-10-05,10740.743833333334,7380.862918373349,-80637.14195903964
2022-10-06,11087.079124999998,7425.867384370094,-87869.0817751177
2022-10-07,9874.633041666666,7574.671159031379,-55199.08518324689
2022-10-08,8860.50825,7744.399692217326,-26786.605386784184
2022-10-09,7735.642666666667,7931.985245038266,4712.221880918383
2022-10-10,9430.540625,7470.978994667203,-47029.47912798713
2022-10-11,10131.663291666666,7369.441638683898,-66293.31967158642
2022-10-12,9360.570958333334,7378.741958990444,-47563.895984229355
2022-10-13,10097.316,7508.56625457976,-62129.99389008577
2022-10-14,10085.522916666669,7859.9773520401795,-53413.09355103574
2022-10-15,9302.9715,7854.56041646434,-34761.86600485583
2022-10-16,8577.305624999999,7569.717892542076,-24182.10557899016
2022-10-17,10642.595833333333,7492.992347762846,-75590.48365369168
2022-10-18,11340.497875,7579.979971516048,-90252.42968361483
2022-10-19,11861.768208333331,7994.078587607799,-92824.55089741277
2022-10-20,11665.149791666665,8240.577375350636,-82189.73799158468
2022-10-21,11643.618416666666,8425.816653548365,-77227.24231483923
2022-10-22,11429.958041666669,8341.900693085028,-74113.37636595937
2022-10-23,11186.431291666668,8212.541636664211,-71373.35172005896
2022-10-24,12588.467375,8104.828951286237,-107607.32216913032
2022-10-25,12677.602458333333,8479.204271635896,-100761.5564807385
2022-10-26,12695.659125,8709.878582119529,-95658.73302913131
2022-10-27,12596.235958333333,8634.437601162737,-95083.16057209429
2022-10-28,11981.39475,8639.857066352473,-80196.90440754063
2022-10-29,10408.27375,8488.682511743962,-46070.18971814492
2022-10-30,9265.933541666667,8200.910454041164,-25560.554103012066
2022-10-31,10764.4365,8578.149360767844,-52470.89134157174
2022-11-01,10735.2265,9009.874447486394,-41408.44926032655
2022-11-02,11190.439083333333,8947.470102185234,-53831.25554755436
2022-11-03,11583.004333333332,8812.94942276155,-66481.31785372276
2022-11-04,12710.09025,9042.53415328533,-88021.34632115204
2022-11-05,11660.329583333332,8930.520667079405,-65515.413990094254
2022-11-06,10500.94975,8870.39170667129,-39133.39303988905
2022-11-07,11803.06075,8777.004079150141,-72625.36010039662
2022-11-08,12391.66375,8919.137833517227,-83340.62199558655
2022-11-09,12426.922458333334,8974.17337016427,-82865.97811605755
2022-11-10,12678.507166666668,9100.168085394762,-85880.13795052575
2022-11-11,11879.150666666666,9201.361222291183,-64266.946665011594
2022-11-12,10772.433375,9173.363781417096,-38377.670245989706
2022-11-13,9654.537208333331,8855.394370455684,-19179.428109063534
2022-11-14,10653.350416666666,8695.196308901039,-46995.69858637506
2022-11-15,10956.657625,9194.007706290064,-42303.59804903847
2022-11-16,12352.574666666667,9026.5092304321,-79825.5704696296
2022-11-17,12428.168958333334,8897.113626426795,-84745.32796575692
2022-11-18,11707.855916666667,9007.356738473987,-64811.98027662432
2022-11-19,10698.545666666669,8894.672055533665,-43292.966667192086
2022-11-20,10032.4955,8675.021340101584,-32579.379837561995
2022-11-21,10297.215666666669,8736.297174730476,-37462.04380646862
2022-11-22,11197.712125,8905.312742997075,-55017.58516807019
2022-11-23,11036.879791666666,9044.229763140967,-47823.60068461677
2022-11-24,11528.96375,9052.75896618026,-59428.91481167379
2022-11-25,11155.449791666666,8952.073784523996,-52881.02417142407
2022-11-26,10538.151083333332,8862.53162907905,-40214.86690210276
2022-11-27,10120.389291666666,8776.401605501806,-32255.70446795666
2022-11-28,11728.813916666666,9112.085519430482,-62801.48153366841
2022-11-29,11816.500666666669,9092.746959299482,-65370.088976812476
2022-11-30,11292.834375,10320.909898383816,-23326.18743878843
2022-12-01,10935.590916666666,9931.179805249341,-24105.866674015793
2022-12-02,9850.813958333334,9313.127348786795,-12904.478629116944
2022-12-03,8664.342875,8987.331603877505,7751.729493060106
2022-12-04,8132.777166666667,8940.80801414329,19392.74033943894
2022-12-05,9194.03175,8869.836240163819,-7780.692236068353
2022-12-06,9484.032541666666,9160.938637897627,-7754.253690456928
2022-12-07,10315.135416666666,9267.890130900636,-25133.88685838472
2022-12-08,11103.047083333331,9240.590005143269,-44698.96987656149
2022-12-09,10485.614833333331,9233.03737103775,-30061.859095093954
2022-12-10,9493.982666666669,9230.568643349063,-6321.93655962254
2022-12-11,8677.899416666667,9085.748620830262,9788.38089992627
2022-12-12,9952.694541666666,9080.387425561054,-20935.370786534695
2022-12-13,10185.905833333332,9573.90605401294,-14687.99470368943
2022-12-14,10451.28625,9868.984869006232,-13975.233143850419
2022-12-15,11050.211875,10121.433904819532,-22290.67128433124
2022-12-16,10460.007333333331,10248.798917479502,-5069.001980491899
2022-12-17,9261.838083333334,10011.72403903541,17997.262936849846
2022-12-18,8478.526791666667,8940.36787023764,11084.185885703351
2022-12-19,9671.36825,8549.09683783501,-26934.513891959752
2022-12-20,9708.297125,8905.145188365166,-19275.64647923599
2022-12-21,9508.633958333334,9092.511503037604,-9986.938927097523
2022-12-22,9769.554375,8937.86943272264,-19960.438614656625
2022-12-23,9169.559958333331,8876.18167017033,-7041.078915912032
2022-12-24,8385.231875,8732.869021108316,8343.291506599591
2022-12-25,7415.789708333334,8619.008372129814,28877.247931115533
2022-12-26,8504.183291666666,8595.294960884188,2186.680061220526
2022-12-27,8745.335291666666,8711.912331272939,-802.1510494494578
2022-12-28,8291.278833333334,8860.73415869246,13666.927808619017
2022-12-29,8320.903958333334,8868.636263662604,13145.575327902465
2022-12-30,7553.139875,8712.394534370203,27822.111824884887
2022-12-31,7111.592791666667,8537.948479256742,34232.5365021618
2023-01-01,6760.00175,8385.66623865569,39015.94772773657
2023-01-02,7105.185875,8523.13981178244,34030.89448277854
2023-01-03,7379.969249999999,9065.47287240664,40452.0869377594
2023-01-04,7292.233625,9340.36647523041,49155.18840552985
2023-01-05,7197.7195,9296.064032469467,50360.2687792672
2023-01-06,7182.595208333333,10267.41835812026,74035.75559488623
2023-01-07,6579.306666666666,10516.425884221324,94490.86122131179
2023-01-08,6451.8424583333335,9297.477032025086,68295.22976860206
2023-01-09,7679.554166666666,8860.178667001497,28334.98800803595
2023-01-10,8492.595916666667,10527.517088899724,48838.108133593356
2023-01-11,9316.253083333331,11729.009148241086,57906.14555778612
2023-01-12,9643.513916666669,11791.394582596695,51549.13598232063
2023-01-13,9227.654458333333,12686.049036077216,83001.46986585321
2023-01-14,8429.083958333335,11405.093920038624,71424.23908092694
2023-01-15,7416.043166666666,9777.203871921061,56667.85692610548
2023-01-16,8826.483458333334,9146.624663581579,7683.388925957872
2023-01-17,9247.310958333332,11323.87135008348,49837.44940200356
2023-01-18,9497.571791666667,11054.342114932515,37362.487758380346
2023-01-19,9659.188125,12229.02607526919,61676.11080646055
2023-01-20,9373.063041666666,13678.625481911906,103333.49856588575
2023-01-21,9280.914875,13946.316250000002,111969.63300000003
2023-01-22,7983.520916666667,13946.316250000002,143107.08800000002
2023-01-23,8942.041458333333,13946.316250000002,120102.59500000004
2023-01-24,9625.489625,13946.316250000002,103699.83900000004
2023-01-25,9899.205125,13946.316250000002,97130.66700000003
2023-01-26,10074.843291666666,13946.316250000002,92915.35100000005
2023-01-27,9649.628666666666,13946.316250000002,103120.50200000007
2023-01-28,8897.900916666667,13343.69252469486,106698.99859267661
2023-01-29,7914.724625,12884.745272082075,119280.4955299698
2023-01-30,8708.272208333334,12750.110458686155,97004.1180084677
2023-01-31,9367.826625,11936.356464078628,61644.71613788708
2023-02-01,9924.829208333334,11303.793637033341,33095.146288800155
2023-02-02,10212.006083333334,10361.525760252993,3588.4722460718185
2023-02-03,9787.158041666667,10854.059616965493,25605.637807171806
2023-02-04,8870.327625,10771.900311104746,45637.744466513905
2023-02-05,7903.671958333333,11155.586872535623,78045.95794085495
2023-02-06,10183.0135,11793.680987283191,38656.0196947966
2023-02-07,10515.05825,12270.706174006926,42135.550176166216
2023-02-08,10374.363958333332,12855.17691621276,59539.51098910629
2023-02-09,10289.222833333331,13044.358241504595,66123.24979611032
2023-02-10,9814.469875,13074.411421953817,78238.59712689159
2023-02-11,9338.178083333334,13179.840601915685,92199.90044597641
2023-02-12,8477.831666666667,13132.040142890872,111701.00342938091
2023-02-13,10141.880958333331,13339.235619683754,76736.51187241013
2023-02-14,10658.536541666666,13946.316250000002,78906.71300000005
2023-02-15,10371.07325,13946.316250000002,85805.83200000005
2023-02-16,10690.513416666668,13946.316250000002,78139.268
2023-02-17,9738.689625,13946.316250000002,100983.03900000002
2023-02-18,9082.937125,13946.316250000002,116721.09900000003
2023-02-19,7970.777625,13946.316250000002,143412.92700000005
2023-02-20,9532.933666666666,13946.316250000002,105921.18200000006
2023-02-21,8724.188083333333,13946.316250000002,125331.07600000006
2023-02-22,10246.306,13946.316250000002,88800.24600000003
2023-02-23,10038.395333333334,13946.316250000002,93790.10200000003
2023-02-24,9962.652458333332,13946.316250000002,95607.93100000007
2023-02-25,9294.410416666668,13946.316250000002,111645.74000000002
2023-02-26,8105.943,13946.316250000002,140168.95800000004
2023-02-27,9494.168625,13946.316250000002,106851.54300000003
2023-02-28,10301.285916666666,13946.316250000002,87480.72800000006
2023-03-01,10720.056458333334,13946.316250000002,77430.23500000002
2023-03-02,10647.270916666666,13946.316250000002,79177.08800000005
2023-03-03,10471.474666666669,13832.238261777436,80658.32628265843
2023-03-04,9555.761166666667,13052.475663608082,83921.14792659396
2023-03-05,9410.971875,11254.547969125926,44245.826259022244
2023-03-06,10998.531041666669,10216.611791925574,-18766.06199378628
2023-03-07,11130.890666666666,10211.828309144841,-22057.496580523803
2023-03-08,11081.4015,10352.771318989347,-17487.12434425566
2023-03-09,10676.845166666668,10297.093728935575,-9114.034505546224
2023-03-10,10684.976625,10202.590547507538,-11577.265859819076
2023-03-11,9446.052083333334,10264.298866836383,19637.922804073183
2023-03-12,8225.5315,12829.548000734247,110496.39601762194
2023-03-13,9579.0965,13946.316250000002,104813.27400000005
2023-03-14,10558.485041666669,13946.316250000002,81307.949
2023-03-15,10533.169291666669,13946.316250000002,81915.52699999999
2023-03-16,10654.512,13946.316250000002,79003.30200000003
2023-03-17,10806.619166666667,13946.316250000002,75352.73000000003
2023-03-18,10489.272625,13946.316250000002,82969.04700000005
2023-03-19,9262.757416666667,13946.316250000002,112405.41200000003
2023-03-20,9660.273541666667,13946.316250000002,102865.02500000002
2023-03-21,11132.803041666666,13946.316250000002,67524.31700000005
2023-03-22,11095.513,13946.316250000002,68419.27800000002
2023-03-23,11077.720666666666,13946.316250000002,68846.29400000005
2023-03-24,10837.315875,13946.316250000002,74616.00900000003
2023-03-25,10686.386583333331,13946.316250000002,78238.31200000009
2023-03-26,9115.082,12078.95544871823,71132.96276923752
2023-03-27,10500.030583333331,11482.641372849952,23582.658948398894
2023-03-28,10731.775708333333,11662.83089617142,22345.324508114078
2023-03-29,10481.649625,11772.842700030746,30988.633800737894
2023-03-30,10092.450666666666,12270.23703825511,52266.87291812268
2023-03-31,10171.441541666669,10542.464493008742,8904.550832209745
2023-04-01,9976.698458333334,9310.672202277146,-15984.630145348507
2023-04-02,8791.483958333332,8945.359239973528,3693.0067593646963
2023-04-03,10032.49475,8802.005838018444,-29531.733887557348
2023-04-04,10184.009,8985.938791935967,-28753.684993536794
2023-04-05,9802.644291666666,8966.763463295458,-20061.139880908988
2023-04-06,9659.426208333332,8747.430576347717,-21887.895167654773
2023-04-07,9248.633541666666,8580.38679763896,-16037.921856664965
2023-04-08,9800.244708333334,8393.969076939178,-33750.61515345973
2023-04-09,9085.303208333333,8344.975171677828,-17767.87287973211
2023-04-10,9900.459083333331,8290.128484194802,-38647.93437932471
2023-04-11,9698.541541666667,8345.492958274504,-32473.16600141191
2023-04-12,10154.814125,8467.46471803636,-40496.38576712736
2023-04-13,10249.079333333331,8719.775017201455,-36703.303587165035
2023-04-14,10193.573333333334,11540.85733070266,32334.81593686383
2023-04-15,9602.277833333334,13258.606042900285,87751.87702960683
2023-04-16,8806.230916666667,12904.92818216872,98368.73437204926
2023-04-17,9601.273916666669,12337.590906688241,65671.60776051774
2023-04-18,9947.556791666666,12018.445114988419,49701.31975972207
2023-04-19,9896.255125,13304.48120722883,81797.42597349192
2023-04-20,10115.914791666668,13946.316250000002,91929.63500000001
2023-04-21,8742.762499999999,13946.316250000002,124885.29000000007
2023-04-22,7902.185416666667,13946.316250000002,145059.14
2023-04-23,7274.274166666666,13946.316250000002,160129.01000000007
2023-04-24,8921.964791666667,10971.947396090553,49199.58250617325
2023-04-25,9544.491833333332,10046.48332710874,12047.795850609778
2023-04-26,9486.687541666666,10855.928370385524,32861.779889252575
2023-04-27,9541.188333333334,11799.808866014711,54206.89278435307
2023-04-28,9551.869916666668,12099.142093954726,61134.532254913385
2023-04-29,9543.6145,12310.895643168242,66414.74743603781
2023-04-30,8574.194458333333,12923.85535821609,104391.86159718614
2023-05-01,8578.020208333333,13413.785980287965,116058.37852691115
2023-05-02,9743.118833333334,13202.748112279742,83031.10269471379
2023-05-03,10136.144041666666,12249.431651626772,50718.90263904253
2023-05-04,10056.335291666666,10455.264117092029,9574.291810208699
2023-05-05,9851.854708333334,9673.969220783847,-4269.251701187692
2023-05-06,8949.661750000001,8995.671757932349,1104.2401903763384
2023-05-07,8055.350458333333,8834.558099686223,18700.983392469345
2023-05-08,10090.164,8763.260679323726,-31845.67969623058
2023-05-09,9972.894916666666,8922.149944357636,-25217.87933541673
2023-05-10,10077.308583333332,9320.721668540304,-18158.08595503267
2023-05-11,10229.303416666668,9463.090648244357,-18389.106442135453
2023-05-12,9845.725666666667,9520.6748945459,-7801.218530898404
2023-05-13,9245.899791666669,9193.485411407071,-1257.9451262303337
2023-05-14,8326.563124999999,8849.865873648232,12559.2659675576
2023-05-15,9087.840666666669,8787.65500666598,-7204.455840016526
2023-05-16,9617.645583333331,8782.460607931513,-20044.439409643644
2023-05-17,9389.174666666668,8649.212414446194,-17759.094053291366
2023-05-18,9452.312875,8384.431941290972,-25629.14240901667
2023-05-19,9559.618833333332,8393.158224525061,-27995.054611398504
2023-05-20,8860.838458333334,8298.87018584205,-13487.238539790807
2023-05-21,8034.79575,8240.942950864352,4947.532820744433
2023-05-22,8880.501416666666,8185.95870849309,-16669.024996165826
2023-05-23,9274.25875,8204.677532055197,-25669.949230675295
2023-05-24,8636.580708333333,8349.65529000888,-6886.210039786893
2023-05-25,8566.744833333332,8332.317031163875,-5626.267252066973
2023-05-26,7932.446458333333,8259.375905139366,7846.306723344802
2023-05-27,7919.587583333334,8177.910809362125,6199.7574246909935
2023-05-28,7529.863666666667,8198.687926421635,16051.78223411923
2023-05-29,8523.1855,8169.290148046189,-8493.48844689146
2023-05-30,8687.52025,8251.14576364862,-10472.987672433126
2023-05-31,9076.151833333332,8298.19095647494,-18671.06104460139
2023-06-01,9375.430833333334,8278.879855631734,-26317.22346483839
2023-06-02,8251.398583333334,8288.36762248321,887.2569395970495
2023-06-03,7375.19325,8299.95206738349,22194.211617203764
2023-06-04,6767.027833333334,8411.382950015042,39464.52280036101
2023-06-05,6828.9352499999995,8179.501451335745,32413.58883205788
2023-06-06,7312.204166666666,8514.397427162397,28852.638251897544
2023-06-07,7606.990624999999,8614.092629977644,24170.448119463465
2023-06-08,7612.532375,8311.904385206964,16784.928244967152
2023-06-09,7698.634041666667,8063.25848771573,8750.9867051775
2023-06-10,7269.808416666667,8025.941014371558,18147.182344917383
2023-06-11,6561.45575,8056.369003324021,35877.9180797765
2023-06-12,7797.985874999999,8177.936784900048,9118.821837601172
2023-06-13,9146.474041666666,8546.524425663312,-14398.790784080498
2023-06-14,10250.44225,9056.683231390814,-28650.216446620456
2023-06-15,10595.87275,9643.690897341046,-22852.364463814898
2023-06-16,10051.532458333331,10828.231604290695,18640.77950297673
2023-06-17,9339.815625,9596.944475024713,6171.09240059313
2023-06-18,8565.264458333333,9688.701406837657,26962.486764103785
2023-06-19,9378.414416666668,8905.307371019133,-11354.56909554085
2023-06-20,9769.396166666667,9210.86530494836,-13404.740681239375
2023-06-21,10127.900708333333,9226.329829511411,-21637.70109172612
2023-06-22,10307.780875,9358.196895951016,-22790.015497175627
2023-06-23,9972.086875,9255.650426839376,-17194.474755854986
2023-06-24,9017.647791666666,8872.094684429254,-3493.2745736978977
2023-06-25,7893.650458333333,8305.026415389677,9873.022969352263
2023-06-26,9598.518583333333,8170.57295106468,-34270.69517444767
2023-06-27,9922.791416666669,8514.088479153133,-33808.87050032485
2023-06-28,10049.891166666666,8449.507352876588,-38409.21153096188
2023-06-29,9633.123458333332,8345.93721577791,-30892.4698213301
2023-06-30,9146.629958333331,8386.681379607438,-18238.765889421426
2023-07-01,8448.352375,8088.670447145238,-8632.366268514306
2023-07-02,8059.95475,8017.851311395566,-1010.4825265064137
2023-07-03,9008.090708333331,7965.873881882437,-25013.20383482147
2023-07-04,8734.808666666666,7969.643722600713,-18363.958657582873
2023-07-05,9081.793333333331,8009.346834011616,-25738.715983721166
2023-07-06,8770.651291666667,8096.876556607364,-16170.593641423264
2023-07-07,8139.851708333333,8981.09040812062,20189.728794894916
2023-07-08,7418.396625,8976.3829590848,37391.67201803519
2023-07-09,7264.539416666667,8108.136358240994,20246.32659778384
2023-07-10,7978.476374999999,8007.2677902265,690.9939654360278
2023-07-11,9159.745625,8223.872326332752,-22460.959168013942
2023-07-12,9079.497416666669,8168.622786554116,-21860.99112270127
2023-07-13,8917.171,8096.2047820633725,-19703.189230479067
2023-07-14,8328.690583333333,8485.414686946326,3761.378486711823
2023-07-15,7409.78375,8437.923037426073,24675.34289822577
2023-07-16,6666.478541666666,8115.939442773189,34787.06162655653
2023-07-17,7808.057208333333,8023.986111613154,5182.293678715716
2023-07-18,8692.921375,8069.003876876224,-14974.019954970616
2023-07-19,8750.700416666667,8150.62493119254,-14401.81165137903
2023-07-20,8535.54475,8115.783008112442,-10074.281805301369
2023-07-21,8111.746041666666,8141.185067367377,706.5366168170585
2023-07-22,7306.854833333334,8136.562210389989,19912.977049359717
2023-07-23,6929.549291666666,8118.794268933525,28541.87945440461
2023-07-24,8259.304875,8084.078308961158,-4205.43758493221
2023-07-25,9077.191166666666,8228.878060652176,-20359.514544347752
2023-07-26,9277.478083333332,8285.807284769824,-23800.09916552418
2023-07-27,9247.018791666667,8330.074209637129,-22006.669968708928
2023-07-28,8706.24325,8372.363736079136,-8013.108334100718
2023-07-29,7990.13475,8239.251226130946,5978.795427142693
2023-07-30,7316.243666666666,8132.278682833254,19584.840387998098
2023-07-31,8136.53525,8089.128566046806,-1137.7604148766623
2023-08-01,8995.12675,8294.982694799526,-16803.45732481136
2023-08-02,9308.884208333331,8394.570962073907,-21943.517910226175
2023-08-03,9276.867041666666,8511.144812187946,-18377.333507489297
2023-08-04,8818.306833333334,8333.096137468481,-11645.056700756468
2023-08-05,8093.204583333333,8415.616447551782,7737.884741242764
2023-08-06,7419.845916666666,8272.172490779647,20455.83777871154
2023-08-07,8292.312916666668,8173.441159926421,-2852.922161765913
2023-08-08,9100.146875,8423.786033086564,-16232.660205922468
2023-08-09,8536.568166666666,8679.277569918779,3425.0256780507043
2023-08-10,8896.374416666667,8846.003577248519,-1208.9001460355648
2023-08-11,8890.960375,8994.143048451073,2476.384162825736
2023-08-12,7975.01425,9062.616319810466,26102.44967545118
2023-08-13,7199.958791666667,8832.50887508989,39181.20200215736
2023-08-14,7766.102166666667,8388.77402743247,14944.124658379274
2023-08-15,8538.390416666667,9131.502840966623,14234.69818319894
2023-08-16,8810.224833333334,8925.38196297177,2763.7711113224505
2023-08-17,9458.2725,8870.737625175436,-14100.83699578952
2023-08-18,8842.031041666667,8827.199962655397,-355.94589627048117
2023-08-19,8759.538916666666,8763.789965674696,102.02517619270657
2023-08-20,8519.017583333332,8568.665420690602,1191.5480965744791
2023-08-21,9463.740458333334,8427.522754695765,-24869.22488730165
2023-08-22,10279.183208333334,9321.049951245153,-22995.19817011633
2023-08-23,10919.467583333331,9375.057896685927,-37065.83247953771
2023-08-24,10693.472,10071.910444409208,-14917.477334178999
2023-08-25,9749.335,10170.296176182224,10103.068228373406
2023-08-26,8741.070958333334,9652.408873957233,21872.109974973573
2023-08-27,8347.707708333333,8788.137180032516,10570.307320780383
2023-08-28,9439.59375,9001.792009119446,-10507.241781133285
2023-08-29,9580.498583333332,9593.784500203488,318.86200488374743
2023-08-30,9692.290458333331,9060.523534961505,-15162.406160923827
2023-08-31,9924.095,9166.012337549364,-18193.983898815248
2023-09-01,9525.60775,9073.686420341799,-10846.111911796805
2023-09-02,8712.916875,8928.179101654643,5166.293439711415
2023-09-03,8418.854916666667,8562.456819567768,3446.4456696264097
2023-09-04,9232.392875,8400.67690083283,-19961.183380012066
2023-09-05,9139.48025,9290.44299682735,3623.105923856405
2023-09-06,8729.249333333333,9012.51273805149,6798.321713235753
2023-09-07,8448.895458333334,8605.14166418395,3749.908940414767
2023-09-08,8638.502208333333,8497.459524859223,-3385.024403378644
2023-09-09,8491.219500000001,9133.912879323245,15424.641103757851
2023-09-10,7897.653583333333,8714.33921649694,19600.455195926552
2023-09-11,8995.786583333333,8540.541729597566,-10925.876489658403
2023-09-12,9005.525749999999,9319.397829193029,7532.92990063272
2023-09-13,9309.252541666669,9432.783645194333,2964.7464846639486
2023-09-14,9617.696125,9422.855543790785,-4676.173949021162
2023-09-15,8748.781333333334,9073.476965713387,7792.695177121277
2023-09-16,8464.214,8990.849861580207,12639.260677924976
2023-09-17,8484.711166666666,8661.686734475183,4247.413627404399
2023-09-18,9692.640333333333,8509.35869445192,-28398.759333153925
2023-09-19,9405.568041666667,9563.009169291743,3778.587063001818
2023-09-20,10056.839,9774.471340985561,-6776.8238163465285
2023-09-21,10549.359,9838.262010760223,-17066.32774175465
2023-09-22,10563.046833333334,9669.962109114476,-21434.03338125258
2023-09-23,10253.411208333331,9271.661695594423,-23561.9883057338
2023-09-24,10279.020541666669,8827.739661364601,-34830.74112724961
2023-09-25,11368.292125,8864.004136451218,-60102.911725170765
2023-09-26,11152.534,9814.738176824922,-32107.099756201875
2023-09-27,10920.427916666666,10025.182822738516,-21485.882254275595
2023-09-28,10876.3295,9793.543836822304,-25986.8559162647
2023-09-29,10240.037458333334,9565.808781827269,-16181.488236145567
2023-09-30,9411.807125,9310.557663412972,-2429.987078088656
2023-10-01,9889.532916666669,9091.957080082826,-19141.820078012228
2023-10-02,10688.226916666668,8432.029394798828,-54148.74052482816
2023-10-03,10483.80575,9816.777598630253,-16008.675632873914
2023-10-04,9760.197458333334,10209.18208228111,10775.630974746615
2023-10-05,9005.3855,10338.094120920756,31985.006902098132
2023-10-06,9516.511291666668,10538.065639563754,24517.30434953008
2023-10-07,8655.072125,9951.068813181519,31103.920516356433
2023-10-08,8147.934333333334,9399.891543942309,30046.97305461541
2023-10-09,9053.184541666667,9247.718724449991,4668.820386799765
2023-10-10,9429.888,10179.385221212495,17987.933309099855
2023-10-11,9215.905708333334,9948.031643333303,17571.02243999926
2023-10-12,8780.111041666667,9474.314295353699,16660.878088488767
2023-10-13,8946.48625,8835.75825031404,-2657.4719924630335
2023-10-14,8299.421333333334,8953.01127748548,15686.158659651526
2023-10-15,8461.885041666666,8306.280641156627,-3734.505612240944
2023-10-16,9140.315375,8255.78802917347,-21228.656299836744
2023-10-17,9739.910833333332,8965.758054525144,-18579.666691396502
2023-10-18,9771.478583333334,9015.543546758125,-18142.440877805013
2023-10-19,9711.316875,9314.295069961165,-9528.523320932058
2023-10-20,9084.1485,9348.160137179651,6336.27929231165
2023-10-21,8552.489625,8662.787743283681,2647.1548388083465
2023-10-22,8651.166875,8371.02466148786,-6723.413124291386
2023-10-23,9811.944791666669,8354.471530711238,-34979.35826293033
2023-10-24,9716.31925,9268.625766905338,-10744.64359427191
2023-10-25,9454.235,9619.80434573075,3973.6642975379946
2023-10-26,9793.286958333332,9509.790305091417,-6803.919677805956
2023-10-27,9415.369208333334,10194.52115898885,18699.646815732383
2023-10-28,8819.247208333332,10190.101419732571,32900.501073581734
2023-10-29,9538.420166666669,9979.434519631792,10584.344471162956
2023-10-30,9550.331916666668,10012.69709957025,11096.76438968598
2023-10-31,10069.482333333332,10430.932867052386,8674.812809257317
2023-11-01,10833.252083333333,10843.994153620853,257.80968690049485
2023-11-02,10647.81025,11004.292344432139,8555.570266371316
2023-11-03,10619.292083333334,12107.603755930402,35719.480142329645
2023-11-04,10300.068,12668.7063494451,56847.320386682404
2023-11-05,9529.631208333334,12041.682594427184,60289.2332662524
2023-11-06,10525.386125,11328.374676135594,19271.72522725424
2023-11-07,10446.688,11603.199431851837,27756.274364444092
2023-11-08,11219.606583333334,11061.237846090493,-3800.8496938281896
2023-11-09,11486.847625,10522.20381946126,-23151.451332929777
2023-11-10,11017.966291666666,10678.795076692391,-8140.109159382584
2023-11-11,11509.359375,10807.375359361444,-16847.61637532535
2023-11-12,11193.038374999998,10513.985418178083,-16297.270963725969
2023-11-13,11636.130041666664,11718.953692337018,1987.767616088502
2023-11-14,11485.967666666666,11733.216962062617,5933.983089502843
2023-11-15,10765.944416666667,10999.141983694833,5596.741608675991
2023-11-16,11702.412958333334,11370.320292756753,-7970.223973837958
2023-11-17,11685.200791666668,11121.252716672265,-13534.753799865677
2023-11-18,10910.366791666667,11250.684793591816,8167.632046203566
2023-11-19,11156.847208333333,10578.778187418895,-13873.656501946505
2023-11-20,11911.00175,10019.813167903481,-45388.525970316434
2023-11-21,11525.31975,10623.540718120126,-21642.696765116983
2023-11-22,12302.371333333334,10607.375542165319,-40679.89898803238
2023-11-23,11703.933958333331,10623.591036519054,-25928.230123542657
2023-11-24,11395.413833333334,10942.837370683063,-10861.835103606514
2023-11-25,10335.36775,10862.953453213599,12662.056877126379
2023-11-26,9433.519541666668,9619.234772806058,4457.165547345343
2023-11-27,10083.0215,9527.997487853612,-13320.576291513324
2023-11-28,10914.31,10808.74620703838,-2533.531031078848
2023-11-29,11455.9255,11098.621757306417,-8575.28982464598
2023-11-30,11883.119208333332,10997.777267199657,-21248.206587208188
2023-12-01,12052.355375,10911.602840291042,-27378.060833014984
2023-12-02,12005.619416666666,10804.988967718033,-28815.13077476721
2023-12-03,11063.601125,9929.352445046323,-27221.968318888234
2023-12-04,12171.514541666666,10440.712938361827,-41539.23847931613
2023-12-05,12394.2215,9818.193808040465,-61824.664607028826
2023-12-06,12123.806833333334,9584.411385222475,-60945.49075466063
2023-12-07,12163.197791666666,10428.54176979421,-41631.74452493893
2023-12-08,11559.679875,10626.642164052195,-22392.90506274732
2023-12-09,11214.817375,10030.85844640726,-28415.014286225793
2023-12-10,10293.417458333332,9288.273565511452,-24123.453427725108
2023-12-11,11011.922458333334,9766.184361203523,-29897.71433111548
2023-12-12,11219.124583333332,10578.526524211207,-15374.353418931001
2023-12-13,11823.620041666669,10107.43791531377,-41188.37103246956
2023-12-14,12672.840083333334,9689.352722991622,-71603.6966482011
2023-12-15,12500.166333333333,10262.154864342934,-53712.275255769564
2023-12-16,11692.616208333333,10160.57242876913,-36769.05070954087
2023-12-17,11620.221791666663,9609.106482528072,-48266.76741932619
2023-12-18,13275.214125,9892.276361059241,-81190.50633457823
2023-12-19,12719.052458333334,9980.321191699304,-65729.5503992167
2023-12-20,12042.36325,10068.951024312366,-47361.893416503226
2023-12-21,11927.731083333332,9655.68840477696,-54529.024285352934
2023-12-22,11204.595625,9838.508794459305,-32786.083932976675
2023-12-23,10518.700666666666,9507.87978221132,-24259.701226928315
2023-12-24,9722.262041666669,9946.523351200722,5382.271428817272
2023-12-25,9117.523458333331,8799.049925205054,-7643.364795078654
2023-12-26,9713.210666666668,9200.243814007077,-12311.204463830174
2023-12-27,10039.895125,9175.458657933492,-20746.475209596174
2023-12-28,10409.690875,8627.17877957782,-42780.290290132325
2023-12-29,10074.055333333334,8638.085372331487,-34463.27906404433
2023-12-30,9668.515875,8985.509542727865,-16392.151974531225
2023-12-31,9347.540125,8627.11582704482,-17290.18315092432
2024-01-01,9367.737,8555.666696310891,-19489.687288538596
2024-01-02,10436.426875,8982.687298363571,-34889.74983927427
2024-01-03,10756.348666666669,9389.113133997278,-32813.65278406537
2024-01-04,10839.760625,9149.65610908206,-40562.50838203059
2024-01-05,10405.981291666669,9466.250205813343,-22553.546060479814
2024-01-06,10347.5205,9355.098130522456,-23818.13686746107
2024-01-07,10216.893875,9384.589894317873,-19975.29553637105
2024-01-08,11247.213041666668,9703.691429124023,-37044.51870102348
2024-01-09,11251.561916666666,10235.147938160426,-24393.935484149755
2024-01-10,10862.965041666666,9782.575679748748,-25929.344686030032
2024-01-11,10285.031791666666,10968.51351962089,16403.561470901375
2024-01-12,10189.023583333334,10671.295432037812,11574.524368907485
2024-01-13,9690.281083333331,9813.167414421396,2949.271946113542
2024-01-14,9867.158916666667,10130.404152020557,6317.885648493364
2024-01-15,10797.673333333334,10177.097776805978,-14893.813356656538
2024-01-16,10849.120166666666,10847.192902635225,-46.25433675458771
2024-01-17,10797.468458333333,10425.200068325306,-8934.441360192635
2024-01-18,10858.44625,10370.171788048798,-11718.587086828877
2024-01-19,10835.335375,10467.662795655648,-8824.14190426447
2024-01-20,10596.931041666669,11054.292309792345,10976.670435016233
2024-01-21,10219.904458333333,10371.437834884586,3636.801037230078
2024-01-22,10966.219125,10082.135819991063,-21217.999320214483
2024-01-23,10620.003333333334,10696.428995889604,1834.215901350486
2024-01-24,10447.495291666666,10326.549424853953,-2902.700803505126
2024-01-25,10227.470166666666,10084.322455891954,-3435.5450585930957
2024-01-26,9676.482083333334,9867.20563605709,4577.365265370128
2024-01-27,8922.950125,9725.692584990033,19265.819039760798
2024-01-28,8098.040541666666,9018.548198158463,22092.183755803133
2024-01-29,8800.455166666667,8924.025321616082,2965.6837187859637
2024-01-30,9335.515791666669,9148.830314849962,-4480.451443600963
2024-01-31,9662.2675,10333.815436148623,16117.150467566957
2024-02-01,9684.474958333334,10330.79365690437,15511.648765704871
2024-02-02,9390.754708333334,9300.08933211814,-2175.9690291646693
2024-02-03,8837.654,8522.511136079069,-7563.428734102359
2024-02-04,8303.493791666666,8244.691625473313,-1411.2519886404625
2024-02-05,8561.939333333334,8145.850069466074,-9986.142332814226
2024-02-06,9068.735416666666,8513.957534509249,-13314.66917177802
2024-02-07,9005.584375,8315.437536580896,-16563.524122058516
2024-02-08,9197.238125,8551.742452908777,-15491.896130189358
2024-02-09,8328.846875000001,9802.133386351998,35358.87627244792
2024-02-10,7717.334958333333,8754.78488654545,24898.798277090827
2024-02-11,7354.323666666667,8338.742598756862,23626.054370164682
2024-02-12,7606.803708333333,8148.258317805399,12994.910627329591
2024-02-13,7780.282458333334,8132.909204981537,8463.041919556876
2024-02-14,7828.439291666667,8289.459545321928,11064.486087726276
2024-02-15,7487.206083333333,8658.646817551835,28114.577621244054
2024-02-16,7718.246791666667,8892.665357737442,28186.045585698586
2024-02-17,7359.156791666667,10532.97079462705,76171.5360710492
2024-02-18,7157.046416666667,10344.693610412385,76503.53264989724
2024-02-19,8107.455666666666,10253.10418236176,51495.564376682254
2024-02-20,8394.620416666667,10300.149111955427,45732.68868693024
2024-02-21,8803.234041666667,9898.113371321348,26277.103911712344
2024-02-22,9074.611833333334,9300.438613904827,5419.8427337158355
2024-02-23,8291.956083333333,9188.690716915013,21521.631205960322
2024-02-24,7323.561666666667,8743.080011811937,34068.44028348647
2024-02-25,7141.880041666666,8411.906249911073,30480.628997865766
2024-02-26,7860.715916666667,8213.000816203421,8454.837588882096
2024-02-27,8637.686416666666,8296.51357906091,-8188.148102538151
2024-02-28,8568.522125000001,8628.793030372011,1446.5017289282405
2024-02-29,8942.341125,9241.863425097112,7188.535202330662
2024-03-01,9010.562625,9019.527067962312,215.1466310954711
2024-03-02,8603.387666666667,9273.211055964226,16075.761343141407
2024-03-03,8322.04475,8812.069075741572,11760.583817797757
2024-03-04,8710.00975,8208.758255439,-12030.035869464002
2024-03-05,8720.296625,8927.477264199584,4972.3353407899995
2024-03-06,8271.705375,8765.247292857191,11845.006028572607
2024-03-07,8560.312916666668,8464.600895395051,-2297.0885105187917
2024-03-08,8001.427875,8271.023205661777,6470.287935882639
2024-03-09,7441.941625,8112.891978802767,16102.808491266398
2024-03-10,7268.491208333333,8143.827754581727,21008.077109961465
2024-03-11,7557.373500000001,8623.070003654768,25576.716087714412
2024-03-12,7422.352666666667,8582.587671754387,27845.640122105287
2024-03-13,7696.934208333333,8453.061984958158,18147.0666389958
2024-03-14,7821.722416666667,8479.282765970156,15781.448383283729
2024-03-15,7585.477541666667,8474.549164789263,21337.718954942306
2024-03-16,7186.897791666666,8684.718317180052,35947.69261232125
2024-03-17,6888.997125000001,8557.940445012997,40054.639680311906
2024-03-18,7283.808666666667,8243.469916316883,23031.869991605177
2024-03-19,7659.66575,8514.32939716089,20511.927531861336
2024-03-20,7495.544041666667,8661.519100869773,27983.401420874543
2024-03-21,6901.299375,8859.49754170591,46996.75600094186
2024-03-22,6866.584833333333,8608.485060768795,41805.60545845108
2024-03-23,6487.718625,8444.272500386245,46957.29300926987
2024-03-24,6105.961375,8027.729950994085,46122.44582385804
2024-03-25,7017.8973750000005,7994.572306067665,23440.19834562394
2024-03-26,7533.021874999999,8036.596453274136,12085.789878579286
2024-03-27,7260.918208333333,8131.299073175116,20889.140756202803
2024-03-28,6779.561874999999,8169.550882089621,33359.73617015092
2024-03-29,6568.360458333334,8011.530035703256,34636.06985687813
2024-03-30,6854.1285,7983.469806313222,27104.19135151733
2024-03-31,6620.616999999999,7896.740224823694,30626.957395768673
2024-04-01,7094.0046250000005,7782.0851052597345,16513.931526233617
2024-04-02,6950.157333333334,7690.653659548421,17771.911829162105
2024-04-03,6957.860458333334,7875.859741552367,22031.98279725681
2024-04-04,6674.397708333334,8082.5790429445915,33796.35203067018
2024-04-05,6608.686291666666,8051.374528118791,34624.517674851006
2024-04-06,6417.080625,7635.6597092632655,29245.898022318383
2024-04-07,5333.701041666666,7807.378070175563,59368.248684213526
2024-04-08,5672.732291666667,7338.057140148642,39967.7963635674
2024-04-09,6766.134791666666,7304.785731750863,12927.622562020726
2024-04-10,7673.422625,7433.482796306618,-5758.555888641167
2024-04-11,7085.392791666666,7845.778903914496,18249.266693947924
2024-04-12,6131.738125,7776.425887581234,39472.506301949616
2024-04-13,5721.961166666667,7484.8107636923805,42308.390328617126
2024-04-14,5366.522958333334,7313.733569088832,46733.05465813196
2024-04-15,5467.3467083333335,7314.529513445297,44332.38732268713
2024-04-16,5380.0997916666665,7426.184718448134,49106.03824275522
2024-04-17,5998.951125,9264.906227181946,78382.9224523667
2024-04-18,6840.218333333333,9396.076997683973,61340.60794441535
2024-04-19,7024.233458333333,9169.669787723775,51490.4719053706
2024-04-20,6868.536375,8538.383327871365,40076.32686891276
2024-04-21,6724.238708333333,8315.850480400037,38198.68252960088
2024-04-22,7893.788,8004.554926150753,2658.406227618085
2024-04-23,8431.607,8203.84796926539,-5466.216737630661
2024-04-24,8253.60525,7921.137698448551,-7979.2212372347785
2024-04-25,8570.234291666666,7875.600683250132,-16671.20660199682
2024-04-26,8076.736416666667,8014.820521282401,-1485.9814892223658
2024-04-27,7485.477958333333,7473.838193882379,-279.3543468229036
2024-04-28,7535.315041666666,7386.403715310378,-3573.8718325509035
2024-04-29,7891.977625,7412.77977238974,-11500.748462646246
2024-04-30,8010.275166666666,7416.662531932727,-14246.70323361455
2024-05-01,7439.427124999999,7418.708990996696,-497.2352160792725
2024-05-02,7301.976958333334,7425.381268938107,2961.7034545145507
2024-05-03,6540.1457083333335,7382.846109064118,20224.80961753882
2024-05-04,5968.638166666667,7391.837875865576,34156.79302077383
2024-05-05,5484.562791666667,7345.148977522786,44654.06846054684
2024-05-06,6042.147416666667,7346.915723495358,31314.439363888596
2024-05-07,6263.8876666666665,7371.286122810969,26577.56294746325
2024-05-08,6518.096458333333,7387.467020401729,20864.8934896415
2024-05-09,6166.582583333333,7388.918755901101,29336.068141626427
2024-05-10,5991.001583333334,7342.213060111212,32429.075442669084
2024-05-11,5997.021083333333,7355.469876331419,32602.771031954064
2024-05-12,5393.014541666666,7351.726198464199,47009.079763140784
2024-05-13,5745.8670833333335,7405.618835019079,39834.04204045788
2024-05-14,5693.425708333333,7393.049625762476,40790.974018299436
2024-05-15,5793.0209583333335,7178.755207778073,33257.621986673745
2024-05-16,5851.259166666667,7133.982599886761,30785.36239728226
2024-05-17,5863.914541666666,7106.832655881674,29830.034741160198
2024-05-18,5780.437541666666,7097.80943751372,31616.925500329286
2024-05-19,5518.7927500000005,7155.692822814901,39285.60174755761
2024-05-20,5950.164041666667,7170.66482076571,29292.018698377033
2024-05-21,5986.63075,7154.335574519637,28024.915788471277
2024-05-22,6288.504166666667,7155.077669530549,20797.764068733188
2024-05-23,6472.392333333333,7163.44006040376,16585.145449690244
2024-05-24,6095.046625,7243.969260122817,27574.14324294761
2024-05-25,5534.256708333333,7272.327418045849,41713.69703310038
2024-05-26,5139.556791666667,7226.269363772637,50081.10173054328
2024-05-27,5624.543791666667,7233.351494184011,38611.38486041626
2024-05-28,6096.3645,7257.850356791943,27875.660563006648
2024-05-29,6272.906416666666,7213.268873898615,22568.69897356679
2024-05-30,5532.982041666666,7194.528270656811,39877.109495763485
2024-05-31,5512.323125,7169.988523097492,39783.96955433982
2024-06-01,5461.4622500000005,7070.388193667484,38614.22264801961
2024-06-02,5208.002083333334,7062.847393673401,44516.28744816161
2024-06-03,6041.064458333333,7086.386554633386,25087.730311201274
2024-06-04,7064.1147083333335,7153.761265325507,2151.517367812172
2024-06-05,7177.976791666667,7128.373760539773,-1190.47274704546
2024-06-06,7376.072625,7123.6543730091325,-6058.038047780814
2024-06-07,6851.001458333333,7110.555144102018,6229.2884584484345
2024-06-08,6262.189041666667,7130.598914317357,20841.83694361656
2024-06-09,5425.339083333333,7165.9413677448,41774.454825875204
2024-06-10,6084.2898749999995,7171.915649579193,26103.018589900646
2024-06-11,6792.1695,7124.90400365399,7985.628087695761
2024-06-12,7352.072291666666,7084.8941653323645,-6412.275032023244
2024-06-13,6933.9783333333335,7077.513840191598,3444.8521645983565
2024-06-14,6793.657208333333,7198.873077376289,9725.180857030944
2024-06-15,6492.234916666667,7170.039418875107,16267.308053002555
2024-06-16,5855.253083333333,7160.750730882646,31331.943541183515
2024-06-17,6763.935291666668,7136.6095500052925,8944.182200126997
2024-06-18,6855.380666666667,7151.626403756363,7109.897690152713
2024-06-19,7079.044875,7183.759721761675,2513.156322280207
2024-06-20,7079.43475,7169.627537067605,2164.6268896225083
2024-06-21,6647.824416666666,7113.389090796976,11173.552179127437
2024-06-22,6071.341166666666,7111.931429411532,24974.16630587678
2024-06-23,5793.115125,7125.539000263072,31978.173006313722
2024-06-24,6221.8875,7105.100938662561,21197.12252790147
2024-06-25,6448.362666666667,6996.610284909804,13157.942837835297
2024-06-26,6133.068958333333,7043.6847178721955,21854.778228932693
2024-06-27,5777.433958333334,7146.920210667548,32867.67005602115
2024-06-28,5592.596458333333,6999.327472804989,33761.54434731974
2024-06-29,5751.110625,7046.347967838563,31085.696228125504
2024-06-30,5455.610791666667,7187.935596951971,41575.7953268473
2024-07-01,6159.50125,7092.529287033791,22392.672888810972
2024-07-02,6105.459583333333,7085.549017279843,23522.146414716226
2024-07-03,6208.020791666667,7091.788088079949,21210.41511391878
2024-07-04,6252.944541666667,7100.906762380368,20351.09329712882
2024-07-05,6242.877125,7001.679870304735,18211.265887313646
2024-07-06,6253.828375,7010.025110845931,18148.721660302333
2024-07-07,6010.240624999999,7001.994254797205,23802.087115132934
2024-07-08,6184.780875,7068.906372879086,21219.011949098058
2024-07-09,6425.20275,7192.38657709124,18412.411850189746
2024-07-10,6496.2477499999995,7227.883203128729,17559.250875089514
2024-07-11,6570.33525,7275.451719282115,16922.795262770756
2024-07-12,6631.703333333334,7165.646446913343,12814.63472592023
2024-07-13,6333.693208333333,7258.52801510102,22196.03536242449
2024-07-14,6335.477125,7160.776049689191,19807.174192540566
2024-07-15,6572.653041666667,7122.597741853175,13198.672804476177
2024-07-16,6782.419208333333,7019.426071940319,5688.164726567673
2024-07-17,6697.323833333333,7012.13446614198,7555.455187407526
2024-07-18,6817.559291666667,7045.03911743772,5459.515818505264
2024-07-19,6720.453208333333,7065.501297139049,8281.15413133717
2024-07-20,6277.621041666666,7034.8079965982615,18172.486918358285
2024-07-21,5787.054499999999,7034.787688489199,29945.5965237408
2024-07-22,6055.375,7011.039178427287,22935.940282254887
2024-07-23,5945.578791666667,7011.120383653733,25572.998207689598
2024-07-24,5962.8317916666665,6999.104440566374,24870.543573592986
2024-07-25,6305.806833333333,7054.992897401817,17980.465537643606
2024-07-26,6298.443125000001,7040.2200793015345,17802.64690323681
2024-07-27,5964.473708333334,7034.006573902496,25668.788773659886
2024-07-28,5814.156791666667,7032.885687731754,29249.49350556208
2024-07-29,6621.188083333333,7057.128920668786,10462.580096050864
2024-07-30,6478.803499999999,7002.060102418831,12558.158458051963
2024-07-31,6091.709958333333,6982.60472872488,21381.474489397136
2024-08-01,6115.435041666667,6959.211199944561,20250.627798669455
2024-08-02,6236.981458333333,6941.350595948245,16904.859302757905
2024-08-03,6169.4470833333335,7043.116512530105,20968.066300722516
2024-08-04,6218.068125000001,7008.098519257175,18960.72946217219
2024-08-05,6553.575666666667,7014.015606119983,11050.558546879598
2024-08-06,6665.809375,6985.9246042351315,7682.76550164316
2024-08-07,6682.793833333333,7004.868827965334,7729.799871168027
2024-08-08,6736.9255416666665,7041.422328820128,7307.922891683083
2024-08-09,6438.328666666667,7109.1382272766205,16099.429454638877
2024-08-10,5847.332625,7047.996701296604,28815.937831118506
2024-08-11,5873.127041666667,7033.666789395042,27852.953945481
2024-08-12,6172.828624999999,7668.187418648913,35888.61104757393
2024-08-13,6482.633916666667,8414.784451207175,46371.612828972204
2024-08-14,6477.614333333334,8238.186146385258,42253.72351324619
2024-08-15,6637.571916666667,8224.070610792487,38075.96865901969
2024-08-16,6762.337416666666,8220.761537521337,35002.1789005121
2024-08-17,6469.334958333333,8186.198635035171,41204.72824084411
2024-08-18,6354.597291666666,8218.391981951747,44731.07256684194
2024-08-19,6980.426208333333,8455.459753483708,35400.805083609004
2024-08-20,6970.625,8480.89561862201,36246.494846928224
2024-08-21,6991.851875,8287.954839358323,31106.47114459974
2024-08-22,6917.404625,8352.599336359144,34444.67307261946
2024-08-23,6724.259916666667,8484.849091049997,42254.14018519992
2024-08-24,6447.599916666666,8089.3680505489665,39402.43521317521
2024-08-25,5634.860333333333,7758.9010574149725,50976.977377959345
2024-08-26,6281.8341666666665,7879.766566344688,38350.37759227251
2024-08-27,6426.030333333333,8095.533016630072,40068.06439912173
2024-08-28,6637.262291666666,8203.305294833493,37585.03207600386
2024-08-29,6668.930791666667,8134.665445280953,35177.63168674286
2024-08-30,6673.703416666667,8037.5899089212435,32733.27581410983
2024-08-31,6374.797833333333,7888.835563374987,36336.905520999695
2024-09-01,6094.096458333333,7737.533287538114,39442.483900914725
2024-09-02,6932.150166666666,7841.854740713105,21832.909777114517
2024-09-03,7309.328750000001,8151.193056175087,20204.74334820207
2024-09-04,7307.809916666666,8132.018130308494,19780.99712740386
2024-09-05,7226.791125,8204.150646213719,23456.628509129252
2024-09-06,7082.309791666667,8073.797396294571,23795.7025110697
2024-09-07,6580.898375,7893.329326206137,31498.342828947294
2024-09-08,6295.492041666667,7736.717612660437,34589.41370385048
2024-09-09,6608.889125000001,7864.203800698959,30127.552216774995
2024-09-10,7434.753125,8131.866990086156,16730.73276206774
2024-09-11,7495.864583333333,8197.999072291997,16851.227735007946
2024-09-12,7193.569416666666,8098.131645014306,21709.49348034335
2024-09-13,7097.615458333334,8704.484781979309,38564.8637675034
2024-09-14,6716.348416666667,8394.052870551779,40264.906893242696
2024-09-15,6392.594041666667,8006.872904684429,38742.69271242629
2024-09-16,7161.108208333334,8115.887297832824,22914.69814798775
2024-09-17,7223.092874999999,8110.678161118105,21302.046866834535
2024-09-18,7228.154958333333,8235.053725042759,24165.570401026227
2024-09-19,7607.439833333334,8642.372718767005,24838.3892504081
2024-09-20,7293.147791666666,8829.191392166147,36865.04641198754
2024-09-21,6642.059583333333,8489.494111681692,44338.428680360616
2024-09-22,6737.492125,8024.090201716309,30878.35384119142
2024-09-23,7686.412874999999,8690.201080575946,24090.916933822715
2024-09-24,8596.23875,8928.027173566717,7962.922165601209
2024-09-25,8487.3475,8992.022760438598,12112.20625052636
2024-09-26,8128.684208333333,9075.75795070179,22729.769816842985
2024-09-27,7708.035666666667,9287.991940744032,37918.95057785677
2024-09-28,8521.7995,9215.11025232582,16639.45805581969
2024-09-29,8091.911875000001,8861.703643132361,18475.002435176655
2024-09-30,7968.281375,8579.574716456098,14671.040194946363
2024-10-01,9051.512916666668,8985.347199700398,-1587.9772071904881
2024-10-02,8667.725333333334,9076.960999388642,9821.655985327408
2024-10-03,8477.627083333335,9380.821186911267,21676.658485870386
2024-10-04,7823.922541666667,8746.571111782454,22143.56568277889
2024-10-05,7437.848000000001,8392.46233817321,22910.74411615704
2024-10-06,7263.001125,8110.376006940201,20336.99716656482
2024-10-07,7787.989041666667,8110.876037476754,7749.287899442104
2024-10-08,7800.380416666667,8105.42785426551,7321.13850237224
2024-10-09,7244.821416666667,8785.05525472909,36965.61211349816
2024-10-10,7543.869708333333,8708.285062147816,27945.96849154759
2024-10-11,7105.623166666667,8601.55190146671,35902.28963520102
2024-10-12,6199.254041666667,8472.93639876776,54568.37657042625
2024-10-13,5817.699708333334,8971.759190910143,75697.42758184343
2024-10-14,6591.158958333333,8936.6804279021,56292.515269650394
2024-10-15,6661.552375,8984.828723124316,55758.63235498357
2024-10-16,7013.731708333333,9140.540724958126,51043.41639899503
2024-10-17,7706.158833333334,9471.830907766376,42376.129786393016
2024-10-18,7412.055541666666,10277.110062158728,68761.3084918095
2024-10-19,6890.764458333334,9754.712840890377,68734.76118136905
2024-10-20,6465.7228749999995,9906.37404387767,82575.62805306408
2024-10-21,7187.28675,10508.256338301633,79703.2701192392
2024-10-22,7897.529374999999,10914.596788847586,72409.61793234208
2024-10-23,8325.512791666666,10926.05805560014,62413.086334403386
2024-10-24,8783.521291666666,11329.320981118066,61099.1925468336
2024-10-25,8361.699583333333,12246.666510897076,93239.20626152982
2024-10-26,7602.826166666667,12607.32619261313,120108.00062271513
2024-10-27,6773.615958333333,12238.387012495146,131154.50529988352
2024-10-28,7147.68825,11297.440315150187,99594.04956360447
2024-10-29,7685.545291666666,12310.307898480292,110994.30256352702
2024-10-30,8338.921916666666,8982.032795862644,15434.661100703466
2024-10-31,8079.170083333333,8856.311423918209,18651.392174037006
2024-11-01,7515.190666666666,8840.023987271885,31795.999694525242
2024-11-02,7028.440750000001,8848.366918954809,43678.2280549154
2024-11-03,7075.08975,8382.653071759742,31381.519722233796
2024-11-04,8182.433625000001,11108.290655641045,70220.56873538508
2024-11-05,8391.982583333333,10359.854163519201,47228.91792446085
2024-11-06,8316.288999999999,9566.513781300991,30005.394751223823
2024-11-07,7879.109625,10743.980276269138,68756.8956304593
2024-11-08,7929.307916666668,10280.472067158971,56427.93961181529
2024-11-09,6396.494833333333,9443.609062458616,73130.74149900678
2024-11-10,7127.7413750000005,9909.178482478808,66754.4905794914
2024-11-11,8209.517291666667,9609.391216424918,33596.97419419802
2024-11-12,7935.703958333333,10862.993460778012,70254.94805867231
2024-11-13,7971.171375000001,10547.794825220248,61838.962805285926
2024-11-14,8177.081125,10071.68034902021,45470.38137648503
2024-11-15,7890.820500000001,9529.18046858296,39320.639245991006
2024-11-16,7839.527041666667,9003.995952201249,27947.253852829956
2024-11-17,8154.551041666667,9165.99141687651,24274.56900503624
2024-11-18,8620.542458333333,10789.426456329968,52053.21595191922
2024-11-19,8873.590666666667,11420.139901442002,61117.181634608045
2024-11-20,8614.675541666666,10319.028188641405,40904.463527393746
2024-11-21,8935.10325,10228.297191894148,31036.65460545954
2024-11-22,8678.582833333334,10675.833588026984,47934.01811264761
2024-11-23,8447.780875,11104.254264072788,63755.3613377469
2024-11-24,7715.593875,9587.955653950812,44936.6826948195
2024-11-25,8414.784541666666,9964.905793740614,37202.91004977476
2024-11-26,8542.290083333333,10581.405306563025,48938.7653575126
2024-11-27,9348.901291666669,11614.67860463247,54378.65551117924
2024-11-28,9848.12025,11042.429062403939,28663.411497694527
2024-11-29,9785.693625,11799.003586417759,48319.43907402622
2024-11-30,9388.308083333332,11018.18617008988,39117.07408215718
2024-12-01,9298.579958333334,10108.356777309082,19434.643655417953
2024-12-02,10190.404916666666,12230.161536306798,48954.15887136315
2024-12-03,10150.830083333332,13300.555655795384,75593.41373908924
2024-12-04,10520.924833333333,13764.531308281672,77846.55539876015
2024-12-05,10809.454041666666,11514.994019512174,16932.959468292203
2024-12-06,10559.603791666666,10901.221264988266,8198.819359718385
2024-12-07,10196.079583333334,13341.025411222272,75478.69986933451
2024-12-08,9151.538291666666,13326.816059222003,100206.66642132809
2024-12-09,10370.558333333332,13511.916955100914,75392.60692242197
2024-12-10,10324.508875,13181.061104646365,68557.25351151278
2024-12-11,11089.128458333333,12527.584046498892,34522.93411597343
2024-12-12,12239.647583333332,13220.96620948886,23551.647027732703
2024-12-13,11314.789208333334,12434.044906731619,26862.13676155884
2024-12-14,10829.675958333331,11961.899562318875,27173.36649565304
2024-12-15,10267.367458333332,11008.31628780409,17782.77190729817
2024-12-16,11293.936833333331,9536.848900275756,-42170.11039338181
2024-12-17,11773.434,9562.469932819113,-53063.13761234128
2024-12-18,12341.89925,9697.791052748415,-63458.59673403806
2024-12-19,11864.583833333332,10023.437356266313,-44187.51544960846
2024-12-20,10817.259583333334,10145.410134058198,-16124.386782603266
2024-12-21,9684.734291666666,10340.811049116215,15745.842178789186
2024-12-22,9023.999125,9201.121014263099,4250.925342314367
2024-12-23,9195.526833333332,8707.582746726042,-11710.65807857494
2024-12-24,8532.22825,8575.864872947142,1047.2789507314155
2024-12-25,7615.20375,8449.763989987758,20029.445759706192
2024-12-26,8261.989708333333,8403.015660955469,3384.622862931268
2024-12-27,9033.016125,8570.489051452627,-11100.649765136957
2024-12-28,8528.758208333333,8455.0410348649,-1769.2121632423805
2024-12-29,7571.759041666667,8379.598120080214,19388.137881925133
2024-12-30,8301.771833333334,8521.72542318513,5278.8861564430845
2024-12-31,7801.78975,8973.257000208218,28115.214004997222
